SDOT_UNIT_,SPR_UNIT_I,SDCI_UNIT_,SPU_TREE_U,SPU_PLANT_,PEST_UNIT_,SOURCE_DEP,SCIENTIFIC,COMMON_NAM,DBH,OWNERSHIP,UNITDESC,GLOBALID,kc_am1,kc_af1,kc_pm1,lat,lon
TRE-45716,,,,,TRE-45716,Seattle Department of Transportation,Thuja plicata,Western Red Cedar,"37",Private,616 26TH AVE E,190458dd-a4e2-48bb-9ad0-fdaea48ac592,62.078376770019531,88.010559082031250,83.723922729492188,-122.2986870000,47.6250192800
TRE-58141,,,,,TRE-58141,Seattle Department of Transportation,Thuja plicata,Western Red Cedar,"30",Private,502 30TH AVE,3b9a14a7-4000-465b-9f21-a2504f931697,62.161003112792969,87.176620483398438,83.705413818359375,-122.2934230000,47.6062058800
TRE-68816,,,,,TRE-68816,Seattle Department of Transportation,Thuja plicata,Western Red Cedar,"32",Private,308 28TH AVE S,343fc53d-1892-49e3-96ae-58f64ec03c63,61.760337829589837,88.362609863281250,85.604614257812500,-122.2961500000,47.6000093600
TRE-35058,,,,,TRE-35058,Seattle Department of Transportation,Thuja plicata,Western Red Cedar,"28",Private,1904 NW CANOE PL,86e0b37b-4434-45fd-9a81-d51df5789f8e,59.887119293212891,83.714927673339844,81.022216796875014,-122.3811340000,47.6801223900
TRE-18539,,,,,TRE-18539,Seattle Department of Transportation,Thuja plicata,Western Red Cedar,"28",Private,11755 ROOSEVELT WY NE,76983207-6706-4d84-82ba-dc67f1df41c2,61.919601440429688,86.930824279785156,82.622169494628906,-122.3182660000,47.7157827100
TRE-72596,,,,,TRE-72596,Seattle Department of Transportation,Thuja plicata,Western Red Cedar,"12",Private,3028 WALNUT AV SW,ab4208a1-42ff-443c-aa20-1d3f718bd12e,62.444229125976562,89.638221740722656,86.288711547851562,-122.3833930000,47.5760539800
TRE-48758,,,,,TRE-48758,Seattle Department of Transportation,Thuja plicata,Western Red Cedar,"52",Private,3711 E MADISON ST,0a616ba7-7366-4101-b892-913e48ecb782,60.693450927734375,89.353576660156250,85.883537292480469,-122.2841730000,47.6305958600
TRE-15556,,,,,TRE-15556,Seattle Department of Transportation,Thuja plicata,Western Red Cedar,"38",Private,14344 DAYTON AV N,264d99d8-0685-4811-9622-2dd956aea172,62.494777679443359,87.585449218750000,84.850471496582031,-122.3529210000,47.7336540400
TRE-25658,,,,,TRE-25658,Seattle Department of Transportation,Thuja plicata,Western Red Cedar,"42",Private,1902 NE 98TH ST,95f594b4-d8ce-4942-a95f-283bc398d268,60.154117584228509,85.898719787597670,82.768707275390625,-122.3076400000,47.7003577000
TRE-74994,,,,,TRE-74994,Seattle Department of Transportation,Thuja plicata,Western Red Cedar,"23",Private,1908 S WALKER ST,8367ae72-b206-497e-b5c6-59257f9bd487,62.453685760498047,89.985038757324219,88.100250244140625,-122.3076530000,47.5837297300
TRE-48759,,,,,TRE-48759,Seattle Department of Transportation,Thuja plicata,Western Red Cedar,"41",Private,3711 E MADISON ST,0718e6c3-bf07-4f79-9f50-3eef8d75c6f3,60.581649780273438,89.414382934570327,85.885505676269531,-122.2842120000,47.6307078600
TRE-80977,,,,,TRE-80977,Seattle Department of Transportation,Thuja plicata,Western Red Cedar,"31",Private,5412 45TH AV SW,c95e2409-289e-4f75-9912-b5f1e5d4a2e7,62.771766662597656,88.567756652832031,85.879577636718750,-122.3897270000,47.5534195700
TRE-1029464,,,,,TRE-1029464,Seattle Department of Transportation,Thuja plicata,Western Red Cedar,"11",Seattle Department of Transportation,5500 SAND POINT WY NE,5424ddf7-55a5-497e-ae49-3cfe60921602,62.156196594238281,89.956527709960938,86.265518188476562,-122.2817690000,47.6659597300
TRE-19574,,,,,TRE-19574,Seattle Department of Transportation,Thuja plicata,Western Red Cedar,"22",Private,11502 20TH AV NE,c0f8602b-c8e0-4b69-a546-70eb513eec0b,61.309368133544922,86.194061279296875,82.571754455566406,-122.3066300000,47.7121530600
TRE-59529,,,,,TRE-59529,Seattle Department of Transportation,Thuja plicata,Western Red Cedar,"28",Private,322 20TH AVE,b3b2ea07-f806-4fb2-a210-13c5e78dda7a,62.412567138671875,88.408607482910156,84.950897216796875,-122.3062790000,47.6050884600
TRE-6523,,,,,TRE-6523,Seattle Department of Transportation,Thuja plicata,Western Red Cedar,"29",Private,5525 11TH AV NE,3ed8e0af-a2dc-4881-be7f-866258e17db3,62.795211791992188,88.100341796875014,86.343055725097670,-122.3166540000,47.6693741500
TRE-31012,,,,,TRE-31012,Seattle Department of Transportation,Thuja plicata,Western Red Cedar,"39",Private,2550 1ST AV W,4d38bc23-4865-4dee-a637-c3efc493aa9a,62.350101470947266,87.755905151367188,84.483451843261719,-122.3581600000,47.6428515500
TRE-23413,,,,,TRE-23413,Seattle Department of Transportation,Thuja plicata,Western Red Cedar,"40",Private,8751 12TH AVE NW,4039e830-678b-46b0-a506-91d0086af9af,62.334621429443359,88.886848449707017,85.273567199707017,-122.3715180000,47.6936435600
TRE-48377,,,,,TRE-48377,Seattle Department of Transportation,Thuja plicata,Western Red Cedar,"26",Private,2111 22ND AVE E,bb2e7ce4-57ef-4450-bc43-8eae748d2a4f,62.690616607666016,89.013298034667969,86.003860473632812,-122.3037140000,47.6200682200
TRE-6535,,,,,TRE-6535,Seattle Department of Transportation,Thuja plicata,Western Red Cedar,"34",Private,1208 NE 55TH ST,9bbbed35-2a59-4a22-9164-2b438035589e,62.765827178955078,88.378555297851562,85.045860290527344,-122.3147410000,47.6686066100
TRE-48569,,,,,TRE-48569,Seattle Department of Transportation,Thuja plicata,Western Red Cedar,"22",Seattle Department of Transportation,E HARRISON ST AND 18TH AVE E,7732bddd-3074-4a93-bbec-ea6ef5451194,62.785560607910163,88.780738830566406,85.292098999023438,-122.3087440000,47.6220926800
TRE-8772,,,,,TRE-8772,Seattle Department of Transportation,Thuja plicata,Western Red Cedar,"50",Private,2712 NE 62ND ST,d6e90494-a46d-412f-ad7c-45a9396d245f,61.881805419921875,88.077507019042983,84.609611511230469,-122.2978610000,47.6740230300
TRE-60605,,,,,TRE-60605,Seattle Department of Transportation,Thuja plicata,Western Red Cedar,"27",Private,706 34TH AVE,4ab406ca-fb77-4972-bb5e-6fa8ff52e606,62.702774047851562,88.213882446289062,85.281562805175781,-122.2893410000,47.6081269700
TRE-48568,,,,,TRE-48568,Seattle Department of Transportation,Thuja plicata,Western Red Cedar,"20",Seattle Department of Transportation,E HARRISON ST AND 18TH AVE E,454aa680-c4cb-41e1-9c6c-789e235de4c8,62.766506195068359,88.805618286132812,85.292823791503906,-122.3087540000,47.6220616400
TRE-6522,,,,,TRE-6522,Seattle Department of Transportation,Thuja plicata,Western Red Cedar,"36",Private,5525 11TH AV NE,1a500417-d9b9-49d7-846c-778dc89325b9,62.782962799072266,88.182777404785156,86.642410278320327,-122.3164430000,47.6693741600
TRE-48367,,,,,TRE-48367,Seattle Department of Transportation,Thuja plicata,Western Red Cedar,"30",Private,2111 22ND AVE E,9898aa1c-547d-4365-9061-9962779bdf2e,62.715103149414062,89.019996643066406,86.011291503906250,-122.3037160000,47.6199804600
TRE-19310,,,,,TRE-19310,Seattle Department of Transportation,Thuja plicata,Western Red Cedar,"32",Private,2715 NE 115TH ST,9d223ab1-ad50-47d6-b301-f21af3562868,62.218860626220703,86.524703979492188,83.734718322753906,-122.2985990000,47.7117225900
TRE-17868,,,,,TRE-17868,Seattle Department of Transportation,Thuja plicata,Western Red Cedar,"25",Private,12527 25TH AV NE,ea01f4a1-1d0b-43aa-8ca5-480537b071b6,61.698535919189453,88.482597351074219,85.559974670410156,-122.3018840000,47.7201769900
TRE-1041042,,,,,TRE-1041042,Seattle Department of Transportation,Thuja plicata,Western Red Cedar,"19",Seattle Center,509 WARREN AVE N,db97f84c-caf3-4ccd-b5da-324c3ad5f6e0,62.679409027099609,90.650207519531250,87.865234375000000,-122.3530140000,47.6235536700
TRE-17708,,,,,TRE-17708,Seattle Department of Transportation,Thuja plicata,Western Red Cedar,"45",Private,14040 19TH AV NE,a86ebac1-2283-4565-a90f-b00bf5979990,59.034343719482422,87.249412536621094,84.372718811035156,-122.3086290000,47.7314362600
TRE-27509,,,,,TRE-27509,Seattle Department of Transportation,Thuja plicata,Western Red Cedar,"13",Private,2209 N 44TH ST,26c673b9-0982-4b82-9f75-72308c146cdb,62.068473815917969,87.485099792480469,83.809913635253906,-122.3321040000,47.6602512100
TRE-25321,,,,,TRE-25321,Seattle Department of Transportation,Thuja plicata,Western Red Cedar,"32",Private,2526 NE 91ST ST,c2617f4d-7d0d-4da9-b9d8-0f98ecfcc619,61.609058380126953,87.014167785644531,83.428123474121094,-122.3002510000,47.6948731000
TRE-25184,,,,,TRE-25184,Seattle Department of Transportation,Thuja plicata,Western Red Cedar,"34",Private,10000 COLLEGE WY N,c7df0900-e9bf-4844-9f3a-18120f0729a4,63.313159942626953,88.084709167480469,84.206542968750000,-122.3332380000,47.7031551100
TRE-23426,,,,,TRE-23426,Seattle Department of Transportation,Thuja plicata,Western Red Cedar,"7",Private,8800 9TH AV NW,9503f1de-ca2c-4756-b62d-e922977532f8,61.768260955810547,87.770309448242188,84.536308288574219,-122.3684880000,47.6929653500
TRE-44818,,,,,TRE-44818,Seattle Department of Transportation,Thuja plicata,Western Red Cedar,"32",Private,764 BELMONT PL E,64746d1b-92d9-4124-bd1b-fba852374dee,62.897121429443359,88.930259704589844,85.085716247558594,-122.3242150000,47.6269828200
TRE-24556,,,,,TRE-24556,Seattle Department of Transportation,Thuja plicata,Western Red Cedar,"20",Private,10425 8TH AV NE,21b6f351-306e-4287-99f8-1dfe35fa5793,62.998718261718750,89.280838012695312,85.321876525878906,-122.3207930000,47.7048975700
TRE-23256,,,,,TRE-23256,Seattle Department of Transportation,Thuja plicata,Western Red Cedar,"32",Private,10044 DIBBLE AVE NW,9ef70c65-4ec1-4091-a4f4-22078b95e0d3,61.739784240722656,87.763229370117188,84.908897399902330,-122.3673300000,47.7029261400
TRE-4159,,,,,TRE-4159,Seattle Department of Transportation,Thuja plicata,Western Red Cedar,"72",Private,5919 KIRKWOOD PL N,b81771a1-0725-442d-baef-15f5110e81d1,63.326534271240234,89.092269897460938,85.794616699218750,-122.3341990000,47.6721053900
TRE-6521,,,,,TRE-6521,Seattle Department of Transportation,Thuja plicata,Western Red Cedar,"31",Private,5525 11TH AV NE,eabcf7a2-92bd-4ead-8596-2ff89856186b,62.769897460937507,88.121673583984375,86.160888671875014,-122.3167520000,47.6693756200
TRE-19282,,,,,TRE-19282,Seattle Department of Transportation,Thuja plicata,Western Red Cedar,"18",Private,3120 NE 115TH ST,0c0738d0-56c0-474c-a99e-9826fdab9d9b,61.142372131347656,88.095672607421875,84.340232849121094,-122.2938700000,47.7121691800
TRE-84318,,,,,TRE-84318,Seattle Department of Transportation,Thuja plicata,Western Red Cedar,"23",Private,6601 HOLLY PL SW,aeb5b081-dabf-4815-a130-a6257ce4d6ea,62.217918395996094,87.840354919433594,84.402854919433594,-122.3903640000,47.5447788600
TRE-49101,,,,,TRE-49101,Seattle Department of Transportation,Thuja plicata,Western Red Cedar,"22",Private,1031 MC GILVRA BV E,17a1a0fd-3fcc-44e1-9fae-dc594bcff769,62.159168243408203,89.064453125000000,86.692794799804688,-122.2813950000,47.6274369100
TRE-21770,,,,,TRE-21770,Seattle Department of Transportation,Thuja plicata,Western Red Cedar,"9",Private,3927 WOODLAND PARK AVE N,6d38f5be-9eab-41d2-9469-9e3a5b512a94,61.835067749023438,87.848426818847670,85.484237670898438,-122.3447650000,47.6549614700
TRE-10700,,,,,TRE-10700,Seattle Department of Transportation,Thuja plicata,Western Red Cedar,"15",Private,5246 20TH AV NE,e7d3ec26-6b6d-4383-8a1f-515a5bf95b98,62.177589416503906,88.235076904296875,85.034080505371094,-122.3061650000,47.6679637600
TRE-26207,,,,,TRE-26207,Seattle Department of Transportation,Thuja plicata,Western Red Cedar,"16",Private,9626 42ND AV NE,b7c7fc5a-b70a-475d-a3e5-7c0a082dad8c,61.010547637939453,89.076713562011719,85.788635253906250,-122.2824100000,47.6993870400
TRE-84312,,,,,TRE-84312,Seattle Department of Transportation,Thuja plicata,Western Red Cedar,"2",Private,6360 BEACH DR SW,0158d528-075c-44d3-852a-211ecc693b82,62.813304901123047,88.264991760253906,86.800178527832031,-122.3981130000,47.5451056800
TRE-73255,,,,,TRE-73255,Seattle Department of Transportation,Thuja plicata,Western Red Cedar,"20",Private,2133 44TH AV SW,c6d047ec-cd40-4e0b-8abb-bc5a14f74245,62.056766510009766,89.393333435058594,86.317283630371094,-122.3880900000,47.5844655500
TRE-72218,,,,,TRE-72218,Seattle Department of Transportation,Thuja plicata,Western Red Cedar,"21",Private,2350 42ND AV SW,675009d6-4130-4616-abe0-02aac5fbc770,62.601985931396491,89.268371582031250,86.459465026855469,-122.3850890000,47.5816877000
TRE-38520,,,,,TRE-38520,Seattle Department of Transportation,Thuja plicata,Western Red Cedar,"31",Private,1853 E HAMLIN ST,0d4b4b84-2eed-48dc-990b-940981bc52bd,63.999259948730469,90.211151123046875,85.315750122070327,-122.3069970000,47.6454512600
TRE-24715,,,,,TRE-24715,Seattle Department of Transportation,Thuja plicata,Western Red Cedar,"7",Private,9801 15TH AV NE,87a31383-3b4c-4e43-ad1c-41e4620de06f,64.096168518066406,87.926712036132812,83.903854370117188,-122.3123650000,47.7003932900
TRE-48473,,,,,TRE-48473,Seattle Department of Transportation,Thuja plicata,Western Red Cedar,"38",Private,1801 19TH AVE,9176c849-f359-454c-9d04-dc746bafe1f5,62.792602539062493,88.710830688476562,86.192840576171875,-122.3077180000,47.6176610500
TRE-75122,,,,,TRE-75122,Seattle Department of Transportation,Thuja plicata,Western Red Cedar,"33",Private,1724 S STEVENS ST,73e1286a-24f9-4110-8166-da516dfaba11,63.414253234863281,90.075050354003906,86.776313781738281,-122.3094940000,47.5770482800
TRE-31062,,,,,TRE-31062,Seattle Department of Transportation,Thuja plicata,Western Red Cedar,"34",Private,2435 6TH AV W,9b70d02a-2d4d-48df-9c0d-17c4f4fe47a9,61.263248443603509,88.479766845703125,85.216163635253906,-122.3651960000,47.6413717700
TRE-48558,,,,,TRE-48558,Seattle Department of Transportation,Thuja plicata,Western Red Cedar,"28",Private,E REPUBLICAN ST AND 17TH AVE E,83188e2d-f3e8-4cb0-b57c-5a4bc57c6ce4,62.661182403564453,88.801498413085938,85.357078552246094,-122.3100980000,47.6232129000
TRE-11580,,,,,TRE-11580,Seattle Department of Transportation,Thuja plicata,Western Red Cedar,"11",Seattle Department of Transportation,5500 SAND POINT WY NE,2fbaaec8-7153-456d-aa56-468186e2f795,62.163566589355469,88.858299255371094,85.094261169433594,-122.2722610000,47.6691855300
TRE-1043987,,,,,TRE-1043987,Seattle Department of Transportation,Thuja plicata,Western Red Cedar,"18",Seattle Parks and Recreation,800 W FULTON ST,35a2c698-8f25-4802-b967-81d6d0749edc,61.808055877685547,89.036933898925781,85.337272644042983,-122.3676140000,47.6456676700
TRE-72310,,,,,TRE-72310,Seattle Department of Transportation,Thuja plicata,Western Red Cedar,"29",Private,2600 41ST AV SW,e3307e93-f8ae-4a26-8570-84473f3b426b,62.233268737792969,89.075248718261719,85.792678833007812,-122.3836200000,47.5810990000
TRE-82754,,,,,TRE-82754,Seattle Department of Transportation,Thuja plicata,Western Red Cedar,"32",Private,5026 46TH AVE S,454e1367-53f2-412c-83e3-4adfa1dd5fe3,61.679409027099609,89.856887817382812,86.724990844726562,-122.2753120000,47.5561792900
TRE-32838,,,,,TRE-32838,Seattle Department of Transportation,Thuja plicata,Western Red Cedar,"14",Private,2005 13TH AV W,c5fdbb03-46b0-4107-afd0-861531af34c3,62.759433746337891,88.201385498046875,83.779876708984375,-122.3739120000,47.6370864800
TRE-19856,,,,,TRE-19856,Seattle Department of Transportation,Thuja plicata,Western Red Cedar,"7",Private,11039 40TH AV NE,40672eea-0d51-4e8c-b5cb-04854aa351cd,60.069507598876953,87.642127990722656,84.647811889648438,-122.2854560000,47.7094167700
TRE-48134,,,,,TRE-48134,Seattle Department of Transportation,Thuja plicata,Western Red Cedar,"29",Private,338 18TH AVE E,c434a9f2-9bfc-4016-896f-e015268b0d4a,62.779502868652344,88.823211669921875,85.441024780273438,-122.3086570000,47.6217372000
TRE-61407,,,,,TRE-61407,Seattle Department of Transportation,Thuja plicata,Western Red Cedar,"45",Private,526 N 78TH ST,8628de1d-6d41-42a8-9936-fccc1f654286,60.842010498046875,86.060203552246094,83.131538391113281,-122.3513870000,47.6855400200
TRE-1040975,,,,,TRE-1040975,Seattle Department of Transportation,Thuja plicata,Western Red Cedar,"15",Seattle Center,500 BROAD ST,34c67c95-6830-4a03-8c73-f23417f72456,63.410816192626953,90.767265319824219,87.721359252929673,-122.3486140000,47.6205536700
TRE-355,,,,,TRE-355,Seattle Department of Transportation,Thuja plicata,Western Red Cedar,"17",Private,1745 NW 63RD ST,a85560c2-bd6b-4c07-8536-3f6cedbe7519,60.552379608154297,86.729431152343750,83.458953857421875,-122.3808990000,47.6745095400
TRE-9061,,,,,TRE-9061,Seattle Department of Transportation,Thuja plicata,Western Red Cedar,"36",Private,6017 31ST AVE NE,760df7f1-bace-44a4-8509-18bc3437c2ec,61.235244750976562,88.750350952148438,85.129966735839844,-122.2943870000,47.6727016800
TRE-46664,,,,,TRE-46664,Seattle Department of Transportation,Thuja plicata,Western Red Cedar,"37",Private,1508 E PROSPECT ST,4427e5f3-89e7-41df-9f2d-b57bd6180c34,62.387157440185547,87.186622619628906,83.515167236328125,-122.3119830000,47.6287464400
TRE-85770,,,,,TRE-85770,Seattle Department of Transportation,Thuja plicata,Western Red Cedar,"52",Private,7617 46TH AVE S,1bb5d1b6-6919-4a9d-bcfa-6b20a9b92980,63.358867645263672,89.460113525390625,86.562370300292983,-122.2754100000,47.5341716600
TRE-20916,,,,,TRE-20916,Seattle Department of Transportation,Thuja plicata,Western Red Cedar,"25",Private,3611 WOODLAWN AVE N,5514990e-77f6-44d7-bb3d-5ea2e4cdb914,63.227996826171875,89.066436767578125,85.244369506835938,-122.3387860000,47.6509090400
TRE-4940,,,,,TRE-4940,Seattle Department of Transportation,Thuja plicata,Western Red Cedar,"40",Private,4511 DENSMORE AVE N,72405587-1c55-4f2c-8076-79cd5f49a766,62.926284790039062,88.570884704589844,85.429595947265625,-122.3377560000,47.6619257800
TRE-10903,,,,,TRE-10903,Seattle Department of Transportation,Thuja plicata,Western Red Cedar,"27",Private,5016 21ST AV NE,ca73fb5a-c7d2-4d48-ab57-5d12d340e2e1,62.972526550292969,89.705169677734375,85.304405212402330,-122.3054880000,47.6655431200
TRE-23424,,,,,TRE-23424,Seattle Department of Transportation,Thuja plicata,Western Red Cedar,"35",Private,1102 NW 87TH ST,910e1741-e0d0-46a1-8fe7-ad5fae7c75e8,62.103008270263672,88.323188781738281,85.047660827636719,-122.3706180000,47.6921116300
TRE-32884,,,,,TRE-32884,Seattle Department of Transportation,Thuja plicata,Western Red Cedar,"12",Private,2516 12TH AV W,b366cdd9-e56f-456d-82e4-33a4e175605e,61.959686279296875,89.062889099121094,86.061981201171875,-122.3726010000,47.6412281600
TRE-7400,,,,,TRE-7400,Seattle Department of Transportation,Thuja plicata,Western Red Cedar,"26",Private,6102 CORLISS AV N,dd6804b0-74ac-4c87-980c-4623530c42d1,63.303775787353509,88.502723693847670,85.149589538574219,-122.3306400000,47.6729449800
TRE-74983,,,,,TRE-74983,Seattle Department of Transportation,Thuja plicata,Western Red Cedar,"52",Private,2012 19TH AVE S,b5a07a3f-3ea1-4208-ab9a-bd1092177139,62.607517242431641,89.849555969238281,87.653610229492188,-122.3080850000,47.5851043400
TRE-43483,,,,,TRE-43483,Seattle Department of Transportation,Thuja plicata,Western Red Cedar,"28",Seattle Parks and Recreation,918 14TH AVE E,ce52a60d-6725-472d-a7bb-a8c0bc449048,62.624053955078125,87.640563964843750,83.748924255371094,-122.3145050000,47.6274994800
TRE-15834,,,,,TRE-15834,Seattle Department of Transportation,Thuja plicata,Western Red Cedar,"31",Private,4317 PALATINE AV N,66a7a05d-c6f9-4d9a-b8ec-1e42a14a9a75,62.242046356201165,87.680892944335938,84.542236328124986,-122.3561990000,47.6601409700
TRE-500981,,,,,TRE-500981,Seattle Department of Transportation,Thuja plicata,Western Red Cedar,"2",Seattle Department of Transportation,3000 HARBOR AVE SW,603a69fb-db17-4607-9a78-ee95de46eed2,62.653549194335938,87.795509338378906,84.747741699218750,-122.3710940000,47.5717694700
TRE-34159,,,,,TRE-34159,Seattle Department of Transportation,Thuja plicata,Western Red Cedar,"38",Private,1714 2ND AV N,47c75cd5-373a-4a8e-878d-4e5b808266d1,62.790447235107422,89.006423950195312,85.669761657714844,-122.3531200000,47.6343988500
TRE-5712,,,,,TRE-5712,Seattle Department of Transportation,Thuja plicata,Western Red Cedar,"43",Private,609 N 48TH ST,ea038440-ed8f-4fb7-b01c-c5ce8b04025e,62.544799804687507,89.098861694335938,86.546730041503906,-122.3510290000,47.6635462400
TRE-80320,,,,,TRE-80320,Seattle Department of Transportation,Thuja plicata,Western Red Cedar,"26",Private,4737 49TH AV SW,230c9ff8-4b23-4838-80b6-c3e0a36c95df,62.539653778076165,88.420608520507812,84.218948364257812,-122.3949840000,47.5601194400
TRE-1047658,,,,,TRE-1047658,Seattle Department of Transportation,Thuja plicata,Western Red Cedar,"66",Private,3217 30TH AVE SW,433e4044-1663-471e-9a5c-d9cbde4dae5d,62.201370239257812,87.009506225585938,83.718658447265625,-122.3716620000,47.5744685000
TRE-1047693,,,,,TRE-1047693,Seattle Department of Transportation,Thuja plicata,Western Red Cedar,"27",Private,8322 DIBBLE AVE NW,c39393ca-04bb-4fef-be9f-189f299be55c,62.269729614257812,87.837699890136719,85.670555114746094,-122.3667140000,47.6898074600
TRE-1047686,,,,,TRE-1047686,Seattle Department of Transportation,Thuja plicata,Western Red Cedar,"66",Private,102 NE 63RD ST,99ecb7d0-c76c-4303-bbc2-2de2e601a728,63.460033416748047,88.099105834960938,84.388099670410156,-122.3280410000,47.6745927300
TRE-1047692,,,,,TRE-1047692,Seattle Department of Transportation,Thuja plicata,Western Red Cedar,"32",Private,8322 DIBBLE AVE NW,50bc3d7c-95da-49a3-ba81-146c105c44a1,62.314380645751953,87.780143737792983,85.502349853515625,-122.3667090000,47.6897614300
TRE-1047640,,,,,TRE-1047640,Seattle Department of Transportation,Thuja plicata,Western Red Cedar,"2",Seattle Department of Transportation,1401 W GARFIELD ST,516e53ea-88cc-4289-8821-821eefd1f21e,60.867954254150391,88.235946655273438,83.562438964843750,-122.3746880000,47.6331057300
TRE-1047638,,,,,TRE-1047638,Seattle Department of Transportation,Thuja plicata,Western Red Cedar,"2",Seattle Department of Transportation,1401 W GARFIELD ST,84b745fd-96e2-4f08-83c6-14166c202788,60.811851501464837,88.220138549804688,83.423866271972656,-122.3747340000,47.6331847700
TRE-1047679,,,,,TRE-1047679,Seattle Department of Transportation,Thuja plicata,Western Red Cedar,"58",Private,1241 NE 89TH ST,43f28140-2408-495e-922f-04cac6c4f675,61.552501678466797,88.655181884765625,86.055152893066406,-122.3130060000,47.6926733600
TRE-1070758,,,,,TRE-1070758,Seattle Department of Transportation,Thuja plicata,Western Red Cedar,"1",Private,644 HILLSIDE DR E,4292dfa2-915f-4a66-853f-1accae2f1cbb,61.700263977050781,88.556083679199219,85.813186645507812,-122.2841880000,47.6260401300
TRE-1070762,,,,,TRE-1070762,Seattle Department of Transportation,Thuja plicata,Western Red Cedar,"1",Private,644 HILLSIDE DR E,8c941605-b054-4e62-8744-e9c5069277a9,61.676990509033203,88.584022521972656,85.790397644042983,-122.2841840000,47.6260627400
TRE-1047694,,,,,TRE-1047694,Seattle Department of Transportation,Thuja plicata,Western Red Cedar,"35",Private,8322 DIBBLE AVE NW,7b07dc3b-81ae-4c4f-a49a-e9da0d272019,62.269729614257812,87.837699890136719,85.670555114746094,-122.3667130000,47.6898513200
TRE-1047653,,,,,TRE-1047653,Seattle Department of Transportation,Thuja plicata,Western Red Cedar,"87",Private,4129 NE 107TH ST,7f9ae964-f88b-4a2a-9d75-42bece2e43d0,60.921192169189453,88.978279113769531,86.107139587402330,-122.2822850000,47.7063524200
TRE-2647,,,,,TRE-2647,Seattle Department of Transportation,Thuja plicata,Western Red Cedar,"25",Private,5218 6TH AV NW,4093a91d-966b-4736-a5a9-7c46ee568c48,62.186382293701165,88.742584228515625,84.823112487792983,-122.3630060000,47.6671289400
TRE-70080,,,,,TRE-70080,Seattle Department of Transportation,Thuja plicata,Western Red Cedar,"22",Private,165 26TH AVE,45f217b9-84a7-4176-84bf-e34b8ff03602,62.761344909667969,88.656738281250000,85.556121826171875,-122.2989990000,47.6032232300
TRE-1048853,,,,,TRE-1048853,Seattle Department of Transportation,Thuja plicata,Western Red Cedar,"2",Private,403 30TH AVE E,43db9eab-7d06-4976-afbc-2dc9cfed81a3,61.599834442138672,88.190383911132812,85.171516418457017,-122.2934470000,47.6225545200
TRE-41139,,,,,TRE-41139,Seattle Department of Transportation,Thuja plicata,Western Red Cedar,"26",Private,335 QUEEN ANNE AV N,57092b76-b8fc-4449-824d-625f54bffcf3,64.423095703125000,88.268325805664062,84.268333435058594,-122.3568290000,47.6218740000
TRE-80306,,,,,TRE-80306,Seattle Department of Transportation,Thuja plicata,Western Red Cedar,"35",Private,5441 36TH AV SW,af1e0cd3-5e37-4d4b-8c36-26f7cafa9af1,62.987533569335938,89.069641113281250,85.222396850585938,-122.3777170000,47.5525935100
TRE-1065407,,,,,TRE-1065407,Seattle Department of Transportation,Thuja plicata,Western Red Cedar,"33",Private,4010 S BURNS ST,e1920383-0dae-43bc-9a3e-4478dc41f2d2,61.312549591064453,90.665908813476562,86.031654357910156,-122.2818870000,47.5165833400
TRE-1078693,,,,,TRE-1078693,Seattle Department of Transportation,Thuja plicata,Western Red Cedar,"20",Private,6521 FREMONT AV N,a8210405-8c54-40c5-a32a-3c1a3f884af8,63.493675231933594,88.154670715332031,85.287612915039062,-122.3500570000,47.6766672500
TRE-1078755,,,,,TRE-1078755,Seattle Department of Transportation,Thuja plicata,Western Red Cedar,"15",Private,702 N 65TH ST,63498cf2-0f39-4231-9c59-b10b98b3b63e,63.320690155029297,88.452491760253906,85.422813415527344,-122.3498850000,47.6764024800
TRE-1078756,,,,,TRE-1078756,Seattle Department of Transportation,Thuja plicata,Western Red Cedar,"17",Private,702 N 65TH ST,92be9f03-ab7d-4172-93ca-6689f5c61372,63.243824005126953,88.449516296386719,85.344421386718750,-122.3498840000,47.6763678000
TRE-1078757,,,,,TRE-1078757,Seattle Department of Transportation,Thuja plicata,Western Red Cedar,"6",Private,702 N 65TH ST,809caa87-7b01-4d54-80e9-40f8f53139e8,63.243824005126953,88.449516296386719,85.344421386718750,-122.3498820000,47.6763429100
TRE-1078758,,,,,TRE-1078758,Seattle Department of Transportation,Thuja plicata,Western Red Cedar,"7",Private,702 N 65TH ST,0eb06841-4ff5-4606-b582-106739ed9843,63.243824005126953,88.449516296386719,85.344421386718750,-122.3498780000,47.6762895200
TRE-1078759,,,,,TRE-1078759,Seattle Department of Transportation,Thuja plicata,Western Red Cedar,"8",Private,702 N 65TH ST,1e95e976-75f5-4c36-8bd5-74c2fea21dc3,63.200210571289062,88.437881469726562,85.357437133789062,-122.3498810000,47.6762628900
TRE-1065931,,,,,TRE-1065931,Seattle Department of Transportation,Thuja plicata,Western Red Cedar,"22",Private,7117 DETROIT AVE SW,c20f3598-2172-4a99-9322-091db5929569,63.153175354003906,89.169425964355469,84.927482604980469,-122.3381670000,47.5341266900
TRE-1066132,,,,,TRE-1066132,Seattle Department of Transportation,Thuja plicata,Western Red Cedar,"26",Private,9005 CARKEEK DRV S,50c4d9e6-1ca5-4fa2-92c4-89c0001fc564,62.872608184814453,90.126510620117188,84.233917236328125,-122.2810520000,47.5226208600
TRE-1066136,,,,,TRE-1066136,Seattle Department of Transportation,Thuja plicata,Western Red Cedar,"24",Private,9005 CARKEEK DRV S,9840fb8a-2d81-4036-9c23-1b6639e6e522,62.825168609619141,90.442642211914062,84.185081481933594,-122.2811370000,47.5226830000
TRE-1052345,,,,,TRE-1052345,Seattle Department of Transportation,Thuja plicata,Western Red Cedar,"15",Seattle Department of Transportation,LDX HARVARD AND E ALLISON ST SEATTLE WA,756eaef2-85cc-4061-bd5e-17b4285307d9,63.882003784179688,89.371673583984375,85.442565917968750,-122.3228550000,47.6490763500
TRE-71380,,,,,TRE-71380,Seattle Department of Transportation,Thuja plicata,Western Red Cedar,"33",Seattle Parks and Recreation,1 MT ST HELENS PL S,1fffce7a-70fc-4ff6-93bf-f046bedfa8a5,62.638263702392578,88.311965942382812,85.970642089843750,-122.2863740000,47.5766934600
TRE-1048561,,,,,TRE-1048561,Seattle Department of Transportation,Thuja plicata,Western Red Cedar,"3",Private,4509 LATONA AVE NE,e4fbc29a-2429-4dba-9336-11e94723c83e,63.178230285644531,88.784469604492188,86.015243530273438,-122.3251980000,47.6616126000
TRE-1052349,,,,,TRE-1052349,Seattle Department of Transportation,Thuja plicata,Western Red Cedar,"11",Seattle Department of Transportation,LDX HARVARD AND E ALLISON ST SEATTLE WA,9bc5df13-c550-4bb6-bab8-95f242c2a321,63.891201019287109,89.347450256347670,85.429389953613281,-122.3228380000,47.6492243800
TRE-1053186,,,,,TRE-1053186,Seattle Department of Transportation,Thuja plicata,Western Red Cedar,"2",Seattle Department of Transportation,3021 S ORCAS ST,094d6758-9767-4e7b-9859-2e1d86e454da,61.351196289062493,88.293083190917969,85.876403808593750,-122.2931580000,47.5508020500
TRE-1036621,,,,,TRE-1036621,Seattle Department of Transportation,Thuja plicata `Fastigiata`,Fastigiata Western Red Cedar,"18",Private,7500 SEWARD PARK AV S,19638f8c-81b7-4f60-b984-854dac22acae,63.492938995361328,89.134910583496094,85.683273315429673,-122.2671920000,47.5350777400
TRE-71379,,,,,TRE-71379,Seattle Department of Transportation,Thuja plicata,Western Red Cedar,"38",Seattle Parks and Recreation,1 MT ST HELENS PL S,656db68f-5727-448d-aff0-582a42c8289f,62.638263702392578,88.311965942382812,85.970642089843750,-122.2863710000,47.5767373700
TRE-1053185,,,,,TRE-1053185,Seattle Department of Transportation,Thuja plicata,Western Red Cedar,"2",Seattle Department of Transportation,3012 S ORCAS ST,e3cb7bda-2a96-4b65-820c-f184840ff7d2,61.281421661376953,88.473075866699219,86.095565795898438,-122.2932700000,47.5507920500
TRE-1053187,,,,,TRE-1053187,Seattle Department of Transportation,Thuja plicata,Western Red Cedar,"3",Seattle Department of Transportation,3021 S ORCAS ST,e8372940-d7a5-439c-8e56-70d36ee8e572,61.497402191162109,88.489372253417969,86.115417480468750,-122.2929790000,47.5508176700
TRE-4207,,,,,TRE-4207,Seattle Department of Transportation,Thuja plicata,Western Red Cedar,"32",Private,5728 WOODLAWN AV N,84beb7b2-4b49-4f63-abf5-b05d8dea9602,63.339168548583984,89.298179626464844,86.060073852539062,-122.3376070000,47.6708323100
TRE-50557,,,,,TRE-50557,Seattle Department of Transportation,Thuja plicata `Hogan`,Hogan Western Red Cedar,"21",Seattle Department of Transportation,3016 1ST AV,82e608dd-0d2c-48ec-9788-76093833dea7,63.784999847412109,87.383300781250000,86.087989807128906,-122.3545700000,47.6182337700
TRE-1054073,,,,,TRE-1054073,Seattle Department of Transportation,Thuja plicata,Western Red Cedar,"52",Private,15 MCGRAW ST,3ce3a61f-dd31-458b-8fb7-997a0e4ed880,62.327190399169922,87.796241760253906,85.390312194824219,-122.3559220000,47.6395403600
TRE-1054075,,,,,TRE-1054075,Seattle Department of Transportation,Thuja plicata,Western Red Cedar,"42",Private,2235 1ST AVE N,c67fed62-2727-4810-ba10-742aff18ac05,62.287387847900391,88.004280090332031,85.354049682617188,-122.3556720000,47.6395279900
TRE-1054072,,,,,TRE-1054072,Seattle Department of Transportation,Thuja plicata,Western Red Cedar,"40",Private,15 MCGRAW ST,b3ca8cde-f101-480c-8327-8b8ea4e64aa9,62.359657287597656,87.728637695312500,85.430191040039062,-122.3560250000,47.6395404000
TRE-1054074,,,,,TRE-1054074,Seattle Department of Transportation,Thuja plicata,Western Red Cedar,"42",Private,15 MCGRAW ST,650172bf-684d-437b-b4ab-667a41484ba6,62.271980285644531,87.921440124511719,85.416755676269531,-122.3557820000,47.6395450800
TRE-1054076,,,,,TRE-1054076,Seattle Department of Transportation,Thuja plicata,Western Red Cedar,"32",Private,2235 1ST AVE N,41d4da46-33f7-48a6-810a-09c7639de320,62.242935180664062,87.949012756347670,85.393623352050781,-122.3556630000,47.6394552700
TRE-45462,,,,,TRE-45462,Seattle Department of Transportation,Thuja plicata,Western Red Cedar,"50",Private,2411 E HELEN ST,785f2aec-2e36-4539-a62a-93bfc6bfc3ae,62.862194061279297,88.659172058105469,84.208747863769531,-122.3010840000,47.6281340000
TRE-1056636,,,,,TRE-1056636,Seattle Department of Transportation,Thuja plicata,Western Red Cedar,"55",Private,6311 BROOKLYN AVE NE,770b2b0c-cc40-4685-a5f1-c4e3f4831117,62.877174377441406,88.454162597656250,84.782524108886719,-122.3147650000,47.6744955900
TRE-1056277,,,,,TRE-1056277,Seattle Department of Transportation,Thuja plicata `Hogan`,Hogan Western Red Cedar,"2",Seattle Department of Transportation,2407 S Orcas Street,c33e3aa7-001a-4f58-a324-1aed58cc8634,61.795436859130859,88.747726440429673,86.875747680664062,-122.3011460000,47.5509124300
TRE-1056279,,,,,TRE-1056279,Seattle Department of Transportation,Thuja plicata `Hogan`,Hogan Western Red Cedar,"2",Seattle Department of Transportation,2505 S Orcas Street,117c5df2-fd77-4605-9fa6-e6c66ebbeed9,61.533859252929688,88.756164550781250,87.214851379394531,-122.3004200000,47.5508914900
TRE-1052399,,,,,TRE-1052399,Seattle Department of Transportation,Thuja plicata,Western Red Cedar,"14",Seattle Department of Transportation,2900 BLOCK HARVARD AVE E WESTSIDE,35c3a1f9-4160-4ce6-b4b6-446d7a031c75,63.743888854980469,90.205047607421875,86.170227050781250,-122.3222260000,47.6471007800
TRE-1052390,,,,,TRE-1052390,Seattle Department of Transportation,Thuja plicata,Western Red Cedar,"2",Seattle Department of Transportation,"2900 BLOCK HARVARD AVE E WESTSIDE
",59b22366-273a-4c38-80de-2181466e94a6,63.733020782470703,89.902351379394531,86.056892395019531,-122.3222410000,47.6476480400
TRE-1056587,,,,,TRE-1056587,Seattle Department of Transportation,Thuja plicata,Western Red Cedar,"16",Private,2239 FAIRVIEW AVE E,ec5a843c-7354-49e5-b623-87514f790c92,63.727058410644531,89.416091918945312,85.539535522460938,-122.3295920000,47.6394843700
TRE-501053,,,,,TRE-501053,Seattle Department of Transportation,Thuja plicata,Western Red Cedar,"21",Seattle Department of Transportation,8401 8TH AVE S,acf9d30d-6edf-41c1-879d-5aeb7b798d2e,62.633258819580078,90.102905273437500,88.471420288085938,-122.3247260000,47.5273734500
TRE-4927,,,,,TRE-4927,Seattle Department of Transportation,Thuja plicata,Western Red Cedar,"56",Private,4515 WOODLAWN AVE N,326f7444-2c1f-4f3c-8b33-93ab2b3d6530,62.878147125244141,88.759490966796875,85.798995971679673,-122.3392510000,47.6617482800
TRE-8977,,,,,TRE-8977,Seattle Department of Transportation,Thuja plicata,Western Red Cedar,"58",Private,2701 NE 62ND ST,85d65bd8-50a3-4f02-913f-633ab7c26747,61.977493286132812,88.146209716796875,84.874420166015625,-122.2984650000,47.6738815400
TRE-1681,,,,,TRE-1681,Seattle Department of Transportation,Thuja plicata,Western Red Cedar,"31",Private,2853 NW 57TH ST,c216f6e1-5b53-42f5-83d5-971bedad2dd1,62.207599639892578,88.574951171875014,85.442062377929673,-122.3952850000,47.6701520900
TRE-46583,,,,,TRE-46583,Seattle Department of Transportation,Thuja plicata,Western Red Cedar,"46",Private,1203 20TH AVE E,5a0a0ab6-8807-405a-ace1-e1cd3cb11f07,61.747398376464837,88.467193603515625,84.224472045898438,-122.3062570000,47.6306639800
TRE-15711,,,,,TRE-15711,Seattle Department of Transportation,Thuja plicata,Western Red Cedar,"37",Private,13318 BITTER PL N,380b1cca-d5c7-4f31-9cf2-7ecf36d20653,61.905895233154297,88.402549743652330,84.084251403808594,-122.3537300000,47.7261605900
TRE-78669,,,,,TRE-78669,Seattle Department of Transportation,Thuja plicata,Western Red Cedar,"27",Private,1724 S SPOKANE ST,680be09c-d892-4780-9d00-b1e8d33e6f8c,61.359596252441406,89.722465515136719,87.197105407714844,-122.3102470000,47.5721632400
TRE-19854,,,,,TRE-19854,Seattle Department of Transportation,Thuja plicata,Western Red Cedar,"12",Private,11039 40TH AV NE,6eb0f1cf-55f6-4c57-b44e-4873bd781cab,60.069507598876953,87.642127990722656,84.647811889648438,-122.2854570000,47.7094496700
TRE-22924,,,,,TRE-22924,Seattle Department of Transportation,Thuja plicata,Western Red Cedar,"35",Private,9502 4TH AVE NW,49eb37a0-a7af-4471-a950-6052cdccd5da,61.130725860595703,90.080268859863281,86.153831481933594,-122.3619000000,47.6979319500
TRE-8570,,,,,TRE-8570,Seattle Department of Transportation,Thuja plicata,Western Red Cedar,"22",Private,4533 EASTERN AVE N,04b1821b-3b80-4ea0-9940-907ad502369a,61.932559967041016,87.443595886230469,83.484466552734375,-122.3292940000,47.6625677300
TRE-48546,,,,,TRE-48546,Seattle Department of Transportation,Thuja plicata,Western Red Cedar,"8",Seattle Department of Transportation,18TH AVE E AND E ROY ST,1e7bf4fb-0ace-40ba-9542-136fbb03f8bb,62.098022460937507,87.910209655761719,84.817184448242188,-122.3086530000,47.6252497300
TRE-72175,,,,,TRE-72175,Seattle Department of Transportation,Thuja plicata,Western Red Cedar,"21",Private,2103 41ST AV SW,f630392b-369b-4390-a484-1698adad3a69,61.622131347656250,88.453308105468750,84.720626831054688,-122.3839110000,47.5852656900
TRE-501017,,,,,TRE-501017,Seattle Department of Transportation,Thuja plicata,Western Red Cedar,"7",Seattle Department of Transportation,4800 BEACON AVE S MEDIAN,7bd07927-1b3f-41dc-ba5b-bf0a65aea8f0,61.515426635742188,88.497100830078125,87.047752380371094,-122.3042910000,47.5585495200
TRE-26367,,,,,TRE-26367,Seattle Department of Transportation,Thuja plicata,Western Red Cedar,"40",Private,3554 NE 94TH ST,62f63897-6d81-45ed-afd4-b762901b37a6,62.327541351318359,89.662887573242188,84.916206359863281,-122.2879740000,47.6967606500
TRE-91539,,,,,TRE-91539,Seattle Department of Transportation,Thuja plicata `Fastigiata`,Fastigiata Western Red Cedar,"8",Private,2319 1ST AVE,4ee6863e-7dc3-4393-bda0-106ac8f26a34,64.567413330078125,87.204360961914062,87.152839660644531,-122.3473140000,47.6137335200
TRE-59607,,,,,TRE-59607,Seattle Department of Transportation,Thuja plicata,Western Red Cedar,"34",Private,216 20TH AVE,62d11bcf-d56f-4f96-ae4c-579b12ae33b6,62.538116455078125,89.270027160644531,85.028770446777344,-122.3062840000,47.6039861100
TRE-501107,,,,,TRE-501107,Seattle Department of Transportation,Thuja plicata,Western Red Cedar,"21",Seattle Department of Transportation,7515 BEACON AVE S,71fb0186-d4fa-4ea2-9134-afad9b1ba4d3,63.009937286376953,88.598350524902330,87.747711181640625,-122.2905060000,47.5350495400
TRE-32834,,,,,TRE-32834,Seattle Department of Transportation,Thuja plicata,Western Red Cedar,"14",Private,2005 13TH AV W,43b6e8a0-f5a4-4a6f-b6cc-a2f9dafabefb,62.775276184082031,88.194473266601562,83.635726928710938,-122.3738550000,47.6370025000
TRE-96267,,,,,TRE-96267,Seattle Department of Transportation,Thuja plicata,Western Red Cedar,"2",Private,2302 NE 89 ST,815898f4-f0d7-4011-95fd-9124757c6ef8,61.595840454101562,88.871482849121094,83.771690368652330,-122.3040460000,47.6936149900
TRE-72132,,,,,TRE-72132,Seattle Department of Transportation,Thuja plicata,Western Red Cedar,"12",Private,4203 SW HILL ST,26ee0878-2223-4d49-825b-ee7dbe3b0712,62.342163085937507,88.816192626953125,85.518798828124986,-122.3850780000,47.5851428300
TRE-59528,,,,,TRE-59528,Seattle Department of Transportation,Thuja plicata,Western Red Cedar,"22",Private,322 20TH AVE,a0741a1b-b62b-4dbd-b256-6be5b75e6b79,62.430812835693359,88.502326965332031,84.887908935546875,-122.3062810000,47.6050189300
TRE-17188,,,,,TRE-17188,Seattle Department of Transportation,Thuja plicata,Western Red Cedar,"42",Private,14003 15TH AV NE,90a69f5e-fa97-4dca-b69b-20104280f5c8,60.428287506103509,87.795501708984375,85.044586181640625,-122.3130760000,47.7303462600
TRE-18136,,,,,TRE-18136,Seattle Department of Transportation,Thuja plicata,Western Red Cedar,"24",Private,302 NW 112TH ST,fcaeff09-ea11-41de-9c07-d357d4a19a6b,59.935668945312493,87.324119567871094,83.763488769531250,-122.3615240000,47.7104770100
TRE-10391,,,,,TRE-10391,Seattle Department of Transportation,Thuja plicata,Western Red Cedar,"48",Private,5521 16TH AV NE,816ebd3b-378c-44fb-9891-7c843590b8ec,61.771675109863281,88.273910522460938,85.163070678710938,-122.3108310000,47.6691591700
TRE-18538,,,,,TRE-18538,Seattle Department of Transportation,Thuja plicata,Western Red Cedar,"28",Private,11755 ROOSEVELT WY NE,95fb3fe9-e33e-4ada-8d11-04e06d11dfd6,61.914505004882812,86.970680236816406,82.634483337402330,-122.3183770000,47.7157857400
TRE-1040969,,,,,TRE-1040969,Seattle Department of Transportation,Thuja plicata,Western Red Cedar,"16",Seattle Center,500 BROAD ST,8c870460-2e63-4324-904e-96c735b3fc54,63.452877044677734,90.617614746093750,87.635795593261719,-122.3487140000,47.6203636700
TRE-1041043,,,,,TRE-1041043,Seattle Department of Transportation,Thuja plicata,Western Red Cedar,"26",Seattle Center,500 WARREN AVE N,3404ab93-0f5c-4982-a6bb-e7ba4c9f0fc3,62.679409027099609,90.650207519531250,87.865234375000000,-122.3530140000,47.6235036700
TRE-51447,,,,,TRE-51447,Seattle Department of Transportation,Thuja plicata,Western Red Cedar,"51",Private,650 NW 81ST ST,00640783-7a60-4025-a821-332653f54794,61.596588134765625,86.460441589355469,84.210777282714844,-122.3656570000,47.6877223100
TRE-84320,,,,,TRE-84320,Seattle Department of Transportation,Thuja plicata,Western Red Cedar,"31",Private,6601 HOLLY PL SW,86434046-c7c7-490a-bcc3-d4540fe6dca5,62.281734466552734,87.960983276367188,84.495124816894531,-122.3902100000,47.5447946800
TRE-4823,,,,,TRE-4823,Seattle Department of Transportation,Thuja plicata,Western Red Cedar,"21",Private,4606 WOODLAWN AVE N,0191948b-97e3-4ad5-873e-e19a6f3d0f1a,62.775535583496094,88.267814636230469,85.436584472656250,-122.3391050000,47.6624302300
TRE-48565,,,,,TRE-48565,Seattle Department of Transportation,Thuja plicata,Western Red Cedar,"13",Seattle Department of Transportation,16TH AVE E AND E HARRISON ST,8cf41139-5f21-4f6d-a347-2c68f1eef6d5,63.305217742919922,89.023414611816406,85.903007507324219,-122.3113720000,47.6220768800
TRE-72595,,,,,TRE-72595,Seattle Department of Transportation,Thuja plicata,Western Red Cedar,"24",Private,3028 WALNUT AV SW,b2d14766-701c-4828-b8a1-46c3d81d376a,62.436573028564453,89.568725585937500,86.301490783691406,-122.3833860000,47.5760897300
TRE-17244,,,,,TRE-17244,Seattle Department of Transportation,Thuja plicata,Western Red Cedar,"60",Private,825 NE 128TH ST,6c125556-feaf-4b95-b0f4-b0b63d7d6687,61.509895324707031,88.125305175781250,84.571731567382812,-122.3195400000,47.7223091000
TRE-34074,,,,,TRE-34074,Seattle Department of Transportation,Thuja plicata,Western Red Cedar,"45",Private,1823 NOB HILL AV N,76cdfdf8-bbdf-498b-8b5f-21da118eafd6,62.594966888427734,88.775222778320327,85.280105590820327,-122.3511820000,47.6356641100
TRE-57588,,,,,TRE-57588,Seattle Department of Transportation,Thuja plicata,Western Red Cedar,"48",Private,527 30TH AVE,caa4270d-8a3f-4c02-a3fd-84c4a2fd28c6,62.216533660888672,87.401161193847670,83.822242736816406,-122.2937490000,47.6069029900
TRE-54822,,,,,TRE-54822,Seattle Department of Transportation,Thuja plicata,Western Red Cedar,"17",Private,410 14TH AVE,4d37fbf7-2e95-4c8c-a1c0-94840ca434f5,64.083831787109375,88.810630798339844,86.172164916992188,-122.3140970000,47.6052776300
TRE-17871,,,,,TRE-17871,Seattle Department of Transportation,Thuja plicata,Western Red Cedar,"20",Private,12527 25TH AV NE,24fc781d-30aa-4be8-8046-d561926a39b9,61.675041198730469,88.306861877441406,85.370597839355469,-122.3018860000,47.7199439000
TRE-79488,,,,,TRE-79488,Seattle Department of Transportation,Thuja plicata,Western Red Cedar,"17",Private,5905 BEACH DR SW,4589e00b-d951-4e1c-bc28-4758d408fd9e,,,,-122.3977740000,47.5499939500
TRE-19676,,,,,TRE-19676,Seattle Department of Transportation,Thuja plicata,Western Red Cedar,"28",Private,12302 SAND POINT WY NE,557772f3-898c-45fc-b140-8705da16aa31,62.379356384277344,89.008216857910156,86.545852661132812,-122.2835100000,47.7174316300
TRE-13693,,,,,TRE-13693,Seattle Department of Transportation,Thuja plicata,Western Red Cedar,"22",Private,3916 W BERTONA ST,d7459ea4-f0bb-4f8c-8a75-0c0468b96fc6,62.480251312255859,89.612960815429673,85.946716308593750,-122.4078340000,47.6507212200
TRE-72526,,,,,TRE-72526,Seattle Department of Transportation,Thuja plicata,Western Red Cedar,"31",Private,2802 WALNUT AV SW,792b6cdc-9484-47ce-b74b-7f36830be25e,61.910324096679688,89.023384094238281,85.648330688476562,-122.3832310000,47.5781017600
TRE-11068,,,,,TRE-11068,Seattle Department of Transportation,Thuja plicata,Western Red Cedar,"27",Private,4742 19TH AV NE,ecb246ca-f8d0-43a6-9c0b-8949d2a660a8,63.163257598876953,90.272300720214844,86.139053344726562,-122.3071440000,47.6642611400
TRE-25871,,,,,TRE-25871,Seattle Department of Transportation,Thuja plicata,Western Red Cedar,"35",Private,2337 NE 86TH ST,efe972cb-c7ff-4e46-8354-c87725b754ac,62.431560516357422,88.637290954589844,84.163192749023438,-122.3024930000,47.6911296700
TRE-18924,,,,,TRE-18924,Seattle Department of Transportation,Thuja plicata,Western Red Cedar,"30",Private,11539 4TH AVE NE,c3adb658-6fc4-4bbc-92a4-90695dd7bf53,62.632705688476562,88.636856079101562,84.469299316406250,-122.3248690000,47.7133895800
TRE-31368,,,,,TRE-31368,Seattle Department of Transportation,Thuja plicata,Western Red Cedar,"36",Private,2133 2ND AV W,f6bfdd58-944d-4e2d-ac08-32e36c70ea5e,62.485622406005859,87.516746520996094,84.927993774414062,-122.3597060000,47.6383250700
TRE-74992,,,,,TRE-74992,Seattle Department of Transportation,Thuja plicata,Western Red Cedar,"40",Private,2100 19TH AVE S,48fe1265-288c-467c-bb19-5ebd2e907828,62.723239898681641,89.718971252441406,87.421234130859375,-122.3081000000,47.5843408800
TRE-25796,,,,,TRE-25796,Seattle Department of Transportation,Thuja plicata,Western Red Cedar,"18",Private,1746 NE 90TH ST,8b32c32b-c8c4-43e7-bd05-28a54026287f,62.382045745849609,89.637748718261719,83.772605895996094,-122.3075410000,47.6940037100
TRE-19575,,,,,TRE-19575,Seattle Department of Transportation,Thuja plicata,Western Red Cedar,"21",Private,11502 20TH AV NE,a2878281-d513-464f-a559-a9f737181b68,61.288467407226562,86.162132263183594,82.548202514648438,-122.3066910000,47.7121550100
TRE-46467,,,,,TRE-46467,Seattle Department of Transportation,Thuja plicata,Western Red Cedar,"36",Private,1210 16TH AVE E,523db603-0f1d-4bf9-9647-3cc8299a2213,60.347557067871094,88.026916503906250,84.486587524414062,-122.3111580000,47.6310944000
TRE-71925,,,,,TRE-71925,Seattle Department of Transportation,Thuja plicata,Western Red Cedar,"25",Private,1546 PALM AV SW,ac54bead-8189-436b-b26c-8c087b6435dd,62.520759582519531,88.888198852539062,85.225090026855469,-122.3833920000,47.5892267900
TRE-48549,,,,,TRE-48549,Seattle Department of Transportation,Thuja plicata,Western Red Cedar,"26",Seattle Department of Transportation,E MERCER ST AND 16TH AVE E,df0f2227-0cbd-4b2d-9d4c-b30d0585ad33,62.485507965087891,88.580848693847670,85.693199157714844,-122.3113490000,47.6244463100
TRE-15186,,,,,TRE-15186,Seattle Department of Transportation,Thuja plicata,Western Red Cedar,"34",Private,13248 3RD AVE NW,a1df864f-39b8-4015-b7e4-8bde0bede730,62.386489868164062,88.783683776855469,85.488197326660156,-122.3608450000,47.7264115000
TRE-1044104,,,,,TRE-1044104,Seattle Department of Transportation,Thuja plicata,Western Red Cedar,"33",Seattle Parks and Recreation,2400 2ND AVE W,eefeb128-f48f-4d85-9566-9730dbae8a7f,62.075305938720703,88.032920837402330,84.479019165039062,-122.3533670000,47.6400398500
TRE-20867,,,,,TRE-20867,Seattle Department of Transportation,Thuja plicata,Western Red Cedar,"34",Private,1319 N 38TH ST,b4e0a686-f6bc-4f03-aef6-dacd1af55040,63.104175567626953,89.396926879882812,85.941627502441406,-122.3418930000,47.6526427400
TRE-60473,,,,,TRE-60473,Seattle Department of Transportation,Thuja plicata,Western Red Cedar,"39",Private,1628 37TH AVE,cf1a44f9-73fe-4938-b341-ca0fa2d29c9b,62.410446166992188,89.115829467773438,86.694313049316406,-122.2858730000,47.6161185500
TRE-25575,,,,,TRE-25575,Seattle Department of Transportation,Thuja plicata,Western Red Cedar,"18",Private,9700 LAKE CITY WY NE,3708da8d-b282-4734-a366-29660ea279ca,61.186687469482422,87.596549987792983,83.453536987304688,-122.3021170000,47.7001900100
TRE-7670,,,,,TRE-7670,Seattle Department of Transportation,Thuja plicata,Western Red Cedar,"34",Private,5805 5TH AV NE,c577cafa-b183-48c0-a3e0-07ddcb458438,62.392215728759766,88.360595703124986,84.508300781250000,-122.3229230000,47.6711157800
TRE-18079,,,,,TRE-18079,Seattle Department of Transportation,Thuja plicata,Western Red Cedar,"44",Private,106 NW 112TH ST,8809f321-d435-4e13-b799-43a7eb15bdf5,61.014110565185547,87.755424499511719,84.272972106933594,-122.3588680000,47.7107216200
TRE-17915,,,,,TRE-17915,Seattle Department of Transportation,Thuja plicata,Western Red Cedar,"34",Private,3605 NE 143RD ST,a4e06572-a99f-4e05-8496-88781a5a2b40,62.784561157226562,88.816551208496094,84.748405456542983,-122.2896100000,47.7318734600
TRE-49213,,,,,TRE-49213,Seattle Department of Transportation,Thuja plicata,Western Red Cedar,"32",Private,3215 E HARRISON ST,d38d6c2a-583f-4421-b559-b01944beefae,61.080921173095703,89.181304931640625,84.819892883300781,-122.2905080000,47.6224700500
TRE-20669,,,,,TRE-20669,Seattle Department of Transportation,Thuja plicata,Western Red Cedar,"32",Private,3842 STONE WAY N,0c1621ce-bf6c-41d0-aac5-e3d00217a4d3,62.158172607421875,88.398612976074219,85.960151672363281,-122.3423000000,47.6540851300
TRE-26051,,,,,TRE-26051,Seattle Department of Transportation,Thuja plicata,Western Red Cedar,"26",Private,4003 NE 105TH ST,1868b827-100b-42a5-b117-850106067a1e,60.702445983886719,89.105712890624986,84.975090026855469,-122.2854130000,47.7045338800
TRE-18027,,,,,TRE-18027,Seattle Department of Transportation,Thuja plicata,Western Red Cedar,"23",Private,12259 PALATINE AVE N,2d0c8727-cbf3-4234-81f6-b7e6f37ee1f4,62.187297821044922,88.973434448242188,86.542686462402330,-122.3571940000,47.7195582000
TRE-19633,,,,,TRE-19633,Seattle Department of Transportation,Thuja plicata,Western Red Cedar,"16",Private,1520 NE 106TH ST,6fba5086-aa58-46ec-80fd-a46b1464b572,62.362014770507812,87.929000854492188,84.329971313476562,-122.3117440000,47.7062574000
TRE-42208,,,,,TRE-42208,Seattle Department of Transportation,Thuja plicata,Western Red Cedar,"38",Private,1228 2ND AV N,ef61feb5-f36a-4632-b75d-b31a79a43ae1,63.367328643798835,89.147438049316406,85.351470947265625,-122.3525600000,47.6306360500
TRE-74237,,,,,TRE-74237,Seattle Department of Transportation,Thuja plicata,Western Red Cedar,"36",Private,2363 16TH AV S,f53645df-bf4f-4332-b078-0ab44f453a89,64.608100891113281,88.948631286621094,86.827842712402330,-122.3123630000,47.5810846300
TRE-96268,,,,,TRE-96268,Seattle Department of Transportation,Thuja plicata,Western Red Cedar,"2",Private,2302 NE 89 ST,eedfaf58-0018-4bc6-aa07-6e09f6e29666,61.472755432128906,88.855766296386719,83.784202575683594,-122.3040410000,47.6937329600
TRE-25318,,,,,TRE-25318,Seattle Department of Transportation,Thuja plicata,Western Red Cedar,"29",Private,2557 NE 92ND ST,13ed23c8-f141-4b8e-9d1f-fcb7a3178ef1,61.878890991210938,87.337005615234375,83.759109497070327,-122.2990190000,47.6956649400
TRE-58231,,,,,TRE-58231,Seattle Department of Transportation,Thuja plicata,Western Red Cedar,"28",Private,1821 E HOWELL ST,27dfbd5d-0659-4971-b97e-62acd8f80f34,62.724296569824219,88.761512756347670,86.123001098632812,-122.3077960000,47.6175366600
TRE-8976,,,,,TRE-8976,Seattle Department of Transportation,Thuja plicata,Western Red Cedar,"60",Private,2701 NE 62ND ST,f44ed3c2-8d00-4dea-b048-fd0d12aebdb6,62.005664825439453,88.165138244628906,84.832855224609375,-122.2984750000,47.6738128600
TRE-500791,,,,,TRE-500791,Seattle Department of Transportation,Thuja plicata,Western Red Cedar,"4",Seattle Department of Transportation,3501 EAST MARGINAL WAY S,ca8fd235-64af-4136-8db6-a6203c9348e1,64.091934204101562,86.915435791015625,87.573226928710938,-122.3421430000,47.5716461900
TRE-9060,,,,,TRE-9060,Seattle Department of Transportation,Thuja plicata,Western Red Cedar,"40",Private,6017 31ST AVE NE,3aeee524-f883-4694-85da-e00b927a4e36,61.259773254394531,88.781578063964844,85.122962951660156,-122.2943860000,47.6727569300
TRE-73017,,,,,TRE-73017,Seattle Department of Transportation,Thuja plicata,Western Red Cedar,"12",Private,1703 CALIFORNIA AV SW (ON SW MASS. ST),532531ea-cbd7-4e88-baa0-f91f80d0ae59,62.552677154541016,89.528266906738281,86.028793334960938,-122.3869110000,47.5880079300
TRE-84310,,,,,TRE-84310,Seattle Department of Transportation,Thuja plicata,Western Red Cedar,"3",Private,6360 BEACH DR SW,6800e01f-a9b5-4f0a-bf5e-e056a9a6129f,62.801239013671875,88.266166687011719,86.847053527832031,-122.3981080000,47.5450947700
TRE-38155,,,,,TRE-38155,Seattle Department of Transportation,Thuja plicata,Western Red Cedar,"29",Private,2411 E BOSTON ST,74ed0fbb-fa80-492f-a43d-41b1f31918a7,61.862648010253906,87.828811645507812,84.966232299804688,-122.3012790000,47.6386738800
TRE-86016,,,,,TRE-86016,Seattle Department of Transportation,Thuja plicata,Western Red Cedar,"26",Private,3540 37TH AV S,39c97f16-da1d-43e7-b343-d27b2f8a0e6c,62.167285919189453,89.165176391601562,87.929275512695312,-122.2859600000,47.5318227600
TRE-84274,,,,,TRE-84274,Seattle Department of Transportation,Thuja plicata,Western Red Cedar,"6",Private,6360 BEACH DR SW,0cc9119d-8335-4a74-885c-e534de72cf68,62.813304901123047,88.264991760253906,86.800178527832031,-122.3981260000,47.5451438800
TRE-59525,,,,,TRE-59525,Seattle Department of Transportation,Thuja plicata,Western Red Cedar,"10",Private,316 20TH AVE,76080ae1-e6ba-4e32-9eb3-f958f5e7a7d5,62.399600982666016,88.603607177734375,84.875679016113281,-122.3062820000,47.6048992200
TRE-13209,,,,,TRE-13209,Seattle Department of Transportation,Thuja plicata,Western Red Cedar,"10",Seattle Department of Transportation,6200 SAND POINT WY NE,63a5cb7b-66db-4ac0-a3b3-480aa17531dc,62.021144866943359,90.023590087890625,86.524063110351562,-122.2649580000,47.6743980000
TRE-62880,,,,,TRE-62880,Seattle Department of Transportation,Thuja plicata,Western Red Cedar,"45",Private,1243 NE 69TH ST,860170aa-b682-4080-8138-8cee2366f455,62.587200164794922,87.915519714355469,84.470603942871094,-122.3138580000,47.6786592600
TRE-26407,,,,,TRE-26407,Seattle Department of Transportation,Thuja plicata,Western Red Cedar,"28",Private,9205 40TH AV NE,5c440f04-717d-4dda-a5fa-2f4f0ea02455,61.585136413574219,87.317619323730469,83.903266906738281,-122.2853450000,47.6954204400
TRE-48781,,,,,TRE-48781,Seattle Department of Transportation,Thuja plicata,Western Red Cedar,"34",Private,1212 38TH AV E,6d942270-5d4b-496e-84db-83744f09c53e,60.808658599853509,89.251792907714844,85.920944213867188,-122.2840200000,47.6302304600
TRE-46101,,,,,TRE-46101,Seattle Department of Transportation,Thuja plicata,Western Red Cedar,"23",Private,2618 E JOHN ST,5c0da03f-f392-465f-a630-423b09bf36f4,62.024066925048835,88.697021484375014,85.879692077636719,-122.2977200000,47.6202410700
TRE-4167,,,,,TRE-4167,Seattle Department of Transportation,Thuja plicata,Western Red Cedar,"45",Private,5707 KIRKWOOD PL N,59378e1e-dfcd-4d2e-93c9-2f9732cd63ae,63.689880371093750,88.999511718750000,86.345657348632812,-122.3326920000,47.6703185800
TRE-17256,,,,,TRE-17256,Seattle Department of Transportation,Thuja plicata,Western Red Cedar,"18",Private,13071 8TH CT NE,bb85f88b-6f62-41f8-b040-d08bdc3b5286,59.639366149902344,89.164367675781250,84.679733276367188,-122.3216590000,47.7244941800
TRE-25269,,,,,TRE-25269,Seattle Department of Transportation,Thuja plicata,Western Red Cedar,"14",Private,9403 27TH AV NE,f214deb6-79a8-4db9-aa51-c358afa55481,61.633380889892578,88.624732971191406,84.171157836914062,-122.2991370000,47.6966861800
TRE-65738,,,,,TRE-65738,Seattle Department of Transportation,Thuja plicata,Western Red Cedar,"36",Private,7020 19TH AV NE,adcc2442-7895-46bb-a307-05db95bb4c82,61.977489471435547,87.941192626953125,84.070549011230469,-122.3076830000,47.6800502800
TRE-83564,,,,,TRE-83564,Seattle Department of Transportation,Thuja plicata,Western Red Cedar,"62",Private,6312 40TH AV SW,4a9a67fb-12e1-4819-b972-545c0fb38232,62.849571228027344,87.501953125000000,86.302192687988281,-122.3830830000,47.5461698900
TRE-17379,,,,,TRE-17379,Seattle Department of Transportation,Thuja plicata,Western Red Cedar,"38",Private,2750 NE 143RD ST,67ab3100-97ca-4403-b71b-5d6036891a79,61.826137542724609,87.375663757324219,84.606460571289062,-122.2969630000,47.7320419300
TRE-45931,,,,,TRE-45931,Seattle Department of Transportation,Thuja plicata,Western Red Cedar,"29",Private,433 31ST AVE E,d00ebaee-e885-447d-a283-b76f2d8ac3fc,60.877536773681641,87.675483703613281,84.778755187988281,-122.2920510000,47.6235580400
TRE-25953,,,,,TRE-25953,Seattle Department of Transportation,Thuja plicata,Western Red Cedar,"39",Private,2322 NE 92ND ST,0a080fa7-4d08-474f-9a7f-f2a3578394dc,61.203266143798835,88.871063232421875,84.374626159667969,-122.3031720000,47.6957839200
TRE-46665,,,,,TRE-46665,Seattle Department of Transportation,Thuja plicata,Western Red Cedar,"29",Private,1508 E PROSPECT ST,886225f3-9c07-48f7-bb24-f06fd0a4c3dc,62.387157440185547,87.186622619628906,83.515167236328125,-122.3120070000,47.6287488700
TRE-59527,,,,,TRE-59527,Seattle Department of Transportation,Thuja plicata,Western Red Cedar,"17",Private,316 20TH AVE,485f0fd8-450d-44be-b05a-d32696f53966,62.430812835693359,88.502326965332031,84.887908935546875,-122.3062810000,47.6049924700
TRE-25268,,,,,TRE-25268,Seattle Department of Transportation,Thuja plicata,Western Red Cedar,"16",Private,9403 27TH AV NE,0e95ecb0-0651-41a7-a76a-5b247945c388,61.633380889892578,88.624732971191406,84.171157836914062,-122.2991040000,47.6966838600
TRE-15912,,,,,TRE-15912,Seattle Department of Transportation,Thuja plicata,Western Red Cedar,"40",Private,4352 5TH AV NW,ca95031f-6b47-49c9-855a-96b9b0d18181,62.666934967041016,88.312072753906250,84.499359130859375,-122.3629100000,47.6602918500
TRE-1678,,,,,TRE-1678,Seattle Department of Transportation,Thuja plicata,Western Red Cedar,"35",Private,2859 NW 57TH ST,3b75949e-03aa-4f2f-ae68-402339b5d1be,62.183570861816406,88.499603271484375,85.438560485839844,-122.3954590000,47.6701524400
TRE-45929,,,,,TRE-45929,Seattle Department of Transportation,Thuja plicata,Western Red Cedar,"20",Private,433 31ST AVE E,8e8d9171-b4df-4b85-914f-235de6a63baa,60.908481597900391,87.690490722656250,84.876838684082031,-122.2922160000,47.6236128700
TRE-48545,,,,,TRE-48545,Seattle Department of Transportation,Thuja plicata,Western Red Cedar,"16",Seattle Department of Transportation,18TH AVE E AND E ROY ST,02887ac9-bc08-44ef-b6cd-46226d318831,62.098022460937507,87.910209655761719,84.817184448242188,-122.3086810000,47.6252699600
TRE-18179,,,,,TRE-18179,Seattle Department of Transportation,Thuja plicata,Western Red Cedar,"20",Private,1328 N 121ST ST,15aa9c19-dbbc-4142-8a91-34baecb617f7,62.396091461181641,89.728523254394531,86.918174743652330,-122.3401600000,47.7163460900
TRE-75123,,,,,TRE-75123,Seattle Department of Transportation,Thuja plicata,Western Red Cedar,"42",Private,1724 S STEVENS ST,65918ad7-69a7-414c-a8b8-dc23aed0bbf2,63.406345367431641,90.064697265624986,86.750686645507812,-122.3095840000,47.5770417200
TRE-88729,,,,,TRE-88729,Seattle Department of Transportation,Thuja plicata,Western Red Cedar,"32",Private,8602 RENTON AV S,41fb1cbb-1d0b-4e39-a7c1-04eb277550ce,61.668247222900391,89.279464721679673,87.928680419921875,-122.2766110000,47.5260666000
TRE-1040971,,,,,TRE-1040971,Seattle Department of Transportation,Thuja plicata,Western Red Cedar,"17",Seattle Center,500 BROAD ST,c5c18ab8-f7cd-49e7-9213-4333a2275876,63.434886932373047,90.665611267089844,87.669395446777344,-122.3487140000,47.6204196700
TRE-19853,,,,,TRE-19853,Seattle Department of Transportation,Thuja plicata,Western Red Cedar,"9",Private,11039 40TH AV NE,c6d47957-7f41-47d9-95ad-ef6d4151564e,60.057613372802734,87.788261413574219,84.754745483398438,-122.2854580000,47.7094715900
TRE-81740,,,,,TRE-81740,Seattle Department of Transportation,Thuja plicata,Western Red Cedar,"34",Private,5328 14TH AV S,6c717d73-b6ef-4386-a32e-4240ba5d8a01,61.664070129394531,91.511314392089844,89.361480712890625,-122.3145020000,47.5538352000
TRE-33860,,,,,TRE-33860,Seattle Department of Transportation,Thuja plicata,Western Red Cedar,"40",Private,2009 2ND AV N,b0d0e674-48dd-464f-ac1e-c11443ef1a35,62.138484954833984,88.861923217773438,85.822357177734375,-122.3532500000,47.6368457400
TRE-80577,,,,,TRE-80577,Seattle Department of Transportation,Thuja plicata,Western Red Cedar,"7",Private,5277 44TH AV SW,628033c8-2ef4-4a1c-a1f0-3a2759833c56,62.992347717285163,88.654792785644531,86.026916503906250,-122.3885420000,47.5543050200
TRE-17710,,,,,TRE-17710,Seattle Department of Transportation,Thuja plicata,Western Red Cedar,"37",Private,14040 19TH AV NE,55f6bc3d-88df-48f5-9538-9a3bc68bd2ad,59.133373260498047,87.260177612304688,84.356216430664062,-122.3086240000,47.7315569600
TRE-33863,,,,,TRE-33863,Seattle Department of Transportation,Thuja plicata,Western Red Cedar,"44",Private,2006 2ND AV N,f71b3cce-41bb-430a-adbd-6431a23d5040,62.234455108642578,88.878387451171875,85.827453613281250,-122.3531200000,47.6367936000
TRE-71571,,,,,TRE-71571,Seattle Department of Transportation,Thuja plicata,Western Red Cedar,"30",Private,700 LAKESIDE AVE S,4a183ac4-1993-4d03-8fde-4ccd0d8660b1,63.482448577880859,88.993080139160156,86.584060668945312,-122.2876930000,47.5963393500
TRE-28040,,,,,TRE-28040,Seattle Department of Transportation,Thuja plicata,Western Red Cedar,"34",Private,3902 1ST AVE NE,3eaac5ef-c5d3-48ae-a8e1-2ecd625407f8,63.096889495849609,89.152938842773438,85.136314392089844,-122.3278350000,47.6540741400
TRE-71923,,,,,TRE-71923,Seattle Department of Transportation,Thuja plicata,Western Red Cedar,"13",Private,1336 CALIFORNIA AV SW,c9e1494e-3651-4927-8eda-1fba51bb8ce8,62.105461120605469,89.146064758300781,86.620582580566406,-122.3855760000,47.5913604900
TRE-34160,,,,,TRE-34160,Seattle Department of Transportation,Thuja plicata,Western Red Cedar,"32",Private,1714 2ND AV N,6a2c7d14-633f-4f20-a7b9-6f68330c4bdc,62.790447235107422,89.006423950195312,85.669761657714844,-122.3531220000,47.6344427100
TRE-14392,,,,,TRE-14392,Seattle Department of Transportation,Thuja plicata,Western Red Cedar,"18",Private,2329 W COMMODORE WY,33ccfdad-f813-4ed8-b00e-7bfa4e228901,61.830936431884766,86.479156494140625,82.149177551269531,-122.3874090000,47.6604899100
TRE-20576,,,,,TRE-20576,Seattle Department of Transportation,Thuja plicata,Western Red Cedar,"47",Private,1612 N 39TH ST,d3aff8d5-3808-4887-99d6-b5da8af7d990,62.696899414062493,87.395576477050781,84.033760070800781,-122.3379220000,47.6543788700
TRE-19340,,,,,TRE-19340,Seattle Department of Transportation,Thuja plicata,Western Red Cedar,"31",Private,2623 NE 113TH ST,0dc15b73-7760-4be1-ba2c-118375d68ad0,61.254249572753906,87.260177612304688,84.051834106445312,-122.2990710000,47.7099207300
TRE-8421,,,,,TRE-8421,Seattle Department of Transportation,Thuja plicata,Western Red Cedar,"19",Private,4757 THACKERAY PL NE,f7c0ddac-9a5e-4acc-91c7-ee5397122408,62.378101348876953,87.600410461425781,83.253417968750000,-122.3262220000,47.6648318000
TRE-63964,,,,,TRE-63964,Seattle Department of Transportation,Thuja plicata,Western Red Cedar,"55",Private,6515 2ND AV NE,efb94c09-cd87-421b-b642-da00e1105cc1,63.106273651123047,89.598709106445312,85.781608581542983,-122.3274150000,47.6763956400
TRE-2722,,,,,TRE-2722,Seattle Department of Transportation,Thuja plicata,Western Red Cedar,"28",Private,5121 PALMER DR NW,880660b1-070d-4da2-ba99-25c1bb22a5b1,61.527828216552734,88.603935241699219,85.784317016601562,-122.3574950000,47.6663555300
TRE-4166,,,,,TRE-4166,Seattle Department of Transportation,Thuja plicata,Western Red Cedar,"39",Private,5707 KIRKWOOD PL N,ea2d9f79-937b-42ec-a655-2e059f82eacf,63.743682861328125,89.009422302246094,86.398948669433594,-122.3327410000,47.6704083300
TRE-8980,,,,,TRE-8980,Seattle Department of Transportation,Thuja plicata,Western Red Cedar,"38",Private,2701 NE 62ND ST,2f7a9fea-7090-4609-b3d4-9a36864624ad,61.942047119140625,88.141090393066406,84.761642456054688,-122.2982130000,47.6739288800
TRE-5547,,,,,TRE-5547,Seattle Department of Transportation,Thuja plicata,Western Red Cedar,"33",Private,4916 WHITMAN AVE N,2c04ed05-3100-4b93-974e-7c896f16cbe4,61.723964691162109,89.018821716308594,85.912879943847670,-122.3460060000,47.6649083700
TRE-70686,,,,,TRE-70686,Seattle Department of Transportation,Thuja plicata,Western Red Cedar,"45",Private,1830 S WELLER ST,81fecd8b-488d-4ad7-8d82-d16bb9d25711,62.522514343261719,91.093742370605469,86.240051269531250,-122.3075340000,47.5975410900
TRE-84311,,,,,TRE-84311,Seattle Department of Transportation,Thuja plicata,Western Red Cedar,"2",Private,6360 BEACH DR SW,92e1bda4-3809-4414-b2fe-98eb04c1999f,62.813304901123047,88.264991760253906,86.800178527832031,-122.3981080000,47.5450975100
TRE-35201,,,,,TRE-35201,Seattle Department of Transportation,Thuja plicata,Western Red Cedar,"11",Private,6759 21ST AVE NW,e6d46463-81a9-488a-b5e1-e8236b250568,58.783550262451165,82.944854736328125,80.435859680175781,-122.3833090000,47.6793945600
TRE-72309,,,,,TRE-72309,Seattle Department of Transportation,Thuja plicata,Western Red Cedar,"26",Private,2600 41ST AV SW,078aabfb-773f-4c04-988b-0c3f4af3f6ef,62.251491546630859,89.062408447265625,85.863616943359375,-122.3837340000,47.5810947100
TRE-74555,,,,,TRE-74555,Seattle Department of Transportation,Thuja plicata,Western Red Cedar,"45",Private,2000 30TH AVE S,d4b6eaef-dca2-4f30-bbb5-a803dd1c715c,62.135395050048835,88.186538696289062,84.499984741210938,-122.2939990000,47.5850328600
TRE-17764,,,,,TRE-17764,Seattle Department of Transportation,Thuja plicata,Western Red Cedar,"39",Private,13563 22ND AV NE,48dc86d1-eac8-4a99-a832-cd1769a79d2e,60.839820861816406,86.796058654785156,84.450172424316406,-122.3060950000,47.7282197600
TRE-79735,,,,,TRE-79735,Seattle Department of Transportation,Thuja plicata,Western Red Cedar,"53",Private,5610 38TH AV SW,762251cf-e420-4a82-a617-ae85aa93e864,62.181129455566406,88.997932434082031,86.884025573730469,-122.3802790000,47.5516628800
TRE-44817,,,,,TRE-44817,Seattle Department of Transportation,Thuja plicata,Western Red Cedar,"31",Private,764 BELMONT PL E,914f2204-0e4b-4f08-ba7a-4d39dc198c02,62.897121429443359,88.930259704589844,85.085716247558594,-122.3242130000,47.6269307400
TRE-25873,,,,,TRE-25873,Seattle Department of Transportation,Thuja plicata,Western Red Cedar,"22",Private,2337 NE 86TH ST,45f908b1-4b11-4a2a-b3fe-d3a56c6a77f1,62.437183380126953,88.729522705078125,84.162239074707017,-122.3024010000,47.6911289700
TRE-34539,,,,,TRE-34539,Seattle Department of Transportation,Thuja plicata,Western Red Cedar,"46",Private,8061 16TH AVE NW,f2fb036e-9a65-482e-bbed-d854da911c2f,62.820465087890625,88.827545166015625,85.456611633300781,-122.3780550000,47.6886928600
TRE-25774,,,,,TRE-25774,Seattle Department of Transportation,Thuja plicata,Western Red Cedar,"25",Private,1709 NE 92ND ST,6e02d56e-1284-4f5d-b853-27d63008f479,62.719081878662109,87.725723266601562,83.831565856933594,-122.3090810000,47.6957508600
TRE-59524,,,,,TRE-59524,Seattle Department of Transportation,Thuja plicata,Western Red Cedar,"21",Private,316 20TH AVE,b85d5ddd-8382-41d5-b6be-72b2e45f08c1,62.485298156738281,88.699996948242188,84.852760314941406,-122.3062800000,47.6048471500
TRE-8355,,,,,TRE-8355,Seattle Department of Transportation,Thuja plicata,Western Red Cedar,"21",Private,2410 N 46TH ST,5dfd706c-7dab-45c9-906d-72a663ed0caa,61.856235504150391,87.284126281738281,83.274238586425781,-122.3293460000,47.6626685100
TRE-47392,,,,,TRE-47392,Seattle Department of Transportation,Thuja plicata,Western Red Cedar,"35",Private,737 20TH AVE E,42297889-7530-49e3-8658-cedbdbc05898,62.873012542724609,88.022422790527344,84.096168518066406,-122.3061470000,47.6263597900
TRE-18094,,,,,TRE-18094,Seattle Department of Transportation,Thuja plicata,Western Red Cedar,"30",Private,11055 PALATINE AV N,ea302d88-5670-4115-8dce-3a5c00f57ba0,62.084934234619141,88.137435913085938,84.836296081542983,-122.3573730000,47.7104817100
TRE-62125,,,,,TRE-62125,Seattle Department of Transportation,Thuja plicata,Western Red Cedar,"34",Private,6507 FREMONT AV N,0fb8f7df-c2f4-4014-890b-608d2eef5e15,63.380649566650391,88.256896972656250,85.292808532714844,-122.3500470000,47.6763406300
TRE-20677,,,,,TRE-20677,Seattle Department of Transportation,Thuja plicata,Western Red Cedar,"32",Private,3842 STONE WAY N,1aa64462-010c-4301-8922-4014d3edf040,61.989326477050781,88.399253845214844,85.926284790039062,-122.3420320000,47.6540831900
TRE-45639,,,,,TRE-45639,Seattle Department of Transportation,Thuja plicata,Western Red Cedar,"22",Private,2811 E ALOHA ST,8b33e167-3259-4757-a636-1a6a7db63dd4,60.413421630859375,88.163894653320327,84.254264831542983,-122.2959980000,47.6266030900
TRE-96264,,,,,TRE-96264,Seattle Department of Transportation,Thuja plicata,Western Red Cedar,"2",Private,2302 NE 89 ST,d0236e8d-8598-45a8-936d-01929588913a,61.856071472167969,88.950187683105469,83.851676940917969,-122.3040500000,47.6933489600
TRE-79487,,,,,TRE-79487,Seattle Department of Transportation,Thuja plicata,Western Red Cedar,"16",Private,5905 BEACH DR SW,dd2967d8-cbd1-4426-be8a-b2fb9a9deece,,,,-122.3977790000,47.5500459800
TRE-58142,,,,,TRE-58142,Seattle Department of Transportation,Thuja plicata,Western Red Cedar,"35",Private,502 30TH AVE,4852ab78-7e9e-4042-85bc-db91d3c65e8a,62.188728332519531,87.143783569335938,83.647102355957017,-122.2932880000,47.6062083100
TRE-7783,,,,,TRE-7783,Seattle Department of Transportation,Thuja plicata,Western Red Cedar,"23",Private,2333 N 57TH ST,130ccbfd-ab6a-4f90-8ca1-9ab8ded275f9,62.274063110351562,86.018096923828125,83.988769531250000,-122.3294930000,47.6700693900
TRE-38160,,,,,TRE-38160,Seattle Department of Transportation,Thuja plicata,Western Red Cedar,"30",Private,2411 E BOSTON ST,4a6475e7-c174-492e-853c-eb6e5e910636,61.889160156250000,87.879112243652330,84.974243164062500,-122.3012180000,47.6386746700
TRE-21771,,,,,TRE-21771,Seattle Department of Transportation,Thuja plicata,Western Red Cedar,"8",Private,3915 WOODLAND PARK AVE N,637004d4-a53a-4aeb-9fee-c550b2d96c23,62.467254638671875,88.031356811523438,85.710243225097670,-122.3447650000,47.6545679300
TRE-26126,,,,,TRE-26126,Seattle Department of Transportation,Thuja plicata,Western Red Cedar,"30",Private,10301 44TH AV NE,268a5f3f-580e-401b-8c82-a47bb584d5b2,60.558696746826165,89.096183776855469,85.879554748535156,-122.2819740000,47.7024032500
TRE-24607,,,,,TRE-24607,Seattle Department of Transportation,Thuja plicata,Western Red Cedar,"48",Private,1014 NE 103RD ST,2b2e28d8-d230-452a-9af7-1166292ac103,62.412033081054688,87.813690185546875,84.137855529785156,-122.3168630000,47.7031445500
TRE-13210,,,,,TRE-13210,Seattle Department of Transportation,Thuja plicata,Western Red Cedar,"10",Seattle Department of Transportation,6200 SAND POINT WY NE,f7370af5-08bd-4679-bd01-fc24c0569b9d,62.000858306884766,90.012878417968750,86.729705810546875,-122.2649220000,47.6744258700
TRE-82213,,,,,TRE-82213,Seattle Department of Transportation,Thuja plicata,Western Red Cedar,"24",Private,5903 S JUNEAU ST,eca48c74-a63b-4269-8f9a-ec13fb1e3d87,61.559150695800781,88.442367553710938,87.100936889648438,-122.2971260000,47.5498974500
TRE-71575,,,,,TRE-71575,Seattle Department of Transportation,Thuja plicata,Western Red Cedar,"21",Private,700 LAKESIDE AVE S,48cfd70e-eb06-421c-b620-98c616d56ee6,63.474163055419922,89.003684997558594,86.573158264160156,-122.2876500000,47.5964002200
TRE-58438,,,,,TRE-58438,Seattle Department of Transportation,Thuja plicata,Western Red Cedar,"32",Private,1434 21ST AVE,1222b860-5802-4db7-ae46-18631fc81e84,62.731033325195312,88.857803344726562,85.295387268066406,-122.3048650000,47.6140501800
TRE-73102,,,,,TRE-73102,Seattle Department of Transportation,Thuja plicata,Western Red Cedar,"24",Private,1901 45TH AV SW,47e302d8-6833-4f4b-b0e8-f5861a6fe1f4,61.685802459716797,88.645431518554688,84.930572509765625,-122.3893300000,47.5867656200
TRE-72906,,,,,TRE-72906,Seattle Department of Transportation,Thuja plicata,Western Red Cedar,"56",Private,4403 SW SEATTLE ST,d991c958-6fd8-401a-b049-62f019d93b84,62.464076995849609,89.661605834960938,86.310783386230469,-122.3876730000,47.5892478900
TRE-10863,,,,,TRE-10863,Seattle Department of Transportation,Thuja plicata,Western Red Cedar,"41",Private,5035 19TH AV NE,24b626ba-495d-46f4-888d-ea409e52b178,62.870971679687507,89.798027038574219,86.120834350585938,-122.3072540000,47.6658465700
TRE-25507,,,,,TRE-25507,Seattle Department of Transportation,Thuja plicata,Western Red Cedar,"18",Private,3203 NE 104TH ST,64fea3b8-a443-4dad-9d5b-f2fc24ec302d,60.055950164794922,89.212867736816406,84.498146057128906,-122.2940510000,47.7036029000
TRE-20733,,,,,TRE-20733,Seattle Department of Transportation,Thuja plicata,Western Red Cedar,"25",Private,3822 DENSMORE AVE N,06cb5ec0-ca35-46e3-8f1b-0da39ac58999,62.603378295898438,87.214149475097670,84.110687255859375,-122.3374070000,47.6538454900
TRE-77318,,,,,TRE-77318,Seattle Department of Transportation,Thuja plicata,Western Red Cedar,"7",Private,4540 47TH AVE SW,ddc51938-4a1d-4723-84c3-16a1aea853f3,63.122138977050781,88.724365234375014,85.578735351562500,-122.3920910000,47.5617240500
TRE-73631,,,,,TRE-73631,Seattle Department of Transportation,Thuja plicata,Western Red Cedar,"44",Private,2731 47TH AV SW,8e8e52a5-b8a3-43b4-898a-95c181d2f8d4,62.381755828857422,89.066360473632812,86.085197448730469,-122.3920780000,47.5783921400
TRE-83450,,,,,TRE-83450,Seattle Department of Transportation,Thuja plicata,Western Red Cedar,"32",Private,5140 S JUNEAU ST,c3a31d12-285c-45f6-a748-9aa49c722f3b,63.083629608154297,88.934204101562500,86.170433044433594,-122.2680070000,47.5497689700
TRE-11578,,,,,TRE-11578,Seattle Department of Transportation,Thuja plicata,Western Red Cedar,"12",Seattle Department of Transportation,5500 SAND POINT WY NE,d8283b6d-d632-422f-b000-46bdb7632f1a,62.180648803710938,88.797088623046875,85.128936767578125,-122.2723370000,47.6691351300
TRE-1040979,,,,,TRE-1040979,Seattle Department of Transportation,Thuja plicata,Western Red Cedar,"19",Seattle Center,500 BROAD ST,2fb58246-a3b2-4a65-9487-6894d85ecc55,63.388599395751953,90.675407409667969,87.714241027832031,-122.3489340000,47.6206059700
TRE-25798,,,,,TRE-25798,Seattle Department of Transportation,Thuja plicata,Western Red Cedar,"25",Private,1724 NE 90TH ST,f0566055-d0c4-4a56-baa7-3813cf845bc6,62.775798797607422,89.776397705078125,83.864608764648438,-122.3083610000,47.6939925400
TRE-15441,,,,,TRE-15441,Seattle Department of Transportation,Thuja plicata,Western Red Cedar,"45",Private,14004 ROSLYN PL N,c28ce77a-fc41-4299-87fa-ece3e3a4ab20,62.854263305664062,88.514434814453125,83.465698242187500,-122.3406590000,47.7305924300
TRE-30991,,,,,TRE-30991,Seattle Department of Transportation,Thuja plicata,Western Red Cedar,"43",Private,2517 1ST AV W,84893b91-ac61-4241-bc8f-253edb65fa42,62.231601715087891,87.695434570312500,84.097518920898438,-122.3583070000,47.6419559900
TRE-17381,,,,,TRE-17381,Seattle Department of Transportation,Thuja plicata,Western Red Cedar,"32",Private,2504 NE 140TH ST,d87cde19-d5e3-40d0-a86d-7ded3a967f8d,61.497009277343750,86.608528137207017,83.022949218750000,-122.3018860000,47.7305718100
TRE-5972,,,,,TRE-5972,Seattle Department of Transportation,Thuja plicata,Western Red Cedar,"45",Private,517 NE 63RD ST,676f1eed-59d1-4335-851d-dfc20a31a5b2,62.660991668701165,88.280410766601562,84.320083618164062,-122.3226610000,47.6743054000
TRE-73128,,,,,TRE-73128,Seattle Department of Transportation,Thuja plicata,Western Red Cedar,"24",Private,1901 45TH AV SW,7485943a-ba6a-42eb-952d-8dd0ddae7e93,61.667430877685547,88.460273742675781,84.862907409667969,-122.3894640000,47.5867692700
TRE-48777,,,,,TRE-48777,Seattle Department of Transportation,Thuja plicata,Western Red Cedar,"34",Private,3711 E LEE ST,1c6d6c57-fb75-40a5-ab7b-189c7b03bf4f,60.506443023681641,89.433532714843750,85.911247253417969,-122.2843470000,47.6308993900
TRE-67762,,,,,TRE-67762,Seattle Department of Transportation,Thuja plicata,Western Red Cedar,"29",Private,1237 E SPRUCE ST,a5bddd88-8014-4715-8840-e57f812a54e4,64.768478393554688,89.429756164550781,86.111114501953125,-122.3152090000,47.6034479500
TRE-19723,,,,,TRE-19723,Seattle Department of Transportation,Thuja plicata,Western Red Cedar,"33",Private,11706 EXETER AV NE,65a1842b-10bc-47e5-8e34-e373df813af6,61.832706451416016,88.596687316894531,85.853660583496094,-122.2800930000,47.7140475900
TRE-44872,,,,,TRE-44872,Seattle Department of Transportation,Thuja plicata,Western Red Cedar,"21",Private,735 BELMONT AVE E,7113e1e5-e880-4522-a9ea-a65bda6ae047,63.361183166503906,88.831161499023438,85.261726379394531,-122.3252690000,47.6260434700
TRE-25574,,,,,TRE-25574,Seattle Department of Transportation,Thuja plicata,Western Red Cedar,"25",Private,9700 LAKE CITY WY NE,808eea13-005f-49c6-983e-96bde6e65144,61.164909362792969,87.729621887207017,83.493766784667969,-122.3021850000,47.7001845500
TRE-72784,,,,,TRE-72784,Seattle Department of Transportation,Thuja plicata,Western Red Cedar,"12",Private,2909 FAIRMOUNT AV SW,9586fb9d-bf16-48f2-94e3-a154b684e500,61.509426116943359,88.910087585449219,85.690979003906250,-122.3822300000,47.5779700600
TRE-71928,,,,,TRE-71928,Seattle Department of Transportation,Thuja plicata,Western Red Cedar,"24",Private,1546 PALM AV SW,3a5ed5b4-88d0-4886-a94e-1469fec732de,62.520759582519531,88.888198852539062,85.225090026855469,-122.3834300000,47.5892728900
TRE-18690,,,,,TRE-18690,Seattle Department of Transportation,Thuja plicata,Western Red Cedar,"36",Private,11352 14TH AV NE,098fb386-7939-4a66-9a6e-6184c705ed55,62.250122070312493,88.864303588867188,84.717437744140625,-122.3137340000,47.7119376500
TRE-8978,,,,,TRE-8978,Seattle Department of Transportation,Thuja plicata,Western Red Cedar,"50",Private,2701 NE 62ND ST,5156bd8f-f375-424d-bf62-2457061545db,61.954784393310547,88.183067321777344,84.762252807617188,-122.2983900000,47.6739317400
TRE-46276,,,,,TRE-46276,Seattle Department of Transportation,Thuja plicata,Western Red Cedar,"63",Private,1812 30TH AVE,ea4ed533-1d42-45ff-8bfc-f8b3809c70b2,62.339839935302734,88.749824523925781,85.018264770507812,-122.2934590000,47.6179518200
TRE-42183,,,,,TRE-42183,Seattle Department of Transportation,Thuja plicata,Western Red Cedar,"45",Private,1227 2ND AV N,b7d1e181-af5e-4553-80f3-bc3b01a1d95c,63.344955444335938,89.049041748046875,85.265678405761719,-122.3527150000,47.6305984500
TRE-18026,,,,,TRE-18026,Seattle Department of Transportation,Thuja plicata,Western Red Cedar,"23",Private,12259 PALATINE AVE N,62ae1261-234f-4d66-8d70-d42eb6ef3247,62.183979034423835,88.939247131347670,86.601104736328125,-122.3572590000,47.7195600700
TRE-13191,,,,,TRE-13191,Seattle Department of Transportation,Thuja plicata,Western Red Cedar,"51",Private,6585 NE WINDERMERE RD,9afa1f7b-8fea-4482-a0e0-0ebf99d7789f,62.410400390625000,88.465927124023438,85.989746093750000,-122.2555940000,47.6723902700
TRE-2201,,,,,TRE-2201,Seattle Department of Transportation,Thuja plicata,Western Red Cedar,"48",Private,5829 5TH AV NW,550b4e9e-ef0d-4024-8aba-f237a3a0b73d,62.033744812011719,86.302680969238281,83.729476928710938,-122.3630390000,47.6717934000
TRE-7745,,,,,TRE-7745,Seattle Department of Transportation,Thuja plicata,Western Red Cedar,"40",Private,5639 KIRKWOOD PL N,a0b3c550-c2dd-4b8d-abfd-a8f10343219c,63.572570800781250,88.843528747558594,86.405151367187500,-122.3328290000,47.6700861100
TRE-48012,,,,,TRE-48012,Seattle Department of Transportation,Thuja plicata,Western Red Cedar,"21",Private,323 16TH AVE E,72352440-044d-4917-aeb7-708063095e9c,63.135673522949219,88.821838378906250,86.144302368164062,-122.3114570000,47.6212402100
TRE-44567,,,,,TRE-44567,Seattle Department of Transportation,Thuja plicata,Western Red Cedar,"37",Private,1422 E HOWELL ST,aef848ee-4564-49f2-b121-9660d0f121a2,62.688465118408203,87.439956665039062,84.728660583496094,-122.3131700000,47.6176656900
TRE-60479,,,,,TRE-60479,Seattle Department of Transportation,Thuja plicata,Western Red Cedar,"42",Private,1629 MADRONA DR,4501daaf-44d3-48bc-9d26-f7dc443383f4,62.592357635498047,88.861640930175781,86.567962646484375,-122.2847100000,47.6161525800
TRE-18390,,,,,TRE-18390,Seattle Department of Transportation,Thuja plicata,Western Red Cedar,"17",Private,12002 NORTH PARK AVE N,be6e979c-b8e5-49db-b868-9e28e79eceae,61.135425567626953,89.151329040527344,86.201545715332031,-122.3493660000,47.7160426300
TRE-72174,,,,,TRE-72174,Seattle Department of Transportation,Thuja plicata,Western Red Cedar,"22",Private,2103 41ST AV SW,dbc40ffa-cdd1-4844-a2c4-72d61ee3756b,61.664108276367188,88.515274047851562,84.848068237304688,-122.3840570000,47.5852691900
TRE-24663,,,,,TRE-24663,Seattle Department of Transportation,Thuja plicata,Western Red Cedar,"35",Private,812 NE 100TH ST,f8338721-a70e-4cd5-aa49-17a6767faa7d,62.298740386962891,88.521575927734375,84.934921264648438,-122.3199560000,47.7013521200
TRE-84309,,,,,TRE-84309,Seattle Department of Transportation,Thuja plicata,Western Red Cedar,"2",Private,6360 BEACH DR SW,db9e38c3-3fa6-4b0f-93be-f0a338ac7d1b,62.801239013671875,88.266166687011719,86.847053527832031,-122.3981040000,47.5450893400
TRE-24644,,,,,TRE-24644,Seattle Department of Transportation,Thuja plicata,Western Red Cedar,"46",Private,554 NE 100TH ST,45369f9d-1360-463d-8e8c-9cda95cca8bd,62.831718444824219,88.642852783203125,84.961631774902330,-122.3209920000,47.7013483600
TRE-19848,,,,,TRE-19848,Seattle Department of Transportation,Thuja plicata,Western Red Cedar,"27",Private,11039 40TH AV NE,85b3826f-c1c0-45d1-ad06-edbb0e231ca9,60.057613372802734,87.788261413574219,84.754745483398438,-122.2854560000,47.7095511400
TRE-19281,,,,,TRE-19281,Seattle Department of Transportation,Thuja plicata,Western Red Cedar,"16",Private,3120 NE 115TH ST,1cc7abe9-16cb-4920-8577-963b822d0b56,61.183185577392578,88.084854125976562,84.293251037597670,-122.2938680000,47.7121198400
TRE-50556,,,,,TRE-50556,Seattle Department of Transportation,Thuja plicata `Hogan`,Hogan Western Red Cedar,"25",Seattle Department of Transportation,3016 1ST AVE (ON WARREN PL),419bd215-1653-4694-b87a-24c29236b220,63.852649688720703,87.377037048339844,86.004592895507812,-122.3542610000,47.6181864900
TRE-501134,,,,,TRE-501134,Seattle Department of Transportation,Thuja plicata,Western Red Cedar,"19",Seattle Department of Transportation,4812 S MYRTLE ST,2ae0ab0b-e6c6-4cd6-9946-cb2b6e83a57a,62.647815704345703,89.139396667480469,86.246246337890625,-122.2719170000,47.5389428000
TRE-21068,,,,,TRE-21068,Seattle Department of Transportation,Thuja plicata,Western Red Cedar,"17",Private,1551 N 36TH ST,4e11be4e-28c1-46f2-8617-01e7974e591d,63.390090942382812,89.459579467773438,85.319511413574219,-122.3391730000,47.6504806800
TRE-63963,,,,,TRE-63963,Seattle Department of Transportation,Thuja plicata,Western Red Cedar,"45",Private,6515 2ND AV NE,66d4ed57-0995-42f7-975f-dbe40bc60abc,63.039024353027344,89.547691345214844,85.786361694335938,-122.3274050000,47.6765026900
TRE-18948,,,,,TRE-18948,Seattle Department of Transportation,Thuja plicata,Western Red Cedar,"24",Private,327 NE 115TH ST,0f67a2ce-e1da-4631-84ea-f6e3fe872a32,62.877601623535163,89.277107238769531,85.149154663085938,-122.3248610000,47.7121874800
TRE-19855,,,,,TRE-19855,Seattle Department of Transportation,Thuja plicata,Western Red Cedar,"15",Private,11039 40TH AV NE,5abb7561-632b-485a-a5d1-f48b53561b7d,60.069507598876953,87.642127990722656,84.647811889648438,-122.2854570000,47.7094332200
TRE-20577,,,,,TRE-20577,Seattle Department of Transportation,Thuja plicata,Western Red Cedar,"35",Private,1612 N 39TH ST,8f08a494-3961-4723-ac10-0da405e7bf33,62.734561920166016,87.441513061523438,84.145065307617188,-122.3380070000,47.6543804900
TRE-84303,,,,,TRE-84303,Seattle Department of Transportation,Thuja plicata,Western Red Cedar,"3",Private,6360 BEACH DR SW,ae91e2af-def3-4e04-a8c0-1672312ba14a,62.801239013671875,88.266166687011719,86.847053527832031,-122.3980950000,47.5450593000
TRE-74377,,,,,TRE-74377,Seattle Department of Transportation,Thuja plicata,Western Red Cedar,"38",Private,3122 14TH AV S,fe70f0de-eba4-4b2a-9a68-d95c821375b1,61.504947662353509,89.496307373046875,86.839286804199219,-122.3144490000,47.5751960600
TRE-25676,,,,,TRE-25676,Seattle Department of Transportation,Thuja plicata,Western Red Cedar,"13",Private,2328 NE 104TH ST,271f7771-0602-4125-b32d-05fe6e669a5e,61.569992065429688,88.821968078613281,84.423393249511719,-122.3026540000,47.7042882800
TRE-71576,,,,,TRE-71576,Seattle Department of Transportation,Thuja plicata,Western Red Cedar,"6",Private,700 LAKESIDE AVE S,16f30ddf-6c60-4ff7-9129-ec608607fbfd,63.474163055419922,89.003684997558594,86.573158264160156,-122.2876530000,47.5963809800
TRE-35199,,,,,TRE-35199,Seattle Department of Transportation,Thuja plicata,Western Red Cedar,"19",Private,6759 21ST AVE NW,a8fc8667-991f-42b4-82c5-cfe200707599,58.859481811523438,83.115135192871094,80.543968200683594,-122.3835180000,47.6794739700
TRE-78615,,,,,TRE-78615,Seattle Department of Transportation,Thuja plicata,Western Red Cedar,"27",Private,3214 19TH AV S,eff46b12-5e5b-4aa4-90a0-979ab723e47f,62.531852722167969,90.227676391601562,87.252426147460938,-122.3072460000,47.5746590000
TRE-31013,,,,,TRE-31013,Seattle Department of Transportation,Thuja plicata,Western Red Cedar,"37",Private,2550 1ST AV W,c32a29ae-b4fe-447a-9b60-76f842b72d14,62.324222564697266,87.767387390136719,84.450958251953125,-122.3581560000,47.6428948600
TRE-31055,,,,,TRE-31055,Seattle Department of Transportation,Thuja plicata,Western Red Cedar,"53",Private,2457 4TH AV W,5303bd0c-fffc-43e0-8f43-ec7cd9397950,62.120319366455078,88.067245483398438,84.672203063964844,-122.3626320000,47.6413870400
TRE-60603,,,,,TRE-60603,Seattle Department of Transportation,Thuja plicata,Western Red Cedar,"25",Private,702 34TH AVE,5d8b03ff-c18d-45de-81e0-8f8bfa3c599b,62.680233001708984,88.227630615234375,85.244255065917969,-122.2893360000,47.6080577900
TRE-22923,,,,,TRE-22923,Seattle Department of Transportation,Thuja plicata,Western Red Cedar,"32",Private,9502 4TH AVE NW,2dfc4744-9fad-440a-b845-7b085c3f07d1,61.159980773925781,90.068458557128906,86.066825866699219,-122.3618490000,47.6979323900
TRE-1040980,,,,,TRE-1040980,Seattle Department of Transportation,Thuja plicata,Western Red Cedar,"18",Seattle Center,500 BROAD ST,6485af24-afd0-4b5c-8cf2-8155ebcf258d,63.439292907714837,90.688148498535156,87.668983459472656,-122.3488790000,47.6205800000
TRE-15567,,,,,TRE-15567,Seattle Department of Transportation,Thuja plicata,Western Red Cedar,"14",Private,502 N 138TH ST,51eaff5b-92e6-4c48-81d7-ee6973925979,62.049625396728509,88.043945312500000,84.762466430664062,-122.3530300000,47.7297345400
TRE-58230,,,,,TRE-58230,Seattle Department of Transportation,Thuja plicata,Western Red Cedar,"24",Private,1821 E HOWELL ST,334b9a4a-91d8-48e1-9b33-76b3b36940ec,62.724296569824219,88.761512756347670,86.123001098632812,-122.3078970000,47.6175353500
TRE-500386,,,,,TRE-500386,Seattle Department of Transportation,Thuja plicata,Western Red Cedar,"7",Seattle Department of Transportation,LDX-282,85a2fc13-ee16-4ca4-ae08-e4cf2a8505e8,63.520332336425781,88.674621582031250,86.871101379394531,-122.3180830000,47.6560960100
TRE-48754,,,,,TRE-48754,Seattle Department of Transportation,Thuja plicata,Western Red Cedar,"45",Private,3711 E MADISON ST,dec081bc-d2e6-43cf-8349-72589db82594,60.514255523681641,89.423873901367188,85.903015136718750,-122.2842100000,47.6307846600
TRE-80575,,,,,TRE-80575,Seattle Department of Transportation,Thuja plicata,Western Red Cedar,"5",Private,5277 44TH AV SW,c3b86eae-74ff-4c3a-8e3a-c606df4ce737,63.020744323730469,88.654708862304688,85.977493286132812,-122.3885450000,47.5543982100
TRE-60604,,,,,TRE-60604,Seattle Department of Transportation,Thuja plicata,Western Red Cedar,"29",Private,702 34TH AVE,d2dab982-60d1-4e21-b432-79a51c096bb1,62.702774047851562,88.213882446289062,85.281562805175781,-122.2893400000,47.6080919400
TRE-15242,,,,,TRE-15242,Seattle Department of Transportation,Thuja plicata,Western Red Cedar,"30",Private,13027 1ST AVE NW,87fef68d-e7b5-4df5-bfa2-e4df30787819,61.787143707275391,87.428825378417969,84.642127990722656,-122.3583320000,47.7239488400
TRE-78600,,,,,TRE-78600,Seattle Department of Transportation,Thuja plicata,Western Red Cedar,"26",Private,3204 16TH AV S,2b2d353c-3100-4e66-af8c-94e308f092e3,61.981586456298835,90.400054931640625,87.400016784667969,-122.3123630000,47.5749137700
TRE-8492,,,,,TRE-8492,Seattle Department of Transportation,Thuja plicata,Western Red Cedar,"11",Private,4756 4TH AVE NE,4f8b9524-b7de-4f0c-b175-0e2f7d0317bc,62.919036865234375,88.385887145996094,85.010162353515625,-122.3239390000,47.6648520200
TRE-9611,,,,,TRE-9611,Seattle Department of Transportation,Thuja plicata,Western Red Cedar,"25",Private,5114 29TH AV NE,223bb0e8-1315-455f-86c4-9d1b61f5775d,61.531280517578125,90.030670166015625,87.804336547851562,-122.2966970000,47.6664570500
TRE-73018,,,,,TRE-73018,Seattle Department of Transportation,Thuja plicata,Western Red Cedar,"22",Private,1703 CALIFORNIA AV SW (ON SW MASS. ST),44ab6517-92bd-4e3a-aa8d-c26f733c9cad,62.509159088134766,89.560676574707017,86.074714660644531,-122.3868660000,47.5880058000
TRE-24639,,,,,TRE-24639,Seattle Department of Transportation,Thuja plicata,Western Red Cedar,"30",Private,1043 NE 103RD ST,9e931b9b-8a5b-4e2a-b511-0b9e8fc97899,61.526031494140625,88.120895385742188,84.513854980468750,-122.3159460000,47.7030532400
TRE-4517,,,,,TRE-4517,Seattle Department of Transportation,Thuja plicata,Western Red Cedar,"41",Private,1600 N 49TH ST,73f12f25-3b45-4199-b49f-2334355906ba,62.557586669921875,87.716041564941406,84.870056152343750,-122.3388310000,47.6643422900
TRE-4168,,,,,TRE-4168,Seattle Department of Transportation,Thuja plicata,Western Red Cedar,"26",Private,5707 KIRKWOOD PL N,b9801d91-7270-4d00-8462-bd8045004a96,63.694728851318359,89.075439453124986,86.374847412109375,-122.3330130000,47.6702979800
TRE-19850,,,,,TRE-19850,Seattle Department of Transportation,Thuja plicata,Western Red Cedar,"15",Private,11039 40TH AV NE,381d987d-b58d-4c12-9df3-433e81fc0107,60.057613372802734,87.788261413574219,84.754745483398438,-122.2854550000,47.7095292100
TRE-71929,,,,,TRE-71929,Seattle Department of Transportation,Thuja plicata,Western Red Cedar,"23",Private,1544 PALM AV SW,a896aa07-9ba4-41f5-87d4-ed6c03bc1163,62.609859466552734,88.941696166992188,85.323631286621094,-122.3834680000,47.5893244700
TRE-15225,,,,,TRE-15225,Seattle Department of Transportation,Thuja plicata,Western Red Cedar,"40",Private,126 NW 131ST ST,302e4f69-a07a-49bc-b8b0-23d1fb84721d,61.427665710449219,86.228408813476562,83.650688171386719,-122.3594880000,47.7242474800
TRE-9242,,,,,TRE-9242,Seattle Department of Transportation,Thuja plicata,Western Red Cedar,"36",Private,5529 27TH AV NE,2497dabf-4165-4667-be3e-5161ef578ca2,60.968517303466797,89.232376098632812,85.783912658691406,-122.2986030000,47.6695449500
TRE-72133,,,,,TRE-72133,Seattle Department of Transportation,Thuja plicata,Western Red Cedar,"20",Private,4203 SW HILL ST,06c7cf62-3c6f-4e01-b684-4239b9799ff1,62.329105377197266,89.012153625488281,85.504562377929673,-122.3850830000,47.5850303400
TRE-190,,,,,TRE-190,Seattle Department of Transportation,Thuja plicata,Western Red Cedar,"34",Private,4619 34TH AV W,752b8ace-f92e-4d34-a619-c1c7dc0e36d7,62.549198150634766,88.364860534667969,84.461128234863281,-122.4018300000,47.6641077600
TRE-8481,,,,,TRE-8481,Seattle Department of Transportation,Thuja plicata,Western Red Cedar,"23",Private,4731 4TH AVE NE,7658f7b3-667a-4c41-8085-e0847ed1912f,62.935581207275391,88.797576904296875,84.886245727539062,-122.3240830000,47.6641041500
TRE-44134,,,,,TRE-44134,Seattle Department of Transportation,Thuja plicata,Western Red Cedar,"33",Private,309 FEDERAL AVE E,a76fb016-e720-4244-937a-bfbc1772ffef,64.123588562011719,89.272521972656250,85.785598754882812,-122.3189740000,47.6213872400
TRE-48883,,,,,TRE-48883,Seattle Department of Transportation,Thuja plicata,Western Red Cedar,"55",Private,1118 37TH AV,3a4a2690-98e2-4e73-8a45-a8999fa182d0,60.337299346923835,89.398422241210938,85.748641967773438,-122.2854160000,47.6293736200
TRE-88728,,,,,TRE-88728,Seattle Department of Transportation,Thuja plicata,Western Red Cedar,"32",Private,8602 RENTON AV S,7f24a46b-6136-4469-a0e4-803e750f1841,61.668247222900391,89.279464721679673,87.928680419921875,-122.2766760000,47.5260657700
TRE-23423,,,,,TRE-23423,Seattle Department of Transportation,Thuja plicata,Western Red Cedar,"40",Private,1102 NW 87TH ST,ca99bac8-7de2-4cd9-ae83-1c434988c636,62.103008270263672,88.323188781738281,85.047660827636719,-122.3705460000,47.6921222100
TRE-25667,,,,,TRE-25667,Seattle Department of Transportation,Thuja plicata,Western Red Cedar,"25",Private,2329 NE 103RD ST,027b57c8-baad-4594-a42b-76d79ce71354,61.517078399658203,88.621765136718750,84.409103393554688,-122.3028480000,47.7029559200
TRE-25272,,,,,TRE-25272,Seattle Department of Transportation,Thuja plicata,Western Red Cedar,"11",Private,9403 27TH AV NE,a2e161d2-dc14-463c-8b43-3356b2ecf4da,61.640922546386719,88.546585083007812,84.156044006347670,-122.2992180000,47.6966878800
TRE-6637,,,,,TRE-6637,Seattle Department of Transportation,Thuja plicata,Western Red Cedar,"28",Private,5230 12TH AV NE,0833fd83-25e3-46f0-9062-09901f5b9add,63.172843933105469,88.738929748535156,86.681999206542983,-122.3151420000,47.6673154000
TRE-32837,,,,,TRE-32837,Seattle Department of Transportation,Thuja plicata,Western Red Cedar,"28",Private,2005 13TH AV W,76b88273-bd46-4a80-978d-f51c96010ecd,62.760650634765625,88.140701293945312,83.854835510253906,-122.3739060000,47.6371512800
TRE-73521,,,,,TRE-73521,Seattle Department of Transportation,Thuja plicata,Western Red Cedar,"1",Private,4509 SW ADMIRAL WY,5beb9513-9648-4d62-bd7f-137eae78f2d2,62.275856018066406,89.011802673339844,86.237213134765625,-122.3901020000,47.5811585200
TRE-18087,,,,,TRE-18087,Seattle Department of Transportation,Thuja plicata,Western Red Cedar,"34",Private,420 NW PUGET DR,ccb104d0-8bbf-4446-b5a3-30471a1b9b0b,60.438312530517578,87.678009033203125,84.503494262695312,-122.3619910000,47.7092106400
TRE-19638,,,,,TRE-19638,Seattle Department of Transportation,Thuja plicata,Western Red Cedar,"25",Private,10512 20TH AV NE,229b5a75-10a7-452b-9d13-ba49ccf51a24,62.058933258056641,88.806327819824219,84.840385437011719,-122.3061410000,47.7052221600
TRE-73620,,,,,TRE-73620,Seattle Department of Transportation,Thuja plicata,Western Red Cedar,"40",Private,2731 47TH AV SW,a53b0162-1dc2-4658-9e86-a08642fe1c5a,62.404785156250000,89.059066772460938,85.944923400878906,-122.3920800000,47.5783317900
TRE-8420,,,,,TRE-8420,Seattle Department of Transportation,Thuja plicata,Western Red Cedar,"18",Private,4757 THACKERAY PL NE,7a648386-7af5-4606-a721-757a6f6fcafa,62.378101348876953,87.600410461425781,83.253417968750000,-122.3262600000,47.6648834100
TRE-73262,,,,,TRE-73262,Seattle Department of Transportation,Thuja plicata,Western Red Cedar,"10",Private,2133 44TH AV SW,0a38a5be-9625-4ff5-a308-123129c32c35,62.016551971435547,89.438827514648438,86.276153564453125,-122.3881610000,47.5844179500
TRE-71926,,,,,TRE-71926,Seattle Department of Transportation,Thuja plicata,Western Red Cedar,"10",Private,1544 PALM AV SW,b5dc7525-3958-4ff8-8f72-f3afefd7a9b4,62.676181793212891,88.941436767578125,85.338760375976562,-122.3835140000,47.5893841600
TRE-15240,,,,,TRE-15240,Seattle Department of Transportation,Thuja plicata,Western Red Cedar,"48",Private,13031 1ST AVE NW,9db3979e-64a8-4800-9711-5a248e6d7ce4,61.786502838134766,87.604522705078125,84.569396972656250,-122.3583630000,47.7241182200
TRE-17024,,,,,TRE-17024,Seattle Department of Transportation,Thuja plicata,Western Red Cedar,"26",Private,1203 NE 135TH ST,434e287d-5f04-4c50-a7cd-497262c28a52,60.139179229736328,88.040016174316406,84.995948791503906,-122.3152500000,47.7266177500
TRE-15244,,,,,TRE-15244,Seattle Department of Transportation,Thuja plicata,Western Red Cedar,"48",Private,13014 7TH AV NW,68b56a5c-af0d-4ac4-a6af-287797354b92,61.306743621826165,89.102470397949219,85.421272277832031,-122.3649380000,47.7238334400
TRE-36456,,,,,TRE-36456,Seattle Department of Transportation,Thuja plicata,Western Red Cedar,"30",Private,6548 26TH AV NW,e61cd16a-c2cf-4cb3-821f-6b5240e213c6,62.064693450927734,87.048019409179673,84.287261962890625,-122.3896570000,47.6773141400
TRE-48780,,,,,TRE-48780,Seattle Department of Transportation,Thuja plicata,Western Red Cedar,"55",Private,1228 38TH AV E,caf16315-5e48-4b69-bee7-b91112f27ddf,60.793491363525391,89.314613342285156,85.980911254882812,-122.2840050000,47.6306885700
TRE-34075,,,,,TRE-34075,Seattle Department of Transportation,Thuja plicata,Western Red Cedar,"27",Private,1823 NOB HILL AV N,8e457a32-f19f-4442-b84e-ace9195c706c,62.660629272460938,88.754135131835938,85.328231811523438,-122.3510720000,47.6356649800
TRE-88732,,,,,TRE-88732,Seattle Department of Transportation,Thuja plicata,Western Red Cedar,"36",Private,8602 RENTON AV S,a8f254d1-3f5b-4b8b-a922-d055c6a8bfa9,61.900207519531250,89.639457702636719,87.723762512207017,-122.2763760000,47.5260668400
TRE-18689,,,,,TRE-18689,Seattle Department of Transportation,Thuja plicata,Western Red Cedar,"39",Private,11352 14TH AV NE,26cbca9b-5e67-46c3-a70d-c02344f65585,62.232902526855469,88.788314819335938,84.705886840820327,-122.3137320000,47.7118554200
TRE-34540,,,,,TRE-34540,Seattle Department of Transportation,Thuja plicata,Western Red Cedar,"17",Private,8061 16TH AVE NW,bbf2d920-534b-4945-bfbd-32a142699ff8,62.801109313964837,88.886688232421875,85.384704589843750,-122.3781850000,47.6886938400
TRE-57396,,,,,TRE-57396,Seattle Department of Transportation,Thuja plicata,Western Red Cedar,"47",Private,772 31ST AVE,1e7383b0-1d11-4b26-a15b-08854fc8a9fa,62.373012542724609,86.563217163085938,83.476089477539062,-122.2925470000,47.6091453100
TRE-45712,,,,,TRE-45712,Seattle Department of Transportation,Thuja plicata,Western Red Cedar,"40",Private,621 26TH AVE E,82a197ef-b6d6-47d8-8d8d-e419496fe08a,62.315109252929688,88.202049255371094,83.698936462402330,-122.2991440000,47.6251349700
TRE-21581,,,,,TRE-21581,Seattle Department of Transportation,Thuja plicata,Western Red Cedar,"16",Private,4111 EVANSTON AV N,3626442c-cc4b-4cfc-971f-81caf29c80df,61.073413848876953,87.793876647949219,84.443817138671875,-122.3511930000,47.6570352700
TRE-57358,,,,,TRE-57358,Seattle Department of Transportation,Thuja plicata,Western Red Cedar,"32",Private,718 27TH AVE,71d41700-481e-4911-90e0-590a2c70b1b6,61.373252868652344,87.646362304687500,84.847312927246094,-122.2974940000,47.6086160100
TRE-6966,,,,,TRE-6966,Seattle Department of Transportation,Thuja plicata,Western Red Cedar,"55",Private,4540 8TH AVE NE,04a35cf1-1d27-4fee-b303-9e9810900b7d,63.519405364990234,88.555480957031250,85.959960937500000,-122.3194830000,47.6627523900
TRE-5711,,,,,TRE-5711,Seattle Department of Transportation,Thuja plicata,Western Red Cedar,"33",Private,609 N 48TH ST,144a8a23-3868-4ae3-9da5-f6db8a7ad1c9,62.544799804687507,89.098861694335938,86.546730041503906,-122.3510870000,47.6635462400
TRE-85723,,,,,TRE-85723,Seattle Department of Transportation,Thuja plicata,Western Red Cedar,"18",Private,7301 45TH AV S,f085e7ae-0a0a-4039-9166-d589f4f9fdfc,63.753318786621094,90.473754882812500,87.191413879394531,-122.2768170000,47.5368755800
TRE-84301,,,,,TRE-84301,Seattle Department of Transportation,Thuja plicata,Western Red Cedar,"1",Private,6360 BEACH DR SW,a994175e-d69e-4db7-a6db-b67932d44fe8,62.801239013671875,88.266166687011719,86.847053527832031,-122.3980910000,47.5450511400
TRE-6477,,,,,TRE-6477,Seattle Department of Transportation,Thuja plicata,Western Red Cedar,"30",Private,5600 NE 56TH ST,91db81cb-0c8a-4786-8b50-3a9edeec6454,62.572940826416016,88.898521423339844,85.902832031250000,-122.3127240000,47.6694992900
TRE-73555,,,,,TRE-73555,Seattle Department of Transportation,Thuja plicata,Western Red Cedar,"16",Private,2619 46TH AV SW,5ff933db-5deb-4134-87e8-fdb7fd9aecb8,62.451698303222656,89.376655578613281,86.772323608398438,-122.3893680000,47.5806037000
TRE-20132,,,,,TRE-20132,Seattle Department of Transportation,Thuja plicata,Western Red Cedar,"21",Private,4260 WOODLAND PARK AVE N,7c3f11e7-b9f6-4a35-8d5b-2b5e03159be6,62.408004760742188,88.618911743164062,86.056800842285156,-122.3443870000,47.6591548600
TRE-24662,,,,,TRE-24662,Seattle Department of Transportation,Thuja plicata,Western Red Cedar,"27",Private,844 NE 100TH ST,feea3edb-a410-48dc-a60c-b7c36d6782d4,62.171508789062493,88.268775939941406,84.405471801757812,-122.3185460000,47.7013376000
TRE-72360,,,,,TRE-72360,Seattle Department of Transportation,Thuja plicata,Western Red Cedar,"24",Private,2718 WALNUT AV SW,0ca67d08-8e05-4ca4-b2b9-990628f0c688,61.769840240478509,88.869918823242188,85.656394958496094,-122.3831770000,47.5786070300
TRE-48775,,,,,TRE-48775,Seattle Department of Transportation,Thuja plicata,Western Red Cedar,"41",Private,3711 E LEE ST,b0ed0fa4-5d90-44d4-bf35-47109aa2df74,60.501678466796875,89.375854492187500,85.818298339843750,-122.2844570000,47.6309022700
TRE-48771,,,,,TRE-48771,Seattle Department of Transportation,Thuja plicata,Western Red Cedar,"31",Private,3711 E LEE ST,e4c217e8-1b4e-4510-8ac8-c9c5805c2759,60.518840789794922,89.419792175292983,85.885757446289062,-122.2842630000,47.6308977200
TRE-17255,,,,,TRE-17255,Seattle Department of Transportation,Thuja plicata,Western Red Cedar,"23",Private,13071 8TH CT NE,35d1ce32-0303-49cc-91d9-e9fefb6d8dac,59.639366149902344,89.164367675781250,84.679733276367188,-122.3216930000,47.7245023000
TRE-57113,,,,,TRE-57113,Seattle Department of Transportation,Thuja plicata,Western Red Cedar,"34",Private,932 27TH AVE,e658a177-250d-492f-a2dd-e54cc76adebc,61.646240234375000,87.583267211914062,84.592445373535156,-122.2974800000,47.6110808600
TRE-25238,,,,,TRE-25238,Seattle Department of Transportation,Thuja plicata,Western Red Cedar,"14",Private,2726 NE 103RD ST,db81781f-2cec-4d42-9db9-df13d1fc8622,60.063549041748047,89.256118774414062,84.678085327148438,-122.2972270000,47.7031461400
TRE-500792,,,,,TRE-500792,Seattle Department of Transportation,Thuja plicata,Western Red Cedar,"3",Seattle Department of Transportation,3501 EAST MARGINAL WAY S,f5ea6daf-5d5b-4804-9a57-e37df951b32e,64.156356811523438,86.447578430175781,88.874221801757812,-122.3408350000,47.5717473600
TRE-71572,,,,,TRE-71572,Seattle Department of Transportation,Thuja plicata,Western Red Cedar,"28",Private,700 LAKESIDE AVE S,fb754afd-e8da-48bc-9354-0946ad8842fc,63.482448577880859,88.993080139160156,86.584060668945312,-122.2876890000,47.5963613300
TRE-72219,,,,,TRE-72219,Seattle Department of Transportation,Thuja plicata,Western Red Cedar,"28",Private,2350 42ND AV SW,79968050-652c-41b0-a914-f3bda2d5e9bf,62.517528533935547,89.302947998046875,86.414787292480469,-122.3850860000,47.5817398400
TRE-44816,,,,,TRE-44816,Seattle Department of Transportation,Thuja plicata,Western Red Cedar,"34",Private,764 BELMONT PL E,200ea882-be36-4bc6-ae6b-40c2f9a64a35,62.835800170898438,88.871398925781250,85.182434082031250,-122.3242170000,47.6268572200
TRE-82716,,,,,TRE-82716,Seattle Department of Transportation,Thuja plicata,Western Red Cedar,"35",Private,4932 43RD AV S,824e271c-69e4-4236-bbcd-7c438076bd28,62.315204620361328,89.844055175781250,86.954780578613281,-122.2792620000,47.5570915400
TRE-16524,,,,,TRE-16524,Seattle Department of Transportation,Thuja plicata,Western Red Cedar,"17",Private,3037 3RD AV W,7086e62b-577f-4f05-b73d-575f5792c3ba,62.592235565185547,88.605819702148438,84.868293762207017,-122.3610180000,47.6477702100
TRE-72080,,,,,TRE-72080,Seattle Department of Transportation,Thuja plicata,Western Red Cedar,"23",Private,1736 PALM AV SW,1dd33c94-71fa-43d7-a5c4-a3c6d9cb5ad9,62.395915985107422,89.095397949218750,85.642471313476562,-122.3856490000,47.5870215700
TRE-4560,,,,,TRE-4560,Seattle Department of Transportation,Thuja plicata,Western Red Cedar,"49",Private,1426 N 48TH ST,bcc9f028-679b-4ac8-8978-397eb86ea579,62.625835418701165,88.178833007812500,84.884918212890625,-122.3392400000,47.6638734900
TRE-500081,,,,,TRE-500081,Seattle Department of Transportation,Thuja plicata,Western Red Cedar,"17",Seattle Department of Transportation,11002 24TH AVE NE,ca82d06a-527d-4362-9880-4382dd5ef5e4,60.806148529052734,87.809020996093750,83.934043884277344,-122.3032610000,47.7092645700
TRE-45715,,,,,TRE-45715,Seattle Department of Transportation,Thuja plicata,Western Red Cedar,"23",Private,602 26TH AVE E,5301b46c-8f19-4064-afec-f1d38ec186dd,62.629131317138672,87.960700988769531,83.656265258789062,-122.2987060000,47.6245474100
TRE-13202,,,,,TRE-13202,Seattle Department of Transportation,Thuja plicata,Western Red Cedar,"9",Seattle Department of Transportation,6200 SAND POINT WY NE,38e6787f-4bfd-4179-a6c8-7c3e05858ab3,61.830108642578125,90.006004333496094,87.043655395507812,-122.2654440000,47.6740491600
TRE-1040972,,,,,TRE-1040972,Seattle Department of Transportation,Thuja plicata,Western Red Cedar,"14",Seattle Center,500 BROAD ST,02f3e67e-6a42-485e-96d2-672a6fc675c3,63.434886932373047,90.665611267089844,87.669395446777344,-122.3486140000,47.6204276700
TRE-42182,,,,,TRE-42182,Seattle Department of Transportation,Thuja plicata,Western Red Cedar,"39",Private,1227 2ND AV N,bbeccd1d-4dfa-4732-9e48-f63a2dc85bd3,63.344955444335938,89.049041748046875,85.265678405761719,-122.3527000000,47.6306447300
TRE-48567,,,,,TRE-48567,Seattle Department of Transportation,Thuja plicata,Western Red Cedar,"22",Seattle Department of Transportation,16TH AVE E AND E HARRISON ST,1f235fae-3674-41ff-90a1-abe164cfecef,63.305202484130859,88.931709289550781,85.850028991699219,-122.3113460000,47.6220954200
TRE-6524,,,,,TRE-6524,Seattle Department of Transportation,Thuja plicata,Western Red Cedar,"24",Private,5525 11TH AV NE,fe8a96d3-7945-4e07-8b87-3f73e4877ce2,62.782962799072266,88.182777404785156,86.642410278320327,-122.3165410000,47.6693756300
TRE-15241,,,,,TRE-15241,Seattle Department of Transportation,Thuja plicata,Western Red Cedar,"32",Private,13031 1ST AVE NW,d5b324fc-e1f1-49f4-b71e-1d5fb1c9af38,61.779300689697266,87.566017150878906,84.633026123046875,-122.3583610000,47.7240693800
TRE-48548,,,,,TRE-48548,Seattle Department of Transportation,Thuja plicata,Western Red Cedar,"22",Seattle Department of Transportation,E MERCER ST AND 16TH AVE E,7e393563-85ea-49e1-90de-d2d15fbf1535,62.485507965087891,88.580848693847670,85.693199157714844,-122.3113370000,47.6244328000
TRE-32878,,,,,TRE-32878,Seattle Department of Transportation,Thuja plicata,Western Red Cedar,"36",Private,1965 12TH AV W,5550a435-d82f-406f-8873-4fbcf627d4e1,62.449131011962891,88.011070251464844,84.477310180664062,-122.3728040000,47.6379353000
TRE-8363,,,,,TRE-8363,Seattle Department of Transportation,Thuja plicata,Western Red Cedar,"27",Private,4612 EASTERN AVE N,15e9afda-2fd1-4219-a0f1-5783b5080c5c,62.188484191894531,87.322906494140625,82.789184570312500,-122.3288960000,47.6629760300
TRE-17709,,,,,TRE-17709,Seattle Department of Transportation,Thuja plicata,Western Red Cedar,"37",Private,14040 19TH AV NE,65f81b3a-6c31-4b10-a62f-9fbfb9e3863e,59.133373260498047,87.260177612304688,84.356216430664062,-122.3086310000,47.7315047800
TRE-60483,,,,,TRE-60483,Seattle Department of Transportation,Thuja plicata,Western Red Cedar,"38",Private,1629 MADRONA DR,146bf1f4-1580-4723-b7e5-87bf1c531923,62.592357635498047,88.861640930175781,86.567962646484375,-122.2847130000,47.6161114100
TRE-45670,,,,,TRE-45670,Seattle Department of Transportation,Thuja plicata,Western Red Cedar,"31",Private,2518 E ROY ST,7a466387-5f62-4d6e-b3d5-2d7d91099db2,62.148651123046875,88.149917602539062,83.744285583496094,-122.2989230000,47.6252258100
TRE-68815,,,,,TRE-68815,Seattle Department of Transportation,Thuja plicata,Western Red Cedar,"34",Private,312 28TH AVE S,0f7f8ee8-5b76-4743-8cea-4f0fb4bb8f43,61.768184661865234,88.343742370605469,85.471359252929673,-122.2961630000,47.5999359700
TRE-4337,,,,,TRE-4337,Seattle Department of Transportation,Thuja plicata,Western Red Cedar,"37",Private,5319 WALLINGFORD AVE N,9115ef27-b668-4e9f-9f2c-c251eb144810,62.224292755126953,86.939559936523438,85.124038696289062,-122.3364680000,47.6677979500
TRE-7784,,,,,TRE-7784,Seattle Department of Transportation,Thuja plicata,Western Red Cedar,"27",Private,2333 N 57TH ST,a4bf9aca-ba60-40fc-a10c-3afbc335f475,62.194248199462891,85.884292602539062,83.890403747558594,-122.3294010000,47.6700690300
TRE-57359,,,,,TRE-57359,Seattle Department of Transportation,Thuja plicata,Western Red Cedar,"37",Private,718 27TH AVE,6de86f48-6753-4aa8-a367-a5f7ce52e101,61.375640869140625,87.682266235351562,84.797393798828125,-122.2974850000,47.6087007500
TRE-77428,,,,,TRE-77428,Seattle Department of Transportation,Thuja plicata,Western Red Cedar,"17",Private,3835 19TH AV SW,1cc57df2-7ece-4416-a6d4-be6d054d9721,62.539047241210938,88.968917846679673,84.259315490722656,-122.3580820000,47.5690996500
TRE-6452,,,,,TRE-6452,Seattle Department of Transportation,Thuja plicata,Western Red Cedar,"33",Private,5603 12TH AV NE,a882b533-0a21-40d2-8811-53a612b57ab7,62.537311553955078,88.403495788574219,85.187667846679673,-122.3152760000,47.6695922500
TRE-96269,,,,,TRE-96269,Seattle Department of Transportation,Thuja plicata,Western Red Cedar,"2",Private,2302 NE 89 ST,12c8758c-c3e4-4ad2-8bdb-6283d2f95aff,61.209499359130859,88.783447265624986,83.696739196777344,-122.3040440000,47.6938617800
TRE-7265,,,,,TRE-7265,Seattle Department of Transportation,Thuja plicata,Western Red Cedar,"60",Private,6334 5TH AVE NE,2786e056-ec0b-4644-aebf-0eb386b4d993,62.762737274169922,88.093070983886719,84.736511230468750,-122.3233460000,47.6753713200
TRE-60482,,,,,TRE-60482,Seattle Department of Transportation,Thuja plicata,Western Red Cedar,"23",Private,1629 MADRONA DR,503280bc-b36e-4a17-8e75-6c00e86550b1,62.592357635498047,88.861640930175781,86.567962646484375,-122.2847120000,47.6160785200
TRE-5921,,,,,TRE-5921,Seattle Department of Transportation,Thuja plicata,Western Red Cedar,"45",Private,1009 N 46TH ST,d81e795f-25a4-4600-bcd6-db2385d78793,62.772884368896491,90.022705078124986,87.003967285156250,-122.3455840000,47.6620701900
TRE-20676,,,,,TRE-20676,Seattle Department of Transportation,Thuja plicata,Western Red Cedar,"21",Private,3842 STONE WAY N,a1d9514c-fee1-4189-a370-5219652ac00a,62.037540435791016,88.380432128906250,85.978820800781250,-122.3421380000,47.6540817900
TRE-74376,,,,,TRE-74376,Seattle Department of Transportation,Thuja plicata,Western Red Cedar,"41",Private,3122 14TH AV S,e6086a71-8765-48bf-8cb0-9040bdfb4ee6,61.459190368652344,89.442268371582031,86.937652587890625,-122.3142710000,47.5751956400
TRE-25270,,,,,TRE-25270,Seattle Department of Transportation,Thuja plicata,Western Red Cedar,"14",Private,9403 27TH AV NE,db73f968-afbe-43f7-abf4-92c5585f3998,61.640922546386719,88.546585083007812,84.156044006347670,-122.2991650000,47.6966858200
TRE-76686,,,,,TRE-76686,Seattle Department of Transportation,Thuja plicata,Western Red Cedar,"19",Private,5069 SW HANFORD ST,0d3663b1-fe4b-461d-9d74-cdad39276f9a,60.968826293945312,89.125404357910156,85.594345092773438,-122.3970710000,47.5756967100
TRE-84306,,,,,TRE-84306,Seattle Department of Transportation,Thuja plicata,Western Red Cedar,"4",Private,6360 BEACH DR SW,52659fc0-d228-42cc-8091-30db7fbdec90,62.801239013671875,88.266166687011719,86.847053527832031,-122.3981040000,47.5450811200
TRE-20135,,,,,TRE-20135,Seattle Department of Transportation,Thuja plicata,Western Red Cedar,"21",Private,4260 WOODLAND PARK AVE N,e7f2b63d-16ea-43b5-b264-1f2667a30deb,62.347938537597656,88.600753784179673,86.007064819335938,-122.3442090000,47.6591544800
TRE-19403,,,,,TRE-19403,Seattle Department of Transportation,Thuja plicata,Western Red Cedar,"16",Private,2527 NE 106TH PL,65b925e8-d7e7-43fc-b532-045652241e48,60.463722229003906,89.078933715820327,84.059608459472656,-122.3002920000,47.7056840500
TRE-10862,,,,,TRE-10862,Seattle Department of Transportation,Thuja plicata,Western Red Cedar,"37",Private,5035 19TH AV NE,66fcadcd-bde4-4071-8de3-453c6c6cdd6d,62.909179687500000,89.716949462890625,86.063011169433594,-122.3072520000,47.6659151500
TRE-46279,,,,,TRE-46279,Seattle Department of Transportation,Thuja plicata,Western Red Cedar,"53",Private,1812 30TH AVE,10f8618d-d1f4-4805-89dd-330e65afdd48,62.334632873535163,88.758712768554688,85.055786132812500,-122.2934590000,47.6180889300
TRE-48774,,,,,TRE-48774,Seattle Department of Transportation,Thuja plicata,Western Red Cedar,"43",Private,3711 E LEE ST,35e85b59-f868-4a90-b697-b4d3f9d05db5,60.417015075683594,89.420783996582031,85.763381958007812,-122.2845930000,47.6309019700
TRE-20885,,,,,TRE-20885,Seattle Department of Transportation,Thuja plicata,Western Red Cedar,"30",Private,3667 ASHWORTH AVE N,87b2b059-97ae-4d75-872f-2bbf88cff2c4,62.385890960693359,88.809074401855469,85.690948486328125,-122.3402820000,47.6524913200
TRE-61288,,,,,TRE-61288,Seattle Department of Transportation,Thuja plicata,Western Red Cedar,"28",Private,914 N 81ST ST,32b4ea9a-ab07-4df1-b95b-94b14489689b,62.213214874267578,87.454307556152330,84.223953247070327,-122.3463590000,47.6877169200
TRE-72143,,,,,TRE-72143,Seattle Department of Transportation,Thuja plicata,Western Red Cedar,"31",Private,2106 42ND AV SW,3be719dc-f330-43de-b7ac-2c0e6d8b0d90,62.276992797851562,88.862937927246094,85.301429748535156,-122.3849440000,47.5851419100
TRE-15557,,,,,TRE-15557,Seattle Department of Transportation,Thuja plicata,Western Red Cedar,"36",Private,14344 DAYTON AV N,7f12b153-528a-4840-91a4-a8a522c14602,62.604843139648438,87.577812194824219,84.682090759277344,-122.3529170000,47.7337195800
TRE-72598,,,,,TRE-72598,Seattle Department of Transportation,Thuja plicata,Western Red Cedar,"28",Private,3028 WALNUT AV SW,c234d67f-5eeb-464f-8ed2-8655f3ee5964,62.419872283935547,89.486915588378906,86.424125671386719,-122.3833950000,47.5759689600
TRE-20985,,,,,TRE-20985,Seattle Department of Transportation,Thuja plicata,Western Red Cedar,"25",Private,3612 BURKE AVE N,30acca84-5f11-4537-aff6-259041888453,62.741947174072266,89.376220703124986,85.339408874511719,-122.3350500000,47.6509316800
TRE-23624,,,,,TRE-23624,Seattle Department of Transportation,Thuja plicata,Western Red Cedar,"22",Private,9756 WALLINGFORD AV N,9337e3a5-a820-488d-aa0d-0c0760bfe32e,62.196075439453125,87.766120910644531,84.162406921386719,-122.3374020000,47.7013700300
TRE-23625,,,,,TRE-23625,Seattle Department of Transportation,Thuja plicata,Western Red Cedar,"16",Private,1719 N 100TH ST,a4ea0b9c-98e0-477a-80c0-f494ae078228,61.896007537841797,87.690574645996094,84.073600769042983,-122.3367120000,47.7013626900
TRE-8353,,,,,TRE-8353,Seattle Department of Transportation,Thuja plicata,Western Red Cedar,"24",Private,2410 N 46TH ST,475ea477-6dd0-4075-8dc0-e16604243114,62.076152801513672,87.384513854980469,83.367431640624986,-122.3291630000,47.6626654200
TRE-88730,,,,,TRE-88730,Seattle Department of Transportation,Thuja plicata,Western Red Cedar,"35",Private,8602 RENTON AV S,2172c644-3319-4ad2-9b3e-09007aa74e15,61.733005523681641,89.420776367187500,87.837333679199219,-122.2765500000,47.5260673700
TRE-8493,,,,,TRE-8493,Seattle Department of Transportation,Thuja plicata,Western Red Cedar,"10",Private,4756 4TH AVE NE,1d20998b-9700-44b6-a16a-33944648fac9,62.919036865234375,88.385887145996094,85.010162353515625,-122.3239170000,47.6648756900
TRE-6003,,,,,TRE-6003,Seattle Department of Transportation,Thuja plicata,Western Red Cedar,"34",Private,6403 9TH AV NE,bd66984e-f52c-4ebf-b324-2eb3c2a88b57,63.125274658203125,88.069732666015625,85.938941955566406,-122.3187950000,47.6750934800
TRE-7746,,,,,TRE-7746,Seattle Department of Transportation,Thuja plicata,Western Red Cedar,"36",Private,5639 KIRKWOOD PL N,d5dc9aaa-82b5-428d-b05b-de6351606bbe,63.537769317626953,88.779006958007812,86.370712280273438,-122.3327800000,47.6700789200
TRE-1060368,,,,,TRE-1060368,Seattle Department of Transportation,Thuja plicata,Western Red Cedar,"3",Private,747 16TH AVE E,ef9ed23e-1508-4269-891e-f66c3d641356,63.110179901123047,88.541168212890625,83.686058044433594,-122.3116100000,47.6268380300
TRE-1060311,,,,,TRE-1060311,Seattle Department of Transportation,Thuja plicata,Western Red Cedar,"4",Private,7997 20TH AVE SW,e69b04d2-0e74-4b64-bf1c-eaa771d0fa1c,62.039787292480469,89.839607238769531,86.142471313476562,-122.3591670000,47.5310424700
TRE-69943,,,,,TRE-69943,Seattle Department of Transportation,Thuja plicata,Western Red Cedar,"38",Private,121 29TH AVE,27e3d1ba-5bde-480b-b2a8-c5519d0750e7,61.526958465576165,87.729324340820327,84.914268493652330,-122.2950210000,47.6023655400
TRE-1059951,,,,,TRE-1059951,Seattle Department of Transportation,Thuja plicata,Western Red Cedar,"15",Seattle Department of Transportation,1003 N MOTOR PL (TC),4ba8862d-7be5-4833-9d96-f3841e8dd9ac,62.495624542236328,88.643173217773438,86.140762329101562,-122.3456490000,47.6586832100
TRE-1058076,,,,,TRE-1058076,Seattle Department of Transportation,Thuja plicata,Western Red Cedar,"5",Private,1228 S DIRECTOR ST,d28eaa3f-c0a4-46c0-8951-d81e96caaadc,63.728683471679688,89.781257629394531,87.849082946777344,-122.3164610000,47.5222109900
TRE-1058063,,,,,TRE-1058063,Seattle Department of Transportation,Thuja plicata,Western Red Cedar,"7",Private,1212 S DIRECTOR ST,6329de54-50c0-4d73-9e56-83f7e412ea11,63.199905395507812,90.048240661621094,88.340324401855469,-122.3169350000,47.5222123200
TRE-1058068,,,,,TRE-1058068,Seattle Department of Transportation,Thuja plicata,Western Red Cedar,"9",Private,834 S TRENTON AVE,5cc115b2-09c3-43db-a9d2-0db017e20b43,62.417491912841797,89.972328186035156,87.316360473632812,-122.3215550000,47.5248394700
TRE-1058072,,,,,TRE-1058072,Seattle Department of Transportation,Thuja plicata,Western Red Cedar,"7",Private,1224 S DIRECTOR ST,47e8fc8f-6b81-40c3-b4f1-7b10bf46ae8d,63.428714752197266,89.976608276367188,88.060951232910156,-122.3166850000,47.5222105600
TRE-1064904,,,,,TRE-1064904,Seattle Department of Transportation,Thuja plicata,Western Red Cedar,"3",Seattle Department of Transportation,1505 SW KENYON ST,d7fe1d69-b26f-4d9b-952e-36b4403357f1,62.660232543945312,89.573669433593750,85.687545776367188,-122.3543610000,47.5318347100
TRE-1064924,,,,,TRE-1064924,Seattle Department of Transportation,Thuja plicata,Western Red Cedar,"5",Seattle Department of Transportation,7905 17TH AVE SW,f4b804d9-0b49-4cb6-8593-590b349608de,62.595325469970703,89.455390930175781,85.640785217285156,-122.3568930000,47.5318303900
TRE-1064758,,,,,TRE-1064758,Seattle Department of Transportation,Thuja plicata,Western Red Cedar,"20",Private,8603 22ND AVE SW,d5525197-c7f9-4ab0-aa3a-b98f780df289,62.160793304443359,88.682128906250000,86.207336425781250,-122.3619420000,47.5263830600
TRE-1064766,,,,,TRE-1064766,Seattle Department of Transportation,Thuja plicata,Western Red Cedar,"20",Private,8603 22ND AVE SW,0a9f1893-1eb6-40d1-96a1-e6012a9c3d6b,62.198402404785163,89.085060119628906,86.429603576660156,-122.3622050000,47.5264337900
TRE-86946,,,,,TRE-86946,Seattle Department of Transportation,Thuja plicata,Western Red Cedar,"20",Private,8608 22ND AVE SW,c2c8f2a9-1f23-46fc-ba3e-5340dc9f233b,62.126647949218750,88.236618041992188,85.822624206542983,-122.3616520000,47.5264439900
TRE-86947,,,,,TRE-86947,Seattle Department of Transportation,Thuja plicata,Western Red Cedar,"26",Private,8608 22ND AVE SW,0b2164a6-10b6-4c82-a937-cee761d1091a,62.161788940429688,88.744445800781250,86.158599853515625,-122.3617510000,47.5262460800
TRE-1064848,,,,,TRE-1064848,Seattle Department of Transportation,Thuja plicata,Western Red Cedar,"1",Private,8400 14TH AVE SW,62fe5d27-2241-406b-87c9-19e3c9d444de,62.527347564697266,88.081260681152330,86.423553466796875,-122.3530530000,47.5283200800
TRE-1064850,,,,,TRE-1064850,Seattle Department of Transportation,Thuja plicata,Western Red Cedar,"17",Private,8450 24TH AVE SW,fe0427e1-befb-4e0d-af7f-ce79c0a424dc,62.305088043212891,89.340095520019531,86.633377075195312,-122.3630910000,47.5267137800
TRE-1064664,,,,,TRE-1064664,Seattle Department of Transportation,Thuja plicata,Western Red Cedar,"14",Private,8450 24TH AVE SW,bee7941f-c786-42c9-8d3a-45617d71feb6,62.378055572509766,89.268646240234375,86.499732971191406,-122.3631230000,47.5268568700
TRE-1064669,,,,,TRE-1064669,Seattle Department of Transportation,Thuja plicata,Western Red Cedar,"12",Private,8450 24TH AVE SW,2bde27c5-c03b-484e-8d7b-c93e426613c4,62.378055572509766,89.268646240234375,86.499732971191406,-122.3630940000,47.5268583400
TRE-1064715,,,,,TRE-1064715,Seattle Department of Transportation,Thuja plicata,Western Red Cedar,"10",Private,8450 24TH AVE SW,8921af5c-627f-4631-9592-109cc10fa96e,62.335952758789062,89.391098022460938,86.638145446777344,-122.3630830000,47.5267567300
TRE-1064738,,,,,TRE-1064738,Seattle Department of Transportation,Thuja plicata,Western Red Cedar,"22",Private,8615 22ND AVE SW,11e0b39a-eb6d-4674-a383-42b26e0a9dbb,62.158111572265625,89.176750183105469,86.470252990722656,-122.3619430000,47.5259897000
TRE-1064539,,,,,TRE-1064539,Seattle Department of Transportation,Thuja plicata,Western Red Cedar,"20",Private,9425 18TH AVE SW,fcd356ab-6eff-4ebb-bc01-7d42ad019a47,63.099830627441406,91.180000305175781,87.209861755371094,-122.3579800000,47.5183804100
TRE-1064568,,,,,TRE-1064568,Seattle Department of Transportation,Thuja plicata,Western Red Cedar,"34",Private,9431 18TH AVE SW,14478642-5b06-4aa3-b267-32d0817da99b,63.134162902832031,91.248443603515625,87.151115417480469,-122.3579790000,47.5182392500
TRE-1064426,,,,,TRE-1064426,Seattle Department of Transportation,Thuja plicata,Western Red Cedar,"26",Private,9423 38TH AVE S,beebc42e-642c-416a-af0c-496bfcc557a4,61.894107818603509,90.444778442382812,86.131019592285156,-122.2849740000,47.5175891600
TRE-1064427,,,,,TRE-1064427,Seattle Department of Transportation,Thuja plicata,Western Red Cedar,"40",Private,9423 38TH AVE S,9ef00f60-f52d-48fc-bcae-ae413e366ba4,61.797828674316406,90.318557739257812,86.120986938476562,-122.2849780000,47.5175299100
TRE-1064370,,,,,TRE-1064370,Seattle Department of Transportation,Thuja plicata,Western Red Cedar,"24",Private,9423 38TH AVE S,209646f7-8568-4408-b7ac-b900c1efaa5a,61.797828674316406,90.318557739257812,86.120986938476562,-122.2849740000,47.5175078200
TRE-1064972,,,,,TRE-1064972,Seattle Department of Transportation,Thuja plicata,Western Red Cedar,"4",Private,9017 17TH AVE SW,b5357864-91ff-4f94-8cc6-7c3e76b9d487,63.561447143554688,90.005424499511719,86.671165466308594,-122.3565440000,47.5221904900
TRE-1063845,,,,,TRE-1063845,Seattle Department of Transportation,Thuja plicata,Western Red Cedar,"8",Private,8141 24TH AVE SW,7c73ae50-a111-4a51-9ae1-df3fcb96bd2d,62.256492614746094,89.693626403808594,87.436408996582031,-122.3632860000,47.5288949000
TRE-1064246,,,,,TRE-1064246,Seattle Department of Transportation,Thuja plicata,Western Red Cedar,"21",Private,9021 36TH AVE S,d2bfb1c4-b151-4a75-b90d-c76ae9f5a435,61.835952758789062,89.524642944335938,86.218414306640625,-122.2872230000,47.5224967800
TRE-1064097,,,,,TRE-1064097,Seattle Department of Transportation,Thuja plicata,Western Red Cedar,"2",Private,7723 26TH PL SW,2e985373-f699-4ab9-a46d-2b7e9095c0db,62.577781677246094,88.839935302734375,85.991020202636719,-122.3673660000,47.5329457200
TRE-1064106,,,,,TRE-1064106,Seattle Department of Transportation,Thuja plicata,Western Red Cedar,"10",Private,8011 29TH AVE NW,b089f706-8523-4b82-86c7-d1686895c1d3,62.312690734863281,87.964141845703125,85.540786743164062,-122.3944750000,47.6871591200
TRE-1064129,,,,,TRE-1064129,Seattle Department of Transportation,Thuja plicata,Western Red Cedar,"8",Private,8141 24TH AVE SW,b1357680-e7f6-4af5-8d06-7caad1896547,62.240760803222656,89.567344665527344,87.408691406250000,-122.3632820000,47.5288173100
TRE-87006,,,,,TRE-87006,Seattle Department of Transportation,Thuja plicata,Western Red Cedar,"25",Private,9223 21ST AV SW,3f8deed5-0e13-4a77-8a28-370dedec7904,62.414875030517578,89.808334350585938,87.145072937011719,-122.3605930000,47.5202989100
TRE-1034819,,,,,TRE-1034819,Seattle Department of Transportation,Thuja plicata `Hogan`,Hogan Western Red Cedar,"6",Seattle Department of Transportation,11544 23RD AVE NE,4de44edb-f0b4-452f-a977-c1152a4798e5,61.353279113769531,86.890846252441406,82.725334167480469,-122.3044210000,47.7131882400
TRE-500018,,,,,TRE-500018,Seattle Department of Transportation,Thuja plicata,Western Red Cedar,"6",Seattle Department of Transportation,510 NE 130TH ST,f82019e6-925b-4fc0-bf2a-f0d6a723e739,59.797412872314453,87.874519348144531,84.585601806640625,-122.3230020000,47.7230928300
TRE-1062818,,,,,TRE-1062818,Seattle Department of Transportation,Thuja plicata,Western Red Cedar,"37",Private,11508 23RD AVE NE,2111b46a-7eb8-4b66-a296-fc4ee7f39447,61.575134277343750,86.864074707031250,82.760185241699219,-122.3043300000,47.7124982000
TRE-1062575,,,,,TRE-1062575,Seattle Department of Transportation,Thuja plicata,Western Red Cedar,"2",Private,11680 BEACON AVE S,4d099bd1-0165-4cfd-8f08-64c3c0604a1c,61.720203399658203,89.915122985839844,86.961151123046875,-122.2643950000,47.4988473400
TRE-1035118,,,,,TRE-1035118,Seattle Department of Transportation,Thuja plicata,Western Red Cedar,"4",Seattle Department of Transportation,11533 19TH AVE NE,e8f0cfcd-58c8-43ae-aa34-889adee0d7ba,61.522399902343750,85.686286926269531,82.289909362792983,-122.3085360000,47.7132097700
TRE-1067161,,,,,TRE-1067161,Seattle Department of Transportation,Thuja plicata,Western Red Cedar,"2",Seattle Department of Transportation,5500 NW 54TH ST,1d5a28b0-b01e-4543-babf-aea53c0fd7c2,,,,-122.4035650000,47.6688335000
TRE-1043778,,,,,TRE-1043778,Seattle Department of Transportation,Thuja plicata,Western Red Cedar,"15",Seattle Parks and Recreation,1400 NE RAVENNA BLVD,91164e65-295f-422d-8cdc-13464456a8f9,61.350807189941406,88.650650024414062,85.727737426757812,-122.3125370000,47.6709453900
TRE-1066533,,,,,TRE-1066533,Seattle Department of Transportation,Thuja plicata,Western Red Cedar,"12",Private,717 SW KENYON ST,fa3c708c-61ad-4291-acb5-0f7c38fee785,62.705364227294922,89.165077209472656,84.936454772949219,-122.3449920000,47.5319003000
TRE-1066688,,,,,TRE-1066688,Seattle Department of Transportation,Thuja plicata,Western Red Cedar,"15",Private,9215 3RD AVE SW,e6c00d5d-da93-4e61-82e0-cd2cd89ff02c,62.053226470947266,89.182708740234375,85.021682739257812,-122.3388750000,47.5202030700
TRE-1066714,,,,,TRE-1066714,Seattle Department of Transportation,Thuja plicata,Western Red Cedar,"25",Private,7944 8TH AVE SW,b5cc7a98-9d7c-47f4-8566-0ea60704d4f5,62.620914459228509,90.098587036132812,85.996467590332031,-122.3454260000,47.5305539800
TRE-87813,,,,,TRE-87813,Seattle Department of Transportation,Thuja plicata,Western Red Cedar,"15",Private,8103 8TH AV SW,83239aaa-052c-4b65-b3d6-43d5cf8c484e,62.158184051513672,90.207992553710938,85.883216857910156,-122.3455830000,47.5300269600
TRE-87538,,,,,TRE-87538,Seattle Department of Transportation,Thuja plicata,Western Red Cedar,"15",Private,9400 5TH AV SW,c3bffd06-af42-4807-94ae-df68925ab4e5,61.331157684326165,90.296417236328125,86.217979431152330,-122.3408960000,47.5190663400
TRE-1066768,,,,,TRE-1066768,Seattle Department of Transportation,Thuja plicata,Western Red Cedar,"25",Private,8421 6TH AVE SW,9f52ca2c-045f-4b68-842d-bc02ec463060,61.810680389404297,89.618942260742188,86.428657531738281,-122.3430310000,47.5275366900
TRE-1066773,,,,,TRE-1066773,Seattle Department of Transportation,Thuja plicata,Western Red Cedar,"32",Private,9201 3RD AVE SW,2140f72b-e152-4abf-9c24-adbad2777ba5,62.063468933105469,88.940277099609375,85.164352416992188,-122.3389770000,47.5208232300
TRE-83577,,,,,TRE-83577,Seattle Department of Transportation,Thuja plicata,Western Red Cedar,"35",Private,6323 38TH AV SW,06ddeac4-7a1d-4a32-b511-2ff2ea3c23b4,63.739543914794922,88.024703979492188,86.520248413085938,-122.3805700000,47.5459463800
TRE-1066313,,,,,TRE-1066313,Seattle Department of Transportation,Thuja plicata,Western Red Cedar,"14",Private,7557 20TH AVE SW,9b6e3331-8276-47a2-9b92-a5b187d81868,62.454765319824219,89.633949279785156,85.687393188476562,-122.3594660000,47.5339953200
TRE-1066340,,,,,TRE-1066340,Seattle Department of Transportation,Thuja plicata,Western Red Cedar,"8",Private,7557 20TH AVE SW,e3eb4304-c8eb-47d9-8355-61af1ce7c098,62.371074676513672,89.645637512207017,85.568244934082031,-122.3594730000,47.5340141600
TRE-1066351,,,,,TRE-1066351,Seattle Department of Transportation,Thuja plicata,Western Red Cedar,"32",Private,7515 DUMAR WAY SW,de54f7f2-8e9b-4321-a1fd-79d78122d97a,62.003017425537109,89.638061523437500,85.586677551269531,-122.3581220000,47.5350262800
TRE-1066375,,,,,TRE-1066375,Seattle Department of Transportation,Thuja plicata,Western Red Cedar,"12",Private,7557 20TH AVE SW,5cfe998f-f37a-4697-9dae-ba205f33645c,62.454765319824219,89.633949279785156,85.687393188476562,-122.3594600000,47.5339743400
TRE-1067077,,,,,TRE-1067077,Seattle Department of Transportation,Thuja plicata,Western Red Cedar,"20",Private,3240 NW 54TH ST,6e5d6479-33c6-408e-96eb-892a68e26ddd,62.877201080322266,88.011192321777344,84.258468627929673,-122.4003500000,47.6676089900
TRE-1066425,,,,,TRE-1066425,Seattle Department of Transportation,Thuja plicata,Western Red Cedar,"25",Private,7517 DUMAR WAY SW,18f5bd55-1b59-41fb-ab59-de4d18ee6b7c,62.038608551025391,89.612167358398438,85.697998046875014,-122.3580830000,47.5349211300
TRE-1066426,,,,,TRE-1066426,Seattle Department of Transportation,Thuja plicata,Western Red Cedar,"5",Private,7557 20TH AVE SW,d375fd20-9910-44ec-8340-56497a0bf852,62.371074676513672,89.645637512207017,85.568244934082031,-122.3594790000,47.5340305000
TRE-1067579,,,,,TRE-1067579,Seattle Department of Transportation,Thuja plicata,Western Red Cedar,"12",Private,3951 FREMONT AVE N,0326689b-07d9-48ba-821b-8e57e0a2bae1,62.048545837402344,88.403320312500000,84.642875671386719,-122.3501240000,47.6547532900
TRE-50873,,,,,TRE-50873,Seattle Department of Transportation,Thuja plicata,Western Red Cedar,"15",Seattle Department of Transportation,2604 1ST AV,c9f36e67-f4cb-49cc-b743-dac285538e10,64.593383789062500,87.377357482910156,86.732429504394531,-122.3502580000,47.6157359300
TRE-1068170,,,,,TRE-1068170,Seattle Department of Transportation,Thuja plicata,Western Red Cedar,"14",Private,1724 S HANFORD ST,5c523eda-c232-482f-b3e4-2fba84cd8ecc,62.853073120117188,90.746765136718750,87.039657592773438,-122.3096170000,47.5751468800
TRE-1068210,,,,,TRE-1068210,Seattle Department of Transportation,Thuja plicata,Western Red Cedar,"14",Private,1724 S HANFORD ST,3a003cf2-6b52-452c-a58f-2be60bfeb4c6,62.845752716064453,90.773506164550781,87.121406555175781,-122.3095200000,47.5751500200
TRE-1056621,,,,,TRE-1056621,Seattle Department of Transportation,Thuja plicata,Western Red Cedar,"21",Private,1724 S HANFORD ST,ffd7e293-222b-4553-a95e-a143c9d87ceb,62.890449523925781,90.759841918945312,87.068260192871094,-122.3097650000,47.5751457600
TRE-59065,,,,,TRE-59065,Seattle Department of Transportation,Thuja plicata,Western Red Cedar,"38",Private,700 16TH AVE,e5d51b23-abd3-4489-86d2-aa8ee123238a,64.954116821289062,88.744209289550781,86.710258483886719,-122.3114740000,47.6081414700
TRE-47827,,,,,TRE-47827,Seattle Department of Transportation,Thuja plicata,Western Red Cedar,"41",Private,425 16TH AVE E,2fcb0fae-c2ec-48ad-b793-2bfaaa8bde55,63.105186462402344,88.982414245605469,85.490531921386719,-122.3114370000,47.6228630700
TRE-31376,,,,,TRE-31376,Seattle Department of Transportation,Thuja plicata,Western Red Cedar,"40",Private,2103 2ND AV W,5a466c66-f9ac-472f-a130-9018aa265be7,62.225120544433594,87.771728515624986,85.099838256835938,-122.3600990000,47.6372272000
TRE-31375,,,,,TRE-31375,Seattle Department of Transportation,Thuja plicata,Western Red Cedar,"48",Private,2103 2ND AV W,0518d850-164f-4ed6-b127-6a59a6d5d6fb,62.245250701904297,87.854957580566406,85.142501831054688,-122.3598740000,47.6372272300
TRE-1071133,,,,,TRE-1071133,Seattle Department of Transportation,Thuja plicata,Western Red Cedar,"70",Private,3729 SW BARTON ST,cd0bba9c-bded-45a6-944d-0f81981d2ba0,61.734870910644531,89.569664001464844,85.837806701660156,-122.3809080000,47.5210284000
TRE-1070345,,,,,TRE-1070345,Seattle Department of Transportation,Thuja plicata,Western Red Cedar,"44",Private,161 29TH AVE,2f0cf890-a237-47bc-9795-d2c77dbf5bf1,61.648010253906250,87.446502685546875,84.558807373046875,-122.2950160000,47.6034385900
TRE-1070698,,,,,TRE-1070698,Seattle Department of Transportation,Thuja plicata,Western Red Cedar,"27",Private,720 S ORCHARD ST,16dca776-ca00-49d0-b85a-ee46d2641bf1,64.514244079589844,87.824737548828125,85.775688171386719,-122.3251080000,47.5387838700
TRE-1070702,,,,,TRE-1070702,Seattle Department of Transportation,Thuja plicata,Western Red Cedar,"28",Private,769 S MYRTLE ST,eb144a85-0fa4-4c3a-bc17-acfa46aef228,65.041473388671875,88.493339538574219,85.419593811035156,-122.3231530000,47.5393439500
TRE-32228,,,,,TRE-32228,Seattle Department of Transportation,Thuja plicata,Western Red Cedar,"54",Private,1007 RAYE ST,0f5d959d-f6e4-44f6-b1c8-57d5e77ac7fd,61.682437896728509,89.645179748535156,85.591033935546875,-122.3706690000,47.6429862900
TRE-1073911,,,,,TRE-1073911,Seattle Department of Transportation,Thuja plicata,Western Red Cedar,"20",Seattle Department of Transportation,2815 BOYLSTON AVE E,4d9aa7ff-7638-4370-8ef6-eea0bcde3130,63.672336578369141,90.777137756347670,86.081459045410156,-122.3231460000,47.6462397500
TRE-1073966,,,,,TRE-1073966,Seattle Department of Transportation,Thuja plicata,Western Red Cedar,"6",Private,2940 FAIRVIEW AVE E,668badd8-1ef0-4219-a10d-73c14309505d,64.051116943359375,89.048942565917969,84.766853332519531,-122.3248950000,47.6486006500
TRE-1073967,,,,,TRE-1073967,Seattle Department of Transportation,Thuja plicata,Western Red Cedar,"5",Private,2940 FAIRVIEW AVE E,49d41232-93e2-49d2-94bd-e1b6ed6b7439,64.051116943359375,89.048942565917969,84.766853332519531,-122.3248990000,47.6485753600
TRE-1073969,,,,,TRE-1073969,Seattle Department of Transportation,Thuja plicata,Western Red Cedar,"7",Private,2940 FAIRVIEW AVE E,18624203-c6e4-45b4-9d56-ae531357e034,64.060913085937500,89.026809692382812,84.909263610839844,-122.3249230000,47.6485118300
TRE-1073973,,,,,TRE-1073973,Seattle Department of Transportation,Thuja plicata,Western Red Cedar,"10",Private,2940 FAIRVIEW AVE E,f665dc09-be0e-4547-87e1-41dde3b811e8,64.051116943359375,89.048942565917969,84.766853332519531,-122.3249110000,47.6485238800
TRE-1074048,,,,,TRE-1074048,Seattle Department of Transportation,Thuja plicata,Western Red Cedar,"18",Private,2637 BOYLSTON AVE E,df07d9a6-5f35-44a3-b5d7-75d3425cf4a3,63.798519134521491,92.171897888183594,86.270935058593750,-122.3234800000,47.6444069300
TRE-1074049,,,,,TRE-1074049,Seattle Department of Transportation,Thuja plicata,Western Red Cedar,"18",Private,2637 BOYLSTON AVE E,5c06005d-23a5-46fe-a8f2-2435d9f1f7f5,63.803436279296875,92.215988159179673,86.312934875488281,-122.3234660000,47.6443697800
TRE-1074050,,,,,TRE-1074050,Seattle Department of Transportation,Thuja plicata,Western Red Cedar,"18",Private,2637 BOYLSTON AVE E,0c3f20bc-f158-4ee8-bc7d-17360821468f,63.803436279296875,92.215988159179673,86.312934875488281,-122.3234690000,47.6443380500
TRE-1074052,,,,,TRE-1074052,Seattle Department of Transportation,Thuja plicata,Western Red Cedar,"18",Private,2637 BOYLSTON AVE E,166cbfc4-c5db-47ea-9c1a-2c79c2d012d2,63.803436279296875,92.215988159179673,86.312934875488281,-122.3234670000,47.6442871800
TRE-1074067,,,,,TRE-1074067,Seattle Department of Transportation,Thuja plicata,Western Red Cedar,"18",Private,2637 BOYLSTON AVE E,de61d033-fa33-4638-b023-1a4d2c8b509c,63.833259582519531,92.295478820800781,86.264030456542983,-122.3234570000,47.6442696300
TRE-1073809,,,,,TRE-1073809,Seattle Department of Transportation,Thuja plicata,Western Red Cedar,"9",Private,2219 FAIRVIEW AVE E,2d25c465-945b-4e9a-a579-a137f67fa242,,,,-122.3296930000,47.6388426100
TRE-1073220,,,,,TRE-1073220,Seattle Department of Transportation,Thuja plicata,Western Red Cedar,"5",Private,337 17TH AVE,d5219b90-92e1-44a9-8cce-a28666cbefed,62.718429565429688,88.996803283691406,85.369987487792983,-122.3103450000,47.6054608900
TRE-1074749,,,,,TRE-1074749,Seattle Department of Transportation,Thuja plicata,Western Red Cedar,"3",Seattle Department of Transportation,7755 SEAVIEW AV NW,21957f21-a07e-423e-b6e9-982d4e6eb83c,63.493682861328125,90.021110534667969,86.098037719726562,-122.4031300000,47.6825072800
TRE-1074838,,,,,TRE-1074838,Seattle Department of Transportation,Thuja plicata,Western Red Cedar,"4",Private,4600 N MIDVALE PL,0c9bfad3-ac1d-4705-bf6f-618f7d16c427,63.039981842041016,89.546890258789062,86.484436035156250,-122.3439500000,47.6620949100
TRE-1074893,,,,,TRE-1074893,Seattle Department of Transportation,Thuja plicata,Western Red Cedar,"3",Private,1301 N 34TH ST,0c3d8bf6-a896-4e7e-973a-fc29a0169e48,63.044490814208984,87.846717834472656,83.981552124023438,-122.3426770000,47.6483402900
TRE-1075361,,,,,TRE-1075361,Seattle Department of Transportation,Thuja plicata,Western Red Cedar,"12",Private,1405 S FOREST ST,aca8c334-c67d-4749-a3cd-fef1a8eaad3e,63.490627288818359,88.727355957031250,86.424102783203125,-122.3141150000,47.5777003100
TRE-1076619,,,,,TRE-1076619,Seattle Department of Transportation,Thuja plicata,Western Red Cedar,"6",Seattle Department of Transportation,1630 NE 63RD ST,85e2cd8c-6c55-433d-8d37-8b4bd6d36071,62.132442474365234,87.793823242187500,84.690040588378906,-122.3095680000,47.6746693200
TRE-1077106,,,,,TRE-1077106,Seattle Department of Transportation,Thuja plicata,Western Red Cedar,"8",Private,212 E GALER ST,21d353ed-25f8-40f4-87c9-79bb8bdbd1ab,63.114345550537109,90.242080688476562,85.261535644531250,-122.3249620000,47.6326187300
TRE-1077107,,,,,TRE-1077107,Seattle Department of Transportation,Thuja plicata,Western Red Cedar,"8",Private,212 E GALER ST,23104612-437f-4aa3-b122-0600223d2329,63.162540435791016,90.153396606445312,85.309967041015625,-122.3249660000,47.6325791800
TRE-1077136,,,,,TRE-1077136,Seattle Department of Transportation,Thuja plicata,Western Red Cedar,"5",Private,5412 RAVENNA AV NE,7bb0b9ef-1e7a-4b22-b17c-342b443f093b,61.488330841064453,89.398811340332031,85.958999633789062,-122.3036140000,47.6681566400
TRE-1077147,,,,,TRE-1077147,Seattle Department of Transportation,Thuja plicata,Western Red Cedar,"3",Private,1119 NE RAVENNA BLV,48e454f0-312d-4776-9e03-aadb3dd93307,61.878536224365234,88.852325439453125,86.551338195800781,-122.3153020000,47.6712044400
TRE-1077437,,,,,TRE-1077437,Seattle Department of Transportation,Thuja plicata,Western Red Cedar,"5",Private,5304 RAVENNA AVE NE,6f5ff6c5-40c4-4018-95fd-279062efac89,61.670707702636719,89.689422607421875,85.990417480468750,-122.3031770000,47.6679864500
TRE-1077463,,,,,TRE-1077463,Seattle Department of Transportation,Thuja plicata,Western Red Cedar,"2",Private,4536 20TH AVE NE,f1a9c79f-af8f-44a4-9982-adebd5cac107,63.593223571777344,88.853309631347670,85.522621154785156,-122.3064640000,47.6622866900
TRE-1076714,,,,,TRE-1076714,Seattle Department of Transportation,Thuja plicata,Western Red Cedar,"4",Private,1228 NE RAVENNA BLVD,aa115eda-6dd9-4632-8958-5911d238e5ce,61.788608551025391,88.426887512207017,85.116744995117188,-122.3142840000,47.6717419100
TRE-1077781,,,,,TRE-1077781,Seattle Department of Transportation,Thuja plicata,Western Red Cedar,"31",Private,1180 NE CAMPUS PARKWAY,ef2bef0e-3cae-42f5-97b4-e059089cf204,63.693279266357422,88.721313476562500,87.543304443359375,-122.3166930000,47.6561509900
TRE-1080083,,,,,TRE-1080083,Seattle Department of Transportation,Thuja plicata,Western Red Cedar,"14",Private,659 NW 53RD ST,ca2c98f3-93f9-49b9-8865-f31de07f68c8,62.807949066162109,89.508621215820327,85.664375305175781,-122.3655940000,47.6671402700
TRE-1080255,,,,,TRE-1080255,Seattle Department of Transportation,Thuja plicata,Western Red Cedar,"9",Private,340 NW 46 ST,c80f27dc-41bd-430a-9ef5-66aea6837373,61.493743896484375,88.104927062988281,84.182205200195312,-122.3625950000,47.6622395700
TRE-1080257,,,,,TRE-1080257,Seattle Department of Transportation,Thuja plicata,Western Red Cedar,"15",Private,340 NW 46 ST,d3e23745-df62-4c17-96d7-37e37bf22ca3,61.518600463867188,88.121688842773438,84.264442443847670,-122.3626510000,47.6622396500
TRE-1080279,,,,,TRE-1080279,Seattle Department of Transportation,Thuja plicata,Western Red Cedar,"30",Private,425 NW 45TH STREET,e68a0095-ee87-4462-bd37-da08a91380ac,62.520320892333984,88.127586364746094,84.440704345703125,-122.3633860000,47.6613453400
TRE-1080348,,,,,TRE-1080348,Seattle Department of Transportation,Thuja plicata,Western Red Cedar,"1",Private,BAKER AVE NW AT NW MARKET ST,ee87e92c-3269-41d8-a937-7b5455f2c5d9,61.601684570312493,88.646476745605469,85.605323791503906,-122.3597600000,47.6654133400
TRE-1080349,,,,,TRE-1080349,Seattle Department of Transportation,Thuja plicata,Western Red Cedar,"1",Private,BAKER AVE NW AT NW MARKET ST,59dcb5f4-c460-4763-b47d-16a290e33d08,61.414707183837891,88.659057617187500,85.517379760742188,-122.3597690000,47.6654247700
TRE-1080353,,,,,TRE-1080353,Seattle Department of Transportation,Thuja plicata,Western Red Cedar,"1",Private,BAKER AVE NW AT NW MARKET ST,2fd1684a-a59c-43b3-b549-efd2e31898b4,61.584487915039062,88.592666625976562,85.510055541992188,-122.3598010000,47.6655360100
TRE-1080956,,,,,TRE-1080956,Seattle Department of Transportation,Thuja plicata,Western Red Cedar,"12",Private,121 NW 46TH ST,932f812a-e365-4b3e-8678-e0c9b56d8ff4,62.206375122070312,88.270401000976562,84.318237304687500,-122.3589630000,47.6622100500
TRE-1080759,,,,,TRE-1080759,Seattle Department of Transportation,Thuja plicata,Western Red Cedar,"4",Seattle Department of Transportation,800 N 43RD ST,da6f3141-602e-4ab5-849f-115d54751173,61.924125671386719,87.753967285156250,84.234779357910156,-122.3564350000,47.6595648600
TRE-1080760,,,,,TRE-1080760,Seattle Department of Transportation,Thuja plicata,Western Red Cedar,"4",Seattle Department of Transportation,800 N 43RD ST,3d2fcb5c-4a15-46f4-b5a2-e14ebb00326b,61.924125671386719,87.753967285156250,84.234779357910156,-122.3564150000,47.6595646000
TRE-1080761,,,,,TRE-1080761,Seattle Department of Transportation,Thuja plicata,Western Red Cedar,"4",Seattle Department of Transportation,800 N 43RD ST,28a21020-7a10-4df0-b98f-7987639a65bb,61.924125671386719,87.753967285156250,84.234779357910156,-122.3564070000,47.6595620700
TRE-1080764,,,,,TRE-1080764,Seattle Department of Transportation,Thuja plicata,Western Red Cedar,"4",Seattle Department of Transportation,800 N 43RD ST,2c89cd72-7cbf-4ebb-b9fa-28eee6790fcc,61.915214538574219,87.743469238281250,84.226844787597670,-122.3563540000,47.6595651500
TRE-1080765,,,,,TRE-1080765,Seattle Department of Transportation,Thuja plicata,Western Red Cedar,"4",Seattle Department of Transportation,800 N 43RD ST,09f58cba-c691-4959-9b0c-842b970fd12e,61.915214538574219,87.743469238281250,84.226844787597670,-122.3563340000,47.6595648900
TRE-1080766,,,,,TRE-1080766,Seattle Department of Transportation,Thuja plicata,Western Red Cedar,"4",Seattle Department of Transportation,800 N 43RD ST,4ded8d97-2cca-4bb2-bec4-4b16c84131b4,61.915214538574219,87.743469238281250,84.226844787597670,-122.3563110000,47.6595660000
TRE-1080767,,,,,TRE-1080767,Seattle Department of Transportation,Thuja plicata,Western Red Cedar,"4",Seattle Department of Transportation,800 N 43RD ST,ca82d63d-ea5d-40a6-a3b6-135bdbb65931,61.915214538574219,87.743469238281250,84.226844787597670,-122.3562780000,47.6595645800
TRE-1080768,,,,,TRE-1080768,Seattle Department of Transportation,Thuja plicata,Western Red Cedar,"7",Seattle Department of Transportation,800 N 43RD ST,64ab8c84-da20-488b-a870-3c6af908a98a,61.834152221679688,87.786888122558594,84.119720458984375,-122.3568680000,47.6595659400
TRE-1080771,,,,,TRE-1080771,Seattle Department of Transportation,Thuja plicata,Western Red Cedar,"8",Seattle Department of Transportation,800 N 43RD ST,f7d73e27-25bd-4762-a68d-097ae603dc18,61.924125671386719,87.753967285156250,84.234779357910156,-122.3564360000,47.6595035500
TRE-1080772,,,,,TRE-1080772,Seattle Department of Transportation,Thuja plicata,Western Red Cedar,"4",Seattle Department of Transportation,800 N 43RD ST,5bcab5d8-dfe7-4fcf-b3ce-18cbc2eadadc,61.924125671386719,87.753967285156250,84.234779357910156,-122.3564300000,47.6595292400
TRE-1080773,,,,,TRE-1080773,Seattle Department of Transportation,Thuja plicata,Western Red Cedar,"4",Seattle Department of Transportation,800 N 43RD ST,67b4d550-3102-40ab-8deb-6d69c6f87452,61.924125671386719,87.753967285156250,84.234779357910156,-122.3564150000,47.6595291600
TRE-1080774,,,,,TRE-1080774,Seattle Department of Transportation,Thuja plicata,Western Red Cedar,"4",Seattle Department of Transportation,800 N 43RD ST,17fe7ec3-374c-4252-af2b-095a76c32785,61.924125671386719,87.753967285156250,84.234779357910156,-122.3563990000,47.6595269400
TRE-1080778,,,,,TRE-1080778,Seattle Department of Transportation,Thuja plicata,Western Red Cedar,"5",Seattle Department of Transportation,800 N 43RD ST,d11bb6c3-aaa9-4420-937b-b3e307129a9d,61.888431549072266,87.766075134277344,84.219749450683594,-122.3565830000,47.6595230500
TRE-1080779,,,,,TRE-1080779,Seattle Department of Transportation,Thuja plicata,Western Red Cedar,"5",Seattle Department of Transportation,800 N 43RD ST,aaf3998a-abfb-45be-83ba-33446bfd9658,61.888431549072266,87.766075134277344,84.219749450683594,-122.3566030000,47.6595079000
TRE-1080780,,,,,TRE-1080780,Seattle Department of Transportation,Thuja plicata,Western Red Cedar,"5",Seattle Department of Transportation,800 N 43RD ST,835913ec-bae8-4b79-9d6d-2408d421d5da,61.888431549072266,87.766075134277344,84.219749450683594,-122.3566220000,47.6595193800
TRE-1080781,,,,,TRE-1080781,Seattle Department of Transportation,Thuja plicata,Western Red Cedar,"5",Seattle Department of Transportation,800 N 43RD ST,1a56dc21-362f-45bc-8146-091cc378b68c,61.862834930419922,87.789749145507812,84.211822509765625,-122.3566420000,47.6595076600
TRE-1080786,,,,,TRE-1080786,Seattle Department of Transportation,Thuja plicata,Western Red Cedar,"4",Seattle Department of Transportation,800 N 43RD ST,7f349200-9399-42d8-9320-70161b04d1b9,61.850715637207031,87.756034851074219,84.106719970703125,-122.3570300000,47.6595365300
TRE-1082266,,,,,TRE-1082266,Seattle Department of Transportation,Thuja plicata,Western Red Cedar,"6",Private,831 NW 59TH ST,a798979a-3f8b-466d-9aff-585d100bc061,62.017875671386719,88.716346740722656,84.710929870605469,-122.3677990000,47.6715785600
TRE-1082316,,,,,TRE-1082316,Seattle Department of Transportation,Thuja plicata,Western Red Cedar,"10",Private,5917 11TH AV NW,c6b2d229-939f-49c3-8d22-e861294ea877,62.449699401855469,88.826881408691406,84.748573303222656,-122.3708250000,47.6722422200
TRE-1082317,,,,,TRE-1082317,Seattle Department of Transportation,Thuja plicata,Western Red Cedar,"27",Private,5917 11TH AV NW,2b53cae9-53bf-4095-85ea-59da910e8d19,62.449699401855469,88.826881408691406,84.748573303222656,-122.3708360000,47.6722616000
TRE-1082423,,,,,TRE-1082423,Seattle Department of Transportation,Thuja plicata,Western Red Cedar,"20",Private,5916 22 AV NW,6a912c61-404c-4e0a-b15f-2502309e37f3,59.605026245117188,86.252632141113281,81.856254577636719,-122.3844430000,47.6723227200
TRE-1082574,,,,,TRE-1082574,Seattle Department of Transportation,Thuja plicata,Western Red Cedar,"4",Private,6549 25TH AV NW,6ef9680a-8fb2-4969-ab43-799628a6fba5,61.908626556396491,86.972297668457017,84.182662963867188,-122.3887240000,47.6773175700
TRE-1081385,,,,,TRE-1081385,Seattle Department of Transportation,Thuja plicata,Western Red Cedar,"15",Private,3805 FREMONT AV N,e8934330-5647-43d1-8e95-b6e1c07b4b52,62.237174987792969,88.755081176757812,86.421768188476562,-122.3503520000,47.6528045300
TRE-1082856,,,,,TRE-1082856,Seattle Department of Transportation,Thuja plicata,Western Red Cedar,"30",Seattle Department of Transportation,26TH AVE NW AT NW 60TH ST,c2c02606-57f4-4c38-9e9b-e6f1144282f7,61.597171783447266,87.582015991210938,84.202545166015625,-122.3898760000,47.6724269100
TRE-1082857,,,,,TRE-1082857,Seattle Department of Transportation,Thuja plicata,Western Red Cedar,"25",Seattle Department of Transportation,26TH AVE NW AT NW 60TH ST,46bc3e4d-aa54-431e-8329-09ddffd7e0d9,61.579605102539062,87.616378784179673,84.246192932128906,-122.3898960000,47.6723392300
TRE-1082858,,,,,TRE-1082858,Seattle Department of Transportation,Thuja plicata,Western Red Cedar,"26",Seattle Department of Transportation,26TH AVE NW AT NW 60TH ST,5d0f86b5-58f1-4fbd-b0e9-61d61d886ea2,61.707908630371094,87.562202453613281,84.258872985839844,-122.3899940000,47.6724128200
TRE-1082859,,,,,TRE-1082859,Seattle Department of Transportation,Thuja plicata,Western Red Cedar,"6",Private,5918 26TH AVE NW,1a582d0d-950d-47ee-989e-88ec1ccf3d17,61.772163391113281,87.849349975585938,84.707595825195312,-122.3900620000,47.6721748400
TRE-1081495,,,,,TRE-1081495,Seattle Department of Transportation,Thuja plicata,Western Red Cedar,"4",Private,8637 FARWELL PL SW,337f3aaf-dcff-4049-9d03-7cadfb3bfba0,62.794437408447266,87.803047180175781,86.209197998046875,-122.3811270000,47.5253224800
TRE-1085714,,,,,TRE-1085714,Seattle Department of Transportation,Thuja plicata,Western Red Cedar,"35",Private,4032 NE 115TH ST,73fc72ee-1eda-4a79-8cbd-51fa0b9dd5c6,61.189159393310547,88.874137878417969,85.873054504394531,-122.2842540000,47.7119516500
TRE-1085720,,,,,TRE-1085720,Seattle Department of Transportation,Thuja plicata,Western Red Cedar,"36",Private,1025 NE 133RD ST,fae1e820-8198-48d4-999e-ea358e565e91,60.354984283447266,86.924171447753906,84.055259704589844,-122.3168760000,47.7248067600
TRE-1085746,,,,,TRE-1085746,Seattle Department of Transportation,Thuja plicata,Western Red Cedar,"4",Private,1633 NE 143RD ST,d4a8e711-c57c-48fc-a807-afeaca6e122b,59.403594970703125,87.166618347167969,84.172882080078125,-122.3101230000,47.7314589600
TRE-1085762,,,,,TRE-1085762,Seattle Department of Transportation,Thuja plicata,Western Red Cedar,"20",Private,14303 20TH AVE NE,7ce492c2-75f5-4f6b-bfdb-9d1743b48a7f,58.536872863769531,86.933044433593750,84.352409362792983,-122.3076480000,47.7321355000
TRE-1085798,,,,,TRE-1085798,Seattle Department of Transportation,Thuja plicata,Western Red Cedar,"33",Private,2504 NE 140TH ST,e9f55cce-e4f6-4de0-a436-9d9c6709f754,61.497009277343750,86.608528137207017,83.022949218750000,-122.3018700000,47.7305988700
TRE-1085807,,,,,TRE-1085807,Seattle Department of Transportation,Thuja plicata,Western Red Cedar,"42",Private,2516 NE 137TH ST,fc681c8e-95ef-4fd7-81f0-ad1f2ae0a2db,61.314811706542969,86.329360961914062,82.768722534179673,-122.3006160000,47.7287464200
TRE-1085811,,,,,TRE-1085811,Seattle Department of Transportation,Thuja plicata,Western Red Cedar,"33",Private,2516 NE 137TH ST,9dcf3427-ba4a-4f3b-8bb6-e2b39bd52073,61.368621826171875,86.361160278320327,82.785041809082031,-122.3005880000,47.7285508500
TRE-1085812,,,,,TRE-1085812,Seattle Department of Transportation,Thuja plicata,Western Red Cedar,"36",Private,2516 NE 137TH ST,449a7af5-fcf2-4605-8f88-70ddacdc46f4,61.380500793457031,86.268043518066406,82.735145568847670,-122.3005800000,47.7286042600
TRE-1085883,,,,,TRE-1085883,Seattle Department of Transportation,Thuja plicata,Western Red Cedar,"18",Private,1901 NE 135TH ST,3b034cdb-2096-47ec-aebd-8f4beb70d49a,58.523498535156250,88.009529113769531,85.064781188964844,-122.3090060000,47.7265201700
TRE-1084608,,,,,TRE-1084608,Seattle Department of Transportation,Thuja plicata,Western Red Cedar,"22",Private,10821 55TH AVE S,15b19372-e427-41e8-b63b-436228dea4c9,61.469078063964837,90.199859619140625,86.757072448730469,-122.2649070000,47.5030524400
TRE-1085884,,,,,TRE-1085884,Seattle Department of Transportation,Thuja plicata,Western Red Cedar,"42",Private,1901 NE 135TH ST,85fec0f1-3d2a-4df7-b1e4-ef112c757f89,58.523498535156250,88.009529113769531,85.064781188964844,-122.3090030000,47.7264791600
TRE-1085885,,,,,TRE-1085885,Seattle Department of Transportation,Thuja plicata,Western Red Cedar,"18",Private,1901 NE 135TH ST,9336fff6-fe68-433e-af98-7c243ebba746,58.523498535156250,88.009529113769531,85.064781188964844,-122.3090000000,47.7264418300
TRE-1086788,,,,,TRE-1086788,Seattle Department of Transportation,Thuja plicata,Western Red Cedar,"55",Private,3832 NE 88TH ST,c145f118-fa84-4863-adcb-7a25df60192f,61.575649261474609,87.664016723632812,84.210365295410156,-122.2864810000,47.6924440900
TRE-1085886,,,,,TRE-1085886,Seattle Department of Transportation,Thuja plicata,Western Red Cedar,"26",Private,1901 NE 135TH ST,a3e1a1b8-6dbd-4341-9395-069eff019396,58.562168121337891,87.964797973632812,85.115882873535156,-122.3089990000,47.7264186100
TRE-1085887,,,,,TRE-1085887,Seattle Department of Transportation,Thuja plicata,Western Red Cedar,"30",Private,1901 NE 135TH ST,8f731adf-057a-499a-9db7-ca9c743c66b1,58.562168121337891,87.964797973632812,85.115882873535156,-122.3089960000,47.7263957600
TRE-1085888,,,,,TRE-1085888,Seattle Department of Transportation,Thuja plicata,Western Red Cedar,"12",Private,1901 NE 135TH ST,347610d8-d82a-49a1-9869-4d019f295878,58.562168121337891,87.964797973632812,85.115882873535156,-122.3089960000,47.7263627700
TRE-1085889,,,,,TRE-1085889,Seattle Department of Transportation,Thuja plicata,Western Red Cedar,"33",Private,1901 NE 135TH ST,4197f139-244d-426c-a510-eb474d45a88e,58.562168121337891,87.964797973632812,85.115882873535156,-122.3089920000,47.7263496900
TRE-1085890,,,,,TRE-1085890,Seattle Department of Transportation,Thuja plicata,Western Red Cedar,"11",Private,1901 NE 135TH ST,979d53b9-5d89-43e9-9c6d-6dd26346965e,58.516063690185547,87.994918823242188,85.070724487304688,-122.3089920000,47.7263372400
TRE-1085891,,,,,TRE-1085891,Seattle Department of Transportation,Thuja plicata,Western Red Cedar,"46",Private,1901 NE 135TH ST,cd3ee17b-7ff5-4af0-8bd5-c6f848bc8b16,58.516063690185547,87.994918823242188,85.070724487304688,-122.3089910000,47.7263217600
TRE-1086352,,,,,TRE-1086352,Seattle Department of Transportation,Thuja plicata,Western Red Cedar,"16",Private,9750 SAND POINT WAY NE,802f4c0f-6e82-48bf-b159-8fa2148e155a,61.979919433593750,88.898918151855469,86.434379577636719,-122.2774480000,47.7011174500
TRE-1086355,,,,,TRE-1086355,Seattle Department of Transportation,Thuja plicata,Western Red Cedar,"8",Private,10303 LAKE SHORE WAY NE,a6f9028a-bcaf-4588-8cfb-0a5ded8a9839,62.095611572265625,88.891067504882812,87.226524353027344,-122.2752670000,47.7029837400
TRE-1086356,,,,,TRE-1086356,Seattle Department of Transportation,Thuja plicata,Western Red Cedar,"5",Private,10303 LAKE SHORE WAY NE,79ee38cb-82fc-4b30-83a3-9d4da68fcac8,62.003540039062493,89.243156433105469,87.122711181640625,-122.2747490000,47.7029919900
TRE-1086807,,,,,TRE-1086807,Seattle Department of Transportation,Thuja plicata,Western Red Cedar,"15",Private,3825 NE 87TH ST,b5e9e0c6-0365-4c88-9f0b-a8e45d2c3981,61.481754302978509,88.982910156250000,84.580390930175781,-122.2867640000,47.6915695700
TRE-1086402,,,,,TRE-1086402,Seattle Department of Transportation,Thuja plicata,Western Red Cedar,"38",Private,9505 48TH AVE NE,d3e4cf4e-43b2-4992-b93e-3ad59f542d56,61.272697448730469,88.812873840332031,86.802047729492188,-122.2766210000,47.6976377100
TRE-1086404,,,,,TRE-1086404,Seattle Department of Transportation,Thuja plicata,Western Red Cedar,"15",Private,9521 49TH AVE NE,0734adf2-c29e-48a6-9d08-1fe1ce05d239,61.341247558593750,88.589981079101562,86.312896728515625,-122.2757220000,47.6974638400
TRE-1086405,,,,,TRE-1086405,Seattle Department of Transportation,Thuja plicata,Western Red Cedar,"18",Private,9521 49TH AVE NE,a23bb11e-edb3-4ddc-b221-8fd0c7098305,61.332519531250000,88.626396179199219,86.207511901855469,-122.2756650000,47.6974605600
TRE-1086408,,,,,TRE-1086408,Seattle Department of Transportation,Thuja plicata,Western Red Cedar,"35",Private,9521 49TH AVE NE,a8053b5c-9f6d-4112-8684-fb69aa84997f,61.295349121093750,88.633720397949219,86.181678771972656,-122.2755350000,47.6974617200
TRE-1086417,,,,,TRE-1086417,Seattle Department of Transportation,Thuja plicata,Western Red Cedar,"12",Private,4522 NE 94TH ST,507107ff-0418-4cfd-b670-7a6cb15a8ede,59.993137359619141,89.128898620605469,85.501411437988281,-122.2789220000,47.6966312800
TRE-1086418,,,,,TRE-1086418,Seattle Department of Transportation,Thuja plicata,Western Red Cedar,"9",Private,4522 NE 94TH ST,e53e0e58-8faf-420c-9471-3536313507ad,59.993137359619141,89.128898620605469,85.501411437988281,-122.2789180000,47.6966308900
TRE-1086426,,,,,TRE-1086426,Seattle Department of Transportation,Thuja plicata,Western Red Cedar,"20",Private,10029 46TH AVE NE,cf015139-0624-4491-9983-212a38ca7505,61.970504760742188,89.103607177734375,87.018188476562500,-122.2790120000,47.7019981300
TRE-1086564,,,,,TRE-1086564,Seattle Department of Transportation,Thuja plicata,Western Red Cedar,"21",Private,3509 NE 98TH ST,77faebbc-21b1-49e3-bd60-7a54999d46ba,61.248348236083984,89.216430664062500,84.805923461914062,-122.2902790000,47.7001627700
TRE-1086626,,,,,TRE-1086626,Seattle Department of Transportation,Thuja plicata,Western Red Cedar,"13",Private,3517 NE 91ST ST,69310f1c-0d88-4512-9034-ce9a7c781ebc,62.398849487304688,89.274993896484375,84.841033935546875,-122.2898940000,47.6944877200
TRE-1086636,,,,,TRE-1086636,Seattle Department of Transportation,Thuja plicata,Western Red Cedar,"12",Private,3527 NE 89TH ST,48da4016-8477-4927-b79c-2de04e0dfd8c,61.663604736328125,88.872184753417969,84.901855468750000,-122.2895130000,47.6930380900
TRE-1086698,,,,,TRE-1086698,Seattle Department of Transportation,Thuja plicata,Western Red Cedar,"48",Private,9504 45TH AVE NE,fcf16cbd-9d5a-436e-9a8f-e72f541e6f9d,60.476493835449219,88.998718261718750,85.524139404296875,-122.2799720000,47.6977180600
TRE-1086738,,,,,TRE-1086738,Seattle Department of Transportation,Thuja plicata,Western Red Cedar,"21",Private,9017 MATTHEWS AVE NE,83c518a2-7111-4b9b-b7c4-64f11a836313,60.130428314208984,89.498962402343750,85.856437683105469,-122.2756940000,47.6941383700
TRE-1086741,,,,,TRE-1086741,Seattle Department of Transportation,Thuja plicata,Western Red Cedar,"21",Private,9017 MATTHEWS AVE NE,91e7e353-82d7-4875-bb04-4a1ac6ac42cb,60.144405364990234,89.490219116210938,85.742454528808594,-122.2761900000,47.6943369600
TRE-1086766,,,,,TRE-1086766,Seattle Department of Transportation,Thuja plicata,Western Red Cedar,"17",Private,9201 49TH AVE NE,514f18d0-5a6e-4b70-853b-b5bb16fffab3,60.832027435302734,88.991783142089844,86.235282897949219,-122.2746820000,47.6946917500
TRE-1086767,,,,,TRE-1086767,Seattle Department of Transportation,Thuja plicata,Western Red Cedar,"17",Private,9201 49TH AVE NE,f698d04c-d22f-4393-8318-8993899da5e0,61.026435852050781,88.813110351562500,86.107582092285156,-122.2744180000,47.6948117000
TRE-1086774,,,,,TRE-1086774,Seattle Department of Transportation,Thuja plicata,Western Red Cedar,"30",Private,9126 MATTHEWS AVE NE,b04160f3-7654-456a-95d7-d3c8a0bc829c,60.144405364990234,89.490219116210938,85.742454528808594,-122.2761900000,47.6943369600
TRE-1086777,,,,,TRE-1086777,Seattle Department of Transportation,Thuja plicata,Western Red Cedar,"5",Private,3857 NE 89TH ST,c4b4f495-3979-4f9e-ba0e-a457179890eb,59.812641143798835,86.259330749511719,83.254440307617188,-122.2854700000,47.6930324900
TRE-1086808,,,,,TRE-1086808,Seattle Department of Transportation,Thuja plicata,Western Red Cedar,"13",Private,3825 NE 87TH ST,3c0165f9-3ea4-4bba-95d6-c2fe7f697280,61.481754302978509,88.982910156250000,84.580390930175781,-122.2867950000,47.6915812300
TRE-1086815,,,,,TRE-1086815,Seattle Department of Transportation,Thuja plicata,Western Red Cedar,"22",Private,4242 NE 89TH ST,bd40598b-d7e8-47b2-be98-769be4dea780,60.426578521728509,86.748069763183594,83.978759765624986,-122.2808620000,47.6931033000
TRE-1086821,,,,,TRE-1086821,Seattle Department of Transportation,Thuja plicata,Western Red Cedar,"14",Private,8812 42ND AV NE,fa47ea78-1c77-4158-a049-841d0e6ef022,59.726600646972656,85.900108337402330,83.595298767089844,-122.2821690000,47.6929278900
TRE-1086823,,,,,TRE-1086823,Seattle Department of Transportation,Thuja plicata,Western Red Cedar,"4",Private,8812 42ND AV NE,42678597-00b5-4742-a393-7102fad93cd4,59.726600646972656,85.900108337402330,83.595298767089844,-122.2822200000,47.6929309700
TRE-1086824,,,,,TRE-1086824,Seattle Department of Transportation,Thuja plicata,Western Red Cedar,"4",Private,8812 42ND AV NE,31031c53-d05c-4c88-be90-3cdc77a21645,59.726600646972656,85.900108337402330,83.595298767089844,-122.2822440000,47.6929320600
TRE-1086825,,,,,TRE-1086825,Seattle Department of Transportation,Thuja plicata,Western Red Cedar,"6",Private,8812 42ND AV NE,be80e54f-9517-477e-b3f1-a3de44acf0e3,59.726600646972656,85.900108337402330,83.595298767089844,-122.2822710000,47.6929326500
TRE-1086826,,,,,TRE-1086826,Seattle Department of Transportation,Thuja plicata,Western Red Cedar,"6",Private,8812 42ND AV NE,3a0ca1c7-6c03-4cc6-b31c-e7ef4f411b89,59.664440155029297,85.941368103027344,83.583724975585938,-122.2823000000,47.6929308900
TRE-1086828,,,,,TRE-1086828,Seattle Department of Transportation,Thuja plicata,Western Red Cedar,"6",Private,8812 42ND AV NE,07c2f17a-fba6-4005-8b2a-204c66cf6bac,59.664440155029297,85.941368103027344,83.583724975585938,-122.2823290000,47.6929288900
TRE-1086829,,,,,TRE-1086829,Seattle Department of Transportation,Thuja plicata,Western Red Cedar,"6",Private,8812 42ND AV NE,bb1b01fe-4fff-42d6-8675-2d27a572de13,59.664440155029297,85.941368103027344,83.583724975585938,-122.2823550000,47.6929313500
TRE-1086830,,,,,TRE-1086830,Seattle Department of Transportation,Thuja plicata,Western Red Cedar,"13",Private,8812 42ND AV NE,e71df0cd-54e3-4389-b6d6-606689ba4ee5,59.664440155029297,85.941368103027344,83.583724975585938,-122.2823840000,47.6929286500
TRE-1086831,,,,,TRE-1086831,Seattle Department of Transportation,Thuja plicata,Western Red Cedar,"7",Private,8812 42ND AV NE,1b6867c0-8e68-40df-b58a-132cd643dae2,59.649318695068359,85.874397277832031,83.532730102539062,-122.2824140000,47.6929280400
TRE-1086843,,,,,TRE-1086843,Seattle Department of Transportation,Thuja plicata,Western Red Cedar,"8",Private,4226 NE 88TH ST,8ae7ea47-6377-4cde-a6d8-9ed0fb7c7d03,59.979751586914062,86.921951293945312,83.958106994628906,-122.2813680000,47.6924089500
TRE-1086844,,,,,TRE-1086844,Seattle Department of Transportation,Thuja plicata,Western Red Cedar,"8",Private,4226 NE 88TH ST,123ea269-b9ea-4f39-81b0-cb2572693720,59.979751586914062,86.921951293945312,83.958106994628906,-122.2813820000,47.6924002000
TRE-1086845,,,,,TRE-1086845,Seattle Department of Transportation,Thuja plicata,Western Red Cedar,"10",Private,4226 NE 88TH ST,2fa6e5a1-ffc2-49f4-8c3d-0c0c0bb5bfa2,59.979751586914062,86.921951293945312,83.958106994628906,-122.2813950000,47.6924067500
TRE-1086846,,,,,TRE-1086846,Seattle Department of Transportation,Thuja plicata,Western Red Cedar,"8",Private,4226 NE 88TH ST,4c3a688a-4e41-4697-b98f-12223ad2342a,59.979751586914062,86.921951293945312,83.958106994628906,-122.2814240000,47.6924073200
TRE-1086847,,,,,TRE-1086847,Seattle Department of Transportation,Thuja plicata,Western Red Cedar,"8",Private,4226 NE 88TH ST,6e78bc1d-c25b-4184-a726-40b9a64ea730,59.979751586914062,86.921951293945312,83.958106994628906,-122.2814580000,47.6924075700
TRE-1086849,,,,,TRE-1086849,Seattle Department of Transportation,Thuja plicata,Western Red Cedar,"8",Private,4226 NE 88TH ST,c41daf31-79b5-4b46-b5e5-33f7996b857b,59.856975555419922,86.911010742187500,83.969879150390625,-122.2814810000,47.6924144600
TRE-1086850,,,,,TRE-1086850,Seattle Department of Transportation,Thuja plicata,Western Red Cedar,"39",Private,4225 NE 88TH ST,f28a2ea1-ab7f-4df2-ba1e-9fb8589c51e1,59.827346801757812,86.956954956054688,83.966140747070327,-122.2814890000,47.6923068700
TRE-1086851,,,,,TRE-1086851,Seattle Department of Transportation,Thuja plicata,Western Red Cedar,"8",Private,4226 NE 88TH ST,a45aa499-8cf8-4213-aa91-1e3a53a66ae4,59.856975555419922,86.911010742187500,83.969879150390625,-122.2815300000,47.6924173100
TRE-1086852,,,,,TRE-1086852,Seattle Department of Transportation,Thuja plicata,Western Red Cedar,"20",Private,4226 NE 88TH ST,f4433cfe-c69f-4ae8-989c-db2394616740,59.856975555419922,86.911010742187500,83.969879150390625,-122.2815360000,47.6924075100
TRE-1086859,,,,,TRE-1086859,Seattle Department of Transportation,Thuja plicata,Western Red Cedar,"6",Private,4205 NE 88TH ST,54da6c29-0367-4205-b0c8-ad7265234c59,59.858127593994141,86.111366271972656,83.719665527343750,-122.2823170000,47.6923217000
TRE-1086862,,,,,TRE-1086862,Seattle Department of Transportation,Thuja plicata,Western Red Cedar,"32",Private,4205 NE 88TH ST,24c8baa3-f2ea-4b34-aeaf-8c7d0457fcb9,59.761047363281250,85.981552124023438,83.784339904785156,-122.2825760000,47.6922979600
TRE-1086867,,,,,TRE-1086867,Seattle Department of Transportation,Thuja plicata,Western Red Cedar,"40",Private,4062 NE 88TH ST,e84edcda-842f-4b23-af5a-a771697b7469,59.734077453613281,85.868179321289062,83.614692687988281,-122.2826540000,47.6925191200
TRE-1086869,,,,,TRE-1086869,Seattle Department of Transportation,Thuja plicata,Western Red Cedar,"51",Private,4062 NE 88TH ST,ad305af5-ae63-46dd-a791-35d4997ddaed,59.682498931884766,85.929832458496094,83.640060424804688,-122.2826390000,47.6926701900
TRE-1086871,,,,,TRE-1086871,Seattle Department of Transportation,Thuja plicata,Western Red Cedar,"40",Private,8815 NE 42ND AVE,210a5f6c-416f-4ff8-84d8-293603555a62,59.682498931884766,85.929832458496094,83.640060424804688,-122.2826390000,47.6926701900
TRE-1086872,,,,,TRE-1086872,Seattle Department of Transportation,Thuja plicata,Western Red Cedar,"45",Private,4062 NE 88TH ST,cca2a235-939a-4956-b47e-a6e0f90e3cc5,59.699085235595703,85.863868713378906,83.538742065429673,-122.2826500000,47.6927298500
TRE-1086873,,,,,TRE-1086873,Seattle Department of Transportation,Thuja plicata,Western Red Cedar,"45",Private,4062 NE 88TH ST,6de0e0ef-c29b-425f-9ecf-98deaffb1333,59.699085235595703,85.863868713378906,83.538742065429673,-122.2826450000,47.6927551800
TRE-1086888,,,,,TRE-1086888,Seattle Department of Transportation,Thuja plicata,Western Red Cedar,"38",Private,4018 NE 88TH ST,5aa8ca2d-33d1-4fb1-9999-f1132115a8d7,59.813438415527344,85.671989440917969,83.444641113281250,-122.2845570000,47.6924275000
TRE-1086937,,,,,TRE-1086937,Seattle Department of Transportation,Thuja plicata,Western Red Cedar,"2",Private,3849 NE 86TH STREET,8ba035c1-3c8b-4e3a-89b1-ebc69299f38f,61.262256622314453,88.585548400878906,84.386581420898438,-122.2858860000,47.6908624100
TRE-1086043,,,,,TRE-1086043,Seattle Department of Transportation,Thuja plicata,Western Red Cedar,"11",Private,12527 25TH AVE NE,507a8b83-04d3-478b-a8d4-f30576ed6237,61.675041198730469,88.306861877441406,85.370597839355469,-122.3018850000,47.7199141400
TRE-1086055,,,,,TRE-1086055,Seattle Department of Transportation,Thuja plicata,Western Red Cedar,"33",Private,12009 NE HIRAM PL,521f5b87-f7dd-407f-839b-bebfe94e570f,62.432155609130859,88.901222229003906,85.151092529296875,-122.2985680000,47.7160385000
TRE-1087905,,,,,TRE-1087905,Seattle Department of Transportation,Thuja plicata,Western Red Cedar,"26",Private,3315 S ORCAS ST,b24522b5-cca8-4c1c-9cae-43bd05aa28a4,61.918712615966797,89.191802978515625,88.763961791992188,-122.2897050000,47.5510521400
TRE-1086074,,,,,TRE-1086074,Seattle Department of Transportation,Thuja plicata,Western Red Cedar,"45",Private,3822 NE 145TH ST,608cd071-89a7-4e85-ba28-50ec79b87361,62.421054840087891,87.972602844238281,85.651222229003906,-122.2859120000,47.7337996900
TRE-1087992,,,,,TRE-1087992,Seattle Department of Transportation,Thuja plicata,Western Red Cedar,"4",Private,175 LAKE WASHINGTON BLVD,4b9cf207-a552-4296-9f54-5afa3d0c0672,62.064517974853509,89.400871276855469,87.036743164062500,-122.2851590000,47.6030163000
TRE-1087993,,,,,TRE-1087993,Seattle Department of Transportation,Thuja plicata,Western Red Cedar,"4",Private,175 LAKE WASHINGTON BLVD,158f3c31-d690-43f0-896d-24a28e46cebf,62.064517974853509,89.400871276855469,87.036743164062500,-122.2852210000,47.6030186200
TRE-1087995,,,,,TRE-1087995,Seattle Department of Transportation,Thuja plicata,Western Red Cedar,"4",Private,175 LAKE WASHINGTON BLVD,0911efc0-9557-4eb4-86e6-06b89d2022a4,62.092189788818359,89.378425598144531,87.054008483886719,-122.2853340000,47.6030149400
TRE-1087996,,,,,TRE-1087996,Seattle Department of Transportation,Thuja plicata,Western Red Cedar,"2",Private,175 LAKE WASHINGTON BLVD,f80c4c90-5653-4865-ae22-dbbbee2d07aa,62.086845397949219,89.031486511230469,86.993614196777344,-122.2855490000,47.6030016500
TRE-1087997,,,,,TRE-1087997,Seattle Department of Transportation,Thuja plicata,Western Red Cedar,"2",Private,175 LAKE WASHINGTON BLVD,0173b175-f661-4ef8-b255-d50dbaa7b368,62.086845397949219,89.031486511230469,86.993614196777344,-122.2855790000,47.6029788900
TRE-1087998,,,,,TRE-1087998,Seattle Department of Transportation,Thuja plicata,Western Red Cedar,"2",Private,175 LAKE WASHINGTON BLVD,a37090fd-bfd1-460a-877f-1768cc5d6030,62.086845397949219,89.031486511230469,86.993614196777344,-122.2856290000,47.6029808900
TRE-1086146,,,,,TRE-1086146,Seattle Department of Transportation,Thuja plicata,Western Red Cedar,"14",Private,3546 NE 130TH ST,53125f1d-6d23-4c5f-8d89-6cfec8bcbf22,61.924251556396491,86.716499328613281,83.975578308105469,-122.2887090000,47.7231989700
TRE-1086168,,,,,TRE-1086168,Seattle Department of Transportation,Thuja plicata,Western Red Cedar,"10",Private,4234 NE 125TH ST,f400c125-67f5-44bd-81c7-c663b5478f25,61.848510742187507,88.378768920898438,85.555953979492188,-122.2818220000,47.7192301500
TRE-1086171,,,,,TRE-1086171,Seattle Department of Transportation,Thuja plicata,Western Red Cedar,"55",Private,12002 40TH AVE NE,4376f436-fe75-4dc2-a087-fcf403e48c25,62.455356597900391,88.698303222656250,85.464118957519531,-122.2851970000,47.7156002000
TRE-1086175,,,,,TRE-1086175,Seattle Department of Transportation,Thuja plicata,Western Red Cedar,"24",Private,"3611",44ced41b-a781-4890-9ebe-a12fefc72cea,62.288322448730469,88.234405517578125,84.330322265624986,-122.2889030000,47.7118769800
TRE-1088061,,,,,TRE-1088061,Seattle Department of Transportation,Thuja plicata `Fastigiata`,Fastigiata Western Red Cedar,"6",Private,7501 BEACON AVE S,dafd5446-c9d8-463d-b32a-e9a70ede31fc,62.584014892578125,88.591659545898438,87.830284118652330,-122.2909720000,47.5351945500
TRE-1087097,,,,,TRE-1087097,Seattle Department of Transportation,Thuja plicata,Western Red Cedar,"9",Private,4584 NE 89TH ST,06967b0f-a190-4f74-b1b1-c0d636bac5fe,60.347492218017578,89.514686584472656,86.027839660644531,-122.2778880000,47.6935552100
TRE-1086224,,,,,TRE-1086224,Seattle Department of Transportation,Thuja plicata,Western Red Cedar,"25",Private,11509 32ND AVE NE,d05b6e42-b736-4655-880e-d2a3444131fb,61.147830963134766,87.808982849121094,84.293655395507812,-122.2938720000,47.7122968400
TRE-1086247,,,,,TRE-1086247,Seattle Department of Transportation,Thuja plicata,Western Red Cedar,"21",Private,11345 39TH AV NE,444a599f-e20e-4456-bb84-6a0027917ab2,61.973407745361328,87.524032592773438,84.715866088867188,-122.2866780000,47.7114775500
TRE-1086248,,,,,TRE-1086248,Seattle Department of Transportation,Thuja plicata,Western Red Cedar,"17",Private,11345 39TH AV NE,1564ea52-ca4b-4151-8455-3820667ec64d,61.973407745361328,87.524032592773438,84.715866088867188,-122.2866800000,47.7114537700
TRE-1086250,,,,,TRE-1086250,Seattle Department of Transportation,Thuja plicata,Western Red Cedar,"18",Private,11345 39TH AV NE,5b0b8282-d72a-4770-87e3-1a37439ad008,61.938308715820312,87.669136047363281,84.637016296386719,-122.2866830000,47.7114182200
TRE-1086252,,,,,TRE-1086252,Seattle Department of Transportation,Thuja plicata,Western Red Cedar,"20",Private,11315 39TH AV NE,aebac03e-a59c-4e66-94ef-058f09f4db46,61.642635345458984,88.147216796875014,84.594474792480469,-122.2867100000,47.7106485600
TRE-1086253,,,,,TRE-1086253,Seattle Department of Transportation,Thuja plicata,Western Red Cedar,"20",Private,11315 39TH AV NE,8537cfa5-8178-47fb-8265-d576afa061aa,61.595409393310547,88.266143798828125,84.531639099121094,-122.2867200000,47.7106285900
TRE-1086254,,,,,TRE-1086254,Seattle Department of Transportation,Thuja plicata,Western Red Cedar,"25",Private,11315 39TH AV NE,bafe6b90-b024-43aa-9494-a7f13769c643,61.642635345458984,88.147216796875014,84.594474792480469,-122.2867100000,47.7106485600
TRE-1088138,,,,,TRE-1088138,Seattle Department of Transportation,Thuja plicata,Western Red Cedar,"12",Private,3338 S GRAHAM ST,b492bf3c-877a-4a79-b1c4-6c48142ac1b0,62.840881347656250,88.285377502441406,86.823402404785156,-122.2884220000,47.5461843400
TRE-1086276,,,,,TRE-1086276,Seattle Department of Transportation,Thuja plicata,Western Red Cedar,"24",Private,11734 NE Sand Point Wy,57355ebe-25d1-47bc-aba5-4b57ceeb0b88,62.065952301025391,89.155876159667969,86.298461914062500,-122.2824180000,47.7146838400
TRE-1086314,,,,,TRE-1086314,Seattle Department of Transportation,Thuja plicata,Western Red Cedar,"8",Private,4822 NE 103RD ST,265704da-4a4d-4881-a494-6251f60a61a1,62.111232757568359,88.825012207031250,87.100738525390625,-122.2755440000,47.7029929100
TRE-1087189,,,,,TRE-1087189,Seattle Department of Transportation,Thuja plicata,Western Red Cedar,"2",Private,4582 22ND AVE SW,1a58a3dd-1fb4-4c2f-a3b3-d6548987dc63,61.135356903076165,86.977363586425781,85.148757934570327,-122.3614450000,47.5611790800
TRE-1089292,,,,,TRE-1089292,Seattle Department of Transportation,Thuja plicata,Western Red Cedar,"4",Private,1225 ALASKAN WAY,5dcb6bb5-54bb-4827-8874-18a0a020be53,63.345924377441406,89.220687866210938,84.756088256835938,-122.3404670000,47.6058428400
TRE-1089293,,,,,TRE-1089293,Seattle Department of Transportation,Thuja plicata,Western Red Cedar,"4",Private,1225 ALASKAN WAY,50e7e87f-3a92-4b17-ae1b-1a427ee04f08,63.345924377441406,89.220687866210938,84.756088256835938,-122.3404640000,47.6058399200
TRE-1089294,,,,,TRE-1089294,Seattle Department of Transportation,Thuja plicata,Western Red Cedar,"4",Private,1225 ALASKAN WAY,7a719b54-162d-4482-a56a-4e36ae11e17c,63.345924377441406,89.220687866210938,84.756088256835938,-122.3404640000,47.6058408000
TRE-1089299,,,,,TRE-1089299,Seattle Department of Transportation,Thuja plicata,Western Red Cedar,"4",Private,1225 ALASKAN WAY,e22ef789-61a5-468f-998c-2b3a17d29ee1,63.345924377441406,89.220687866210938,84.756088256835938,-122.3404670000,47.6058427100
TRE-1090298,,,,,TRE-1090298,Seattle Department of Transportation,Thuja plicata,Western Red Cedar,"9",Private,1809 W EMERSON PL,d62c8a07-9d46-4d30-98b7-e537ac361b3a,63.695323944091797,86.940910339355469,80.551239013671875,-122.3797070000,47.6539059100
TRE-1089380,,,,,TRE-1089380,Seattle Department of Transportation,Thuja plicata,Western Red Cedar,"2",Private,1331 ALASKAN WAY,4d3e6a94-bc64-43f1-b98d-9d55cfe7e44d,63.290817260742188,89.252616882324219,84.811119079589844,-122.3409880000,47.6064112800
TRE-1089392,,,,,TRE-1089392,Seattle Department of Transportation,Thuja plicata,Western Red Cedar,"2",Private,1331 ALASKAN WAY,798fe4ce-d02c-4465-a02e-5db45c13fcd1,63.299240112304688,89.225784301757812,84.775337219238281,-122.3410370000,47.6064637900
TRE-1089393,,,,,TRE-1089393,Seattle Department of Transportation,Thuja plicata,Western Red Cedar,"2",Private,1331 ALASKAN WAY,0fcb2175-1dcd-439b-a229-17975b36874d,63.299240112304688,89.225784301757812,84.775337219238281,-122.3410380000,47.6064647500
TRE-1089400,,,,,TRE-1089400,Seattle Department of Transportation,Thuja plicata,Western Red Cedar,"3",Private,1331 ALASKAN WAY,ad70ede8-c5bf-4fd2-971f-2046e7525b95,63.283958435058594,89.240608215332031,84.803024291992188,-122.3410990000,47.6065347700
TRE-1090333,,,,,TRE-1090333,Seattle Department of Transportation,Thuja plicata,Western Red Cedar,"3",Seattle Department of Transportation,3825 14TH AV W,57fae313-f504-4d33-8f52-9e96bcd4529d,63.507843017578125,86.800811767578125,80.503250122070327,-122.3750940000,47.6533419800
TRE-1089412,,,,,TRE-1089412,Seattle Department of Transportation,Thuja plicata,Western Red Cedar,"3",Private,1483 ALASKAN WAY,32d0b5f2-5d7b-4b83-8420-2e7d09c179c1,63.249511718750000,89.239219665527344,84.917770385742188,-122.3412990000,47.6067495000
TRE-1089413,,,,,TRE-1089413,Seattle Department of Transportation,Thuja plicata,Western Red Cedar,"3",Private,1483 ALASKAN WAY,4a94c627-ce46-4332-a46d-3c2c5e68168c,63.249511718750000,89.239219665527344,84.917770385742188,-122.3413000000,47.6067501800
TRE-1089419,,,,,TRE-1089419,Seattle Department of Transportation,Thuja plicata,Western Red Cedar,"3",Private,1483 ALASKAN WAY,c7b6979f-0e0e-405a-ae44-5d16d653e7ae,63.249500274658203,89.299049377441406,84.837989807128906,-122.3412390000,47.6066844800
TRE-1089434,,,,,TRE-1089434,Seattle Department of Transportation,Thuja plicata,Western Red Cedar,"2",Private,1399 ALASKAN WAY,c8a6647d-4067-4e89-b826-bc08735e8f83,63.262260437011719,89.271987915039062,84.915374755859375,-122.3414010000,47.6068545700
TRE-1089484,,,,,TRE-1089484,Seattle Department of Transportation,Thuja plicata,Western Red Cedar,"3",Private,1483 ALASKAN WAY,2d5a2a75-d7a9-454f-b9bc-a709041605c0,63.213859558105469,89.183486938476562,84.856979370117188,-122.3414390000,47.6068876700
TRE-1089485,,,,,TRE-1089485,Seattle Department of Transportation,Thuja plicata,Western Red Cedar,"3",Private,1483 ALASKAN WAY,84a387a6-dbf8-4b34-b18d-5b4cea1ea6b6,63.213859558105469,89.183486938476562,84.856979370117188,-122.3414400000,47.6068873000
TRE-1089503,,,,,TRE-1089503,Seattle Department of Transportation,Thuja plicata,Western Red Cedar,"2",Private,1483 ALASKAN WAY,a9fdf7fe-8be3-417d-a9cf-501c85c7e2cd,63.247428894042969,89.189659118652330,84.869750976562500,-122.3416970000,47.6071137700
TRE-1089504,,,,,TRE-1089504,Seattle Department of Transportation,Thuja plicata,Western Red Cedar,"2",Private,1483 ALASKAN WAY,be1d2463-5cfc-43ee-830f-bedeaf9925b7,63.247428894042969,89.189659118652330,84.869750976562500,-122.3416960000,47.6071143100
TRE-1089517,,,,,TRE-1089517,Seattle Department of Transportation,Thuja plicata,Western Red Cedar,"2",Private,1483 ALASKAN WAY,5e318711-cb5f-49e5-88be-49f48b5abcf0,63.361923217773438,89.028793334960938,85.123146057128906,-122.3418770000,47.6074311400
TRE-1089520,,,,,TRE-1089520,Seattle Department of Transportation,Thuja plicata,Western Red Cedar,"2",Private,1483 ALASKAN WAY,855749e8-aa09-4fb2-924d-b0950d798dae,63.361923217773438,89.028793334960938,85.123146057128906,-122.3418960000,47.6074372600
TRE-1089523,,,,,TRE-1089523,Seattle Department of Transportation,Thuja plicata,Western Red Cedar,"2",Private,1483 ALASKAN WAY,2a3ff26b-2d5a-4399-9d43-7842ad7a4281,63.358791351318359,89.078094482421875,85.143310546875014,-122.3420360000,47.6075179100
TRE-1089525,,,,,TRE-1089525,Seattle Department of Transportation,Thuja plicata,Western Red Cedar,"2",Private,1483 ALASKAN WAY,138c99ce-81eb-4da9-9fd9-1d662ed7f649,63.358791351318359,89.078094482421875,85.143310546875014,-122.3420300000,47.6075323600
TRE-1089528,,,,,TRE-1089528,Seattle Department of Transportation,Thuja plicata,Western Red Cedar,"2",Private,1483 ALASKAN WAY,81710cec-a44f-456b-99da-fc09ebd1cf51,63.243415832519531,89.200096130371094,84.954742431640625,-122.3418040000,47.6071996000
TRE-1089535,,,,,TRE-1089535,Seattle Department of Transportation,Thuja plicata,Western Red Cedar,"2",Private,1483 ALASKAN WAY,0b1f0977-1dc5-494f-84da-3e42d5a7cbb9,63.351474761962891,89.074745178222656,85.221664428710938,-122.3419750000,47.6075014300
TRE-1089543,,,,,TRE-1089543,Seattle Department of Transportation,Thuja plicata,Western Red Cedar,"2",Private,1483 ALASKAN WAY,2025bb7b-a469-47e2-bfdc-9f9b05db94a5,63.358791351318359,89.078094482421875,85.143310546875014,-122.3420890000,47.6075739600
TRE-1089544,,,,,TRE-1089544,Seattle Department of Transportation,Thuja plicata,Western Red Cedar,"2",Private,1483 ALASKAN WAY,d81f42d9-d0d7-4135-a4ff-0123a91a1110,63.358791351318359,89.078094482421875,85.143310546875014,-122.3420820000,47.6075763500
TRE-1089546,,,,,TRE-1089546,Seattle Department of Transportation,Thuja plicata,Western Red Cedar,"2",Private,1483 ALASKAN WAY,8617adb3-c915-4532-9fc4-3390384c10f8,63.348457336425781,89.100700378417969,85.109642028808594,-122.3422250000,47.6076155400
TRE-1092551,,,,,TRE-1092551,Seattle Department of Transportation,Thuja plicata,Western Red Cedar,"3",Private,111 10TH AVE S,3d9a36b0-c93c-4822-810e-b8a12c678c00,64.860153198242188,90.867309570312500,87.186119079589844,-122.3199680000,47.6009279100
TRE-1092552,,,,,TRE-1092552,Seattle Department of Transportation,Thuja plicata,Western Red Cedar,"3",Private,111 10TH AVE S,c66367ad-fdad-426a-a7d3-c4664544b46a,64.826263427734375,90.831718444824219,87.165885925292983,-122.3200500000,47.6009184100
TRE-1092558,,,,,TRE-1092558,Seattle Department of Transportation,Thuja plicata,Western Red Cedar,"2",Private,900 S WASHINGTON ST,03be67f6-f2b1-4d90-8c83-3164bc61c77c,64.933761596679688,90.725257873535156,87.279251098632812,-122.3210720000,47.6009132100
TRE-1092649,,,,,TRE-1092649,Seattle Department of Transportation,Thuja plicata,Western Red Cedar,"10",Private,1733 ALASKAN WAY,c3472643-8e4b-411f-84b4-9e167fa14711,63.057750701904297,86.582176208496094,84.652473449707017,-122.3402130000,47.5869146900
TRE-1092650,,,,,TRE-1092650,Seattle Department of Transportation,Thuja plicata,Western Red Cedar,"7",Private,1733 ALASKAN WAY,e0cea13a-3903-4aff-9ed1-4658bbd3b7d6,63.038139343261719,86.604301452636719,84.682830810546875,-122.3402070000,47.5868013500
TRE-1092739,,,,,TRE-1092739,Seattle Department of Transportation,Thuja plicata,Western Red Cedar,"18",Private,803 S LANE ST,08417594-95bb-47f1-aba1-1abd1af17f99,65.623664855957031,89.678878784179673,87.835952758789062,-122.3212940000,47.5968592300
TRE-1092740,,,,,TRE-1092740,Seattle Department of Transportation,Thuja plicata,Western Red Cedar,"18",Private,803 S LANE ST,2dab43cd-7322-4456-8499-30a14782c7cf,65.563270568847656,89.373565673828125,87.792190551757812,-122.3212630000,47.5967602500
TRE-1092742,,,,,TRE-1092742,Seattle Department of Transportation,Thuja plicata,Western Red Cedar,"18",Private,803 S LANE ST,7f06aff1-2ef0-4859-bd45-a0bb7ff9d6f7,65.593864440917969,89.196556091308594,87.784980773925781,-122.3212770000,47.5965472500
TRE-1092744,,,,,TRE-1092744,Seattle Department of Transportation,Thuja plicata,Western Red Cedar,"18",Private,803 S LANE ST,356d5478-1f58-46fd-b152-971394605c30,65.583755493164062,89.121643066406250,87.701438903808594,-122.3212450000,47.5963704600
TRE-1092747,,,,,TRE-1092747,Seattle Department of Transportation,Thuja plicata,Western Red Cedar,"18",Private,803 S LANE ST,971eb344-c800-414a-8474-49b7d441f408,65.736160278320312,89.073448181152330,87.787109375000000,-122.3212300000,47.5961609900
TRE-1091941,,,,,TRE-1091941,Seattle Department of Transportation,Thuja plicata,Western Red Cedar,"50",Private,1770 15TH AVE S,1975e1bf-8348-487a-b778-9d42a42006e4,63.744403839111328,88.988365173339844,84.849342346191406,-122.3133830000,47.5870611600
TRE-1091115,,,,,TRE-1091115,Seattle Department of Transportation,Thuja plicata,Western Red Cedar,"15",Private,1614 S BAYVIEW ST,a4086f36-aa08-44d7-8094-6026e0bfff04,65.428665161132812,88.628784179687500,85.809623718261719,-122.3113230000,47.5810697900
TRE-1091123,,,,,TRE-1091123,Seattle Department of Transportation,Thuja plicata,Western Red Cedar,"20",Private,1614 S BAYVIEW ST,01bf9ff1-a2f7-4d56-bf95-0db6d1dfa3f8,65.215393066406250,88.671401977539062,85.981559753417969,-122.3114040000,47.5810740000
TRE-1092118,,,,,TRE-1092118,Seattle Department of Transportation,Thuja plicata,Western Red Cedar,"35",Private,3905 13TH AVE S,1fc60ed0-bac4-4e40-9ec6-2d66b3197b28,60.976982116699219,90.364372253417969,87.084266662597670,-122.3161980000,47.5689026700
TRE-1092132,,,,,TRE-1092132,Seattle Department of Transportation,Thuja plicata,Western Red Cedar,"20",Seattle Parks and Recreation,4623 CORSON AVE S,3cb4f587-21f8-44a5-ac7a-20c1efdcd2e4,61.834506988525391,89.744094848632812,88.298614501953125,-122.3173280000,47.5616612600
TRE-1092137,,,,,TRE-1092137,Seattle Department of Transportation,Thuja plicata,Western Red Cedar,"22",Seattle Parks and Recreation,4623 CORSON AVE S,6b471d2a-c0d7-4169-a6c3-4c4bbe1c3301,61.834506988525391,89.744094848632812,88.298614501953125,-122.3173860000,47.5616583000
TRE-1094195,,,,,TRE-1094195,Seattle Department of Transportation,Thuja plicata,Western Red Cedar,"14",Private,2100 N NORTHLAKE WAY,776ff34f-bd90-402f-a3aa-4142642b33e2,63.928695678710938,89.450805664062500,85.619247436523438,-122.3332310000,47.6476079400
TRE-1094197,,,,,TRE-1094197,Seattle Department of Transportation,Thuja plicata,Western Red Cedar,"8",Private,2100 N NORTHLAKE WAY,8aaf7f1c-fb4c-47c7-bb93-4587c2a40fff,63.928695678710938,89.450805664062500,85.619247436523438,-122.3332550000,47.6476554400
TRE-1094203,,,,,TRE-1094203,Seattle Department of Transportation,Thuja plicata,Western Red Cedar,"14",Private,2100 N NORTHLAKE WAY,d2908385-1d57-4b66-9092-317118e4fca5,63.950504302978509,89.423698425292983,85.488403320312500,-122.3334820000,47.6473320500
TRE-1094204,,,,,TRE-1094204,Seattle Department of Transportation,Thuja plicata,Western Red Cedar,"10",Private,2100 N NORTHLAKE WAY,a5c6dac8-be78-446c-bd9d-74414c529d81,63.955406188964837,89.389930725097670,85.420486450195312,-122.3334740000,47.6472924100
TRE-1094205,,,,,TRE-1094205,Seattle Department of Transportation,Thuja plicata,Western Red Cedar,"15",Private,2100 N NORTHLAKE WAY,f32617c0-aa81-4eed-af7d-deb32d83f6a0,63.955406188964837,89.389930725097670,85.420486450195312,-122.3334640000,47.6472529400
TRE-1094234,,,,,TRE-1094234,Seattle Department of Transportation,Thuja plicata,Western Red Cedar,"7",Private,100 NE NORTHLAKE WAY,58762bd9-0dd3-4c72-adc3-a9e758f71b3c,63.094375610351562,88.883537292480469,84.748168945312500,-122.3272830000,47.6538722800
TRE-1094235,,,,,TRE-1094235,Seattle Department of Transportation,Thuja plicata,Western Red Cedar,"5",Private,100 NE NORTHLAKE WAY,ccb824bc-d62b-493a-8dac-78e36cd5717b,62.991111755371094,88.837081909179673,84.759323120117188,-122.3271700000,47.6539729400
TRE-1094238,,,,,TRE-1094238,Seattle Department of Transportation,Thuja plicata,Western Red Cedar,"7",Private,100 NE NORTHLAKE WAY,abf8b337-8377-409a-bdd1-b2332ea81f6c,63.016872406005859,88.830192565917969,84.682678222656250,-122.3271400000,47.6540050100
TRE-1094239,,,,,TRE-1094239,Seattle Department of Transportation,Thuja plicata,Western Red Cedar,"6",Private,100 NE NORTHLAKE WAY,2b3e1c1f-af9b-47c1-8786-c8c29953f7b8,63.371925354003906,88.924888610839844,84.703216552734375,-122.3276130000,47.6534676900
TRE-1094240,,,,,TRE-1094240,Seattle Department of Transportation,Thuja plicata,Western Red Cedar,"5",Private,100 NE NORTHLAKE WAY,0ba49425-1240-4c81-bff2-96f464eca1ca,63.305877685546875,88.988456726074219,84.772964477539062,-122.3276250000,47.6534856700
TRE-1094241,,,,,TRE-1094241,Seattle Department of Transportation,Thuja plicata,Western Red Cedar,"5",Private,100 NE NORTHLAKE WAY,e9083b8f-f61f-450e-8891-bb92c98a37fd,63.305877685546875,88.988456726074219,84.772964477539062,-122.3276270000,47.6535012900
TRE-1094242,,,,,TRE-1094242,Seattle Department of Transportation,Thuja plicata,Western Red Cedar,"6",Private,100 NE NORTHLAKE WAY,4e6f5adf-1930-497d-91a8-ee00a5499c68,63.305877685546875,88.988456726074219,84.772964477539062,-122.3276190000,47.6535299600
TRE-1094243,,,,,TRE-1094243,Seattle Department of Transportation,Thuja plicata,Western Red Cedar,"6",Private,100 NE NORTHLAKE WAY,2782de7a-9980-4743-8133-3480edc68f5d,63.305877685546875,88.988456726074219,84.772964477539062,-122.3275940000,47.6535611300
TRE-1094533,,,,,TRE-1094533,Seattle Department of Transportation,Thuja plicata,Western Red Cedar,"6",Private,100 NE NORTHLAKE WAY,8cbbc315-23b5-438a-9e61-46bf8a703e69,62.991123199462891,88.804435729980469,84.743240356445312,-122.3270360000,47.6540772100
TRE-1094542,,,,,TRE-1094542,Seattle Department of Transportation,Thuja plicata,Western Red Cedar,"6",Private,100 NE NORTHLAKE WAY,9209092a-eb91-4af4-8ad1-7d1ee137b626,63.120624542236328,88.889373779296875,84.747581481933594,-122.3273700000,47.6538128000
TRE-1094544,,,,,TRE-1094544,Seattle Department of Transportation,Thuja plicata,Western Red Cedar,"6",Private,100 NE NORTHLAKE WAY,2050e4f4-3551-4cca-90a7-fc7c2f81eb3e,63.168895721435547,88.955085754394531,84.774314880371094,-122.3274740000,47.6537105800
TRE-1094545,,,,,TRE-1094545,Seattle Department of Transportation,Thuja plicata,Western Red Cedar,"7",Private,100 NE NORTHLAKE WAY,4008b75b-4c95-4863-9542-5dfbf7b521ec,63.305877685546875,88.988456726074219,84.772964477539062,-122.3276090000,47.6535457500
TRE-1092811,,,,,TRE-1092811,Seattle Department of Transportation,Thuja plicata,Western Red Cedar,"4",Private,1416 N 49TH ST,cc791a09-cef1-43fd-b553-885a639c1962,62.316104888916016,88.067550659179673,85.074089050292983,-122.3397060000,47.6643423500
TRE-1093370,,,,,TRE-1093370,Seattle Department of Transportation,Thuja plicata,Western Red Cedar,"4",Private,2206 N 41ST ST,9e6748e1-8d00-4750-99ca-e11e5801badb,62.349765777587891,86.114051818847670,82.596153259277344,-122.3323070000,47.6567604100
TRE-1094625,,,,,TRE-1094625,Seattle Department of Transportation,Thuja plicata,Western Red Cedar,"3",Private,3831 ASHWORTH AVE N,c400b4c1-7b0d-4548-be58-2161dfcc3789,62.316978454589837,88.442230224609375,85.310272216796875,-122.3402740000,47.6536373000
TRE-1093799,,,,,TRE-1093799,Seattle Department of Transportation,Thuja plicata,Western Red Cedar,"33",Private,1609 N 36TH ST,d5102aa6-0bcc-4352-9381-59908805bbef,63.207794189453125,89.543792724609375,85.446632385253906,-122.3381600000,47.6504769800
TRE-1093802,,,,,TRE-1093802,Seattle Department of Transportation,Thuja plicata,Western Red Cedar,"38",Private,1609 N 36TH ST,e30f27ca-d7ba-4038-a673-5865411b04c5,63.227252960205078,89.518486022949219,85.361045837402330,-122.3383590000,47.6504738300
TRE-1093824,,,,,TRE-1093824,Seattle Department of Transportation,Thuja plicata,Western Red Cedar,"7",Private,3710 CORLISS AVE N,9842f168-2975-4d7c-a532-d44c116c2482,63.092586517333984,88.831779479980469,84.675865173339844,-122.3318560000,47.6520176200
TRE-1093876,,,,,TRE-1093876,Seattle Department of Transportation,Thuja plicata,Western Red Cedar,"2",Private,3646 WOODLAWN AVE N,39b9f662-3703-4915-97da-c06409c7ef23,62.713710784912109,88.767044067382812,84.667205810546875,-122.3384920000,47.6519464100
TRE-1093889,,,,,TRE-1093889,Seattle Department of Transportation,Thuja plicata,Western Red Cedar,"9",Seattle Department of Transportation,4500 AURORA AVE N,dad69e9d-9437-4d55-8e10-e246337c0966,62.759929656982422,90.045799255371094,87.022193908691406,-122.3468780000,47.6617198400
TRE-1093894,,,,,TRE-1093894,Seattle Department of Transportation,Thuja plicata,Western Red Cedar,"5",Seattle Department of Transportation,4500 AURORA AVE N,aed3e61b-1091-4a1f-86cf-4283dbad8c75,62.759929656982422,90.045799255371094,87.022193908691406,-122.3468210000,47.6617541100
TRE-1094752,,,,,TRE-1094752,Seattle Department of Transportation,Thuja plicata,Western Red Cedar,"4",Private,3729 DENSMORE AVE N,e4b2a3b5-7b43-4039-a03c-1679a2a2f35a,62.791027069091797,87.665000915527344,83.919815063476562,-122.3375700000,47.6528377900
TRE-1094753,,,,,TRE-1094753,Seattle Department of Transportation,Thuja plicata,Western Red Cedar,"4",Private,3729 DENSMORE AVE N,69d6b396-5cba-4e2b-b86d-ee0aaf4fb5f9,62.786193847656250,87.702217102050781,83.852935791015625,-122.3375720000,47.6528005700
TRE-1094032,,,,,TRE-1094032,Seattle Department of Transportation,Thuja plicata `Zebrina`,Zebra Cedar,"4",Private,4209 INTERLAKE AVE N,dd86296e-335a-4f9a-a0a0-51023f50271d,61.967197418212891,88.247856140136719,84.555160522460938,-122.3408550000,47.6584264200
TRE-1094036,,,,,TRE-1094036,Seattle Department of Transportation,Thuja plicata `Zebrina`,Zebra Cedar,"4",Private,4209 INTERLAKE AVE N,78fac450-1d98-4b27-b3e2-e3469ede6abc,62.000049591064453,88.259063720703125,84.513198852539062,-122.3408590000,47.6583824900
TRE-1094037,,,,,TRE-1094037,Seattle Department of Transportation,Thuja plicata `Zebrina`,Zebra Cedar,"4",Private,4209 INTERLAKE AVE N,499c56ec-7328-40f0-9d34-2a336381c89f,61.935890197753906,88.111457824707017,84.465225219726562,-122.3408590000,47.6583298400
TRE-1094047,,,,,TRE-1094047,Seattle Department of Transportation,Thuja plicata,Western Red Cedar,"4",Private,933 N NORTHLAKE WAY,ecda6a9f-04e7-40c2-acd5-01828b59744f,62.751098632812493,87.223945617675781,83.826927185058594,-122.3457060000,47.6485176600
TRE-1094050,,,,,TRE-1094050,Seattle Department of Transportation,Thuja plicata,Western Red Cedar,"2",Private,933 N NORTHLAKE WAY,5f7e4a59-2507-4e22-bfa9-b6846a3242e3,62.751098632812493,87.223945617675781,83.826927185058594,-122.3456510000,47.6485098600
TRE-1094051,,,,,TRE-1094051,Seattle Department of Transportation,Thuja plicata,Western Red Cedar,"2",Private,933 N NORTHLAKE WAY,153ac81f-5249-429b-a533-f191103bdb21,62.751098632812493,87.223945617675781,83.826927185058594,-122.3456850000,47.6485130000
TRE-1094158,,,,,TRE-1094158,Seattle Department of Transportation,Thuja plicata,Western Red Cedar,"21",Seattle Parks and Recreation,1320 N 34TH ST,0a1592b6-4cb4-483b-a5e6-eaf4946e2751,63.717193603515625,89.813049316406250,85.862541198730469,-122.3387540000,47.6472047300
TRE-1094159,,,,,TRE-1094159,Seattle Department of Transportation,Thuja plicata,Western Red Cedar,"21",Seattle Parks and Recreation,1320 N 34TH ST,01584684-dda6-4835-afaf-945b5c2acb5d,63.717193603515625,89.813049316406250,85.862541198730469,-122.3387820000,47.6472209500
TRE-1094160,,,,,TRE-1094160,Seattle Department of Transportation,Thuja plicata,Western Red Cedar,"30",Seattle Parks and Recreation,1320 N 34TH ST,f064e398-6a63-44f9-99d5-f96cf113d8f7,63.688659667968750,89.914505004882812,85.748527526855469,-122.3388260000,47.6472469700
TRE-1095174,,,,,TRE-1095174,Seattle Department of Transportation,Thuja plicata,Western Red Cedar,"11",Private,4816 AURORA AVE N,4087e3d9-e232-4897-b99b-e38e1fd3dd51,61.916683197021491,89.032409667968750,86.351097106933594,-122.3471530000,47.6641231700
TRE-1095211,,,,,TRE-1095211,Seattle Department of Transportation,Thuja plicata,Western Red Cedar,"20",Private,909 N 35TH ST,557259dc-4d8a-4dc5-a224-a046408a34c7,63.232387542724609,87.992561340332031,84.964515686035156,-122.3471770000,47.6496968600
TRE-1095231,,,,,TRE-1095231,Seattle Department of Transportation,Thuja plicata,Western Red Cedar,"13",Private,3510 TROLL AVE N,cb8896cb-d56f-430d-b005-6f7e05b45479,63.146617889404297,88.712722778320327,86.118652343750000,-122.3471030000,47.6507687100
TRE-1095233,,,,,TRE-1095233,Seattle Department of Transportation,Thuja plicata,Western Red Cedar,"13",Private,3510 TROLL AVE N,8a779911-5c08-4638-b645-e897a15665b6,63.146617889404297,88.712722778320327,86.118652343750000,-122.3471440000,47.6507876600
TRE-1095235,,,,,TRE-1095235,Seattle Department of Transportation,Thuja plicata,Western Red Cedar,"17",Private,3510 TROLL AVE N,1b4ee145-5914-441e-86a9-4ba744fbb162,63.160785675048835,88.721794128417969,86.094573974609375,-122.3471300000,47.6508269100
TRE-1096403,,,,,TRE-1096403,Seattle Department of Transportation,Thuja plicata,Western Red Cedar,"8",Private,700 NE 40TH ST MEDIAN,dbe435e3-5018-441c-b667-ecf7c7334f3e,63.340995788574219,89.273994445800781,86.935646057128906,-122.3189450000,47.6556371600
TRE-1096531,,,,,TRE-1096531,Seattle Department of Transportation,Thuja plicata,Western Red Cedar,"20",Private,1608 EDGEWOOD AVE SW,c0564182-a393-4c60-a6f2-422febc61337,62.520759582519531,88.888198852539062,85.225090026855469,-122.3833460000,47.5891987400
TRE-1096836,,,,,TRE-1096836,Seattle Department of Transportation,Thuja plicata,Western Red Cedar,"10",Private,4247 7TH AVE NE,986c3df1-c064-4c33-a11a-12c515e8ac3d,63.123157501220703,88.915016174316406,86.944503784179673,-122.3209170000,47.6589571700
TRE-1096837,,,,,TRE-1096837,Seattle Department of Transportation,Thuja plicata,Western Red Cedar,"19",Private,4247 7TH AVE NE,6dacbf97-e092-47e0-80b6-497440755c1f,63.107906341552734,88.973228454589844,86.954803466796875,-122.3209310000,47.6588804500
TRE-1097019,,,,,TRE-1097019,Seattle Department of Transportation,Thuja plicata,Western Red Cedar,"8",Private,909 NW 62ND ST,97ca28f1-9875-48ed-9c31-6330e11d2200,61.948860168457031,88.448585510253906,84.803871154785156,-122.3692670000,47.6737635200
TRE-1097020,,,,,TRE-1097020,Seattle Department of Transportation,Thuja plicata,Western Red Cedar,"8",Private,909 NW 62ND ST,9ce75a72-d1be-422c-bbdd-06012b5c64d5,61.948860168457031,88.448585510253906,84.803871154785156,-122.3693240000,47.6737649500
TRE-1097706,,,,,TRE-1097706,Seattle Department of Transportation,Thuja plicata,Western Red Cedar,"8",Private,7324 20TH AVE NW,27b21fb8-b843-4b5d-8309-aeccfe64c120,60.217170715332031,84.500762939453125,81.701217651367188,-122.3820800000,47.6820871900
TRE-1098412,,,,,TRE-1098412,Seattle Department of Transportation,Thuja plicata,Western Red Cedar,"15",Private,6524 11TH AVE NW,042ffef1-6bbc-422c-83c9-7d92780a2c8e,59.897907257080078,85.184417724609375,82.635437011718750,-122.3708020000,47.6766780200
TRE-1098078,,,,,TRE-1098078,Seattle Department of Transportation,Thuja plicata,Western Red Cedar,"26",Seattle Department of Transportation,651 NE 42ND ST,b55fd8ca-2fb1-482f-aaaf-8671b677f7d6,63.136135101318359,89.111236572265625,86.846656799316406,-122.3213980000,47.6570788000
TRE-1098080,,,,,TRE-1098080,Seattle Department of Transportation,Thuja plicata,Western Red Cedar,"10",Seattle Department of Transportation,651 NE 42ND ST,72aae8fe-9f19-4778-844e-d208246cb33a,63.129272460937507,89.092758178710938,86.676605224609375,-122.3215320000,47.6569309300
TRE-1098081,,,,,TRE-1098081,Seattle Department of Transportation,Thuja plicata,Western Red Cedar,"17",Seattle Department of Transportation,651 NE 42ND ST,4502b9b1-b556-4e70-b242-56c84fd0b24e,63.140953063964837,89.085830688476562,86.760856628417969,-122.3216170000,47.6569710600
TRE-1098083,,,,,TRE-1098083,Seattle Department of Transportation,Thuja plicata,Western Red Cedar,"22",Seattle Department of Transportation,651 NE 42ND ST,cd80707c-9d2b-4a5f-8ff8-077a90cd513f,63.132823944091797,89.032157897949219,86.832298278808594,-122.3216950000,47.6569651200
TRE-1098084,,,,,TRE-1098084,Seattle Department of Transportation,Thuja plicata,Western Red Cedar,"24",Seattle Department of Transportation,651 NE 42ND ST,7f2d5bdb-f983-49d2-9b70-5fe7caae0016,63.147548675537109,89.056877136230469,86.774879455566406,-122.3217180000,47.6569183000
TRE-1098153,,,,,TRE-1098153,Seattle Department of Transportation,Thuja plicata,Western Red Cedar,"9",Private,7357 MARY AVE NW,e9515c92-6247-412c-ab3d-c57e6c9ca330,62.005359649658203,87.391906738281250,83.877792358398438,-122.3759330000,47.6831987900
TRE-1098160,,,,,TRE-1098160,Seattle Department of Transportation,Thuja plicata,Western Red Cedar,"7",Private,7358 15TH AVE NW,19190ee7-0eeb-449f-ade7-2e452aa8e9fc,62.094326019287109,87.193115234375014,83.840538024902330,-122.3763710000,47.6832004400
TRE-1098662,,,,,TRE-1098662,Seattle Department of Transportation,Thuja plicata,Western Red Cedar,"22",Private,6748 MARY AVE NW,787c6c49-b741-4658-9c93-44fc6457f045,61.190196990966797,84.868583679199219,82.259170532226562,-122.3761090000,47.6792515700
TRE-1098663,,,,,TRE-1098663,Seattle Department of Transportation,Thuja plicata,Western Red Cedar,"19",Private,6748 MARY AVE NW,4eaf945e-550e-4b4d-989d-79feff66efb3,61.190196990966797,84.868583679199219,82.259170532226562,-122.3761090000,47.6792887200
TRE-1098664,,,,,TRE-1098664,Seattle Department of Transportation,Thuja plicata,Western Red Cedar,"17",Private,6748 MARY AVE NW,2fcde745-3feb-44a2-86a0-2050b33156e8,61.341739654541016,85.099494934082031,82.420181274414062,-122.3761070000,47.6793248300
TRE-1098665,,,,,TRE-1098665,Seattle Department of Transportation,Thuja plicata,Western Red Cedar,"18",Private,6748 MARY AVE NW,dca9fe35-537c-49c1-a220-a635539078d5,61.341739654541016,85.099494934082031,82.420181274414062,-122.3761040000,47.6793614900
TRE-1099634,,,,,TRE-1099634,Seattle Department of Transportation,Thuja plicata,Western Red Cedar,"8",Private,134 N 82ND ST,82f148ea-eeee-489f-bb61-afe3ce749af7,63.141841888427734,88.787109375000000,85.305778503417969,-122.3563940000,47.6884395700
TRE-1100565,,,,,TRE-1100565,Seattle Department of Transportation,Thuja plicata,Western Red Cedar,"22",Private,318 NW 72ND ST,7ee31076-cca7-4b45-8971-233b939c6ce0,61.202499389648438,86.046791076660156,82.487327575683594,-122.3614190000,47.6810122500
TRE-1099955,,,,,TRE-1099955,Seattle Department of Transportation,Thuja plicata,Western Red Cedar,"5",Seattle Department of Transportation,TC - NW 77TH ST & MARY AVE NW,2f3465a3-2f0b-4599-a508-ad109592a7a8,62.194519042968750,87.121223449707017,84.090370178222656,-122.3754460000,47.6850686400
TRE-1101319,,,,,TRE-1101319,Seattle Department of Transportation,Thuja plicata,Western Red Cedar,"8",Private,7558 18TH AVE NW,7f9be894-bcbe-492e-bd6e-a3f3715767f8,61.314067840576165,85.307243347167969,82.448295593261719,-122.3795790000,47.6849958100
TRE-1099966,,,,,TRE-1099966,Seattle Department of Transportation,Thuja plicata,Western Red Cedar,"3",Private,11756 PALATINE AVE N,8fa2acf6-b1d6-436d-a4aa-a2b4eb905fa6,61.448360443115234,89.554450988769531,85.897895812988281,-122.3567860000,47.7158172700
TRE-1102123,,,,,TRE-1102123,Seattle Department of Transportation,Thuja plicata,Western Red Cedar,"2",Private,8310 31ST AVE NW,1afde265-37cf-4dcf-a832-2d4dca12c8cf,62.036827087402344,88.843955993652330,84.988121032714844,-122.3969490000,47.6887746900
TRE-1102124,,,,,TRE-1102124,Seattle Department of Transportation,Thuja plicata,Western Red Cedar,"2",Private,8310 31ST AVE NW,6bbf351e-be6c-4b49-84f6-cc502fe618e4,62.036827087402344,88.843955993652330,84.988121032714844,-122.3969530000,47.6887356100
TRE-1103213,,,,,TRE-1103213,Seattle Department of Transportation,Thuja plicata,Western Red Cedar,"28",Private,8927 30TH AVE NW,8366d12a-216d-49be-8f84-d649a21ede66,61.695804595947266,88.335708618164062,84.534820556640625,-122.3957870000,47.6944898800
TRE-1103232,,,,,TRE-1103232,Seattle Department of Transportation,Thuja plicata,Western Red Cedar,"12",Private,8701 29TH AVE NW,0ffe5fe8-e608-4d6a-ac15-423917d888c7,62.012001037597656,88.614227294921875,84.731834411621094,-122.3939190000,47.6921165000
TRE-1103253,,,,,TRE-1103253,Seattle Department of Transportation,Thuja plicata,Western Red Cedar,"35",Private,2858 NW 90TH PL,f30c2792-0074-4754-b2b3-7ff345bea588,61.610221862792969,88.372009277343750,84.369262695312500,-122.3954370000,47.6946271300
TRE-1103274,,,,,TRE-1103274,Seattle Department of Transportation,Thuja plicata,Western Red Cedar,"22",Private,8814 28TH AVE NW,63b536a4-d71e-4714-b3b7-7ef061d1ac73,61.499031066894531,89.203659057617188,84.807556152343750,-122.3928470000,47.6933375300
TRE-1103300,,,,,TRE-1103300,Seattle Department of Transportation,Thuja plicata,Western Red Cedar,"8",Private,9007 28TH AVE NW,64dbd08c-d37e-490b-b186-460c61cf080c,61.547977447509766,88.643211364746094,84.013763427734375,-122.3930540000,47.6945649600
TRE-1103301,,,,,TRE-1103301,Seattle Department of Transportation,Thuja plicata,Western Red Cedar,"8",Private,9007 28TH AVE NW,8a86f259-a276-4dfa-922c-59cf872cede8,61.547977447509766,88.643211364746094,84.013763427734375,-122.3930580000,47.6945477500
TRE-1103302,,,,,TRE-1103302,Seattle Department of Transportation,Thuja plicata,Western Red Cedar,"8",Private,9007 28TH AVE NW,36c8cef2-b5b8-479a-b1b7-76e91239b061,61.547977447509766,88.643211364746094,84.013763427734375,-122.3930550000,47.6945262600
TRE-1103303,,,,,TRE-1103303,Seattle Department of Transportation,Thuja plicata,Western Red Cedar,"12",Private,9020 26TH AVE NW,148e3954-150f-40ab-b23e-8d32cbf426df,61.831615447998047,89.282920837402330,85.520797729492188,-122.3896080000,47.6949843300
TRE-1103304,,,,,TRE-1103304,Seattle Department of Transportation,Thuja plicata,Western Red Cedar,"11",Private,9020 26TH AVE NW,32656363-00c9-412f-a443-2e858e9d79df,61.831615447998047,89.282920837402330,85.520797729492188,-122.3896030000,47.6949623600
TRE-1103305,,,,,TRE-1103305,Seattle Department of Transportation,Thuja plicata,Western Red Cedar,"8",Private,9020 26TH AVE NW,d17ad108-7a6a-446a-83f8-5d24771d1ab9,61.831615447998047,89.282920837402330,85.520797729492188,-122.3896030000,47.6949495500
TRE-1103306,,,,,TRE-1103306,Seattle Department of Transportation,Thuja plicata,Western Red Cedar,"12",Private,9020 26TH AVE NW,267b0179-4680-45be-9fb0-258b451541cd,61.783161163330078,89.286720275878906,85.548065185546875,-122.3896000000,47.6949364500
TRE-1103307,,,,,TRE-1103307,Seattle Department of Transportation,Thuja plicata,Western Red Cedar,"11",Private,9020 26TH AVE NW,29d40f9c-ce43-48a1-8cfd-f77cc92d28ec,61.783161163330078,89.286720275878906,85.548065185546875,-122.3896010000,47.6949203300
TRE-1103330,,,,,TRE-1103330,Seattle Department of Transportation,Thuja plicata,Western Red Cedar,"15",Private,2502 NW 92ND ST,4ec07525-26fc-4ca0-9180-8ecbd1f91844,61.964775085449219,88.587600708007812,85.215118408203125,-122.3887090000,47.6962387900
TRE-1103331,,,,,TRE-1103331,Seattle Department of Transportation,Thuja plicata,Western Red Cedar,"15",Private,2502 NW 92ND ST,73f37701-9aea-47bd-9e4d-b669b3579c60,61.964775085449219,88.587600708007812,85.215118408203125,-122.3887100000,47.6962857400
TRE-1103332,,,,,TRE-1103332,Seattle Department of Transportation,Thuja plicata,Western Red Cedar,"15",Private,2502 NW 92ND ST,60e41af0-3af8-4575-867f-d1e7d1d6ea8d,61.964775085449219,88.587600708007812,85.215118408203125,-122.3887110000,47.6962647800
TRE-1103334,,,,,TRE-1103334,Seattle Department of Transportation,Thuja plicata,Western Red Cedar,"15",Private,2502 NW 92ND ST,59c7444a-8d9b-400c-927c-74e8d7cdc23e,61.914787292480469,88.593292236328125,85.153091430664062,-122.3887160000,47.6963268100
TRE-1103335,,,,,TRE-1103335,Seattle Department of Transportation,Thuja plicata,Western Red Cedar,"15",Private,2502 NW 92ND ST,5775900b-057c-4aa5-83cf-a7cc84c728f6,61.914787292480469,88.593292236328125,85.153091430664062,-122.3887130000,47.6963102600
TRE-1103353,,,,,TRE-1103353,Seattle Department of Transportation,Thuja plicata,Western Red Cedar,"17",Private,9257 24TH AVE NW,844946da-6060-4c44-8e53-2d6157cba3d1,62.519809722900391,88.270080566406250,85.596832275390625,-122.3877860000,47.6978216200
TRE-1103355,,,,,TRE-1103355,Seattle Department of Transportation,Thuja plicata,Western Red Cedar,"65",Private,9256 25TH AVE NW,ab1af644-174a-4e72-8176-80efae24bd26,62.155586242675781,87.807380676269531,85.061416625976562,-122.3882400000,47.6978199400
TRE-1103359,,,,,TRE-1103359,Seattle Department of Transportation,Thuja plicata,Western Red Cedar,"75",Private,2505 NW 95TH ST,e03a1e75-ba92-4f90-b357-b3809d596dbd,61.931961059570312,88.315780639648438,84.828186035156250,-122.3889360000,47.6978246100
TRE-1103368,,,,,TRE-1103368,Seattle Department of Transportation,Thuja plicata,Western Red Cedar,"21",Private,9501 24TH AVE NW,4d5bf269-16be-4b99-be22-85ab0a57fcf0,61.952617645263672,88.014961242675781,85.058807373046875,-122.3882990000,47.6981446400
TRE-1103389,,,,,TRE-1103389,Seattle Department of Transportation,Thuja plicata,Western Red Cedar,"20",Private,2612 NW 95TH ST,6771cd0b-ba4d-4f31-87d7-7833cb00176c,62.070121765136719,88.554496765136719,84.765838623046875,-122.3905950000,47.6979347400
TRE-1103390,,,,,TRE-1103390,Seattle Department of Transportation,Thuja plicata,Western Red Cedar,"25",Private,2612 NW 95TH ST,f0e453e6-16b9-4ae1-a68a-aa3aa45e8590,62.105445861816406,88.505195617675781,84.720207214355469,-122.3905450000,47.6979358700
TRE-1103391,,,,,TRE-1103391,Seattle Department of Transportation,Thuja plicata,Western Red Cedar,"20",Private,2612 NW 95TH ST,b678dbaa-872c-4e3b-b673-c291ed5b3d30,62.070121765136719,88.554496765136719,84.765838623046875,-122.3906320000,47.6979322900
TRE-1103425,,,,,TRE-1103425,Seattle Department of Transportation,Thuja plicata,Western Red Cedar,"13",Private,2518 NW 95TH ST,f13b1b0b-f56c-4d37-9349-9d364c5a5e81,61.830429077148438,88.422744750976562,84.711044311523438,-122.3896200000,47.6980063500
TRE-1103427,,,,,TRE-1103427,Seattle Department of Transportation,Thuja plicata,Western Red Cedar,"10",Private,2515 NW 95TH ST,bbc1eaa2-aae2-4956-978a-4fa03b250d9b,61.867824554443359,88.345909118652330,84.766204833984375,-122.3895730000,47.6978135400
TRE-1103453,,,,,TRE-1103453,Seattle Department of Transportation,Thuja plicata,Western Red Cedar,"27",Private,2401 NW 98TH ST,e2dbe320-7eaf-4057-a41a-e20ca241af04,63.254676818847656,89.520065307617188,86.730445861816406,-122.3879240000,47.7000509100
TRE-1103458,,,,,TRE-1103458,Seattle Department of Transportation,Thuja plicata,Western Red Cedar,"30",Private,9810 MARMOUNT DR NW,77c0bdc5-352f-4ff6-89bd-65c81d82e877,63.369987487792969,88.902351379394531,86.533103942871094,-122.3895080000,47.7005973800
TRE-1103459,,,,,TRE-1103459,Seattle Department of Transportation,Thuja plicata,Western Red Cedar,"30",Private,9810 MARMOUNT DR NW,c1c1d427-a499-4301-93a1-bc42bccdd906,63.369987487792969,88.902351379394531,86.533103942871094,-122.3895430000,47.7006141800
TRE-1103460,,,,,TRE-1103460,Seattle Department of Transportation,Thuja plicata,Western Red Cedar,"21",Private,9810 MARMOUNT DR NW,bc19f914-8d67-4602-9d5a-3f9fadbac796,63.471885681152344,88.917961120605469,86.559745788574219,-122.3895700000,47.7006228700
TRE-1103475,,,,,TRE-1103475,Seattle Department of Transportation,Thuja plicata,Western Red Cedar,"30",Private,2660 NW 95TH ST,8f6ebef5-ae47-4f1a-89b3-3bf7f4ba4f41,62.461765289306641,88.726493835449219,85.339241027832031,-122.3922280000,47.6979725500
TRE-1103477,,,,,TRE-1103477,Seattle Department of Transportation,Thuja plicata,Western Red Cedar,"20",Private,2660 NW 95TH ST,37ae13e5-2071-45be-9afd-e352c53e17b5,62.653068542480469,88.708969116210938,85.762451171875014,-122.3922270000,47.6982355400
TRE-1103481,,,,,TRE-1103481,Seattle Department of Transportation,Thuja plicata,Western Red Cedar,"16",Private,9507 27TH AVE NW,c0eb00d4-5ab9-44a2-ba69-f61d93a25365,62.690589904785163,88.791755676269531,85.760620117187500,-122.3924240000,47.6981522600
TRE-1103482,,,,,TRE-1103482,Seattle Department of Transportation,Thuja plicata,Western Red Cedar,"16",Private,9507 27TH AVE NW,7dadf0c8-67df-4b5f-adce-3d276bdf5b70,62.690589904785163,88.791755676269531,85.760620117187500,-122.3924180000,47.6981834500
TRE-1103483,,,,,TRE-1103483,Seattle Department of Transportation,Thuja plicata,Western Red Cedar,"16",Private,9507 27TH AVE NW,7bd84ce9-d56c-40f7-90d8-7f0a91422cf2,62.792259216308594,88.763427734375014,85.889320373535156,-122.3924250000,47.6982076400
TRE-1103485,,,,,TRE-1103485,Seattle Department of Transportation,Thuja plicata,Western Red Cedar,"20",Private,2651 NW 95TH ST,b631f284-68d7-4e59-b58a-7cbdbe6a5d92,62.433147430419922,88.731292724609375,85.358650207519531,-122.3926610000,47.6978180900
TRE-1103486,,,,,TRE-1103486,Seattle Department of Transportation,Thuja plicata,Western Red Cedar,"20",Private,2651 NW 95TH ST,14e3b684-d38a-4aec-bb55-2c4c55f0d565,62.510925292968750,88.713165283203125,85.324943542480469,-122.3927550000,47.6978209100
TRE-1103487,,,,,TRE-1103487,Seattle Department of Transportation,Thuja plicata,Western Red Cedar,"9",Private,9404 28TH AVE NW,3c10aca6-bbbf-4747-91f5-382c15e00853,62.580169677734375,88.768867492675781,85.404754638671875,-122.3929350000,47.6978218000
TRE-1103503,,,,,TRE-1103503,Seattle Department of Transportation,Thuja plicata `Zebrina`,Zebra Cedar,"17",Private,2804 NW 93RD ST,4ae23720-a0a2-42c7-b3c1-d2816a96f37a,62.057834625244141,88.627075195312500,84.864990234375014,-122.3930130000,47.6971303300
TRE-1103505,,,,,TRE-1103505,Seattle Department of Transportation,Thuja plicata `Zebrina`,Zebra Cedar,"17",Private,2804 NW 93RD ST,2f72d17a-c287-44db-9301-62db195cb993,61.962181091308594,88.560935974121094,84.750907897949219,-122.3930120000,47.6971133000
TRE-1103506,,,,,TRE-1103506,Seattle Department of Transportation,Thuja plicata,Western Red Cedar,"4",Private,2651 NW 95TH ST,615852c4-d992-425f-bac6-43da4346109f,62.302581787109375,88.623916625976562,85.176620483398438,-122.3922580000,47.6978326300
TRE-1103507,,,,,TRE-1103507,Seattle Department of Transportation,Thuja plicata,Western Red Cedar,"20",Private,2651 NW 95TH ST,86e6f87d-df0a-4b56-beb4-31790cefdccf,62.433147430419922,88.731292724609375,85.358650207519531,-122.3926610000,47.6978180900
TRE-1103508,,,,,TRE-1103508,Seattle Department of Transportation,Thuja plicata,Western Red Cedar,"12",Private,9510 28TH AVE NW,3f72c967-682b-49bf-9c25-3296d702b1cf,62.662857055664062,88.771804809570327,85.557929992675781,-122.3928750000,47.6979278900
TRE-1103509,,,,,TRE-1103509,Seattle Department of Transportation,Thuja plicata,Western Red Cedar,"12",Private,9510 28TH AVE NW,c5d1a09d-3801-4bcc-93cf-921f2ee0c703,62.662857055664062,88.771804809570327,85.557929992675781,-122.3928990000,47.6979284600
TRE-1103510,,,,,TRE-1103510,Seattle Department of Transportation,Thuja plicata,Western Red Cedar,"12",Private,9510 28TH AVE NW,37be289c-b90e-4d2c-9591-d6bff0883f88,62.662857055664062,88.771804809570327,85.557929992675781,-122.3929130000,47.6979275500
TRE-1103511,,,,,TRE-1103511,Seattle Department of Transportation,Thuja plicata,Western Red Cedar,"12",Private,9510 28TH AVE NW,eabfd227-600a-4e61-8023-7c1d20611d75,62.662857055664062,88.771804809570327,85.557929992675781,-122.3929330000,47.6979288800
TRE-1103512,,,,,TRE-1103512,Seattle Department of Transportation,Thuja plicata,Western Red Cedar,"12",Private,9510 28TH AVE NW,aaebe26f-b8b3-4bb9-a050-be426059cda1,62.662857055664062,88.771804809570327,85.557929992675781,-122.3929460000,47.6979277500
TRE-1103513,,,,,TRE-1103513,Seattle Department of Transportation,Thuja plicata,Western Red Cedar,"12",Private,9510 28TH AVE NW,9b84cd1d-f0d8-447c-94cd-46a8f39b2a97,62.770069122314453,88.773345947265625,85.660835266113281,-122.3929610000,47.6979264200
TRE-1103514,,,,,TRE-1103514,Seattle Department of Transportation,Thuja plicata,Western Red Cedar,"12",Private,9510 28TH AVE NW,114d0b26-e728-477c-9d1d-5264a590943f,62.770069122314453,88.773345947265625,85.660835266113281,-122.3929800000,47.6979240900
TRE-1103515,,,,,TRE-1103515,Seattle Department of Transportation,Thuja plicata,Western Red Cedar,"12",Private,9510 28TH AVE NW,feb432d4-ac88-4352-80d2-6d83a77c2cd7,62.770069122314453,88.773345947265625,85.660835266113281,-122.3930030000,47.6979231800
TRE-1103516,,,,,TRE-1103516,Seattle Department of Transportation,Thuja plicata,Western Red Cedar,"12",Private,9510 28TH AVE NW,ebf544e5-8c0a-4cad-8f38-0391b5a29aac,62.770069122314453,88.773345947265625,85.660835266113281,-122.3930180000,47.6979259300
TRE-1103517,,,,,TRE-1103517,Seattle Department of Transportation,Thuja plicata,Western Red Cedar,"12",Private,9510 28TH AVE NW,98cb6737-e1bd-4683-a207-a589b7d9a5c3,62.770069122314453,88.773345947265625,85.660835266113281,-122.3930430000,47.6979247100
TRE-1103518,,,,,TRE-1103518,Seattle Department of Transportation,Thuja plicata,Western Red Cedar,"12",Private,9510 28TH AVE NW,43a9c46e-c60f-4005-b4f9-44d8bef06c6e,62.770069122314453,88.773345947265625,85.660835266113281,-122.3930730000,47.6979245900
TRE-1103519,,,,,TRE-1103519,Seattle Department of Transportation,Thuja plicata,Western Red Cedar,"12",Private,9510 28TH AVE NW,be90a1c6-33b9-4c7c-aec9-a5883a0bce2f,62.845836639404297,88.793258666992188,85.687774658203125,-122.3930960000,47.6979236800
TRE-1103520,,,,,TRE-1103520,Seattle Department of Transportation,Thuja plicata,Western Red Cedar,"12",Private,9510 28TH AVE NW,49670543-2d5e-44cb-86c1-c7529fb44167,62.845836639404297,88.793258666992188,85.687774658203125,-122.3931220000,47.6979265900
TRE-1103521,,,,,TRE-1103521,Seattle Department of Transportation,Thuja plicata,Western Red Cedar,"12",Private,9510 28TH AVE NW,88f24801-85f0-4451-836e-015ae2668a98,62.845836639404297,88.793258666992188,85.687774658203125,-122.3931410000,47.6979239500
TRE-1103523,,,,,TRE-1103523,Seattle Department of Transportation,Thuja plicata,Western Red Cedar,"12",Private,9510 28TH AVE NW,83e8a187-490e-4973-b38e-c1d2736226cb,62.845836639404297,88.793258666992188,85.687774658203125,-122.3931810000,47.6979234100
TRE-1103524,,,,,TRE-1103524,Seattle Department of Transportation,Thuja plicata,Western Red Cedar,"12",Private,9510 28TH AVE NW,bfdea05d-60b2-4a10-94c7-790c9be9c6c1,62.845836639404297,88.793258666992188,85.687774658203125,-122.3932030000,47.6979266600
TRE-1103525,,,,,TRE-1103525,Seattle Department of Transportation,Thuja plicata,Western Red Cedar,"12",Private,9510 28TH AVE NW,7c02c580-c6bc-4b74-a5e9-fb230b748e21,62.933940887451165,88.846145629882812,85.783889770507812,-122.3932430000,47.6979332300
TRE-1103526,,,,,TRE-1103526,Seattle Department of Transportation,Thuja plicata,Western Red Cedar,"12",Private,9510 28TH AVE NW,53857295-9af0-4a95-8b0e-3d83577b994c,63.003204345703125,88.814392089843750,85.867713928222656,-122.3932730000,47.6979434900
TRE-1103527,,,,,TRE-1103527,Seattle Department of Transportation,Thuja plicata,Western Red Cedar,"20",Private,2804 NW 93RD ST,090d6ad4-b0ec-4c23-a917-9e8b5028979d,61.962181091308594,88.560935974121094,84.750907897949219,-122.3930130000,47.6970419200
TRE-1103557,,,,,TRE-1103557,Seattle Department of Transportation,Thuja plicata,Western Red Cedar,"7",Private,2802 NW 91ST ST,47372311-5184-4c4d-9945-d4ec4653216e,61.236366271972656,88.491241455078125,84.120254516601562,-122.3930170000,47.6962213900
TRE-1103587,,,,,TRE-1103587,Seattle Department of Transportation,Thuja plicata,Western Red Cedar,"12",Private,2803 NW 91ST ST,849a82f8-200a-4cd2-8405-53cc1f70595b,61.139175415039062,88.566635131835938,83.878616333007812,-122.3930560000,47.6952363100
TRE-1103643,,,,,TRE-1103643,Seattle Department of Transportation,Thuja plicata,Western Red Cedar,"7",Private,2633 NW 98TH ST,164ebd71-2d64-4252-b947-f87b43d16136,63.377826690673835,88.659294128417969,86.684951782226562,-122.3922680000,47.6997640100
TRE-1103644,,,,,TRE-1103644,Seattle Department of Transportation,Thuja plicata,Western Red Cedar,"3",Private,2633 NW 98TH ST,4d6dce64-ab1b-40af-ad66-95dd00f79ca4,63.451370239257812,88.691551208496094,86.701431274414062,-122.3922730000,47.6998269300
TRE-1102766,,,,,TRE-1102766,Seattle Department of Transportation,Thuja plicata,Western Red Cedar,"4",Private,9016 LOYAL AVE NW,1e01cb04-7104-43d5-ac12-e02ec7ef59be,61.640384674072266,88.750007629394531,85.720756530761719,-122.3994100000,47.6940696500
TRE-1102776,,,,,TRE-1102776,Seattle Department of Transportation,Thuja plicata,Western Red Cedar,"25",Private,9016 LOYAL AVE NW,4be0c327-e1bf-45ee-af70-90e914396c1e,61.802036285400391,88.674057006835938,85.696594238281250,-122.3994730000,47.6944222400
TRE-1102777,,,,,TRE-1102777,Seattle Department of Transportation,Thuja plicata,Western Red Cedar,"17",Private,9024 SYLVAN PL NW,33bcee2a-8c67-4d11-90df-ef6afd9d949f,61.754505157470703,88.798439025878906,85.465026855468750,-122.3989600000,47.6945495500
TRE-1102880,,,,,TRE-1102880,Seattle Department of Transportation,Thuja plicata,Western Red Cedar,"12",Private,1704 NW 97TH ST,7afe1f30-8045-417e-81ee-699aff42408a,61.719757080078125,89.222572326660156,85.646347045898438,-122.3789060000,47.6997888100
TRE-1102886,,,,,TRE-1102886,Seattle Department of Transportation,Thuja plicata,Western Red Cedar,"31",Private,1732 NW 97TH ST,216319ff-aa3c-4a32-861f-95207f2187d5,61.685020446777344,88.990852355957017,85.751594543457017,-122.3799090000,47.6997895700
TRE-1102891,,,,,TRE-1102891,Seattle Department of Transportation,Thuja plicata,Western Red Cedar,"9",Private,1747 NW 97TH ST,52bdfc60-e635-4c9c-bdae-b358831d69e6,61.840244293212891,88.692916870117188,85.127967834472656,-122.3806760000,47.6996367600
TRE-1102936,,,,,TRE-1102936,Seattle Department of Transportation,Thuja plicata,Western Red Cedar,"14",Private,1929 NW 96TH ST,fdef8c55-08c0-44d2-89d2-ccc4d3f8b3ad,62.442756652832031,88.639373779296875,85.494155883789062,-122.3819680000,47.6989244300
TRE-1102947,,,,,TRE-1102947,Seattle Department of Transportation,Thuja plicata,Western Red Cedar,"15",Private,2114 NW 99TH ST,4c9416cd-b489-44ff-811e-42a1ff941203,62.219520568847656,88.515785217285156,84.271369934082031,-122.3831770000,47.7011787600
TRE-1102967,,,,,TRE-1102967,Seattle Department of Transportation,Thuja plicata,Western Red Cedar,"3",Private,2146 NW 99TH ST,7c246579-83d1-435c-98b0-3101a10bcf4d,63.186702728271491,89.269706726074219,86.172607421875014,-122.3849730000,47.7012546500
TRE-1102975,,,,,TRE-1102975,Seattle Department of Transportation,Thuja plicata,Western Red Cedar,"36",Private,9803 23RD AVE NW,9b685785-fc12-43ae-9163-b5fda3acc93e,63.211669921875000,89.549209594726562,86.428779602050781,-122.3854070000,47.7006020200
TRE-1103002,,,,,TRE-1103002,Seattle Department of Transportation,Thuja plicata,Western Red Cedar,"48",Private,1900 NW 95TH ST,0b1e97d1-7f84-4596-bc36-a33bfb5ebc76,62.742362976074219,88.771423339843750,85.929618835449219,-122.3809100000,47.6983263200
TRE-1103116,,,,,TRE-1103116,Seattle Department of Transportation,Thuja plicata,Western Red Cedar,"9",Private,2310 NW 95TH ST,e5eae246-93d9-49fa-96ba-ce2e7d316c06,62.393421173095703,88.883705139160156,86.708404541015625,-122.3859340000,47.6983002400
TRE-1103721,,,,,TRE-1103721,Seattle Department of Transportation,Thuja plicata,Western Red Cedar,"15",Private,3010 NW ESPLANADE,d963f4e5-d00e-464b-83bd-88a7de085b69,62.155395507812493,89.043380737304688,87.165382385253906,-122.3964290000,47.6994198400
TRE-1103742,,,,,TRE-1103742,Seattle Department of Transportation,Thuja plicata,Western Red Cedar,"7",Private,3049 NW ESPLANADE,84b0a580-c190-4683-9717-acf1fd1cb80d,62.006156921386719,89.143104553222656,87.254081726074219,-122.3982710000,47.6987849900
TRE-1103744,,,,,TRE-1103744,Seattle Department of Transportation,Thuja plicata,Western Red Cedar,"8",Private,3049 NW ESPLANADE,facacc97-d01c-4a4e-a71c-c177c7b343d5,62.067253112792969,88.893455505371094,87.194419860839844,-122.3982850000,47.6987705900
TRE-1102497,,,,,TRE-1102497,Seattle Department of Transportation,Thuja plicata,Western Red Cedar,"3",Private,3048 NW 74TH ST,1dc33239-e978-4955-9c61-7ea9e2b97af0,61.824542999267578,86.990524291992188,83.251380920410156,-122.3977110000,47.6824083300
TRE-1103786,,,,,TRE-1103786,Seattle Department of Transportation,Thuja plicata `Zebrina`,Zebra Cedar,"6",Private,2602 NW 87TH ST,f142815b-4494-4fef-b9dd-71236b00ed57,61.942947387695312,89.774597167968750,85.836029052734375,-122.3905330000,47.6921251700
TRE-1102617,,,,,TRE-1102617,Seattle Department of Transportation,Thuja plicata,Western Red Cedar,"2",Private,3038 NW 72ND ST,04ce8fea-663e-4301-b8f4-2c26f606f741,60.258998870849609,84.485229492187500,82.067161560058594,-122.3974070000,47.6809902500
TRE-1103913,,,,,TRE-1103913,Seattle Department of Transportation,Thuja plicata,Western Red Cedar,"9",Private,8547 29TH AVE NW,dc18909c-025b-4987-8865-d0abd5e8e2f8,62.110004425048835,88.658493041992188,84.806068420410156,-122.3939100000,47.6918995300
TRE-1102652,,,,,TRE-1102652,Seattle Department of Transportation,Thuja plicata,Western Red Cedar,"14",Private,9511 31ST AVE NW,2f51f232-297c-429e-ae50-d559dfbed324,62.057689666748047,88.549507141113281,85.739913940429673,-122.3975040000,47.6979474600
TRE-1102668,,,,,TRE-1102668,Seattle Department of Transportation,Thuja plicata,Western Red Cedar,"25",Private,9257 VIEW AVE NW,c78128f4-0fd5-447c-8a1b-d8ef7090ed8e,61.919853210449219,88.450820922851562,85.659072875976562,-122.3990600000,47.6971396000
TRE-1102669,,,,,TRE-1102669,Seattle Department of Transportation,Thuja plicata,Western Red Cedar,"3",Private,9257 VIEW AVE NW,860c7a47-cc65-4bdd-a266-723d31db25ab,61.919853210449219,88.450820922851562,85.659072875976562,-122.3990370000,47.6971399100
TRE-1103949,,,,,TRE-1103949,Seattle Department of Transportation,Thuja plicata,Western Red Cedar,"8",Private,8546 30TH AVE NW,2c84ac88-d7f2-4a3c-9566-2931c6a6fbe2,60.882625579833984,87.573898315429673,83.929351806640625,-122.3958370000,47.6920490000
TRE-1103955,,,,,TRE-1103955,Seattle Department of Transportation,Thuja plicata,Western Red Cedar,"2",Private,8554 30TH AVE NW,89fa6eeb-0fa7-4bb2-8f86-95493fd85ce8,60.923881530761719,87.482276916503906,84.012695312500000,-122.3958380000,47.6922361800
TRE-1102715,,,,,TRE-1102715,Seattle Department of Transportation,Thuja plicata,Western Red Cedar,"23",Private,9009 VIEW AVE NW,023b144b-7963-4a3e-bb43-51042fa496cf,61.488548278808594,88.515579223632812,86.014907836914062,-122.4010480000,47.6944021600
TRE-1103982,,,,,TRE-1103982,Seattle Department of Transportation,Thuja plicata,Western Red Cedar,"45",Private,8542 32ND AVE NW,e01a0733-2f26-4c1a-9249-13970897cd60,61.288608551025391,88.216438293457017,84.794395446777344,-122.3983730000,47.6917268800
TRE-1105044,,,,,TRE-1105044,Seattle Department of Transportation,Thuja plicata,Western Red Cedar,"26",Private,9032 4TH AVE NW,e7d5fe91-98aa-4404-ba5b-a282d1629035,61.696033477783203,88.354667663574219,85.192512512207017,-122.3619330000,47.6950351300
TRE-1105047,,,,,TRE-1105047,Seattle Department of Transportation,Thuja plicata,Western Red Cedar,"10",Private,9044 4TH AVE NW,67eb19a7-67d2-4b3e-9fac-ff83afca27d6,61.486476898193359,88.735168457031250,85.067207336425781,-122.3619660000,47.6956298100
TRE-1105114,,,,,TRE-1105114,Seattle Department of Transportation,Thuja plicata `Zebrina`,Zebra Cedar,"10",Private,9218 6TH AVE NW,76acc699-a6d7-4e81-98ee-73124097c089,61.260807037353509,89.182624816894531,85.771369934082031,-122.3632880000,47.6967091800
TRE-1105119,,,,,TRE-1105119,Seattle Department of Transportation,Thuja plicata,Western Red Cedar,"18",Private,9223 4TH AVE NW,153872c1-1721-4fbd-aff3-69134c83f23d,61.630916595458984,89.169433593750000,85.730590820312500,-122.3621210000,47.6967070700
TRE-1105148,,,,,TRE-1105148,Seattle Department of Transportation,Thuja plicata,Western Red Cedar,"3",Private,9502 6TH AVE NW,1a02e02e-19a0-41f6-a48b-51699c0a67b6,61.240070343017578,89.888229370117188,85.862243652343750,-122.3629260000,47.6979337800
TRE-1105150,,,,,TRE-1105150,Seattle Department of Transportation,Thuja plicata,Western Red Cedar,"3",Private,9502 6TH AVE NW,6f27ec60-cb2e-4d16-b3e2-42c8b7cca780,61.240070343017578,89.888229370117188,85.862243652343750,-122.3628830000,47.6979313900
TRE-1105228,,,,,TRE-1105228,Seattle Department of Transportation,Thuja plicata,Western Red Cedar,"13",Private,9708 1ST AVE NW,81826148-9405-48df-87f5-7af6414830a7,62.116928100585938,88.938148498535156,86.041175842285156,-122.3580030000,47.7000219400
TRE-1104287,,,,,TRE-1104287,Seattle Department of Transportation,Thuja plicata,Western Red Cedar,"8",Private,9506 15TH AVE NW,5ca8876c-f4a3-458f-8f32-4ac34bb24ce6,62.421024322509766,88.892738342285156,87.272743225097670,-122.3767200000,47.6980617900
TRE-1104288,,,,,TRE-1104288,Seattle Department of Transportation,Thuja plicata,Western Red Cedar,"12",Private,9506 15TH AVE NW,22c96097-34a2-4e52-8317-19f843fc8a3c,62.421024322509766,88.892738342285156,87.272743225097670,-122.3767120000,47.6980436000
TRE-1104289,,,,,TRE-1104289,Seattle Department of Transportation,Thuja plicata,Western Red Cedar,"13",Private,9506 15TH AVE NW,8f2c4154-cf03-4547-a2c8-babe15338364,62.421024322509766,88.892738342285156,87.272743225097670,-122.3767070000,47.6980770200
TRE-1104317,,,,,TRE-1104317,Seattle Department of Transportation,Thuja plicata,Western Red Cedar,"5",Private,9620 15TH AVE NW,8daa082c-dd61-4981-9951-c4e7e7191248,61.723209381103509,89.722915649414062,86.550743103027344,-122.3766840000,47.6996449700
TRE-1104329,,,,,TRE-1104329,Seattle Department of Transportation,Thuja plicata,Western Red Cedar,"3",Private,9726 15TH AVE NW,769fba05-21ff-4fe0-9067-275430d8b255,62.041599273681641,89.062454223632812,86.155151367187500,-122.3766680000,47.7006620800
TRE-1104346,,,,,TRE-1104346,Seattle Department of Transportation,Thuja plicata,Western Red Cedar,"16",Private,9604 15TH AVE NW,010d3d5f-9b0f-4c58-ae44-60a0e6bbc6be,62.265121459960938,89.805419921875014,86.583473205566406,-122.3766930000,47.6992276100
TRE-1104395,,,,,TRE-1104395,Seattle Department of Transportation,Thuja plicata,Western Red Cedar,"6",Private,8515 19TH AVE NW,3a54f1d9-d3e6-4ab4-8727-d0d2cce555ea,62.666244506835938,90.202239990234375,86.798110961914062,-122.3811910000,47.6910964000
TRE-1104523,,,,,TRE-1104523,Seattle Department of Transportation,Thuja plicata,Western Red Cedar,"20",Private,10315 MARY AVE NW,2efa0ebe-f80d-4faf-9c75-0f73daef26cf,60.913608551025391,88.098152160644531,84.961853027343750,-122.3755160000,47.7039373000
TRE-1104539,,,,,TRE-1104539,Seattle Department of Transportation,Thuja plicata,Western Red Cedar,"8",Private,10021 MARY AVE NW,f2ad3148-18d4-4854-b4a1-6ad20db96df3,61.977554321289062,87.799468994140625,84.591545104980469,-122.3755350000,47.7023433500
TRE-1104540,,,,,TRE-1104540,Seattle Department of Transportation,Thuja plicata,Western Red Cedar,"10",Private,10021 MARY AVE NW,98aebf67-ad1c-4724-9417-03b6236ef33e,62.066425323486328,87.906326293945312,84.678657531738281,-122.3755420000,47.7023258800
TRE-1104699,,,,,TRE-1104699,Seattle Department of Transportation,Thuja plicata `Zebrina`,Zebra Cedar,"4",Private,8520 14TH AVE NW,ab9e214d-956d-40d9-8df2-ac09b6e80e11,62.658008575439453,90.029487609863281,86.397949218750000,-122.3740030000,47.6916766500
TRE-1104702,,,,,TRE-1104702,Seattle Department of Transportation,Thuja plicata `Zebrina`,Zebra Cedar,"6",Private,8520 14TH AVE NW,f33714de-853c-433f-a420-c73283a0f809,62.658008575439453,90.029487609863281,86.397949218750000,-122.3740070000,47.6916990600
TRE-1104800,,,,,TRE-1104800,Seattle Department of Transportation,Thuja plicata,Western Red Cedar,"21",Private,8752 3RD AVE NW,54c71365-b0ce-4d2c-a5e9-2472365e3fc7,62.574867248535163,89.038444519042983,85.710800170898438,-122.3605750000,47.6940113200
TRE-1104825,,,,,TRE-1104825,Seattle Department of Transportation,Thuja plicata,Western Red Cedar,"7",Private,8801 6TH AVE NW,25c9d644-57ba-4461-8629-231b4bf12bb6,62.297359466552734,88.528701782226562,85.226638793945312,-122.3635050000,47.6928659200
TRE-1104826,,,,,TRE-1104826,Seattle Department of Transportation,Thuja plicata,Western Red Cedar,"7",Private,8801 6TH AVE NW,20a33e64-e778-42ad-a46e-a9c00a8c7dfe,62.297359466552734,88.528701782226562,85.226638793945312,-122.3634890000,47.6928763300
TRE-1104845,,,,,TRE-1104845,Seattle Department of Transportation,Thuja plicata,Western Red Cedar,"30",Private,302 NW 86TH ST,99a6d918-1a6c-4544-a24e-8353b34c9a9d,62.594005584716797,89.344078063964844,86.509529113769531,-122.3607670000,47.6915773400
TRE-1104846,,,,,TRE-1104846,Seattle Department of Transportation,Thuja plicata,Western Red Cedar,"30",Private,302 NW 86TH ST,713b08ad-d417-454a-b11e-1478ce22668c,62.660438537597656,89.349136352539062,86.545082092285156,-122.3607670000,47.6915281800
TRE-1104847,,,,,TRE-1104847,Seattle Department of Transportation,Thuja plicata,Western Red Cedar,"30",Private,302 NW 86TH ST,8ae04976-69fd-43d0-8fa6-0dc8b04cd4e1,62.660438537597656,89.349136352539062,86.545082092285156,-122.3607680000,47.6914816900
TRE-1104895,,,,,TRE-1104895,Seattle Department of Transportation,Thuja plicata,Western Red Cedar,"13",Private,357 NW 90TH ST,4b03e58e-c68c-4f86-aca4-924f82fbec04,62.253284454345703,88.331420898437500,85.164154052734375,-122.3632600000,47.6940938700
TRE-1105918,,,,,TRE-1105918,Seattle Department of Transportation,Thuja plicata,Western Red Cedar,"24",Private,1218 NE 120TH ST,d55a8712-9224-422f-a5a1-3a61e5217ce7,62.174823760986328,87.916252136230469,84.943763732910156,-122.3146780000,47.7158579900
TRE-1105919,,,,,TRE-1105919,Seattle Department of Transportation,Thuja plicata,Western Red Cedar,"36",Private,1218 NE 120TH ST,ee325d1e-62c4-4ec4-a275-3e9afd557e7c,62.099079132080078,87.719299316406250,84.901863098144531,-122.3147580000,47.7158430100
TRE-1105922,,,,,TRE-1105922,Seattle Department of Transportation,Thuja plicata,Western Red Cedar,"32",Private,1218 NE 120TH ST,8526edd3-b6a9-4287-9888-346fb25915f5,62.099079132080078,87.719299316406250,84.901863098144531,-122.3148180000,47.7158482100
TRE-1105923,,,,,TRE-1105923,Seattle Department of Transportation,Thuja plicata,Western Red Cedar,"9",Private,11756 12TH AVE NE,d3f7b5e4-01ef-443b-87c5-92608b9280fc,62.099948883056641,87.716087341308594,84.819999694824219,-122.3148460000,47.7157501400
TRE-1105940,,,,,TRE-1105940,Seattle Department of Transportation,Thuja plicata,Western Red Cedar,"10",Private,12019 14TH AVE NE,56edd667-f5b0-437d-9be6-baa9bb256d6b,62.087505340576165,87.816993713378906,84.776641845703125,-122.3152630000,47.7161141300
TRE-1105941,,,,,TRE-1105941,Seattle Department of Transportation,Thuja plicata,Western Red Cedar,"6",Private,12019 14TH AVE NE,67264f68-a2aa-4428-be70-32751e8f8510,62.041622161865234,87.920158386230469,84.769042968750000,-122.3152690000,47.7161352900
TRE-1105942,,,,,TRE-1105942,Seattle Department of Transportation,Thuja plicata,Western Red Cedar,"12",Private,12019 14TH AVE NE,418cd1ab-7510-49e5-9d76-7775b60a8a25,62.041622161865234,87.920158386230469,84.769042968750000,-122.3152680000,47.7161558800
TRE-1105943,,,,,TRE-1105943,Seattle Department of Transportation,Thuja plicata,Western Red Cedar,"11",Private,12019 14TH AVE NE,4042259c-fb2b-4f01-9771-be04ad0ebf09,62.040691375732422,87.784690856933594,84.521125793457017,-122.3152820000,47.7161955000
TRE-1105966,,,,,TRE-1105966,Seattle Department of Transportation,Thuja plicata,Western Red Cedar,"36",Private,1048 NE 117TH ST,afd74fa0-8dc4-439b-9f4e-f07064595ae4,62.228778839111328,87.864486694335938,84.424827575683594,-122.3153320000,47.7143312200
TRE-1105470,,,,,TRE-1105470,Seattle Department of Transportation,Thuja plicata,Western Red Cedar,"72",Private,1208 NW 77TH ST,840feec3-4b45-4504-9af5-e8ae09e519d2,59.922847747802734,84.311080932617188,81.668579101562500,-122.3717560000,47.6851848700
TRE-1105477,,,,,TRE-1105477,Seattle Department of Transportation,Thuja plicata,Western Red Cedar,"14",Private,122 NW 103RD ST,465ef7b3-7e31-4f18-8084-3ae2d98a8103,62.124732971191406,89.517242431640625,86.354980468750000,-122.3592430000,47.7037312000
TRE-1106018,,,,,TRE-1106018,Seattle Department of Transportation,Thuja plicata,Western Red Cedar,"6",Private,11555 6TH PL NE,c30ab571-e81c-441e-b41f-b1445c0ca6d8,62.260681152343750,87.638404846191406,82.644721984863281,-122.3227690000,47.7139788700
TRE-1106019,,,,,TRE-1106019,Seattle Department of Transportation,Thuja plicata,Western Red Cedar,"13",Private,11555 6TH PL NE,d81b9a72-bdd1-4abd-8117-547f3ae076db,62.260681152343750,87.638404846191406,82.644721984863281,-122.3227630000,47.7139581800
TRE-1106037,,,,,TRE-1106037,Seattle Department of Transportation,Thuja plicata,Western Red Cedar,"12",Private,401 NE 117TH ST,023ea90a-70cf-450a-a8cd-cca43be4af4f,62.287322998046875,88.073608398437500,84.128860473632812,-122.3247480000,47.7138684900
TRE-1105586,,,,,TRE-1105586,Seattle Department of Transportation,Thuja plicata,Western Red Cedar,"36",Private,10005 12TH AVE NW,8bbad485-4b01-4456-96c1-9731f51f90f8,62.445648193359375,88.158744812011719,84.964286804199219,-122.3715060000,47.7019994100
TRE-1105640,,,,,TRE-1105640,Seattle Department of Transportation,Thuja plicata,Western Red Cedar,"8",Private,10345 12TH AVE NW,687e76de-cba6-4c0d-b41c-1c7e0c2017e6,60.107299804687507,87.689155578613281,85.392013549804688,-122.3715160000,47.7047217600
TRE-1106173,,,,,TRE-1106173,Seattle Department of Transportation,Thuja plicata,Western Red Cedar,"7",Seattle Department of Transportation,I5,4a8588c1-ded6-47db-8fb0-84c28bde9347,61.749607086181641,87.317764282226562,85.210472106933594,-122.3237160000,47.7197018300
TRE-1105660,,,,,TRE-1105660,Seattle Department of Transportation,Thuja plicata,Western Red Cedar,"40",Private,1414 NORCROSS WAY NW,bc7ad9df-e066-47be-83fd-730c7feead29,58.395854949951165,89.566230773925781,83.328865051269531,-122.3750420000,47.7082844800
TRE-1105728,,,,,TRE-1105728,Seattle Department of Transportation,Thuja plicata,Western Red Cedar,"5",Private,1990 NW BLUE RIDGE DR,90e20738-22e0-46f2-b97b-2645af6e2615,62.239543914794922,88.639343261718750,85.630554199218750,-122.3822000000,47.7040268300
TRE-1105750,,,,,TRE-1105750,Seattle Department of Transportation,Thuja plicata,Western Red Cedar,"9",Private,10320 BEDFORD CT NW,ddebd4a5-8513-4f3f-b9ed-dfa1a4091342,62.889720916748047,88.445968627929673,86.072143554687500,-122.3842820000,47.7042446200
TRE-1105767,,,,,TRE-1105767,Seattle Department of Transportation,Thuja plicata,Western Red Cedar,"9",Private,2302 NW BLUE RIDGE DR,27a3a237-0743-4b78-8a88-1573b765c0f8,63.322734832763672,88.560173034667969,86.445388793945312,-122.3851260000,47.7036973900
TRE-1105772,,,,,TRE-1105772,Seattle Department of Transportation,Thuja plicata,Western Red Cedar,"8",Private,2302 NW BLUE RIDGE DR,e7ca6a41-cc32-4771-8a94-0976cd032c5f,63.322734832763672,88.560173034667969,86.445388793945312,-122.3851520000,47.7036805200
TRE-1105795,,,,,TRE-1105795,Seattle Department of Transportation,Thuja plicata,Western Red Cedar,"11",Private,2304 NW 100TH ST,eccf1d42-e851-4ec2-bbf6-af60234c3796,63.050762176513672,88.713661193847670,86.029113769531250,-122.3855860000,47.7020532800
TRE-1105849,,,,,TRE-1105849,Seattle Department of Transportation,Thuja plicata,Western Red Cedar,"44",Private,12305 14TH AVE NE,800f4f95-6b01-40ea-b2a5-57cd830eeae5,62.158069610595703,87.709342956542983,85.012741088867188,-122.3143320000,47.7176846100
TRE-1106999,,,,,TRE-1106999,Seattle Department of Transportation,Thuja plicata,Western Red Cedar,"7",Private,1008 WASHINGTON PL E,2bb20aa6-b277-428e-9487-f86b205567e2,60.757125854492188,87.696937561035156,84.524719238281250,-122.2925630000,47.6277110500
TRE-1107812,,,,,TRE-1107812,Seattle Department of Transportation,Thuja plicata,Western Red Cedar,"8",Private,308 31ST AVE,1e450bc2-8820-4250-9bcd-09cc56c212ea,62.198532104492188,86.785255432128906,83.590789794921875,-122.2925990000,47.6045612400
TRE-1107425,,,,,TRE-1107425,Seattle Department of Transportation,Thuja plicata,Western Red Cedar,"21",Private,921 25TH AVE,ccdfbed6-36a4-4019-a006-7b7029c9c1ac,61.486892700195312,86.885604858398438,83.368682861328125,-122.3002310000,47.6106694900
TRE-1108024,,,,,TRE-1108024,Seattle Department of Transportation,Thuja plicata,Western Red Cedar,"4",Private,308 29TH AVE,f51e4706-495f-422e-b16a-fd85d907204d,61.875499725341797,87.876075744628906,84.347015380859375,-122.2948670000,47.6044842100
TRE-1108030,,,,,TRE-1108030,Seattle Department of Transportation,Thuja plicata,Western Red Cedar,"3",Private,308 29TH AVE,f7ed4c70-a95e-46be-90b7-01e040e3cebf,61.841491699218750,87.885314941406250,84.333396911621094,-122.2948610000,47.6045710500
TRE-1106626,,,,,TRE-1106626,Seattle Department of Transportation,Thuja plicata,Western Red Cedar,"2",Seattle Department of Transportation,8402 30TH AVE SW,a5baea05-69c1-4d72-b3af-a713e8e0e1d6,60.837024688720703,89.594047546386719,86.660392761230469,-122.3659900000,47.5253101300
TRE-1106630,,,,,TRE-1106630,Seattle Department of Transportation,Thuja plicata,Western Red Cedar,"2",Seattle Department of Transportation,8402 30TH AVE SW,a10e1fd7-6f9a-4788-8f0f-5b35f1f83691,60.669548034667969,89.832794189453125,86.497108459472656,-122.3659880000,47.5250049100
TRE-1106632,,,,,TRE-1106632,Seattle Department of Transportation,Thuja plicata,Western Red Cedar,"2",Seattle Department of Transportation,8402 30TH AVE SW,689ad4ce-b914-461a-950d-6f162732b498,60.617160797119141,90.083053588867188,86.388557434082031,-122.3659810000,47.5248568500
TRE-1108093,,,,,TRE-1108093,Seattle Department of Transportation,Thuja plicata,Western Red Cedar,"5",Private,5242 35TH AVE NE,6179b002-ce02-47d8-b395-efec08226691,61.810932159423835,89.262939453124986,86.527465820312500,-122.2901170000,47.6679782900
TRE-1107731,,,,,TRE-1107731,Seattle Department of Transportation,Thuja plicata,Western Red Cedar,"34",Private,900 23RD AVE,9a2ffdbd-3673-4e96-9fe0-18451a0c14f8,61.582412719726562,87.195297241210938,83.497222900390625,-122.3025440000,47.6100759000
TRE-1110546,,,,,TRE-1110546,Seattle Department of Transportation,Thuja plicata,Western Red Cedar,"14",Private,5633 S WILLOW ST,5265ec7a-d9f8-47b2-9034-fd2a4b9c4a22,,,,-122.2623340000,47.5406530900
TRE-1110547,,,,,TRE-1110547,Seattle Department of Transportation,Thuja plicata,Western Red Cedar,"14",Private,5633 S WILLOW ST,75f1d560-4511-4edc-8fb0-4a2e122e03fe,,,,-122.2622840000,47.5406410400
TRE-1110548,,,,,TRE-1110548,Seattle Department of Transportation,Thuja plicata,Western Red Cedar,"14",Private,5633 S WILLOW ST,d12e387d-3c3a-46c7-a4a8-19cc242d52de,,,,-122.2622420000,47.5406547500
TRE-1110885,,,,,TRE-1110885,Seattle Department of Transportation,Thuja plicata,Western Red Cedar,"8",Private,2902 S BRANDON ST,931b921d-5c2e-4a99-a952-e60f5cccfae4,61.173465728759766,89.613433837890625,86.029563903808594,-122.2953300000,47.5536224600
TRE-1110097,,,,,TRE-1110097,Seattle Department of Transportation,Thuja plicata,Western Red Cedar,"25",Private,6401 33RD AVE S,275beaa3-9f9b-44b8-8df1-9a2e81bc71cf,62.219642639160163,88.657615661621094,87.036514282226562,-122.2904170000,47.5450961100
TRE-1110264,,,,,TRE-1110264,Seattle Department of Transportation,Thuja plicata,Western Red Cedar,"2",Private,1818 FAIRVIEW AVE  E,10b3917c-517b-490f-a929-3adea17a68f8,63.076034545898438,90.432617187500000,85.892623901367188,-122.3268060000,47.6351613300
TRE-1110270,,,,,TRE-1110270,Seattle Department of Transportation,Thuja plicata,Western Red Cedar,"2",Private,1818 FAIRVIEW AVE  E,77341c78-8a2d-4d30-a188-ba99c922598e,62.950023651123047,90.467872619628906,85.884208679199219,-122.3268260000,47.6353743600
TRE-1110277,,,,,TRE-1110277,Seattle Department of Transportation,Thuja plicata,Western Red Cedar,"2",Private,1818 FAIRVIEW AVE  E,47c4d6f2-e16f-42c2-8fdc-8dccb38fc016,63.035732269287109,90.354637145996094,85.902885437011719,-122.3269630000,47.6354177500
TRE-1110335,,,,,TRE-1110335,Seattle Department of Transportation,Thuja plicata,Western Red Cedar,"2",Private,3018 NW 56TH ST,21bff004-ad61-4ce2-b6d2-55465ada4306,61.781421661376953,87.712471008300781,85.002716064453125,-122.3963830000,47.6695214400
TRE-1110453,,,,,TRE-1110453,Seattle Department of Transportation,Thuja plicata,Western Red Cedar,"4",Private,3201 S MYRTLE PL,498fa8b0-d055-4770-acaa-acc9975403ee,62.428638458251953,88.586120605468750,86.661941528320327,-122.2913230000,47.5386422900
TRE-1110456,,,,,TRE-1110456,Seattle Department of Transportation,Thuja plicata,Western Red Cedar,"30",Private,7235 33RD AVE S,72246d95-6322-4238-b818-dee94b6e493d,62.165439605712891,88.119140625000000,86.345878601074219,-122.2900630000,47.5373551300
TRE-1110490,,,,,TRE-1110490,Seattle Department of Transportation,Thuja plicata,Western Red Cedar,"6",Private,7357 35TH AVE S,96290b2e-dd46-4393-873e-9686fc4cba9e,62.091415405273438,88.358131408691406,86.834350585937500,-122.2889770000,47.5352845700
TRE-1110491,,,,,TRE-1110491,Seattle Department of Transportation,Thuja plicata,Western Red Cedar,"12",Private,7357 35TH AVE S,d7e368e8-e785-402a-ac93-94bd6216c3ca,62.091415405273438,88.358131408691406,86.834350585937500,-122.2889980000,47.5352831800
TRE-1110492,,,,,TRE-1110492,Seattle Department of Transportation,Thuja plicata,Western Red Cedar,"25",Private,7357 35TH AVE S,996c3ed4-1613-446f-99c6-f64798abc9f1,62.091415405273438,88.358131408691406,86.834350585937500,-122.2890200000,47.5352826500
TRE-1110493,,,,,TRE-1110493,Seattle Department of Transportation,Thuja plicata,Western Red Cedar,"15",Private,7357 35TH AVE S,7e99f99f-d6d0-460a-824d-79066472489d,62.091415405273438,88.358131408691406,86.834350585937500,-122.2890420000,47.5352830000
TRE-1109218,,,,,TRE-1109218,Seattle Department of Transportation,Thuja plicata,Western Red Cedar,"6",Private,8638 34TH AVE SW,419d5737-17bd-467e-9aaa-771d770d3f73,61.264125823974609,88.428352355957017,86.879089355468750,-122.3752220000,47.5252881700
TRE-1112332,,,,,TRE-1112332,Seattle Department of Transportation,Thuja plicata,Western Red Cedar,"20",Private,5005 WILSON AVE S,f76d92d1-c0e3-4771-bbcc-40a1c1c2892c,63.519027709960938,88.981414794921875,86.287544250488281,-122.2707440000,47.5566500500
TRE-1112333,,,,,TRE-1112333,Seattle Department of Transportation,Thuja plicata,Western Red Cedar,"15",Private,5005 WILSON AVE S,aa36e105-3fb9-4a05-aa90-8a16691a1fd7,63.519027709960938,88.981414794921875,86.287544250488281,-122.2707740000,47.5566502800
TRE-1112334,,,,,TRE-1112334,Seattle Department of Transportation,Thuja plicata,Western Red Cedar,"20",Private,5005 WILSON AVE S,690eb9e2-bcac-4a30-9c53-bc0a8742a969,63.519027709960938,88.981414794921875,86.287544250488281,-122.2707590000,47.5566721500
TRE-1112494,,,,,TRE-1112494,Seattle Department of Transportation,Thuja plicata,Western Red Cedar,"25",Private,4215 S DAWSON ST,0273852f-4429-40b3-aef8-bd22123c79bf,62.457553863525391,89.449256896972656,87.186073303222656,-122.2799400000,47.5551612400
TRE-1112662,,,,,TRE-1112662,Seattle Department of Transportation,Thuja plicata,Western Red Cedar,"10",Private,5005 WILSON AVE S,0f4bd1b1-ca4e-4005-b4b9-41c21503b77d,63.519870758056641,88.934837341308594,86.393722534179673,-122.2707540000,47.5566985400
TRE-1110988,,,,,TRE-1110988,Seattle Department of Transportation,Thuja plicata,Western Red Cedar,"21",Private,6119 51ST AVE S,a53e4d34-d550-4a15-8a53-e90e09c1da5f,62.596790313720703,89.242576599121094,86.870185852050781,-122.2699890000,47.5471012700
TRE-1110989,,,,,TRE-1110989,Seattle Department of Transportation,Thuja plicata,Western Red Cedar,"18",Private,6119 51ST AVE S,68187e7f-8384-45b7-bf3c-3fd91f457098,62.596790313720703,89.242576599121094,86.870185852050781,-122.2699880000,47.5470769800
TRE-1110991,,,,,TRE-1110991,Seattle Department of Transportation,Thuja plicata,Western Red Cedar,"22",Private,6119 51ST AVE S,cd8dfe75-6cfa-421b-babd-dc3f89ef35dd,62.596790313720703,89.242576599121094,86.870185852050781,-122.2699740000,47.5471252500
TRE-1110992,,,,,TRE-1110992,Seattle Department of Transportation,Thuja plicata,Western Red Cedar,"18",Private,6119 51ST AVE S,5e160d50-a026-4811-adb1-b929055452f7,62.596790313720703,89.242576599121094,86.870185852050781,-122.2700080000,47.5471407100
TRE-1111000,,,,,TRE-1111000,Seattle Department of Transportation,Thuja plicata,Western Red Cedar,"15",Private,4843 S SPENCER ST,83f427d3-fc56-4801-9752-52d99965b54d,62.794670104980469,88.968254089355469,86.695816040039062,-122.2706380000,47.5476977700
TRE-1111002,,,,,TRE-1111002,Seattle Department of Transportation,Thuja plicata,Western Red Cedar,"8",Private,4843 S SPENCER ST,d61992c5-2720-415c-9b14-550265d2d7ab,62.705894470214837,88.980056762695312,86.755416870117188,-122.2707110000,47.5477014400
TRE-1111003,,,,,TRE-1111003,Seattle Department of Transportation,Thuja plicata,Western Red Cedar,"15",Private,4843 S SPENCER ST,03d1cee6-2a63-47aa-b9a4-2e816a822b55,62.794670104980469,88.968254089355469,86.695816040039062,-122.2706740000,47.5476990400
TRE-1112825,,,,,TRE-1112825,Seattle Department of Transportation,Thuja plicata,Western Red Cedar,"10",Private,5011 46TH AV S,9f5f9a2d-2988-4392-9320-cef5db2a4f00,61.614849090576165,90.009994506835938,86.675308227539062,-122.2754370000,47.5566691500
TRE-1112827,,,,,TRE-1112827,Seattle Department of Transportation,Thuja plicata,Western Red Cedar,"15",Private,5011 46TH AV S,68e274b6-eaf1-47b7-9022-ccc66041fb5c,61.614849090576165,90.009994506835938,86.675308227539062,-122.2754260000,47.5566584900
TRE-1111035,,,,,TRE-1111035,Seattle Department of Transportation,Thuja plicata,Western Red Cedar,"43",Private,5157 S MEAD ST,2c3ffdcf-4653-46a5-8a01-ae7ff71ed126,62.928085327148438,89.181838989257812,86.593086242675781,-122.2674020000,47.5503137400
TRE-1112856,,,,,TRE-1112856,Seattle Department of Transportation,Thuja plicata,Western Red Cedar,"14",Private,4706 47TH AVE S,7f7cfeba-72fb-4930-af1d-eabffb86d960,61.844425201416016,89.086639404296875,85.678787231445312,-122.2743630000,47.5603499800
TRE-1112857,,,,,TRE-1112857,Seattle Department of Transportation,Thuja plicata,Western Red Cedar,"9",Private,4702 47TH AVE S,a1ba8052-ef37-4e2c-99d3-3581f629b5bc,61.868274688720703,89.120414733886719,85.758132934570327,-122.2743750000,47.5604321000
TRE-1112858,,,,,TRE-1112858,Seattle Department of Transportation,Thuja plicata,Western Red Cedar,"10",Private,4702 47TH AVE S,74245499-10e6-449b-8567-25c34762d083,61.868274688720703,89.120414733886719,85.758132934570327,-122.2743740000,47.5604457000
TRE-1111577,,,,,TRE-1111577,Seattle Department of Transportation,Thuja plicata,Western Red Cedar,"37",Private,3937 S MEAD ST,330ba569-853b-40a4-9d39-8b4cbdeefac6,63.215175628662109,89.905273437500000,87.017189025878906,-122.2817980000,47.5504101200
TRE-1111578,,,,,TRE-1111578,Seattle Department of Transportation,Thuja plicata,Western Red Cedar,"42",Private,3937 S MEAD S,67cd50d8-66a8-4969-ae06-cf359e6f806b,63.277416229248047,89.812225341796875,86.947463989257812,-122.2818830000,47.5504126200
TRE-1112997,,,,,TRE-1112997,Seattle Department of Transportation,Thuja plicata,Western Red Cedar,"15",Private,4710 45TH AVE S,6a07ed62-83b5-4c40-a970-1f3a15da56ea,62.008014678955078,88.868721008300781,86.110069274902330,-122.2768820000,47.5601635500
TRE-1111229,,,,,TRE-1111229,Seattle Department of Transportation,Thuja plicata,Western Red Cedar,"33",Seattle Parks and Recreation,4933 LAKE WASHINGTON BLVD S,21211b01-fb8b-4d33-8a54-642088a22ca0,63.490764617919922,88.419067382812500,86.742538452148438,-122.2630330000,47.5573662000
TRE-1112184,,,,,TRE-1112184,Seattle Department of Transportation,Thuja plicata,Western Red Cedar,"15",Private,5415 SEWARD PARK AVE,e7994909-d434-4955-b6d2-c7febb360579,62.857261657714837,89.383628845214844,86.250076293945312,-122.2635000000,47.5526247500
TRE-1113119,,,,,TRE-1113119,Seattle Department of Transportation,Thuja plicata,Western Red Cedar,"50",Private,4720 43RD AVE S,37894bd9-f0d4-470f-b5f9-f89a966c7631,61.787498474121094,89.319862365722656,87.010131835937500,-122.2793900000,47.5598146900
TRE-1111750,,,,,TRE-1111750,Seattle Department of Transportation,Thuja plicata,Western Red Cedar,"12",Private,3005 30TH AVE S,3b8dd4f2-06a9-4078-9343-00a624ab2b03,61.605674743652344,89.303070068359375,86.353607177734375,-122.2939560000,47.5524940900
TRE-1112261,,,,,TRE-1112261,Seattle Department of Transportation,Thuja plicata,Western Red Cedar,"20",Private,5021 S WILSON ST,a1cfcfe0-0dc7-4282-bc87-db315fcc565f,63.456516265869141,89.048217773437500,86.160026550292983,-122.2708440000,47.5564196500
TRE-1112262,,,,,TRE-1112262,Seattle Department of Transportation,Thuja plicata,Western Red Cedar,"10",Private,5021 S WILSON ST,73c226d7-5e7a-4a2b-883e-cfa0db3cfcdb,63.383205413818359,89.047592163085938,86.162170410156250,-122.2708260000,47.5563916500
TRE-1111364,,,,,TRE-1111364,Seattle Department of Transportation,Thuja plicata,Western Red Cedar,"9",Private,5705 RENTON AVE S,f1f2cb9d-a398-4f90-93b9-8ac8c0db3ac7,62.958145141601562,89.114715576171875,86.799629211425781,-122.2851380000,47.5510865800
TRE-1115065,,,,,TRE-1115065,Seattle Department of Transportation,Thuja plicata,Western Red Cedar,"20",Private,2125 N 90TH ST,6fc5ed4e-4064-4cdf-a92a-f439341961ce,62.047645568847656,87.145065307617188,84.429496765136719,-122.3326340000,47.6937239500
TRE-1115066,,,,,TRE-1115066,Seattle Department of Transportation,Thuja plicata,Western Red Cedar,"35",Private,2125 N 90TH ST,c1e0a703-b26c-4ff1-845e-dd0fd9941dea,62.047645568847656,87.145065307617188,84.429496765136719,-122.3326790000,47.6937242000
TRE-1115077,,,,,TRE-1115077,Seattle Department of Transportation,Thuja plicata,Western Red Cedar,"30",Private,2164 NE 112ND ST,e4d93d0f-09f9-464d-8b78-623294d5bdf2,63.226093292236328,90.756843566894531,86.031570434570327,-122.3312850000,47.7099033400
TRE-1115080,,,,,TRE-1115080,Seattle Department of Transportation,Thuja plicata,Western Red Cedar,"38",Private,2164 NE 112ND ST,68587047-a45e-4163-b000-c9787ae28cc9,63.391128540039062,90.641815185546875,86.003585815429673,-122.3314310000,47.7097619800
TRE-1115178,,,,,TRE-1115178,Seattle Department of Transportation,Thuja plicata,Western Red Cedar,"8",Private,10520 9TH AV NE,8bf22918-b4cf-4076-9cb2-afde7e398421,62.892990112304688,88.937988281250000,84.761344909667969,-122.3184680000,47.7056761000
TRE-1115179,,,,,TRE-1115179,Seattle Department of Transportation,Thuja plicata,Western Red Cedar,"10",Private,805 NE 106TH ST,877a3489-213d-45fb-acb0-9bd4f1fa4f92,63.079574584960938,89.431228637695312,85.663909912109375,-122.3201480000,47.7058304000
TRE-1115249,,,,,TRE-1115249,Seattle Department of Transportation,Thuja plicata,Western Red Cedar,"30",Private,9709 15TH AVE NE,fa0bb3f4-fd5e-41e0-925f-54526a1fc950,64.143287658691406,87.820938110351562,83.947967529296875,-122.3123080000,47.6998264300
TRE-1115267,,,,,TRE-1115267,Seattle Department of Transportation,Thuja plicata,Western Red Cedar,"20",Private,1059 NE 98TH ST,8b354f17-ca5c-49eb-98ed-4392d2d3cc12,61.916767120361328,88.188034057617188,84.372245788574219,-122.3150520000,47.7002971300
TRE-1115291,,,,,TRE-1115291,Seattle Department of Transportation,Thuja plicata,Western Red Cedar,"15",Private,1059 NE 98TH ST,f02bc413-d644-4434-acd7-89b61412e2ad,61.850109100341797,88.130073547363281,84.274276733398438,-122.3150180000,47.7001079500
TRE-1115368,,,,,TRE-1115368,Seattle Department of Transportation,Thuja plicata,Western Red Cedar,"30",Private,306 NE 91ST ST,625d73c0-bad9-4646-b435-7ea79577b208,62.006694793701165,88.432235717773438,84.616310119628906,-122.3253510000,47.6950429000
TRE-1115510,,,,,TRE-1115510,Seattle Department of Transportation,Thuja plicata,Western Red Cedar,"16",Private,2015 NE 100TH ST,6169c63b-fdee-4c2a-8d48-686993c974c9,59.975833892822266,85.824089050292983,82.465515136718750,-122.3063790000,47.7011755400
TRE-1114614,,,,,TRE-1114614,Seattle Department of Transportation,Thuja plicata,Western Red Cedar,"24",Private,9700 LAKE CITY WAY NE,e1cd351d-a4c2-469a-995a-cf6f874df175,61.186687469482422,87.596549987792983,83.453536987304688,-122.3021460000,47.7001708800
TRE-1114625,,,,,TRE-1114625,Seattle Department of Transportation,Thuja plicata,Western Red Cedar,"50",Private,9515 32ND AVE NE,379b2d17-8d8f-477a-97c9-5753de5fb8f6,62.764057159423835,89.812301635742188,85.111862182617188,-122.2933910000,47.6978305800
TRE-1114667,,,,,TRE-1114667,Seattle Department of Transportation,Thuja plicata,Western Red Cedar,"10",Private,3239 NE 94TH ST,99617c6c-1821-49c1-8e7d-7282d5857524,62.523590087890625,89.575271606445312,85.184494018554688,-122.2916850000,47.6965144700
TRE-1114680,,,,,TRE-1114680,Seattle Department of Transportation,Thuja plicata,Western Red Cedar,"20",Private,3002 NE 97TH AVE,08acdeae-656d-437b-99ae-e2f55843a9e1,60.437526702880859,88.274703979492188,84.318901062011719,-122.2958190000,47.6993835700
TRE-1114681,,,,,TRE-1114681,Seattle Department of Transportation,Thuja plicata,Western Red Cedar,"14",Private,3001 NE 97TH AVE,b001df80-e6f6-4d9a-a6da-67dde711fefc,60.438831329345703,88.427101135253906,84.274581909179673,-122.2960070000,47.6992742200
TRE-1114699,,,,,TRE-1114699,Seattle Department of Transportation,Thuja plicata,Western Red Cedar,"28",Private,3018 NE 96TH ST,46175eda-b634-414f-b129-ebe794f89578,61.458255767822266,89.406707763671875,84.846374511718750,-122.2953640000,47.6984422700
TRE-1114757,,,,,TRE-1114757,Seattle Department of Transportation,Thuja plicata,Western Red Cedar,"10",Private,2545 NE 95TH ST,8fa9b733-8c2a-466d-a936-ef48974f6880,61.245193481445312,89.167442321777344,84.616455078124986,-122.2997530000,47.6974835000
TRE-1114779,,,,,TRE-1114779,Seattle Department of Transportation,Thuja plicata,Western Red Cedar,"30",Private,2726 NE 92ND ST,f6b128f7-2aad-446c-a074-489c7e3ec268,61.932842254638672,85.961799621582031,83.500694274902330,-122.2976460000,47.6957679300
TRE-1114816,,,,,TRE-1114816,Seattle Department of Transportation,Thuja plicata,Western Red Cedar,"8",Private,2522 NE 91ST ST,717164bc-a865-4742-b55b-3a79de7dec60,61.554931640625000,86.974952697753906,83.356933593750000,-122.3004900000,47.6948764900
TRE-1114817,,,,,TRE-1114817,Seattle Department of Transportation,Thuja plicata,Western Red Cedar,"2",Private,2522 NE 91ST ST,e74ccaa9-6a91-4f28-b4a1-3dc6b6009483,61.554931640625000,86.974952697753906,83.356933593750000,-122.3004890000,47.6948648200
TRE-1114818,,,,,TRE-1114818,Seattle Department of Transportation,Thuja plicata,Western Red Cedar,"8",Private,2522 NE 91ST ST,484eb802-fa32-4f79-adcf-34affa546d1d,61.500625610351562,86.897705078124986,83.356842041015625,-122.3005450000,47.6948700700
TRE-1114822,,,,,TRE-1114822,Seattle Department of Transportation,Thuja plicata,Western Red Cedar,"50",Private,2558 NE 91ST ST,1c430af9-3618-46d7-8471-08ca1e0ea941,61.875968933105469,86.978965759277344,83.746841430664062,-122.2989190000,47.6948683800
TRE-1114845,,,,,TRE-1114845,Seattle Department of Transportation,Thuja plicata,Western Red Cedar,"9",Private,2302 NE 94TH ST,d0d37322-54e2-4d49-b375-566a034c0c5a,61.115295410156250,89.927360534667969,84.613189697265625,-122.3041410000,47.6970721600
TRE-1114877,,,,,TRE-1114877,Seattle Department of Transportation,Thuja plicata,Western Red Cedar,"11",Private,2340 NE 86TH ST,041af62c-04fb-48e5-ba54-fae69ffcfbce,62.377712249755859,88.846031188964844,84.002830505371094,-122.3022810000,47.6914824600
TRE-1114878,,,,,TRE-1114878,Seattle Department of Transportation,Thuja plicata,Western Red Cedar,"15",Private,2340 NE 86TH ST,68a74015-4b3c-4046-83a0-881e7d4e74f9,62.443195343017578,88.861244201660156,84.019325256347670,-122.3022450000,47.6914257600
TRE-1114914,,,,,TRE-1114914,Seattle Department of Transportation,Thuja plicata,Western Red Cedar,"20",Private,8918 RAVENNA AVE NE,ae8c5865-1290-466e-aaef-0f58978d79d3,61.295875549316406,88.724311828613281,83.745513916015625,-122.3029340000,47.6935176900
TRE-1114920,,,,,TRE-1114920,Seattle Department of Transportation,Thuja plicata,Western Red Cedar,"1",Private,2301 NE 86TH ST,c50aa26a-573d-444f-99a1-32256efbb6ef,62.436908721923835,88.336120605468750,84.825653076171875,-122.3040870000,47.6911307800
TRE-1114921,,,,,TRE-1114921,Seattle Department of Transportation,Thuja plicata,Western Red Cedar,"1",Private,2301 NE 86TH ST,9a684436-5858-4c17-8306-4b1d457b9c71,62.436908721923835,88.336120605468750,84.825653076171875,-122.3040860000,47.6911023200
TRE-1113701,,,,,TRE-1113701,Seattle Department of Transportation,Thuja plicata,Western Red Cedar,"25",Private,3202 NE 87TH ST,881dff0d-83fc-43a0-8e49-86888a918997,60.606864929199219,87.933486938476562,84.336914062500000,-122.2933210000,47.6919599000
TRE-1113702,,,,,TRE-1113702,Seattle Department of Transportation,Thuja plicata,Western Red Cedar,"25",Private,3203 NE 88TH ST,dbd87daa-1593-418e-8e2f-dd70406825a5,60.738842010498047,88.000473022460938,84.311111450195312,-122.2933220000,47.6920196500
TRE-1114200,,,,,TRE-1114200,Seattle Department of Transportation,Thuja plicata,Western Red Cedar,"6",Private,11026 31ST AVE NE,b2523c56-719d-4623-9387-e3cff6723319,61.507453918457031,87.801773071289062,84.088890075683594,-122.2947260000,47.7117479400
TRE-1114219,,,,,TRE-1114219,Seattle Department of Transportation,Thuja plicata,Western Red Cedar,"10",Private,3023 NE 113TH ST,592a3ee4-fd44-49ca-ac8c-0452c2b717ed,61.765419006347656,88.061294555664062,84.353370666503906,-122.2950080000,47.7101265600
TRE-1114223,,,,,TRE-1114223,Seattle Department of Transportation,Thuja plicata,Western Red Cedar,"7",Private,3023 NE 113TH ST,2dfb3bcc-2a5d-4e5f-9773-e3dab828003d,61.805240631103509,87.880485534667969,84.440315246582031,-122.2954430000,47.7101515100
TRE-1113331,,,,,TRE-1113331,Seattle Department of Transportation,Thuja plicata,Western Red Cedar,"23",Seattle Parks and Recreation,4933 LAKE WASHINGTON BLVD S,a85f17e0-b2b8-4b28-ac8a-265b8cf6cd32,63.515575408935547,88.404838562011719,86.674179077148438,-122.2631930000,47.5573652800
TRE-1113351,,,,,TRE-1113351,Seattle Department of Transportation,Thuja plicata,Western Red Cedar,"38",Seattle Parks and Recreation,4733 LAKE WASHINGTON BLVD S,5d2bc0ab-c51b-4f76-bfc4-aab3431f3cc3,62.351425170898438,88.895095825195312,86.414466857910156,-122.2644990000,47.5597843700
TRE-1113801,,,,,TRE-1113801,Seattle Department of Transportation,Thuja plicata,Western Red Cedar,"21",Private,3245 NE 89TH ST,d6997873-f5b1-4da5-b736-bef77971bf82,61.842403411865234,88.452560424804688,84.677200317382812,-122.2912030000,47.6930502100
TRE-1113802,,,,,TRE-1113802,Seattle Department of Transportation,Thuja plicata,Western Red Cedar,"41",Private,3245 NE 89TH ST,2e4137f7-f3b8-466a-8640-15a89b43309a,61.842403411865234,88.452560424804688,84.677200317382812,-122.2912480000,47.6930399800
TRE-1114287,,,,,TRE-1114287,Seattle Department of Transportation,Thuja plicata,Western Red Cedar,"35",Private,11355 28TH AVE NE,c7322421-f0b6-472e-8abf-a5ab0d2b8e0d,62.054721832275391,86.303222656250000,83.548080444335938,-122.2985360000,47.7113520600
TRE-1114288,,,,,TRE-1114288,Seattle Department of Transportation,Thuja plicata,Western Red Cedar,"40",Private,2803 NE 115TH ST,8f00b8f5-42ed-4895-9959-8cc5a1a5f29c,62.257656097412109,86.687271118164062,83.900581359863281,-122.2984460000,47.7119103200
TRE-1114292,,,,,TRE-1114292,Seattle Department of Transportation,Thuja plicata,Western Red Cedar,"30",Private,2804 NE 113TH ST,b75b3ec6-f867-4546-b3b2-d4088e7f0c12,61.621791839599609,87.212867736816406,84.499763488769531,-122.2975670000,47.7101333000
TRE-1114317,,,,,TRE-1114317,Seattle Department of Transportation,Thuja plicata,Western Red Cedar,"8",Private,10533 RAVENNA AVE NE,b9e2190c-a84b-44bc-bb69-9ba2ffc97f0e,59.512729644775391,89.524345397949219,85.231079101562500,-122.2967300000,47.7056439400
TRE-1114337,,,,,TRE-1114337,Seattle Department of Transportation,Thuja plicata,Western Red Cedar,"8",Private,11038 27TH AVE NE,fe6a4ab1-a8ca-4306-b698-47c683f9770e,61.234668731689453,87.390045166015625,84.315170288085938,-122.2989870000,47.7095409300
TRE-1114338,,,,,TRE-1114338,Seattle Department of Transportation,Thuja plicata,Western Red Cedar,"10",Private,2623 NE 113TH AVE NE,bf12ca1d-c3bf-441a-be90-da39a93ff86b,61.263614654541016,87.378479003906250,84.113243103027344,-122.2991100000,47.7096489200
TRE-1114339,,,,,TRE-1114339,Seattle Department of Transportation,Thuja plicata,Western Red Cedar,"5",Private,2623 NE 113TH AVE NE,836d3ada-5dc2-4f78-8980-be4f6a860a86,61.258071899414062,87.371452331542983,84.150260925292983,-122.2991400000,47.7096078800
TRE-1114340,,,,,TRE-1114340,Seattle Department of Transportation,Thuja plicata,Western Red Cedar,"12",Private,2623 NE 113TH AVE NE,0582a113-80ea-443b-833c-80362fe51b60,61.258071899414062,87.371452331542983,84.150260925292983,-122.2991760000,47.7095766200
TRE-1113465,,,,,TRE-1113465,Seattle Department of Transportation,Thuja plicata,Western Red Cedar,"30",Private,9517 17TH AVE NE,58083851-f3ee-44fe-936b-3ee8d266553e,61.303867340087891,87.812263488769531,84.076400756835938,-122.3095390000,47.6981540900
TRE-1113472,,,,,TRE-1113472,Seattle Department of Transportation,Thuja plicata,Western Red Cedar,"4",Private,1551 NE 100TH ST,2bef9e83-4ae2-4753-b106-7edca99fd184,60.255603790283203,87.235290527343750,83.413742065429673,-122.3100690000,47.7011737100
TRE-1113533,,,,,TRE-1113533,Seattle Department of Transportation,Thuja plicata,Western Red Cedar,"13",Private,1030 NE 97TH ST,409f9772-c96a-4c3c-a570-400bb3bd5fc4,61.819713592529297,87.754562377929673,83.596656799316406,-122.3163550000,47.6995233200
TRE-1114461,,,,,TRE-1114461,Seattle Department of Transportation,Thuja plicata,Western Red Cedar,"18",Private,10321 RAVENNA AVE NE,67e86770-2045-4aee-b683-1b0130675a82,59.704021453857422,89.142997741699219,84.689895629882812,-122.2987100000,47.7035776000
TRE-1113553,,,,,TRE-1113553,Seattle Department of Transportation,Thuja plicata,Western Red Cedar,"12",Private,9501 20TH AVE NE,e90f713f-f981-4bb3-ae61-0efaf1f89461,61.147628784179688,89.305648803710938,84.808845520019531,-122.3076570000,47.6988644000
TRE-1114509,,,,,TRE-1114509,Seattle Department of Transportation,Thuja plicata,Western Red Cedar,"30",Private,2735 NE 103RD ST,9107b2e2-b1a7-494c-9bd9-e8b24910d124,60.088863372802734,89.280494689941406,84.696311950683594,-122.2970280000,47.7030232000
TRE-1114512,,,,,TRE-1114512,Seattle Department of Transportation,Thuja plicata,Western Red Cedar,"25",Private,2735 NE 103RD ST,cb50bcc1-9f1b-425a-a5c7-20306c852037,60.024192810058594,89.087020874023438,84.652252197265625,-122.2973620000,47.7030138500
TRE-1113606,,,,,TRE-1113606,Seattle Department of Transportation,Thuja plicata,Western Red Cedar,"30",Private,3202 NE 85TH ST,f6acfdaf-e821-445d-9f5d-39c37f776b62,61.923793792724609,87.848747253417969,83.743179321289062,-122.2933110000,47.6903313100
TRE-1113607,,,,,TRE-1113607,Seattle Department of Transportation,Thuja plicata,Western Red Cedar,"30",Private,3202 NE 85TH ST,e8828679-604f-48d9-9a5c-b8793f0f41d0,61.770198822021491,87.843269348144531,83.720420837402330,-122.2933250000,47.6904147300
TRE-1113608,,,,,TRE-1113608,Seattle Department of Transportation,Thuja plicata,Western Red Cedar,"30",Private,3202 NE 85TH ST,03e6c023-d151-4f45-ae12-b410001572a3,61.650741577148438,87.841033935546875,83.697227478027344,-122.2933090000,47.6904846000
TRE-1114536,,,,,TRE-1114536,Seattle Department of Transportation,Thuja plicata,Western Red Cedar,"40",Private,3021 NE 100TH ST,63a869f8-b06f-4bf5-a3f8-d98bab54fa4e,60.539436340332031,89.192100524902330,84.713241577148438,-122.2950930000,47.7010951300
TRE-1113618,,,,,TRE-1113618,Seattle Department of Transportation,Thuja plicata,Western Red Cedar,"3",Private,3056 NE 86TH ST,81d5eb86-d07f-4ac1-a758-a76b57855b58,60.582950592041016,87.828514099121094,84.100051879882812,-122.2934940000,47.6910697500
TRE-1114068,,,,,TRE-1114068,Seattle Department of Transportation,Thuja plicata,Western Red Cedar,"14",Private,1729 NE 97TH ST,0a914492-b5d6-4153-b473-959819a2a312,61.360500335693359,88.528465270996094,84.478157043457017,-122.3080330000,47.6993510500
TRE-1114568,,,,,TRE-1114568,Seattle Department of Transportation,Thuja plicata,Western Red Cedar,"16",Private,9819 RAVENNA AVE NE,e7a88cc2-9ff0-4589-91d5-366dbc987e13,59.977443695068359,86.601722717285156,83.129196166992188,-122.3008060000,47.7006901200
TRE-1114094,,,,,TRE-1114094,Seattle Department of Transportation,Thuja plicata,Western Red Cedar,"4",Private,2149 N 89TH ST,ad548f06-2984-4137-8025-6a5cb128fd0e,61.749153137207031,87.302230834960938,84.314285278320327,-122.3316830000,47.6930462700
TRE-1114585,,,,,TRE-1114585,Seattle Department of Transportation,Thuja plicata,Western Red Cedar,"1",Private,2559 NE 98TH ST,ab377b3d-9b34-4dab-8aea-189ef02bc468,60.217899322509766,87.769065856933594,84.125915527343750,-122.2989170000,47.7000176200
TRE-1113651,,,,,TRE-1113651,Seattle Department of Transportation,Thuja plicata,Western Red Cedar,"36",Private,1740 NE 103RD ST,08855a7f-8878-4ae5-9977-d57fbaf21af8,59.918373107910163,86.131256103515625,82.874290466308594,-122.3079390000,47.7030804200
TRE-1114135,,,,,TRE-1114135,Seattle Department of Transportation,Thuja plicata,Western Red Cedar,"26",Private,3248 NE 91ST ST,771015cc-87f6-457a-81b7-0e2dfd08db13,62.323112487792969,88.879180908203125,84.811271667480469,-122.2912850000,47.6948073500
TRE-1116615,,,,,TRE-1116615,Seattle Department of Transportation,Thuja plicata,Western Red Cedar,"18",Private,3434 PERKINS LN W,75b617e7-eba6-4d38-b2b2-63fcc7f10453,60.442104339599609,88.951354980468750,85.585853576660156,-122.4165870000,47.6515343700
TRE-1116618,,,,,TRE-1116618,Seattle Department of Transportation,Thuja plicata,Western Red Cedar,"18",Private,3434 PERKINS LN W,d71c9bf1-6833-46c6-bb69-a43a15ff7c92,60.442104339599609,88.951354980468750,85.585853576660156,-122.4165970000,47.6515000400
TRE-1116619,,,,,TRE-1116619,Seattle Department of Transportation,Thuja plicata,Western Red Cedar,"10",Private,3434 PERKINS LN W,855f1818-8db6-416e-931f-fef6d0df4dc2,60.442104339599609,88.951354980468750,85.585853576660156,-122.4166170000,47.6515236400
TRE-1116620,,,,,TRE-1116620,Seattle Department of Transportation,Thuja plicata,Western Red Cedar,"10",Private,3434 PERKINS LN W,0158af25-803d-4bd1-989c-123fea465a46,60.372859954833984,88.934478759765625,85.587898254394531,-122.4166300000,47.6515553200
TRE-1116621,,,,,TRE-1116621,Seattle Department of Transportation,Thuja plicata,Western Red Cedar,"13",Private,4500 W BERTONA ST,c17f94f9-b4c4-4983-83c8-cfd122dde9f5,61.209403991699219,88.938323974609375,85.081123352050781,-122.4147130000,47.6505294500
TRE-1115512,,,,,TRE-1115512,Seattle Department of Transportation,Thuja plicata,Western Red Cedar,"24",Private,2015 NE 100TH ST,6b200ff5-8399-4d89-98ca-59b608804d57,59.994571685791016,85.807464599609375,82.511947631835938,-122.3064260000,47.7011734000
TRE-1115971,,,,,TRE-1115971,Seattle Department of Transportation,Thuja plicata,Western Red Cedar,"5",Private,10834 11TH AVE NE,b2267235-237c-44cc-bcd2-eb6d053a7a3f,62.179740905761719,88.383323669433594,85.342819213867188,-122.3158680000,47.7081959800
TRE-1116025,,,,,TRE-1116025,Seattle Department of Transportation,Thuja plicata,Western Red Cedar,"18",Private,1339 NE 106TH ST,9bfe83c7-34f4-43a6-88a2-4de38901003d,61.634571075439453,88.321151733398438,84.421272277832031,-122.3140860000,47.7061694400
TRE-1116055,,,,,TRE-1116055,Seattle Department of Transportation,Thuja plicata,Western Red Cedar,"18",Private,2321 NE 104TH ST,5c56dbda-dd7e-4b2b-9d5d-7c42f2739861,61.674331665039062,88.620857238769531,84.442367553710938,-122.3034050000,47.7039429700
TRE-1116095,,,,,TRE-1116095,Seattle Department of Transportation,Thuja plicata,Western Red Cedar,"8",Private,10417 23RD AVE NE,1791ae63-44d1-4569-a83f-d4210170ed07,62.020885467529297,88.757835388183594,84.605239868164062,-122.3042400000,47.7045541700
TRE-1116145,,,,,TRE-1116145,Seattle Department of Transportation,Thuja plicata,Western Red Cedar,"35",Private,10559 23RD AVE NE,82199c3f-992e-4def-987a-a211e2048b9e,61.550964355468750,88.180198669433594,84.334358215332031,-122.3045830000,47.7065545600
TRE-1116147,,,,,TRE-1116147,Seattle Department of Transportation,Thuja plicata,Western Red Cedar,"4",Private,10559 23RD AVE NE,7706ba72-9093-4f1c-8d8c-5bc0689c02a7,61.552326202392578,88.110542297363281,84.337677001953125,-122.3046850000,47.7065575300
TRE-1116148,,,,,TRE-1116148,Seattle Department of Transportation,Thuja plicata,Western Red Cedar,"7",Private,10559 23RD AVE NE,d3db5597-1632-4c9d-abd4-6afef5558471,61.607929229736328,88.236640930175781,84.330856323242188,-122.3047490000,47.7065597000
TRE-1116149,,,,,TRE-1116149,Seattle Department of Transportation,Thuja plicata,Western Red Cedar,"6",Private,10559 23RD AVE NE,5a563c2f-9f10-4a00-bebd-69afc3b6a0b3,61.552326202392578,88.110542297363281,84.337677001953125,-122.3047290000,47.7065585700
TRE-1116150,,,,,TRE-1116150,Seattle Department of Transportation,Thuja plicata,Western Red Cedar,"8",Private,10559 23RD AVE NE,0360dc57-a081-43e2-8e0a-2cf8b6933a09,61.607929229736328,88.236640930175781,84.330856323242188,-122.3047660000,47.7065604300
TRE-1116151,,,,,TRE-1116151,Seattle Department of Transportation,Thuja plicata,Western Red Cedar,"37",Private,2025 NE 107TH ST,1b7ca707-7f8b-4cbe-a7b9-a905b83d1d50,61.704261779785163,88.185058593750000,84.441848754882812,-122.3050630000,47.7065748200
TRE-1116218,,,,,TRE-1116218,Seattle Department of Transportation,Thuja plicata,Western Red Cedar,"53",Private,10718 23RD AVE NE,b1e264a8-ceb0-4cb0-b610-c2c7d7b3d7b4,61.299522399902344,88.686080932617188,84.581726074218750,-122.3042810000,47.7072532000
TRE-1116223,,,,,TRE-1116223,Seattle Department of Transportation,Thuja plicata,Western Red Cedar,"43",Private,2005 NE NORTHGATE WAY,bf02e984-d582-44fb-9a9a-dd3d30c45cb4,62.298282623291016,87.958389282226562,84.739822387695312,-122.3058680000,47.7084037300
TRE-1116224,,,,,TRE-1116224,Seattle Department of Transportation,Thuja plicata,Western Red Cedar,"31",Private,2005 NE NORTHGATE WAY,31fc4a33-41ab-441c-bae6-df644b76fca1,62.288394927978509,87.926963806152330,84.723556518554688,-122.3059590000,47.7084083400
TRE-1116238,,,,,TRE-1116238,Seattle Department of Transportation,Thuja plicata,Western Red Cedar,"35",Private,1922 NE 107TH ST,3d52ab86-eb5e-4341-8452-7a991ce3caeb,62.384517669677734,88.212692260742188,84.870529174804688,-122.3069720000,47.7067240800
TRE-1116239,,,,,TRE-1116239,Seattle Department of Transportation,Thuja plicata,Western Red Cedar,"14",Private,1922 NE 107TH ST,7d158d71-5346-439c-b4f4-d431ae35655c,62.374195098876953,88.254699707031250,84.922325134277344,-122.3070130000,47.7067219100
TRE-1116240,,,,,TRE-1116240,Seattle Department of Transportation,Thuja plicata,Western Red Cedar,"11",Private,1922 NE 107TH ST,4b411ec6-1868-4137-bb6d-e35335523108,62.374195098876953,88.254699707031250,84.922325134277344,-122.3070560000,47.7067270800
TRE-1116241,,,,,TRE-1116241,Seattle Department of Transportation,Thuja plicata,Western Red Cedar,"10",Private,1922 NE 107TH ST,55f0d8ea-f33d-4783-ac46-43f4d6dd3972,62.374195098876953,88.254699707031250,84.922325134277344,-122.3070900000,47.7067228300
TRE-1116242,,,,,TRE-1116242,Seattle Department of Transportation,Thuja plicata,Western Red Cedar,"20",Private,1922 NE 107TH ST,27f9fadc-b1e6-47fc-8213-22c4a8d89b51,62.374195098876953,88.254699707031250,84.922325134277344,-122.3071160000,47.7067218600
TRE-1116243,,,,,TRE-1116243,Seattle Department of Transportation,Thuja plicata,Western Red Cedar,"10",Private,1922 NE 107TH ST,a8d75b87-e4dd-441a-b523-04e4efe7218c,62.374195098876953,88.254699707031250,84.922325134277344,-122.3071330000,47.7067197300
TRE-1116286,,,,,TRE-1116286,Seattle Department of Transportation,Thuja plicata,Western Red Cedar,"4",Private,1548 NE NORTHGATE WAY,58e5fd8d-947c-40a1-a5bf-6a12041c19d8,61.918411254882812,87.892562866210938,84.433723449707017,-122.3101310000,47.7085822700
TRE-1116299,,,,,TRE-1116299,Seattle Department of Transportation,Thuja plicata,Western Red Cedar,"32",Private,1908 NE 107TH ST,6455ef52-e3d4-4016-a69c-d40aae3f321e,62.971443176269531,88.080101013183594,84.831970214843750,-122.3080100000,47.7069387200
TRE-1116894,,,,,TRE-1116894,Seattle Department of Transportation,Thuja plicata,Western Red Cedar,"28",Private,3456 39TH AVE W,3ad8c29b-b343-49cf-89a4-bc2e8f82f7a5,62.181144714355469,89.419685363769531,85.257255554199219,-122.4063560000,47.6522075200
TRE-1116953,,,,,TRE-1116953,Seattle Department of Transportation,Thuja plicata,Western Red Cedar,"1",Private,3917 W EMERSON ST,9b74a3ae-d8f9-4a3e-930d-7343fac7db1b,61.778736114501953,89.321662902832031,84.836166381835938,-122.4077970000,47.6538276300
TRE-1115593,,,,,TRE-1115593,Seattle Department of Transportation,Thuja plicata,Western Red Cedar,"14",Private,9412 15TH AVE NE,41d04a9c-38dc-4f3f-afe8-1c28a1a3b302,64.427490234375000,87.813240051269531,84.086631774902330,-122.3120280000,47.6968125000
TRE-1115594,,,,,TRE-1115594,Seattle Department of Transportation,Thuja plicata,Western Red Cedar,"10",Private,9412 15TH AVE NE,59a41c12-7c3c-4431-806c-5bfa508e6f27,64.427490234375000,87.813240051269531,84.086631774902330,-122.3120280000,47.6968428300
TRE-1115596,,,,,TRE-1115596,Seattle Department of Transportation,Thuja plicata,Western Red Cedar,"16",Private,9412 15TH AVE NE,1d3ed4c9-4134-4b0f-a140-791e584d1b8a,64.379806518554688,87.779609680175781,84.071601867675781,-122.3120150000,47.6968664900
TRE-1116972,,,,,TRE-1116972,Seattle Department of Transportation,Thuja plicata,Western Red Cedar,"9",Private,3916 W BERTONA ST,15483c2d-a5e8-4b8e-873a-9c7942cc56a6,62.480251312255859,89.612960815429673,85.946716308593750,-122.4078220000,47.6507534500
TRE-1115605,,,,,TRE-1115605,Seattle Department of Transportation,Thuja plicata,Western Red Cedar,"24",Private,9525 17TH AVE NE,b8f1274d-8dd9-41fd-8c53-00feda3a26dc,61.566501617431641,88.461563110351562,84.280395507812500,-122.3095850000,47.6983112900
TRE-1115609,,,,,TRE-1115609,Seattle Department of Transportation,Thuja plicata,Western Red Cedar,"16",Private,9417 17TH AV NE,84a02eb8-d850-4183-9c6a-37107c160d92,61.678218841552734,86.867584228515625,83.406089782714844,-122.3095110000,47.6972560100
TRE-1115612,,,,,TRE-1115612,Seattle Department of Transportation,Thuja plicata,Western Red Cedar,"16",Private,9525 17TH AVE NE,2065d77e-d6c0-48f0-99ec-67182829c54c,61.683650970458984,88.676551818847670,84.301925659179673,-122.3095350000,47.6984152800
TRE-1115614,,,,,TRE-1115614,Seattle Department of Transportation,Thuja plicata,Western Red Cedar,"40",Private,1554 NE 95TH ST,2d7c9161-ddd1-4595-8b47-9b02a5f1d67d,61.159603118896491,86.839157104492188,83.787536621093750,-122.3095400000,47.6978291800
TRE-1117027,,,,,TRE-1117027,Seattle Department of Transportation,Thuja plicata,Western Red Cedar,"20",Private,3712 W DRAVUS ST,1307dfb2-473d-444c-a2f2-9d03484705f5,62.152671813964837,89.128639221191406,86.491798400878906,-122.4053170000,47.6486853900
TRE-1117028,,,,,TRE-1117028,Seattle Department of Transportation,Thuja plicata,Western Red Cedar,"18",Private,3712 W DRAVUS ST,a37161e8-32c2-4668-8f5c-2b758a0ad7c0,62.183570861816406,89.134963989257812,86.488395690917969,-122.4053950000,47.6486825200
TRE-1117125,,,,,TRE-1117125,Seattle Department of Transportation,Thuja plicata,Western Red Cedar,"15",Private,2658 PERKINS LN W,c770ab8a-c3f8-431c-94ca-6c29bb07bbd4,62.888072967529297,88.298797607421875,86.534172058105469,-122.4167490000,47.6450512500
TRE-1117126,,,,,TRE-1117126,Seattle Department of Transportation,Thuja plicata,Western Red Cedar,"11",Private,2658 PERKINS LN W,eb958fef-a21d-4f5e-918f-552774eaeb82,62.888072967529297,88.298797607421875,86.534172058105469,-122.4167580000,47.6450415300
TRE-1117127,,,,,TRE-1117127,Seattle Department of Transportation,Thuja plicata,Western Red Cedar,"15",Private,2658 PERKINS LN W,22638196-da5e-44ae-a1b3-cb5371a19ab1,62.888072967529297,88.298797607421875,86.534172058105469,-122.4167530000,47.6450131300
TRE-1117128,,,,,TRE-1117128,Seattle Department of Transportation,Thuja plicata,Western Red Cedar,"15",Private,2658 PERKINS LN W,b98479df-9c84-4e81-9ff6-060aa8955e3c,62.888072967529297,88.298797607421875,86.534172058105469,-122.4167880000,47.6450248300
TRE-1117129,,,,,TRE-1117129,Seattle Department of Transportation,Thuja plicata,Western Red Cedar,"10",Private,2658 PERKINS LN W,4b06cfd8-f3f9-4d1f-b617-94111b673737,62.888072967529297,88.298797607421875,86.534172058105469,-122.4167690000,47.6449932600
TRE-1117130,,,,,TRE-1117130,Seattle Department of Transportation,Thuja plicata,Western Red Cedar,"15",Private,2658 PERKINS LN W,d846cca2-b5c5-48d4-9336-7796d44bedae,62.854640960693359,88.289749145507812,86.513771057128906,-122.4167910000,47.6449718800
TRE-1117164,,,,,TRE-1117164,Seattle Department of Transportation,Thuja plicata,Western Red Cedar,"31",Private,2471 PERKINS LN W,e7df579f-2731-496a-99f4-624514a0556c,63.017887115478509,88.218353271484375,86.256317138671875,-122.4138170000,47.6406046600
TRE-1115838,,,,,TRE-1115838,Seattle Department of Transportation,Thuja plicata,Western Red Cedar,"28",Private,11058 17TH AVE NE,831a59f9-3105-4127-869b-0918f80a8d93,61.465293884277344,87.482070922851562,83.807632446289062,-122.3099130000,47.7099200000
TRE-1115842,,,,,TRE-1115842,Seattle Department of Transportation,Thuja plicata,Western Red Cedar,"3",Private,11058 17TH AVE NE,a4f151da-79f6-4e20-b14c-0907917d7df6,61.411994934082031,87.208038330078125,83.645141601562500,-122.3102590000,47.7102865200
TRE-1115865,,,,,TRE-1115865,Seattle Department of Transportation,Thuja plicata,Western Red Cedar,"24",Private,11326 15TH AVE NE,d9c392cb-e838-42e7-8cd1-64798133f045,61.758018493652344,88.487998962402330,83.748222351074219,-122.3123180000,47.7110817600
TRE-1115895,,,,,TRE-1115895,Seattle Department of Transportation,Thuja plicata,Western Red Cedar,"40",Private,11014 14TH AVE NE,8c3fed4a-4e65-40e0-9858-d18244528aeb,61.921455383300781,88.201492309570327,84.206161499023438,-122.3137060000,47.7091046500
TRE-1115901,,,,,TRE-1115901,Seattle Department of Transportation,Thuja plicata,Western Red Cedar,"37",Private,1034 NE 112TH ST,ee554764-7292-41d1-8818-a2bc4ccc2243,62.344455718994141,88.733306884765625,85.580963134765625,-122.3163010000,47.7098582300
TRE-1115925,,,,,TRE-1115925,Seattle Department of Transportation,Thuja plicata,Western Red Cedar,"16",Private,1040 NE NORTHGATE WAY,2d2591e1-1a05-4e76-95ce-88040003e4f1,62.215305328369141,88.228805541992188,85.158355712890625,-122.3159180000,47.7097200900
TRE-1115926,,,,,TRE-1115926,Seattle Department of Transportation,Thuja plicata,Western Red Cedar,"22",Private,1040 NE NORTHGATE WAY,55bff9ed-e3b6-4ba0-b0de-643aa4825216,62.215305328369141,88.228805541992188,85.158355712890625,-122.3159510000,47.7097285600
TRE-1115927,,,,,TRE-1115927,Seattle Department of Transportation,Thuja plicata,Western Red Cedar,"17",Private,1040 NE NORTHGATE WAY,d212589a-ac2a-4e14-b6cb-799cebbd45ae,62.215305328369141,88.228805541992188,85.158355712890625,-122.3159810000,47.7097288900
TRE-1115928,,,,,TRE-1115928,Seattle Department of Transportation,Thuja plicata,Western Red Cedar,"17",Private,1040 NE NORTHGATE WAY,66ec6de6-b5a4-4938-a66d-8c69de01c995,62.215305328369141,88.228805541992188,85.158355712890625,-122.3160200000,47.7097339400
TRE-1115929,,,,,TRE-1115929,Seattle Department of Transportation,Thuja plicata,Western Red Cedar,"7",Private,1040 NE NORTHGATE WAY,2299d3e3-ebc4-4026-aad1-804ff8809e11,62.215305328369141,88.228805541992188,85.158355712890625,-122.3159990000,47.7097210300
TRE-1115930,,,,,TRE-1115930,Seattle Department of Transportation,Thuja plicata,Western Red Cedar,"6",Private,1040 NE NORTHGATE WAY,755b1556-02be-4f19-b844-a40a997d06ad,62.260658264160163,88.172592163085938,85.290237426757812,-122.3160440000,47.7097214000
TRE-1115931,,,,,TRE-1115931,Seattle Department of Transportation,Thuja plicata,Western Red Cedar,"15",Private,1040 NE NORTHGATE WAY,f864e510-ab08-4e89-80ee-5adaa7f9ca51,62.260658264160163,88.172592163085938,85.290237426757812,-122.3160800000,47.7097216900
TRE-1115932,,,,,TRE-1115932,Seattle Department of Transportation,Thuja plicata,Western Red Cedar,"15",Private,1040 NE NORTHGATE WAY,83651967-7050-453a-84ce-d639bd45c9f3,62.260658264160163,88.172592163085938,85.290237426757812,-122.3161210000,47.7097191700
TRE-1115933,,,,,TRE-1115933,Seattle Department of Transportation,Thuja plicata,Western Red Cedar,"14",Private,1040 NE NORTHGATE WAY,5a7b0899-6ff5-4804-a3c8-dc6631d3fd20,62.260658264160163,88.172592163085938,85.290237426757812,-122.3161600000,47.7097217400
TRE-1115936,,,,,TRE-1115936,Seattle Department of Transportation,Thuja plicata,Western Red Cedar,"15",Private,1040 NE NORTHGATE WAY,7933ea00-e255-4fd1-b9ec-8dce5a2b73e6,62.273437500000000,88.370956420898438,85.411163330078125,-122.3162110000,47.7097480500
TRE-1115940,,,,,TRE-1115940,Seattle Department of Transportation,Thuja plicata,Western Red Cedar,"13",Private,1040 NE NORTHGATE WAY,e47a972c-f592-4ae7-ac62-f2b84e180ce8,62.299350738525391,88.357986450195312,85.360733032226562,-122.3162390000,47.7097217300
TRE-1115941,,,,,TRE-1115941,Seattle Department of Transportation,Thuja plicata,Western Red Cedar,"7",Private,1040 NE NORTHGATE WAY,ac949ff1-fd44-4185-a2c5-497dbb5419d8,62.299350738525391,88.357986450195312,85.360733032226562,-122.3162950000,47.7097210100
TRE-1115942,,,,,TRE-1115942,Seattle Department of Transportation,Thuja plicata,Western Red Cedar,"16",Private,1040 NE NORTHGATE WAY,fd2f6f9a-33a3-4d4a-9263-8a6b0d49f996,62.386436462402344,88.632682800292983,85.474937438964844,-122.3163240000,47.7097218400
TRE-1115943,,,,,TRE-1115943,Seattle Department of Transportation,Thuja plicata,Western Red Cedar,"16",Private,1040 NE NORTHGATE WAY,2bcaeac9-1455-4548-9943-7c16a08d084a,62.386436462402344,88.632682800292983,85.474937438964844,-122.3163840000,47.7097359100
TRE-1115945,,,,,TRE-1115945,Seattle Department of Transportation,Thuja plicata,Western Red Cedar,"16",Private,1040 NE NORTHGATE WAY,e3a7e35a-acad-4b9b-98a7-f7f9f5108824,62.358123779296875,88.684898376464844,85.540641784667969,-122.3164220000,47.7097427300
TRE-1115946,,,,,TRE-1115946,Seattle Department of Transportation,Thuja plicata,Western Red Cedar,"15",Private,1040 NE NORTHGATE WAY,923e68f6-c66b-43c8-8bc9-67e26cedf1af,62.515556335449219,88.827461242675781,85.816993713378906,-122.3164500000,47.7097216400
TRE-1115947,,,,,TRE-1115947,Seattle Department of Transportation,Thuja plicata,Western Red Cedar,"17",Private,1040 NE NORTHGATE WAY,4160834f-f14f-491e-b523-b4c5a232f711,62.515556335449219,88.827461242675781,85.816993713378906,-122.3164920000,47.7097407400
TRE-1115948,,,,,TRE-1115948,Seattle Department of Transportation,Thuja plicata,Western Red Cedar,"16",Private,1040 NE NORTHGATE WAY,77f54380-03d1-4208-bc7b-25271ba9cf5c,62.515556335449219,88.827461242675781,85.816993713378906,-122.3165360000,47.7097243600
TRE-1115949,,,,,TRE-1115949,Seattle Department of Transportation,Thuja plicata,Western Red Cedar,"12",Private,1040 NE NORTHGATE WAY,fc621e9c-b6f0-4823-9011-49cd38fc4f8c,62.515556335449219,88.827461242675781,85.816993713378906,-122.3165560000,47.7097388300
TRE-1115951,,,,,TRE-1115951,Seattle Department of Transportation,Thuja plicata,Western Red Cedar,"17",Private,1040 NE NORTHGATE WAY,2b0a780f-bb7f-437e-8231-7377b19de945,62.516826629638672,88.993652343750000,85.950202941894531,-122.3166180000,47.7097253100
TRE-1115952,,,,,TRE-1115952,Seattle Department of Transportation,Thuja plicata,Western Red Cedar,"22",Private,1040 NE NORTHGATE WAY,a932da39-08b3-42f4-9e2e-a356eb6351be,62.516826629638672,88.993652343750000,85.950202941894531,-122.3166500000,47.7097249200
TRE-1115961,,,,,TRE-1115961,Seattle Department of Transportation,Thuja plicata,Western Red Cedar,"33",Private,11300 GOODWIN AVE NE,99d9f5bf-c5dd-48a3-a68e-123c3065f101,61.739948272705078,87.036247253417969,83.420211791992188,-122.3112090000,47.7106302200
TRE-1115962,,,,,TRE-1115962,Seattle Department of Transportation,Thuja plicata,Western Red Cedar,"28",Private,11300 GOODWIN AVE NE,5248172c-ab3c-4bde-a7e5-75c4cdc0c062,61.631114959716797,87.221328735351562,83.552223205566406,-122.3109840000,47.7104640500
TRE-1119125,,,,,TRE-1119125,Seattle Department of Transportation,Thuja plicata,Western Red Cedar,"24",Private,2431 24TH AVE W,68fdb99a-ebe7-4e80-8b6a-d35039f366c0,62.655723571777344,88.179214477539062,84.645835876464844,-122.3880150000,47.6411069300
TRE-1119277,,,,,TRE-1119277,Seattle Department of Transportation,Thuja plicata,Western Red Cedar,"12",Private,2556 24TH AVE W,19a9782d-a288-4da1-a712-5d4c13190995,63.296394348144531,87.863189697265625,84.120010375976562,-122.3875410000,47.6427616000
TRE-1118229,,,,,TRE-1118229,Seattle Department of Transportation,Thuja plicata,Western Red Cedar,"7",Seattle Department of Transportation,W RUFFNER ST & 31ST AVE W,17d5f3e6-dddd-4c9e-ae5d-b9ef004de838,61.999866485595703,86.227462768554688,79.862518310546875,-122.3969100000,47.6522607800
TRE-1117942,,,,,TRE-1117942,Seattle Department of Transportation,Thuja plicata,Western Red Cedar,"8",Private,3508 W EMERSON ST,dcfa8688-fc41-4663-afef-dce5c9a7d3e0,62.193183898925781,89.573806762695312,85.836860656738281,-122.4027810000,47.6541464200
TRE-1117991,,,,,TRE-1117991,Seattle Department of Transportation,Thuja plicata,Western Red Cedar,"44",Private,4201 34TH AVE W,c2cd0b87-a64a-4dff-9454-d948398d601d,61.948627471923835,89.071289062500000,85.266250610351562,-122.4014530000,47.6577105900
TRE-1117992,,,,,TRE-1117992,Seattle Department of Transportation,Thuja plicata,Western Red Cedar,"35",Private,4200 34TH AVE W,bab1c417-0cde-407c-8cbc-2c934af94746,61.998840332031250,89.056716918945312,85.255546569824219,-122.4015470000,47.6577149900
TRE-1118354,,,,,TRE-1118354,Seattle Department of Transportation,Thuja plicata,Western Red Cedar,"8",Private,3408 30TH AVE W,00077622-3fa2-42ca-b0d5-515960752951,62.385795593261719,87.378250122070327,83.367431640624986,-122.3955700000,47.6509559900
TRE-1118375,,,,,TRE-1118375,Seattle Department of Transportation,Thuja plicata,Western Red Cedar,"20",Private,3230 30TH AVE W,8c4226e4-4088-4afd-b95f-e09b7355551d,62.183185577392578,88.416404724121094,85.790573120117188,-122.3955480000,47.6497316700
TRE-1118396,,,,,TRE-1118396,Seattle Department of Transportation,Thuja plicata,Western Red Cedar,"4",Private,3212 30TH AVE W,16d35784-3d5e-457f-a272-8823b1f22145,62.081226348876953,88.828063964843750,86.704528808593750,-122.3956360000,47.6491168400
TRE-1118404,,,,,TRE-1118404,Seattle Department of Transportation,Thuja plicata,Western Red Cedar,"14",Private,3237 29TH AVE W,044d3f9e-993f-4354-85b0-f831ef69de32,62.566692352294922,87.849121093750000,84.874229431152330,-122.3943800000,47.6498636200
TRE-1119803,,,,,TRE-1119803,Seattle Department of Transportation,Thuja plicata,Western Red Cedar,"7",Private,2220 W EMERSON ST,da0f886e-f2e6-41a7-b0bc-f1caf2e09ff1,62.301109313964837,87.778839111328125,84.097801208496094,-122.3858120000,47.6540573500
TRE-1119804,,,,,TRE-1119804,Seattle Department of Transportation,Thuja plicata,Western Red Cedar,"8",Private,2220 W EMERSON ST,035c3b16-f69b-45b9-8182-d8d891137fd8,62.301109313964837,87.778839111328125,84.097801208496094,-122.3858650000,47.6540572200
TRE-1119820,,,,,TRE-1119820,Seattle Department of Transportation,Thuja plicata,Western Red Cedar,"4",Private,2220 W EMERSON ST,139dc847-a8c3-4de0-9d7b-189c20f72538,62.301109313964837,87.778839111328125,84.097801208496094,-122.3858340000,47.6540544600
TRE-1119028,,,,,TRE-1119028,Seattle Department of Transportation,Thuja plicata,Western Red Cedar,"35",Private,2715 W LYNN PL,70abe5df-8feb-4c77-a132-1c6ad5a8de7d,62.982223510742188,86.124122619628906,81.912117004394531,-122.3923250000,47.6394847300
TRE-1119032,,,,,TRE-1119032,Seattle Department of Transportation,Thuja plicata,Western Red Cedar,"20",Private,2350 27TH AVE W,fe4fe09b-5b9a-4e7d-880d-8ac567ea1982,62.938419342041016,87.511062622070327,83.503219604492188,-122.3916240000,47.6395763700
TRE-1119897,,,,,TRE-1119897,Seattle Department of Transportation,Thuja plicata,Western Red Cedar,"25",Private,2601 26TH PL W,aa6f953c-e4cc-4afe-b42c-3dccd5ce5c5f,63.247009277343750,87.739562988281250,84.123840332031250,-122.3893500000,47.6528060300
TRE-1120925,,,,,TRE-1120925,Seattle Department of Transportation,Thuja plicata,Western Red Cedar,"20",Private,3828 26TH AVE W,3e621fc4-bcdb-44f2-beee-2f176661d615,62.015972137451165,87.501304626464844,83.302253723144531,-122.3898380000,47.6549689800
TRE-1120975,,,,,TRE-1120975,Seattle Department of Transportation,Thuja plicata,Western Red Cedar,"40",Private,2223 W BARRETT ST,4de31201-fe30-427b-87d1-03eda78facb7,62.709159851074219,89.212516784667969,86.572113037109375,-122.3856340000,47.6465134400
TRE-1120982,,,,,TRE-1120982,Seattle Department of Transportation,Thuja plicata,Western Red Cedar,"23",Private,2115 W BARRETT ST,5d03121a-8e93-4fbd-97e5-4ff025aa7971,62.617813110351562,90.372596740722656,88.204444885253906,-122.3840690000,47.6465184200
TRE-1120983,,,,,TRE-1120983,Seattle Department of Transportation,Thuja plicata,Western Red Cedar,"14",Private,2115 W BARRETT ST,ea692cbc-6f26-4d6a-96d2-a58149e27f06,62.593669891357422,90.299278259277344,88.056747436523438,-122.3840980000,47.6465147500
TRE-1120984,,,,,TRE-1120984,Seattle Department of Transportation,Thuja plicata,Western Red Cedar,"14",Private,2115 W BARRETT ST,5ebfc25f-f8e8-4ff5-a7e6-65890d444b7c,62.593669891357422,90.299278259277344,88.056747436523438,-122.3841360000,47.6465183100
TRE-1121195,,,,,TRE-1121195,Seattle Department of Transportation,Thuja plicata,Western Red Cedar,"2",Private,2654 W DRAVUS ST,31366ae1-8e87-490d-8de7-83de65945d6e,63.415969848632812,85.471809387207017,80.011451721191406,-122.3911160000,47.6487379200
TRE-1121196,,,,,TRE-1121196,Seattle Department of Transportation,Thuja plicata,Western Red Cedar,"2",Private,2654 W DRAVUS ST,cafa06fd-4e64-4a66-af73-de27fa6d26d9,63.415969848632812,85.471809387207017,80.011451721191406,-122.3911150000,47.6487498400
TRE-1121199,,,,,TRE-1121199,Seattle Department of Transportation,Thuja plicata,Western Red Cedar,"3",Private,2654 W DRAVUS ST,57eb42b6-0a82-4da4-ad2d-907d12f81871,63.442081451416016,85.407791137695312,79.920600891113281,-122.3911650000,47.6487534100
TRE-1121274,,,,,TRE-1121274,Seattle Department of Transportation,Thuja plicata,Western Red Cedar,"2",Private,2845 23RD AV W,5b31f852-7c29-4168-9532-9420709036f1,62.782436370849609,88.451675415039062,86.220214843750000,-122.3860190000,47.6461665700
TRE-1120711,,,,,TRE-1120711,Seattle Department of Transportation,Thuja plicata,Western Red Cedar,"15",Private,4542 W CRAMER ST,d01fb48d-5182-4f79-99e1-0aa094197ba0,59.695129394531250,89.353210449218750,84.465209960937500,-122.4147530000,47.6685839700
TRE-1120718,,,,,TRE-1120718,Seattle Department of Transportation,Thuja plicata,Western Red Cedar,"18",Private,5602 39TH AVE W,a28ee8d1-7f72-44cb-a060-7057ea63811e,,,,-122.4084080000,47.6695926300
TRE-1120793,,,,,TRE-1120793,Seattle Department of Transportation,Thuja plicata,Western Red Cedar,"21",Private,4570 36TH AVE W,6578701c-5833-468d-a8db-99f83317ea27,62.442066192626953,88.121032714843750,84.994636535644531,-122.4036790000,47.6638478300
TRE-1120809,,,,,TRE-1120809,Seattle Department of Transportation,Thuja plicata,Western Red Cedar,"18",Private,4570 36TH AVE W,e2255308-2550-481f-8e61-0b02f811ef42,61.890060424804688,87.939971923828125,84.990928649902330,-122.4036580000,47.6631239000
TRE-1120829,,,,,TRE-1120829,Seattle Department of Transportation,Thuja plicata,Western Red Cedar,"9",Private,4575 36TH AVE W,7c1a5b44-50ce-424b-b3d9-f0c90b137371,61.455711364746094,87.558143615722656,84.821166992187500,-122.4036820000,47.6622304700
TRE-1120830,,,,,TRE-1120830,Seattle Department of Transportation,Thuja plicata,Western Red Cedar,"12",Private,4575 36TH AVE W,e6d8ea62-4dfd-4072-90bd-5cc8256d8006,61.396503448486328,87.622856140136719,84.710067749023438,-122.4036870000,47.6621542700
TRE-1120831,,,,,TRE-1120831,Seattle Department of Transportation,Thuja plicata,Western Red Cedar,"12",Private,4575 36TH AVE W,c5fcd090-de20-4d21-8505-5b0f392798c0,61.396503448486328,87.622856140136719,84.710067749023438,-122.4036610000,47.6621359500
TRE-1120837,,,,,TRE-1120837,Seattle Department of Transportation,Thuja plicata,Western Red Cedar,"11",Private,4575 36TH AVE W,c56d832a-7d52-4185-957f-c5a32422b1fd,61.310844421386719,87.691986083984375,84.543113708496094,-122.4036540000,47.6619421000
TRE-1120841,,,,,TRE-1120841,Seattle Department of Transportation,Thuja plicata,Western Red Cedar,"10",Private,4575 36TH AVE W,3a485ba9-c41a-432a-a544-05e56e1d0183,61.253311157226562,87.438041687011719,84.437446594238281,-122.4036590000,47.6616810500
TRE-1120843,,,,,TRE-1120843,Seattle Department of Transportation,Thuja plicata,Western Red Cedar,"13",Private,4575 36TH AVE W,5e189ae8-3821-44f3-b503-028af7576dd9,61.196323394775391,87.386711120605469,84.402923583984375,-122.4036570000,47.6616087800
TRE-1120833,,,,,TRE-1120833,Seattle Department of Transportation,Thuja plicata,Western Red Cedar,"10",Private,4575 36TH AVE W,50e6dbea-4186-4946-ba70-0de116584b7a,61.359859466552734,87.635337829589844,84.606094360351562,-122.4036790000,47.6620839800
TRE-1121911,,,,,TRE-1121911,Seattle Department of Transportation,Thuja plicata,Western Red Cedar,"2",Private,3835 GILMAN AVE W,da35e934-89fc-4df8-9c72-d089e145db54,62.648544311523438,88.181549072265625,84.485481262207017,-122.3854130000,47.6547439800
TRE-1121912,,,,,TRE-1121912,Seattle Department of Transportation,Thuja plicata,Western Red Cedar,"2",Private,3837 GILMAN AVE W,ade55298-02bb-41bb-b343-5757e0c74fac,62.648544311523438,88.181549072265625,84.485481262207017,-122.3854390000,47.6547827200
TRE-1121914,,,,,TRE-1121914,Seattle Department of Transportation,Thuja plicata,Western Red Cedar,"2",Private,3839 GILMAN AVE W,c89e6684-6d51-4c4d-9f56-d5ef848d490c,62.708557128906250,88.140975952148438,84.484672546386719,-122.3854490000,47.6548091000
TRE-1121917,,,,,TRE-1121917,Seattle Department of Transportation,Thuja plicata,Western Red Cedar,"2",Private,3839 GILMAN AVE W,3e83fbe7-93cb-4779-b13a-b3a3c5ee1fef,62.667194366455078,88.107696533203125,84.375083923339844,-122.3854770000,47.6548285000
TRE-1121918,,,,,TRE-1121918,Seattle Department of Transportation,Thuja plicata,Western Red Cedar,"2",Private,3841 GILMAN AVE W,0618926d-f8ef-4632-a844-7227a69fa117,62.667194366455078,88.107696533203125,84.375083923339844,-122.3855080000,47.6548676900
TRE-1121919,,,,,TRE-1121919,Seattle Department of Transportation,Thuja plicata,Western Red Cedar,"2",Private,3841 GILMAN AVE W,e28dc2fb-c99f-4eb3-8978-6c475e70aaaf,62.667194366455078,88.107696533203125,84.375083923339844,-122.3855140000,47.6548842400
TRE-1121953,,,,,TRE-1121953,Seattle Department of Transportation,Thuja plicata,Western Red Cedar,"20",Private,4073 GILMAN AVE W,636f47ee-b68c-4c48-9267-cc40b16d587a,63.647487640380859,85.523628234863281,79.391624450683594,-122.3884560000,47.6572634800
TRE-1121959,,,,,TRE-1121959,Seattle Department of Transportation,Thuja plicata,Western Red Cedar,"4",Private,4005 BURTON PL W,eeee84f3-40cb-4833-a2ad-38710a108e06,63.023643493652344,86.571937561035156,80.657272338867188,-122.3882690000,47.6560996100
TRE-1121486,,,,,TRE-1121486,Seattle Department of Transportation,Thuja plicata,Western Red Cedar,"14",Private,3764 W COMMODORE WAY,dd9e530f-6cd4-4182-acf8-6aa8c4ae28ff,59.311668395996094,89.469940185546875,85.629623413085938,-122.4086050000,47.6662566700
TRE-1121487,,,,,TRE-1121487,Seattle Department of Transportation,Thuja plicata,Western Red Cedar,"16",Private,3764 W COMMODORE WAY,4cfad59e-b948-4ced-b121-22a787ebafcf,59.217159271240234,89.469848632812500,85.611915588378906,-122.4086530000,47.6662851600
TRE-1121529,,,,,TRE-1121529,Seattle Department of Transportation,Thuja plicata,Western Red Cedar,"16",Private,2100 W COMMODORE WAY,1126238d-8e1d-40c2-9257-52aecbc4e836,63.193016052246094,86.887298583984375,82.539131164550781,-122.3833390000,47.6593283000
TRE-1122030,,,,,TRE-1122030,Seattle Department of Transportation,Thuja plicata,Western Red Cedar,"20",Private,3456 15TH AVE W,edff6c4b-aded-402e-bbc1-b8ebba6d4229,63.367332458496094,87.673439025878906,83.167106628417969,-122.3756270000,47.6521244900
TRE-1121662,,,,,TRE-1121662,Seattle Department of Transportation,Thuja plicata,Western Red Cedar,"25",Private,2863 WEST GOVERNMENT WAY,8fa7c044-119c-43c2-b797-4f95285340ca,62.369606018066406,88.481109619140625,84.673667907714844,-122.3946530000,47.6612123200
TRE-1121730,,,,,TRE-1121730,Seattle Department of Transportation,Thuja plicata,Western Red Cedar,"2",Private,4548 33RD AVE W,332a3f9c-5e41-491b-a42d-b31ce9c4fb79,61.641139984130859,87.732658386230469,84.155868530273438,-122.3989470000,47.6626977900
TRE-1121738,,,,,TRE-1121738,Seattle Department of Transportation,Thuja plicata,Western Red Cedar,"15",Private,4531 33RD AVE W,5e2908e5-7221-4f17-96b8-5220d6aad67d,61.670269012451165,87.135017395019531,83.781272888183594,-122.3994970000,47.6624805300
TRE-1122587,,,,,TRE-1122587,Seattle Department of Transportation,Thuja plicata,Western Red Cedar,"10",Private,3287 31TH AVE SW,da248321-5577-4311-aada-ef8f4ab455d4,61.528579711914062,86.772811889648438,83.223770141601562,-122.3727100000,47.5738965200
TRE-1123179,,,,,TRE-1123179,Seattle Department of Transportation,Thuja plicata,Western Red Cedar,"14",Private,1270 SW ORCHARD ST,977956e6-bebe-4a75-be39-eec5e552e3c4,60.856956481933594,88.103385925292983,85.274223327636719,-122.3534860000,47.5382862400
TRE-1123326,,,,,TRE-1123326,Seattle Department of Transportation,Thuja plicata,Western Red Cedar,"20",Private,6702 14TH AVE SW,c6a42055-0719-4e76-94dd-97a5a8c8f2eb,60.876247406005859,88.535278320312500,84.240310668945312,-122.3525390000,47.5427010700
TRE-1123327,,,,,TRE-1123327,Seattle Department of Transportation,Thuja plicata,Western Red Cedar,"17",Private,6702 14TH AVE SW,cfd13037-8297-4f87-a135-c22c72086c01,60.876247406005859,88.535278320312500,84.240310668945312,-122.3525370000,47.5427406500
TRE-1123450,,,,,TRE-1123450,Seattle Department of Transportation,Thuja plicata,Western Red Cedar,"70",Private,2307 SW MYRTLE ST,207e11b0-7c2d-4f99-a8fe-b5a5be9791f4,61.678028106689453,89.262664794921875,85.238037109375014,-122.3619210000,47.5390892200
TRE-1123466,,,,,TRE-1123466,Seattle Department of Transportation,Thuja plicata,Western Red Cedar,"25",Private,6943 25TH AVE SW,76b2f3e1-ad1b-4356-a61f-d5291f9c4f25,60.319885253906250,88.899887084960938,84.554626464843750,-122.3644930000,47.5393479800
TRE-1123505,,,,,TRE-1123505,Seattle Department of Transportation,Thuja plicata,Western Red Cedar,"33",Private,6321 22ND AVE SW,8dea9cec-06a5-445b-a8e0-cbec8de5313c,61.563270568847656,88.406982421875014,84.811935424804688,-122.3611700000,47.5458661700
TRE-1123506,,,,,TRE-1123506,Seattle Department of Transportation,Thuja plicata,Western Red Cedar,"33",Private,6321 22ND AVE SW,71774818-923b-457d-993c-41d6170cf39a,61.563270568847656,88.406982421875014,84.811935424804688,-122.3611580000,47.5458035100
TRE-1123517,,,,,TRE-1123517,Seattle Department of Transportation,Thuja plicata,Western Red Cedar,"4",Private,6331 25TH AVE SW,e567fdee-39ec-4ca3-8583-11119dda8cda,60.789672851562493,88.585273742675781,84.826972961425781,-122.3639270000,47.5454282800
TRE-1123518,,,,,TRE-1123518,Seattle Department of Transportation,Thuja plicata,Western Red Cedar,"4",Private,6331 25TH AVE SW,1bbfe95f-acbb-43d7-968e-42992a920080,60.789672851562493,88.585273742675781,84.826972961425781,-122.3639650000,47.5453880200
TRE-1123519,,,,,TRE-1123519,Seattle Department of Transportation,Thuja plicata,Western Red Cedar,"3",Private,6331 25TH AVE SW,0150243a-b9df-4378-9db3-ff450ce1d868,60.790309906005859,88.556350708007812,84.755416870117188,-122.3639470000,47.5453362300
TRE-1123551,,,,,TRE-1123551,Seattle Department of Transportation,Thuja plicata,Western Red Cedar,"22",Private,5259 17TH AVE SW,502851ba-8c78-417f-9dc7-ee5a414b0531,62.466457366943359,87.413154602050781,84.200408935546875,-122.3560140000,47.5540484500
TRE-1123617,,,,,TRE-1123617,Seattle Department of Transportation,Thuja plicata,Western Red Cedar,"15",Private,6039 CROFT PL SW,96cca751-5a99-4fc5-a2d6-94ec3dbdd720,60.658100128173835,88.844703674316406,85.245544433593750,-122.3600110000,47.5469087400
TRE-1124076,,,,,TRE-1124076,Seattle Department of Transportation,Thuja plicata,Western Red Cedar,"6",Private,4860 PUGET BLVD SW,6d5a34ea-fb37-4206-9a8f-2dcdaf99e2db,58.928352355957031,88.031723022460938,84.809211730957017,-122.3614680000,47.5577482700
TRE-1124078,,,,,TRE-1124078,Seattle Department of Transportation,Thuja plicata,Western Red Cedar,"6",Private,4860 PUGET BLVD SW,a1128b96-3bb5-42d3-b3bf-5b7a5dc2b369,58.928352355957031,88.031723022460938,84.809211730957017,-122.3614680000,47.5577535700
TRE-1124093,,,,,TRE-1124093,Seattle Department of Transportation,Thuja plicata,Western Red Cedar,"25",Private,4825 PUGET BLVD SW,85781df6-b5a5-4226-a68c-5c3692fa01df,59.924499511718750,87.280487060546875,84.894966125488281,-122.3615010000,47.5584315900
TRE-1124101,,,,,TRE-1124101,Seattle Department of Transportation,Thuja plicata,Western Red Cedar,"15",Private,4824 PUGET BLVD SW,9d1003da-6694-41ee-ad3e-ab09083b2c44,60.546001434326165,87.081199645996094,84.549659729003906,-122.3612080000,47.5586519700
TRE-1124102,,,,,TRE-1124102,Seattle Department of Transportation,Thuja plicata,Western Red Cedar,"15",Private,4824 PUGET BLVD SW,920b2847-0179-4881-98c0-3631643ada60,60.546001434326165,87.081199645996094,84.549659729003906,-122.3612310000,47.5586535500
TRE-1124103,,,,,TRE-1124103,Seattle Department of Transportation,Thuja plicata,Western Red Cedar,"15",Private,4824 PUGET BLVD SW,b7143b67-ebed-49e2-b2b2-2133257b8469,60.488475799560547,87.122482299804688,84.447410583496094,-122.3612100000,47.5586649500
TRE-1124138,,,,,TRE-1124138,Seattle Department of Transportation,Thuja plicata,Western Red Cedar,"4",Private,4766 23RD AVE SW,f3d173f7-cc3d-4ae3-9616-cf45b78d6011,60.298587799072266,87.257835388183594,84.786430358886719,-122.3615410000,47.5592184000
TRE-1124142,,,,,TRE-1124142,Seattle Department of Transportation,Thuja plicata,Western Red Cedar,"3",Private,4762 23RD AVE SW,ac0e2a82-9ca1-4d07-a498-744ed857a128,60.234840393066406,87.321853637695312,84.883262634277344,-122.3615550000,47.5593301400
TRE-1123697,,,,,TRE-1123697,Seattle Department of Transportation,Thuja plicata,Western Red Cedar,"10",Private,5459 26TH AVE SW,267a8510-82ca-43e1-b5d1-2523518ffe2a,60.582969665527344,88.011352539062500,84.158592224121094,-122.3657370000,47.5519841300
TRE-1123698,,,,,TRE-1123698,Seattle Department of Transportation,Thuja plicata,Western Red Cedar,"10",Private,5459 26TH AVE SW,1b4a0758-efb3-401b-9d0a-13314543b6ee,60.582969665527344,88.011352539062500,84.158592224121094,-122.3657320000,47.5519668100
TRE-1123699,,,,,TRE-1123699,Seattle Department of Transportation,Thuja plicata,Western Red Cedar,"10",Private,5459 26TH AVE SW,fa60603a-6afe-4946-93a6-bec5455a6d75,60.582969665527344,88.011352539062500,84.158592224121094,-122.3657440000,47.5519541700
TRE-1124187,,,,,TRE-1124187,Seattle Department of Transportation,Thuja plicata,Western Red Cedar,"30",Private,4459 26TH AVE SW,c97e8dad-ca2d-4595-b49e-1bdceeee9fd4,58.865055084228509,88.559425354003906,84.457649230957017,-122.3656560000,47.5629460200
TRE-1124192,,,,,TRE-1124192,Seattle Department of Transportation,Thuja plicata,Western Red Cedar,"20",Private,4459 26TH AVE SW,a47a7e5a-2403-4738-9300-9a7eb60ebc93,59.341262817382812,88.954177856445312,84.651962280273438,-122.3657790000,47.5629481900
TRE-1124195,,,,,TRE-1124195,Seattle Department of Transportation,Thuja plicata,Western Red Cedar,"10",Private,4459 26TH AVE SW,93583bc2-85ac-435c-b7be-22883f41ca10,59.664180755615234,89.155158996582031,85.007637023925781,-122.3658300000,47.5629490400
TRE-1123926,,,,,TRE-1123926,Seattle Department of Transportation,Thuja plicata,Western Red Cedar,"3",Private,5241 23RD AVE SW,0a9ac4a9-6fed-4544-a387-2f9456e66279,59.760337829589837,88.749015808105469,85.123481750488281,-122.3617620000,47.5543179400
TRE-1123927,,,,,TRE-1123927,Seattle Department of Transportation,Thuja plicata,Western Red Cedar,"5",Private,5241 23RD AVE SW,b0256394-aca3-4036-8b52-fe17db3a296b,59.760337829589837,88.749015808105469,85.123481750488281,-122.3617810000,47.5543261100
TRE-1123929,,,,,TRE-1123929,Seattle Department of Transportation,Thuja plicata,Western Red Cedar,"5",Private,5241 23RD AVE SW,8584ad61-c696-4fae-9bc8-9bd005af499c,59.760337829589837,88.749015808105469,85.123481750488281,-122.3617800000,47.5543386000
TRE-1123939,,,,,TRE-1123939,Seattle Department of Transportation,Thuja plicata,Western Red Cedar,"5",Private,5241 23RD AVE SW,1e95c462-8037-4c4d-bb02-019a54ce0135,59.764537811279297,88.794555664062500,85.127532958984375,-122.3617730000,47.5543937500
TRE-1123940,,,,,TRE-1123940,Seattle Department of Transportation,Thuja plicata,Western Red Cedar,"16",Private,5229 23RD AVE SW,60996488-c8ef-4131-8ba7-a9f237f5af71,59.646114349365234,88.854660034179673,85.124122619628906,-122.3618170000,47.5544468700
TRE-1124205,,,,,TRE-1124205,Seattle Department of Transportation,Thuja plicata,Western Red Cedar,"15",Private,4100 22ND AVE SW,72172285-149a-4ecd-96e3-572cad5b42bb,61.824188232421875,89.034782409667969,85.141571044921875,-122.3612700000,47.5665427500
TRE-1123964,,,,,TRE-1123964,Seattle Department of Transportation,Thuja plicata,Western Red Cedar,"9",Private,5220D PUGET BLVD SW,4e962e4f-af13-47de-88d4-340a039a6b9f,58.097892761230469,89.468460083007812,85.658706665039062,-122.3626770000,47.5551832700
TRE-1123965,,,,,TRE-1123965,Seattle Department of Transportation,Thuja plicata,Western Red Cedar,"4",Private,5072 DELRIDGE WAY SW,771a7a3c-ed82-47a5-92ed-afac5de7298f,58.098213195800781,89.583267211914062,85.728965759277344,-122.3627210000,47.5553436000
TRE-1123966,,,,,TRE-1123966,Seattle Department of Transportation,Thuja plicata,Western Red Cedar,"4",Private,5072 DELRIDGE WAY SW,449f8dfd-d90e-4890-a212-98cea0968d7a,58.137729644775391,89.480476379394531,85.714210510253906,-122.3627500000,47.5553051600
TRE-1124024,,,,,TRE-1124024,Seattle Department of Transportation,Thuja plicata,Western Red Cedar,"6",Private,4800 25TH AVE SW,ccd6fa69-483f-4184-bc89-059d6f7059a7,58.126392364501953,89.224418640136719,86.648345947265625,-122.3637680000,47.5592230300
TRE-1124042,,,,,TRE-1124042,Seattle Department of Transportation,Thuja plicata,Western Red Cedar,"16",Private,4800 26TH AVE SW,094bd4bb-a0d4-4205-8006-c63c78d57240,58.671096801757812,87.938255310058594,83.558799743652330,-122.3654500000,47.5590564000
TRE-1124381,,,,,TRE-1124381,Seattle Department of Transportation,Thuja plicata,Western Red Cedar,"20",Private,1811 SW DAKOTA ST,071577d2-dd30-4671-b6a4-b26e2ab0474a,62.023143768310547,88.152091979980469,83.570884704589844,-122.3574690000,47.5665606700
TRE-1124382,,,,,TRE-1124382,Seattle Department of Transportation,Thuja plicata,Western Red Cedar,"20",Private,1811 SW DAKOTA ST,daeec604-35a2-4c39-9058-c81181915543,61.997287750244141,88.151344299316406,83.558555603027344,-122.3575770000,47.5665446300
TRE-1124425,,,,,TRE-1124425,Seattle Department of Transportation,Thuja plicata,Western Red Cedar,"9",Private,4149 19TH AVE SW,08fb3788-0bc9-4d7c-a0c8-e903c101d459,61.967403411865234,89.027984619140625,84.692893981933594,-122.3580680000,47.5651719100
TRE-1122998,,,,,TRE-1122998,Seattle Department of Transportation,Thuja plicata,Western Red Cedar,"12",Private,3020 SW HOLLY ST,5d337ab2-0aae-48fc-b10d-0fd86ab0cde7,62.397884368896491,90.000976562500000,86.618057250976562,-122.3717070000,47.5428947500
TRE-1123002,,,,,TRE-1123002,Seattle Department of Transportation,Thuja plicata,Western Red Cedar,"33",Private,3125 SW HOLLY ST,54681350-92fd-4769-9341-8dd029c00f97,62.461681365966797,89.506958007812500,86.209884643554688,-122.3733050000,47.5427788600
TRE-1124518,,,,,TRE-1124518,Seattle Department of Transportation,Thuja plicata,Western Red Cedar,"3",Private,3220 SW WESTBRIDGE PL,a25997c5-5856-42ab-ba16-61caf4195554,61.852836608886719,86.516662597656250,83.369522094726562,-122.3740100000,47.5718996100
TRE-1123050,,,,,TRE-1123050,Seattle Department of Transportation,Thuja plicata,Western Red Cedar,"27",Private,5609 17TH AVE SW,634890d2-b0ca-47ba-89df-2bc48f2a9839,61.569816589355469,88.193870544433594,85.147834777832031,-122.3560590000,47.5515065200
TRE-1125139,,,,,TRE-1125139,Seattle Department of Transportation,Thuja plicata,Western Red Cedar,"15",Private,1401 E HOWELL ST,bb695f6d-b741-4524-830e-ec4db1780a25,62.851104736328125,87.931678771972656,84.796455383300781,-122.3141940000,47.6172135800
TRE-1126496,,,,,TRE-1126496,Seattle Department of Transportation,Thuja plicata,Western Red Cedar,"30",Private,711 BELMONT AVE E,b5e5cb82-b24c-449e-a8a2-a31cc82626f2,63.607383728027344,88.987533569335938,85.760147094726562,-122.3245840000,47.6255856900
TRE-1124609,,,,,TRE-1124609,Seattle Department of Transportation,Thuja plicata,Western Red Cedar,"4",Private,7302 29TH AVE SW,6d199b95-3ce4-4805-94cc-a40ed7f49315,63.054050445556641,88.275894165039062,85.379661560058594,-122.3693830000,47.5372985500
TRE-1124631,,,,,TRE-1124631,Seattle Department of Transportation,Thuja plicata,Western Red Cedar,"30",Private,7127 28TH AVE SW,624af1b4-a143-4e18-906f-3f768ce18f13,62.180515289306641,89.290374755859375,86.263427734375014,-122.3691400000,47.5383248200
TRE-1124784,,,,,TRE-1124784,Seattle Department of Transportation,Thuja plicata,Western Red Cedar,"10",Seattle Department of Transportation,4000 W SEATTLE BRIDGE,00e28960-686c-473c-b28f-c3c2016fc6a8,62.441196441650391,89.031234741210938,86.594650268554688,-122.3735400000,47.5679634300
TRE-1126262,,,,,TRE-1126262,Seattle Department of Transportation,Thuja plicata,Western Red Cedar,"9",Private,1102 HARVARD AVE E,4faea763-8568-483f-a350-713ecfaafe44,62.385387420654297,87.975166320800781,84.421005249023438,-122.3222260000,47.6287802000
TRE-1124906,,,,,TRE-1124906,Seattle Department of Transportation,Thuja plicata,Western Red Cedar,"15",Seattle Department of Transportation,FAUNTLEROY WAY SW,06ab82ff-2ab9-438a-957a-e6ea68cc995d,61.876064300537109,89.978210449218750,87.531372070312500,-122.3744110000,47.5654816800
TRE-1128675,,,,,TRE-1128675,Seattle Department of Transportation,Thuja plicata,Western Red Cedar,"2",Seattle Department of Transportation,7115 2ND AVE SW,f141978f-ecd4-4151-ac51-097a2ff93ee5,65.062477111816406,90.176177978515625,84.202865600585938,-122.3404420000,47.5400361900
TRE-1128676,,,,,TRE-1128676,Seattle Department of Transportation,Thuja plicata,Western Red Cedar,"2",Seattle Department of Transportation,7115 2ND AVE SW,5640fa52-53d5-4a36-b1ee-ceb62e315734,65.086380004882812,90.169235229492188,84.407234191894531,-122.3404220000,47.5399664500
TRE-1127303,,,,,TRE-1127303,Seattle Department of Transportation,Thuja plicata `Fastigiata`,Fastigiata Western Red Cedar,"4",Private,4754 FAUNTLEROY WAY SW,b2a206c3-a622-4922-991f-44d649626379,61.962135314941406,87.655715942382812,85.755256652832031,-122.3812180000,47.5593119800
TRE-1128770,,,,,TRE-1128770,Seattle Department of Transportation,Thuja plicata,Western Red Cedar,"2",Seattle Department of Transportation,7115 2ND AVE SW,cfa2315e-3f64-4815-b8d5-3d7a17ceecda,64.798667907714844,90.096992492675781,84.358375549316406,-122.3405060000,47.5398547700
TRE-1130083,,,,,TRE-1130083,Seattle Department of Transportation,Thuja plicata,Western Red Cedar,"10",Private,8415 8TH AVE NE,99a44a52-79ef-4d30-afed-e97acb549118,62.753067016601562,89.017379760742188,86.604446411132812,-122.3203760000,47.6902957900
TRE-1130085,,,,,TRE-1130085,Seattle Department of Transportation,Thuja plicata,Western Red Cedar,"10",Private,8415 8TH AVE NE,625c2cb9-910f-409c-865d-e58aa3636b8d,62.753067016601562,89.017379760742188,86.604446411132812,-122.3203780000,47.6902612800
TRE-1130087,,,,,TRE-1130087,Seattle Department of Transportation,Thuja plicata,Western Red Cedar,"10",Private,8415 8TH AVE NE,9f54845c-45ac-4e81-b148-09a42fcb4cf5,62.753067016601562,89.017379760742188,86.604446411132812,-122.3203710000,47.6902592300
TRE-1130556,,,,,TRE-1130556,Seattle Department of Transportation,Thuja plicata,Western Red Cedar,"5",Private,7706 15TH AVE NE,470a1a06-30fd-4e91-b957-f16e774349c9,61.117050170898438,87.324226379394531,83.721763610839844,-122.3120310000,47.6851753000
TRE-1130558,,,,,TRE-1130558,Seattle Department of Transportation,Thuja plicata,Western Red Cedar,"5",Private,7706 15TH AVE NE,8d34b55b-a285-40fc-b98c-b54fef5ba80a,61.117050170898438,87.324226379394531,83.721763610839844,-122.3120230000,47.6851538600
TRE-1131044,,,,,TRE-1131044,Seattle Department of Transportation,Thuja plicata,Western Red Cedar,"4",Private,1353 30TH AVE S,e339b264-6e50-4926-b956-3a2c450c2e52,63.017688751220703,88.894737243652330,86.347152709960938,-122.2938680000,47.5912295800
TRE-1131123,,,,,TRE-1131123,Seattle Department of Transportation,Thuja plicata,Western Red Cedar,"1",Private,471 WHEELER ST,9eee1817-e36c-4fa3-a70d-bc973add146e,63.104019165039062,88.717582702636719,83.963577270507812,-122.3474830000,47.6407237900
TRE-1131124,,,,,TRE-1131124,Seattle Department of Transportation,Thuja plicata,Western Red Cedar,"1",Private,471 WHEELER ST,1179705c-a4ff-4b0d-b1ca-2ab9ebb1a7bc,63.114429473876953,88.763671875000000,83.962631225585938,-122.3474700000,47.6407610600
TRE-1129738,,,,,TRE-1129738,Seattle Department of Transportation,Thuja plicata,Western Red Cedar,"5",Private,6206 WOODLNAD AVE N,12e66c97-6a73-485a-8d4a-2d567d7d1ae6,63.353252410888672,89.023498535156250,86.279830932617188,-122.3348250000,47.6731552900
TRE-1133300,,,,,TRE-1133300,Seattle Department of Transportation,Thuja plicata,Western Red Cedar,"15",Private,3053 14TH AVE W,42dbd958-9c6f-4998-bf81-02eeba6401b1,61.864452362060547,87.543106079101562,84.454986572265625,-122.3750110000,47.6481199400
TRE-1133575,,,,,TRE-1133575,Seattle Department of Transportation,Thuja plicata `Zebrina`,Zebra Cedar,"35",Private,3042 10TH AVE W,59353286-377d-4a00-a5b4-8dd0a051aacd,61.202167510986328,88.038116455078125,83.613815307617188,-122.3702360000,47.6483521300
TRE-1133665,,,,,TRE-1133665,Seattle Department of Transportation,Thuja plicata,Western Red Cedar,"1",Private,2901 11TH AVE W,c1a33744-367a-4f00-bc6e-6eb32aab4116,61.013210296630859,86.073059082031250,81.937469482421875,-122.3716280000,47.6460622300
TRE-1132804,,,,,TRE-1132804,Seattle Department of Transportation,Thuja plicata,Western Red Cedar,"25",Private,3412 10TH AVE W,5836af98-3246-4eff-ace7-524740aed925,61.639503479003906,87.939514160156250,84.111381530761719,-122.3700470000,47.6509583400
TRE-1131484,,,,,TRE-1131484,Seattle Department of Transportation,Thuja plicata,Western Red Cedar,"9",Private,6537 20TH AVE NE,9938f310-3508-40bd-a433-23a6344ce4e2,61.430671691894531,88.402984619140625,85.699752807617188,-122.3066870000,47.6769121300
TRE-1132874,,,,,TRE-1132874,Seattle Department of Transportation,Thuja plicata,Western Red Cedar,"28",Private,3424 11TH AVE W,5a27dbe1-f02d-4dfc-a77a-de99d3ca9000,61.918796539306641,88.053840637207017,83.745407104492188,-122.3714040000,47.6512420800
TRE-1132954,,,,,TRE-1132954,Seattle Department of Transportation,Thuja plicata,Western Red Cedar,"5",Private,3457 12TH AVE W,5a80e8ce-5b41-4c8a-bb78-badefae7bdff,62.743953704833984,88.150505065917969,83.413932800292983,-122.3724510000,47.6521534700
TRE-1131610,,,,,TRE-1131610,Seattle Department of Transportation,Thuja plicata,Western Red Cedar,"3",Private,7309 21ST NE,6360fc4e-f438-4a56-b570-14901cd6f0e7,61.582599639892578,87.216491699218750,83.520416259765625,-122.3053940000,47.6816241900
TRE-1132975,,,,,TRE-1132975,Seattle Department of Transportation,Thuja plicata,Western Red Cedar,"5",Private,3436 12TH AVE W,749d6f8e-785a-4018-b6d1-ae6f7c0a5f1b,62.372917175292969,88.057167053222656,83.343315124511719,-122.3722340000,47.6515067500
TRE-1133036,,,,,TRE-1133036,Seattle Department of Transportation,Thuja plicata,Western Red Cedar,"25",Private,1100 W EMERSON ST,3c6ea816-a977-4aff-a929-fbf1ff73b9ce,63.303260803222656,88.011199951171875,83.159225463867188,-122.3716260000,47.6537993700
TRE-1131795,,,,,TRE-1131795,Seattle Department of Transportation,Thuja plicata,Western Red Cedar,"3",Private,7038 24TH AVE NE,decc7a82-3aa4-4064-b38f-a50205bfbd09,61.611301422119141,87.462089538574219,84.743057250976562,-122.3017070000,47.6805298300
TRE-1131796,,,,,TRE-1131796,Seattle Department of Transportation,Thuja plicata,Western Red Cedar,"3",Private,7038 24TH AVE NE,434b6371-0d0c-450b-8818-6febbc742d3f,61.611301422119141,87.462089538574219,84.743057250976562,-122.3017060000,47.6805030400
TRE-1132714,,,,,TRE-1132714,Seattle Department of Transportation,Thuja plicata,Western Red Cedar,"20",Private,717 W CREMONA ST,26400668-4d20-4f48-aa28-6051974a6852,61.981338500976562,87.961135864257812,84.114570617675781,-122.3669600000,47.6496260800
TRE-1132735,,,,,TRE-1132735,Seattle Department of Transportation,Thuja plicata,Western Red Cedar,"22",Private,625 W EMERSON ST,3a8257c6-0164-42f9-8d6d-de2bd6559d7c,62.202678680419922,88.082687377929673,84.876510620117188,-122.3660770000,47.6510389100
TRE-1132736,,,,,TRE-1132736,Seattle Department of Transportation,Thuja plicata,Western Red Cedar,"16",Private,625 W EMERSON ST,91dbd497-8286-4b59-8a61-2d4037eb70cc,62.202678680419922,88.082687377929673,84.876510620117188,-122.3660880000,47.6510349100
TRE-1134558,,,,,TRE-1134558,Seattle Department of Transportation,Thuja plicata,Western Red Cedar,"32",Private,2102 3RD AVE W,32b59916-98a3-4991-b101-c10e12d1101b,62.344364166259766,87.105445861816406,85.061561584472656,-122.3608330000,47.6372711800
TRE-1134569,,,,,TRE-1134569,Seattle Department of Transportation,Thuja plicata,Western Red Cedar,"26",Private,1913 3RD AVE W,bfa45f71-b0e1-42f4-8119-104eebacb76c,62.308502197265625,87.372238159179673,84.975227355957017,-122.3611020000,47.6366633300
TRE-1135261,,,,,TRE-1135261,Seattle Department of Transportation,Thuja plicata `Zebrina`,Zebra Cedar,"8",Private,1955 8TH AVE W,417aa295-447b-470b-92a9-7630a58f4bd0,62.524860382080078,90.566291809082031,86.346984863281250,-122.3687150000,47.6377005500
TRE-1135409,,,,,TRE-1135409,Seattle Department of Transportation,Thuja plicata,Western Red Cedar,"16",Private,1952 10TH AVE W,c552b303-363b-4b15-9678-22a1d14e915f,62.640087127685547,89.787406921386719,85.762481689453125,-122.3702080000,47.6376543100
TRE-1133771,,,,,TRE-1133771,Seattle Department of Transportation,Thuja plicata,Western Red Cedar,"30",Private,1018 W ARMOUR ST,b6a27705-d4d3-4d9b-ba2b-fff25a93c05a,61.691707611083984,88.515350341796875,84.672813415527344,-122.3710240000,47.6451126900
TRE-1133866,,,,,TRE-1133866,Seattle Department of Transportation,Thuja plicata,Western Red Cedar,"16",Seattle Parks and Recreation,700 W RAYE ST,e648c1a4-8c3d-4fa6-b6ae-43a632c66520,61.808055877685547,89.036933898925781,85.337272644042983,-122.3676080000,47.6456872900
TRE-1134681,,,,,TRE-1134681,Seattle Department of Transportation,Thuja plicata,Western Red Cedar,"24",Private,521 W HOWE ST,1ce7a57c-d44a-49a7-9769-1d51f4203d6a,62.082740783691406,88.437324523925781,84.747413635253906,-122.3646570000,47.6358658600
TRE-1134682,,,,,TRE-1134682,Seattle Department of Transportation,Thuja plicata,Western Red Cedar,"30",Private,521 W HOWE ST,a9388a91-e075-4caa-ab70-169605db295a,62.137153625488281,88.418991088867188,84.773452758789062,-122.3645900000,47.6358648700
TRE-1134723,,,,,TRE-1134723,Seattle Department of Transportation,Thuja plicata,Western Red Cedar,"9",Private,2125 8TH AVE W,cf9cb24b-6953-40ca-bcfa-bb0b729727cb,62.248634338378906,90.549270629882812,86.394828796386719,-122.3677520000,47.6385866000
TRE-1134774,,,,,TRE-1134774,Seattle Department of Transportation,Thuja plicata,Western Red Cedar,"32",Private,802 8TH AVE W,77108bae-c556-47e2-a8c2-a35fa35110cc,62.201889038085938,88.546257019042983,85.544860839843750,-122.3678500000,47.6350116900
TRE-1134776,,,,,TRE-1134776,Seattle Department of Transportation,Thuja plicata,Western Red Cedar,"5",Private,3032 5TH AVE W,8ef81968-d420-4662-a099-eb07e137dd29,62.655014038085938,88.344383239746094,83.467247009277344,-122.3634720000,47.6475638500
TRE-1134777,,,,,TRE-1134777,Seattle Department of Transportation,Thuja plicata,Western Red Cedar,"28",Private,3032 5TH AVE W,e97fac6b-1010-4a74-b0fa-7eeb59bd16bb,62.674221038818359,88.330337524414062,83.422348022460938,-122.3634480000,47.6474445900
TRE-1134779,,,,,TRE-1134779,Seattle Department of Transportation,Thuja plicata,Western Red Cedar,"4",Private,3032 5TH AVE W,8f282be8-22ee-4ef9-b678-8fcd109bc47d,62.674221038818359,88.330337524414062,83.422348022460938,-122.3634620000,47.6474333200
TRE-1134782,,,,,TRE-1134782,Seattle Department of Transportation,Thuja plicata,Western Red Cedar,"28",Private,3032 5TH AVE W,23681a80-0b1c-4b25-a983-3bb8c4d25ce3,62.674221038818359,88.330337524414062,83.422348022460938,-122.3634760000,47.6474575000
TRE-1134783,,,,,TRE-1134783,Seattle Department of Transportation,Thuja plicata,Western Red Cedar,"7",Private,3032 5TH AVE W,d49f0f1a-b55b-44bd-9a43-9803a95cb427,62.674221038818359,88.330337524414062,83.422348022460938,-122.3634930000,47.6474395600
TRE-1134784,,,,,TRE-1134784,Seattle Department of Transportation,Thuja plicata,Western Red Cedar,"28",Private,3032 5TH AVE W,0fd113fe-f355-476d-a796-b025848740ea,62.674221038818359,88.330337524414062,83.422348022460938,-122.3634820000,47.6474804500
TRE-1134785,,,,,TRE-1134785,Seattle Department of Transportation,Thuja plicata,Western Red Cedar,"28",Private,3032 5TH AVE W,e1850d7e-856e-4d6f-8a00-2fa77c7be654,62.655014038085938,88.344383239746094,83.467247009277344,-122.3634870000,47.6475020900
TRE-1134787,,,,,TRE-1134787,Seattle Department of Transportation,Thuja plicata,Western Red Cedar,"4",Private,3032 5TH AVE W,2713e51c-8326-4e6a-afa5-608ccdea8b30,62.655014038085938,88.344383239746094,83.467247009277344,-122.3635160000,47.6475637700
TRE-1134790,,,,,TRE-1134790,Seattle Department of Transportation,Thuja plicata,Western Red Cedar,"2",Private,3021 HUMES PL W,a925c64c-7e48-4a8b-9f88-0809e066bdcc,62.855869293212891,88.468948364257812,83.850044250488281,-122.3626540000,47.6472749400
TRE-1133933,,,,,TRE-1133933,Seattle Department of Transportation,Thuja plicata,Western Red Cedar,"10",Private,2583 7TH AVE W,c4ff307f-2cae-450f-bd1a-22bfc351836d,61.486831665039062,89.574790954589844,85.943038940429673,-122.3668540000,47.6430271700
TRE-1133940,,,,,TRE-1133940,Seattle Department of Transportation,Thuja plicata,Western Red Cedar,"9",Seattle Parks and Recreation,700 W RAYE ST,651afdd0-4e8f-4ee4-9d7a-b5156e77a38c,61.460479736328125,88.844238281250000,85.624954223632812,-122.3648710000,47.6431898000
TRE-1134893,,,,,TRE-1134893,Seattle Department of Transportation,Thuja plicata,Western Red Cedar,"7",Private,2623 3RD AVE W,2039bbe0-497d-4b3a-ba23-fdcce11425a3,61.460502624511719,88.491935729980469,84.947746276855469,-122.3612900000,47.6440527100
TRE-1134894,,,,,TRE-1134894,Seattle Department of Transportation,Thuja plicata,Western Red Cedar,"7",Private,2623 3RD AVE W,ed2662ec-bad6-42ae-b1b0-1eb3d9aa80e7,61.460502624511719,88.491935729980469,84.947746276855469,-122.3613520000,47.6440540400
TRE-1135027,,,,,TRE-1135027,Seattle Department of Transportation,Thuja plicata `Zebrina`,Zebra Cedar,"32",Private,26 W CREMONA ST,bc71f9ef-ce89-437d-bc45-f08a306e3aa9,63.441493988037109,88.582443237304688,86.637954711914062,-122.3588120000,47.6496050300
TRE-1135041,,,,,TRE-1135041,Seattle Department of Transportation,Thuja plicata,Western Red Cedar,"28",Private,50 W DRAVUS ST,c1da31ab-1fc2-4512-a55a-ed51e35b0c2e,62.715309143066406,88.339874267578125,84.559089660644531,-122.3589310000,47.6487422600
TRE-1135050,,,,,TRE-1135050,Seattle Department of Transportation,Thuja plicata,Western Red Cedar,"14",Private,3120 3RD AVEW,95ebddd8-4716-4b68-a4e0-6bbf441d5fb0,62.854309082031250,88.504600524902330,84.700927734375014,-122.3604650000,47.6485935400
TRE-1135060,,,,,TRE-1135060,Seattle Department of Transportation,Thuja plicata,Western Red Cedar,"3",Private,3029 3RD AVE W,ce24280a-0e5e-4d68-9162-8b4121747801,62.606666564941406,88.717201232910156,84.794403076171875,-122.3610040000,47.6475628900
TRE-1135061,,,,,TRE-1135061,Seattle Department of Transportation,Thuja plicata,Western Red Cedar,"3",Private,3029 3RD AVE W,75f2ba51-f21d-4522-b720-f61a21dbacc2,62.606666564941406,88.717201232910156,84.794403076171875,-122.3610060000,47.6476025600
TRE-1136007,,,,,TRE-1136007,Seattle Department of Transportation,Thuja plicata,Western Red Cedar,"12",Private,114 W GARFIELD ST,925441bf-88d9-46c1-aeef-c3491fde10e1,62.164951324462891,88.663940429687500,85.772422790527344,-122.3591360000,47.6336211600
TRE-1136495,,,,,TRE-1136495,Seattle Department of Transportation,Thuja plicata `Zebrina`,Zebra Cedar,"30",Private,317 HIGHLAND DR W,c6d50d3c-439f-402e-b6e3-03d358ce409b,62.806419372558594,88.346542358398438,84.287216186523438,-122.3618360000,47.6295141800
TRE-1137471,,,,,TRE-1137471,Seattle Department of Transportation,Thuja plicata,Western Red Cedar,"10",Private,2719 QUEEN ANNE AVE N,3ac20c67-e6e8-41cb-8034-d7f0695b9d66,61.593536376953125,87.823097229003906,84.845092773437500,-122.3570070000,47.6447272400
TRE-1137025,,,,,TRE-1137025,Seattle Department of Transportation,Thuja plicata,Western Red Cedar,"17",Private,905 OLYMPIC WAY W,af57e22f-751f-4b81-8fdd-03b9f697fa9e,62.502582550048835,88.265830993652330,83.490699768066406,-122.3679280000,47.6287145100
TRE-1137235,,,,,TRE-1137235,Seattle Department of Transportation,Thuja plicata,Western Red Cedar,"4",Private,911 1ST AVE W,ec8f75de-7aef-45ec-8580-1db31191d522,64.347106933593750,89.468826293945312,85.896080017089844,-122.3581070000,47.6271856100
TRE-1137236,,,,,TRE-1137236,Seattle Department of Transportation,Thuja plicata,Western Red Cedar,"28",Private,911 1ST AVE W,9392eb48-432f-4ec0-8953-c8eaa164696b,64.352546691894531,89.607246398925781,85.973251342773438,-122.3581070000,47.6272432400
TRE-1137246,,,,,TRE-1137246,Seattle Department of Transportation,Thuja plicata,Western Red Cedar,"9",Private,109 W KINNEAR PL,93069092-1327-4820-8e64-7bdbf168a897,63.826980590820312,89.288764953613281,85.779624938964844,-122.3582920000,47.6276571500
TRE-1137349,,,,,TRE-1137349,Seattle Department of Transportation,Thuja plicata,Western Red Cedar,"37",Private,2101 QUEEN ANNE AVE N,6111ccb3-3b77-4eb9-b851-fd33e1966c42,62.099102020263672,88.908554077148438,86.205566406250000,-122.3573610000,47.6372166500
TRE-1137812,,,,,TRE-1137812,Seattle Department of Transportation,Thuja plicata,Western Red Cedar,"36",Private,352 BLAINE ST,dcf0f0eb-6721-4040-844d-7f7d098738e0,62.649433135986328,88.278091430664062,85.002090454101562,-122.3504320000,47.6349375600
TRE-1138687,,,,,TRE-1138687,Seattle Department of Transportation,Thuja plicata,Western Red Cedar,"38",Private,3802 45TH AVE SW,79466cf6-0876-4b40-afb3-495404a7ed65,62.676639556884766,89.229225158691406,86.724037170410156,-122.3893070000,47.5701433300
TRE-1141154,,,,,TRE-1141154,Seattle Department of Transportation,Thuja plicata,Western Red Cedar,"30",Private,2502 4TH AVE N,efc7371f-985c-4d46-8915-319aa5d136ef,62.661327362060547,87.546089172363281,83.843284606933594,-122.3494980000,47.6416090300
TRE-1141191,,,,,TRE-1141191,Seattle Department of Transportation,Thuja plicata,Western Red Cedar,"24",Private,2602 QUEEN ANNE AVE N,21ba5f11-4503-46b9-a30c-f7db7c3b7b2e,62.176963806152344,87.870223999023438,84.397834777832031,-122.3567300000,47.6433340900
TRE-1141211,,,,,TRE-1141211,Seattle Department of Transportation,Thuja plicata,Western Red Cedar,"18",Private,115 NEWELL ST,2329dea5-9921-42d6-a4c3-129848d13cda,62.173568725585938,86.722885131835938,83.935699462890625,-122.3548380000,47.6446171600
TRE-1141228,,,,,TRE-1141228,Seattle Department of Transportation,Thuja plicata,Western Red Cedar,"55",Private,22 W ARMOUR ST,cf5dd693-3116-46dc-965f-6e51eaf93962,61.469276428222656,88.342201232910156,84.951240539550781,-122.3580780000,47.6450486200
TRE-1141246,,,,,TRE-1141246,Seattle Department of Transportation,Thuja plicata,Western Red Cedar,"36",Private,23 FULTON ST,a129dd30-2f78-44d4-812a-596a71647221,62.285732269287109,87.753395080566406,84.773574829101562,-122.3557030000,47.6455080400
TRE-1141247,,,,,TRE-1141247,Seattle Department of Transportation,Thuja plicata,Western Red Cedar,"36",Private,23 FULTON ST,23498710-97f7-46b8-9a16-bbd7da0c66f2,62.285732269287109,87.753395080566406,84.773574829101562,-122.3556950000,47.6454782400
TRE-1141279,,,,,TRE-1141279,Seattle Department of Transportation,Thuja plicata,Western Red Cedar,"30",Private,2600 2ND AVE N,a37a522c-024c-491a-8164-c4ad7d783b50,62.300666809082031,86.772178649902330,83.451583862304688,-122.3537500000,47.6434935000
TRE-1141280,,,,,TRE-1141280,Seattle Department of Transportation,Thuja plicata,Western Red Cedar,"15",Private,2600 2ND AVE N,41239de7-7fa6-41e4-8d55-d3517a0991bc,62.357143402099609,86.840614318847670,83.434715270996094,-122.3537490000,47.6434182200
TRE-1140605,,,,,TRE-1140605,Seattle Department of Transportation,Thuja plicata,Western Red Cedar,"50",Private,311 MCGRAW ST,8284102f-26b7-4797-92d4-851854f9cb5c,62.154045104980469,87.501655578613281,84.527458190917969,-122.3515250000,47.6398625200
TRE-1163828,,,,,TRE-1163828,Seattle Department of Transportation,Thuja plicata,Western Red Cedar,"1",Private,2353 N 64TH ST,00063edf-73b2-47cf-978e-606ab5db2da0,63.887325286865234,90.982307434082031,85.425155639648438,-122.3286240000,47.6751314100
TRE-1163829,,,,,TRE-1163829,Seattle Department of Transportation,Thuja plicata,Western Red Cedar,"1",Private,2353 N 64TH ST,d6705daa-125c-445f-b360-82bab6066d85,63.887325286865234,90.982307434082031,85.425155639648438,-122.3286520000,47.6751316600
TRE-1163963,,,,,TRE-1163963,Seattle Department of Transportation,Thuja plicata,Western Red Cedar,"22",Private,6048 4TH AVE NE,8d027254-ce60-43e7-9035-6df03eec8f26,62.545833587646491,87.591606140136719,83.922729492187500,-122.3243540000,47.6737563900
TRE-1141818,,,,,TRE-1141818,Seattle Department of Transportation,Thuja plicata,Western Red Cedar,"2",Seattle Department of Transportation,4100 DELRIDGE WY SW MEDIAN,a633e02d-5400-46bf-9e03-baf9cd408908,62.109962463378906,89.588340759277344,85.533729553222656,-122.3633250000,47.5663170700
TRE-1141821,,,,,TRE-1141821,Seattle Department of Transportation,Thuja plicata,Western Red Cedar,"2",Seattle Department of Transportation,4100 DELRIDGE WY SW MEDIAN,976b8bf1-9d71-4d2a-a94b-746892f86673,62.171211242675781,89.590133666992188,85.602203369140625,-122.3633230000,47.5661665300
TRE-1141823,,,,,TRE-1141823,Seattle Department of Transportation,Thuja plicata,Western Red Cedar,"2",Seattle Department of Transportation,4100 DELRIDGE WY SW MEDIAN,ddc17c01-b2d6-45d7-ade0-da6608820a31,62.110893249511719,89.409370422363281,85.617141723632812,-122.3633350000,47.5660307900
TRE-1141825,,,,,TRE-1141825,Seattle Department of Transportation,Thuja plicata,Western Red Cedar,"2",Seattle Department of Transportation,4100 DELRIDGE WY SW MEDIAN,738fc257-bfea-44f2-9296-925f9fbe446a,62.338100433349609,89.333351135253906,85.533187866210938,-122.3633380000,47.5657961500
TRE-1141829,,,,,TRE-1141829,Seattle Department of Transportation,Thuja plicata,Western Red Cedar,"2",Seattle Department of Transportation,4100 DELRIDGE WY SW MEDIAN,0c40f3fd-0709-47ca-a530-fe432d02cec1,62.449050903320312,89.501998901367188,85.620735168457017,-122.3633390000,47.5654479100
TRE-1141831,,,,,TRE-1141831,Seattle Department of Transportation,Thuja plicata,Western Red Cedar,"2",Seattle Department of Transportation,4100 DELRIDGE WY SW MEDIAN,7bf17f91-3bb5-46de-92b9-f8fb23fce928,62.596614837646491,89.181190490722656,85.445983886718750,-122.3633450000,47.5652298500
TRE-1141832,,,,,TRE-1141832,Seattle Department of Transportation,Thuja plicata,Western Red Cedar,"2",Seattle Department of Transportation,4100 DELRIDGE WY SW MEDIAN,82c2a113-e242-462e-aa22-9ceb3ea9a951,62.603832244873047,89.206459045410156,85.414474487304688,-122.3633480000,47.5650912300
TRE-1141845,,,,,TRE-1141845,Seattle Department of Transportation,Thuja plicata,Western Red Cedar,"2",Seattle Department of Transportation,4700 DELRIDGE WY SW MEDIAN,1bd6ea81-26fe-4745-b030-a2fb0afcead4,58.827999114990234,88.560310363769531,85.994606018066406,-122.3628990000,47.5602377500
TRE-1141847,,,,,TRE-1141847,Seattle Department of Transportation,Thuja plicata,Western Red Cedar,"2",Seattle Department of Transportation,4700 DELRIDGE WY SW MEDIAN,eb3185e4-370f-4a1e-98b7-43f642416cc2,58.594242095947266,88.737586975097670,85.939491271972656,-122.3629050000,47.5599811200
TRE-1141854,,,,,TRE-1141854,Seattle Department of Transportation,Thuja plicata,Western Red Cedar,"2",Seattle Department of Transportation,5000 DELRIDGE WY SW MEDIAN,41081d5d-67e7-4ae0-b2b2-3ec83b8d2852,57.377166748046875,89.769256591796875,86.579673767089844,-122.3629430000,47.5567697400
TRE-1141857,,,,,TRE-1141857,Seattle Department of Transportation,Thuja plicata,Western Red Cedar,"2",Seattle Department of Transportation,5000 DELRIDGE WY SW MEDIAN,567270ba-5cf3-4d9c-a39e-3b82e676424c,57.494529724121094,89.626342773437500,86.505683898925781,-122.3629470000,47.5564659400
TRE-1141859,,,,,TRE-1141859,Seattle Department of Transportation,Thuja plicata,Western Red Cedar,"2",Seattle Department of Transportation,5000 DELRIDGE WY SW MEDIAN,987ec4f4-cb92-494c-95b8-aa6a20267cb8,57.540187835693359,89.599708557128906,86.096687316894531,-122.3629510000,47.5561544700
TRE-1141861,,,,,TRE-1141861,Seattle Department of Transportation,Thuja plicata,Western Red Cedar,"2",Seattle Department of Transportation,5000 DELRIDGE WY SW MEDIAN,d36328d1-23a0-4197-8559-2b46a4650a96,57.640899658203125,89.523490905761719,85.720893859863281,-122.3629510000,47.5559094800
TRE-1141865,,,,,TRE-1141865,Seattle Department of Transportation,Thuja plicata,Western Red Cedar,"2",Seattle Department of Transportation,5200 DELRIDGE WY SW MEDIAN,4832c168-8fa1-45a0-8e83-6d44386b4c8a,58.504070281982422,89.325485229492188,85.763740539550781,-122.3629610000,47.5550603400
TRE-1141867,,,,,TRE-1141867,Seattle Department of Transportation,Thuja plicata,Western Red Cedar,"2",Seattle Department of Transportation,5200 DELRIDGE WY SW MEDIAN,e9517421-89d0-43a8-9a91-3fcee73baa5c,58.578216552734375,89.388000488281250,85.738952636718750,-122.3629630000,47.5549509100
TRE-1141869,,,,,TRE-1141869,Seattle Department of Transportation,Thuja plicata,Western Red Cedar,"2",Seattle Department of Transportation,5200 DELRIDGE WY SW MEDIAN,c7c078f7-1060-463d-adbd-fdf116ac99f5,58.710536956787109,89.379676818847670,85.678916931152330,-122.3629630000,47.5548416600
TRE-1141880,,,,,TRE-1141880,Seattle Department of Transportation,Thuja plicata,Western Red Cedar,"2",Seattle Department of Transportation,5600 DELRIDGE WY SW MEDIAN,04d83050-7057-488c-9ac7-81eec0e0925c,59.441455841064453,89.253540039062500,85.543312072753906,-122.3630100000,47.5512728300
TRE-1141882,,,,,TRE-1141882,Seattle Department of Transportation,Thuja plicata,Western Red Cedar,"2",Seattle Department of Transportation,5600 DELRIDGE WY SW MEDIAN,f954ed6a-290e-47ae-9819-97227edad8bd,59.513984680175781,89.200073242187500,85.523818969726562,-122.3630130000,47.5510561600
TRE-1141884,,,,,TRE-1141884,Seattle Department of Transportation,Thuja plicata,Western Red Cedar,"2",Seattle Department of Transportation,5600 DELRIDGE WY SW MEDIAN,5c00f7ed-5864-40f3-a655-2ad9f058791b,59.509380340576165,89.085609436035156,85.430648803710938,-122.3630130000,47.5508969800
TRE-1141886,,,,,TRE-1141886,Seattle Department of Transportation,Thuja plicata,Western Red Cedar,"2",Seattle Department of Transportation,5600 DELRIDGE WY SW MEDIAN,210038c5-9680-4aa1-ad54-852cb1f48348,59.670326232910163,88.984527587890625,85.381271362304688,-122.3630180000,47.5506815600
TRE-1141902,,,,,TRE-1141902,Seattle Department of Transportation,Thuja plicata,Western Red Cedar,"2",Seattle Department of Transportation,2100 SW HOLDEN ST,450f7c5b-9439-48b0-ad32-96650eec4aec,62.426139831542969,89.770660400390625,85.747863769531250,-122.3607000000,47.5338093500
TRE-1140957,,,,,TRE-1140957,Seattle Department of Transportation,Thuja plicata,Western Red Cedar,"48",Private,1723 NOB HILL AVE N,bbdabe6b-f84d-405b-b871-61ff8f8a1f2a,62.760009765625000,88.648193359375014,84.944915771484375,-122.3508880000,47.6347742500
TRE-1166205,,,,,TRE-1166205,Seattle Department of Transportation,Thuja plicata,Western Red Cedar,"40",Private,1432 LAKESIDE AVE S,387e46e8-45e1-46b2-8fed-30ebdeff620f,,,,-122.2855420000,47.5888426300
TRE-1166225,,,,,TRE-1166225,Seattle Department of Transportation,Thuja plicata,Western Red Cedar,"25",Private,1709 35TH AVE S,3db5ed3b-1e84-4f37-8397-e6828738a98b,62.815017700195312,88.297370910644531,85.873588562011719,-122.2881280000,47.5872688700
TRE-1166284,,,,,TRE-1166284,Seattle Department of Transportation,Thuja plicata,Western Red Cedar,"15",Private,3201 S MASSACHUSETTS ST,ebf20f95-30ee-41ee-8d16-da3eba487b89,61.896297454833984,87.897903442382812,83.796363830566406,-122.2914130000,47.5875677500
TRE-1166285,,,,,TRE-1166285,Seattle Department of Transportation,Thuja plicata,Western Red Cedar,"8",Private,3201 S MASSACHUSETTS ST,34a4ab6a-9156-46b8-ac71-897213a7f554,61.990093231201165,87.974571228027344,83.841896057128906,-122.2914100000,47.5876008000
TRE-1166286,,,,,TRE-1166286,Seattle Department of Transportation,Thuja plicata,Western Red Cedar,"15",Private,3201 S MASSACHUSETTS ST,8fb8402e-9e5e-46b3-9ace-f3ff195e5587,61.990093231201165,87.974571228027344,83.841896057128906,-122.2914090000,47.5876341500
TRE-1166316,,,,,TRE-1166316,Seattle Department of Transportation,Thuja plicata,Western Red Cedar,"22",Private,1502 LAKE WASHINGTON BLVD S,db409bca-8488-4fef-b0a0-8b73492b265d,63.208316802978509,88.486877441406250,86.228195190429673,-122.2891000000,47.5887237200
TRE-1166339,,,,,TRE-1166339,Seattle Department of Transportation,Thuja plicata,Western Red Cedar,"40",Private,3201 S MASSACHUSETTS ST,a634679b-100c-4eaa-934c-66080c61abd8,61.867015838623047,87.762290954589844,83.717170715332031,-122.2914220000,47.5873685800
TRE-1166480,,,,,TRE-1166480,Seattle Department of Transportation,Thuja plicata,Western Red Cedar,"35",Private,502 24TH AVE S,a7e09fd0-53e8-4128-9a5f-8529c31d9b8b,63.317665100097656,90.398735046386719,86.382461547851562,-122.3010340000,47.5980259400
TRE-1164268,,,,,TRE-1164268,Seattle Department of Transportation,Thuja plicata,Western Red Cedar,"3",Private,354 NE 59TH ST,b362e9f2-c130-42fc-9dc1-0f061dc0b8cb,62.288299560546875,88.392379760742188,84.565330505371094,-122.3229170000,47.6717572400
TRE-1165763,,,,,TRE-1165763,Seattle Department of Transportation,Thuja plicata,Western Red Cedar,"54",Private,3202 S IRVING ST,6cbff8b3-e87d-4187-b53d-690c00ffd500,63.669036865234375,89.264968872070327,86.271652221679673,-122.2912640000,47.5915213600
TRE-1165334,,,,,TRE-1165334,Seattle Department of Transportation,Thuja plicata,Western Red Cedar,"8",Private,525 LAKE WASHINGTON BLVD S,c9e73890-7e0f-45d7-8618-833d0b637197,61.972614288330078,87.888351440429673,85.144439697265625,-122.2896170000,47.5973817300
TRE-1165785,,,,,TRE-1165785,Seattle Department of Transportation,Thuja plicata,Western Red Cedar,"27",Private,3208 S JUDKINS ST,da6b8875-847d-4a10-9934-6433f0e152cc,63.301017761230469,89.188514709472656,86.556251525878906,-122.2910830000,47.5921937200
TRE-1164998,,,,,TRE-1164998,Seattle Department of Transportation,Thuja plicata,Western Red Cedar,"19",Private,1411 N 55TH ST,bdc56ac8-e6c7-4cec-b1fa-f0aa1bdefb40,62.276821136474609,88.853157043457017,86.285530090332031,-122.3395020000,47.6684955600
TRE-1165047,,,,,TRE-1165047,Seattle Department of Transportation,Thuja plicata,Western Red Cedar,"1",Private,1830 N 51ST ST,1cf541a1-dc8a-4bc9-bf16-72742e507e76,61.921825408935547,86.482215881347670,83.757034301757812,-122.3349740000,47.6658192700
TRE-1165989,,,,,TRE-1165989,Seattle Department of Transportation,Thuja plicata,Western Red Cedar,"7",Private,520 25TH AVE S,650c86be-e0f4-4977-8851-a81e653333da,63.035694122314453,90.062301635742188,86.888832092285156,-122.2998910000,47.5973603800
TRE-1168305,,,,,TRE-1168305,Seattle Department of Transportation,Thuja plicata,Western Red Cedar,"3",Private,13504 8TH AVE NW,b6db5633-c994-43ac-a404-1f15c226d39a,57.927745819091797,89.193557739257812,84.334457397460938,-122.3662930000,47.7273287900
TRE-1168306,,,,,TRE-1168306,Seattle Department of Transportation,Thuja plicata,Western Red Cedar,"3",Private,13504 8TH AVE NW,bb843502-802f-4e9f-a861-2c9e259de75e,57.927745819091797,89.193557739257812,84.334457397460938,-122.3662940000,47.7273452500
TRE-1168309,,,,,TRE-1168309,Seattle Department of Transportation,Thuja plicata,Western Red Cedar,"5",Private,13504 8TH AVE NW,5557590a-36f9-4b7c-9b8d-bec63dd7cd22,57.927745819091797,89.193557739257812,84.334457397460938,-122.3662980000,47.7273721000
TRE-1168310,,,,,TRE-1168310,Seattle Department of Transportation,Thuja plicata,Western Red Cedar,"5",Private,13504 8TH AVE NW,c7b38b17-d363-4518-80e9-b3f41b6d35ee,57.804290771484375,89.168869018554688,84.394439697265625,-122.3662950000,47.7273979200
TRE-1168311,,,,,TRE-1168311,Seattle Department of Transportation,Thuja plicata,Western Red Cedar,"9",Private,13504 8TH AVE NW,95610f9f-0055-43fb-9d4e-076edabcf022,57.804290771484375,89.168869018554688,84.394439697265625,-122.3662760000,47.7274264600
TRE-1168324,,,,,TRE-1168324,Seattle Department of Transportation,Thuja plicata,Western Red Cedar,"11",Private,645 NW 137TH ST,09635c9a-c4c2-409f-ade9-f6b5b40be53c,57.414333343505859,89.397369384765625,84.208236694335938,-122.3662570000,47.7284363200
TRE-1168326,,,,,TRE-1168326,Seattle Department of Transportation,Thuja plicata,Western Red Cedar,"6",Private,645 NW 137TH ST,b764e7a8-f729-44d4-b13c-bdc5a1dd12a2,57.334243774414062,89.424499511718750,84.153907775878906,-122.3662690000,47.7285279600
TRE-1168327,,,,,TRE-1168327,Seattle Department of Transportation,Thuja plicata,Western Red Cedar,"6",Private,645 NW 137TH ST,ae12cf6a-9f72-412b-8ce7-22e7d9d75f2f,57.290424346923835,89.433616638183594,84.143180847167969,-122.3662730000,47.7285756600
TRE-1168332,,,,,TRE-1168332,Seattle Department of Transportation,Thuja plicata,Western Red Cedar,"5",Private,14315 Phinney Ave N,28ee6794-93b5-4bb0-bffa-4263fdda8e44,62.661270141601562,87.899490356445312,84.498825073242188,-122.3543620000,47.7330022400
TRE-1168456,,,,,TRE-1168456,Seattle Department of Transportation,Thuja plicata,Western Red Cedar,"22",Private,14058 2ND AVE NW,eb01fbf8-d990-4ac4-a9e2-40aca072cf13,58.905986785888672,89.098358154296875,85.103401184082031,-122.3595130000,47.7321288100
TRE-1168492,,,,,TRE-1168492,Seattle Department of Transportation,Thuja plicata,Western Red Cedar,"4",Private,111 NW 140TH ST,4343e152-88db-41a7-8712-823a7f7fc536,59.679710388183594,89.224937438964844,85.312141418457017,-122.3593830000,47.7304482700
TRE-1168493,,,,,TRE-1168493,Seattle Department of Transportation,Thuja plicata,Western Red Cedar,"4",Private,111 NW 140TH ST,bbac1095-c5be-4d2d-9d7c-53fd788f3d29,59.679710388183594,89.224937438964844,85.312141418457017,-122.3594180000,47.7304486500
TRE-1168517,,,,,TRE-1168517,Seattle Department of Transportation,Thuja plicata,Western Red Cedar,"58",Private,106 NW 136TH ST,15b57206-b20d-48ad-8224-80a205755496,62.454498291015625,88.100044250488281,85.026329040527344,-122.3583360000,47.7285896300
TRE-1168533,,,,,TRE-1168533,Seattle Department of Transportation,Thuja plicata,Western Red Cedar,"34",Private,13758 PALATINE AVE N,9ca5039f-6bca-47ff-817d-c56a3635380a,62.745506286621094,87.859222412109375,84.894020080566406,-122.3568200000,47.7303211100
TRE-1168534,,,,,TRE-1168534,Seattle Department of Transportation,Thuja plicata,Western Red Cedar,"4",Private,13747 PALATINE AVE N,f09d28fa-5ed2-4c2c-83de-1fce2de6b96e,62.663478851318359,87.678123474121094,84.921760559082031,-122.3570160000,47.7301023000
TRE-1168536,,,,,TRE-1168536,Seattle Department of Transportation,Thuja plicata,Western Red Cedar,"34",Private,13732 PALATINE AVE N,cbaa07c4-6205-48ae-97f1-096c69e393a5,62.674293518066406,87.873336791992188,84.702659606933594,-122.3568190000,47.7296939500
TRE-1168549,,,,,TRE-1168549,Seattle Department of Transportation,Thuja plicata,Western Red Cedar,"5",Private,128 N 136TH ST,36d09ccf-0131-4ba2-9f86-c266a92a29c3,62.438930511474609,87.981857299804688,84.651519775390625,-122.3569050000,47.7287004700
TRE-1168550,,,,,TRE-1168550,Seattle Department of Transportation,Thuja plicata,Western Red Cedar,"6",Private,128 N 136TH ST,f674baa9-8f3c-4d11-be8a-f50d26565bf9,62.438930511474609,87.981857299804688,84.651519775390625,-122.3569300000,47.7287001300
TRE-1168551,,,,,TRE-1168551,Seattle Department of Transportation,Thuja plicata,Western Red Cedar,"6",Private,128 N 136TH ST,1e8779e3-b691-427c-9c59-64996cf461d2,62.438930511474609,87.981857299804688,84.651519775390625,-122.3569540000,47.7286990900
TRE-1168552,,,,,TRE-1168552,Seattle Department of Transportation,Thuja plicata,Western Red Cedar,"7",Private,128 N 136TH ST,e858c331-aedd-4d1a-a719-76bdc4e5cd1a,62.438930511474609,87.981857299804688,84.651519775390625,-122.3569800000,47.7286987500
TRE-1168554,,,,,TRE-1168554,Seattle Department of Transportation,Thuja plicata,Western Red Cedar,"6",Private,128 N 136TH ST,d4ee8d72-fb24-402d-98d1-a21c3626a1d6,62.419525146484375,88.027160644531250,84.703964233398438,-122.3570330000,47.7286994700
TRE-1168555,,,,,TRE-1168555,Seattle Department of Transportation,Thuja plicata,Western Red Cedar,"5",Private,128 N 136TH ST,43327cf2-92c4-4007-90bf-8bd32d3d87a0,62.419525146484375,88.027160644531250,84.703964233398438,-122.3570570000,47.7286998600
TRE-1168556,,,,,TRE-1168556,Seattle Department of Transportation,Thuja plicata,Western Red Cedar,"6",Private,128 N 136TH ST,75e21fd7-7229-4942-a5de-b89d24be796f,62.419525146484375,88.027160644531250,84.703964233398438,-122.3570850000,47.7286987600
TRE-1168557,,,,,TRE-1168557,Seattle Department of Transportation,Thuja plicata,Western Red Cedar,"1",Private,116 N 136TH S,6b567e7d-dde0-4fc2-88ac-ec78982ff80f,62.568897247314453,88.089141845703125,84.893211364746094,-122.3574180000,47.7286988000
TRE-1168559,,,,,TRE-1168559,Seattle Department of Transportation,Thuja plicata,Western Red Cedar,"1",Private,116 N 136TH S,fb2a3d8e-7f8d-499a-a2cb-f39032f1dd5b,62.568897247314453,88.089141845703125,84.893211364746094,-122.3574320000,47.7286993500
TRE-1168619,,,,,TRE-1168619,Seattle Department of Transportation,Thuja plicata,Western Red Cedar,"42",Private,13047 GREENWOOD AVE N,dc8b77ac-9ce6-4ba6-be03-4bc2b1f4e957,62.188674926757812,88.566726684570327,84.704750061035156,-122.3560720000,47.7249884700
TRE-1168620,,,,,TRE-1168620,Seattle Department of Transportation,Thuja plicata,Western Red Cedar,"37",Private,13047 GREENWOOD AVE N,99490bb9-8f08-4e98-bdc9-cf2155bcc2ff,62.247512817382812,88.534156799316406,84.777954101562500,-122.3561180000,47.7249889700
TRE-1168603,,,,,TRE-1168603,Seattle Department of Transportation,Thuja plicata,Western Red Cedar,"50",Private,13247 2ND AVE NW,657dcb3f-22a3-424b-8ad3-c3c90d9ad07b,62.189731597900391,87.460289001464844,85.064842224121094,-122.3597260000,47.7263750400
TRE-1168698,,,,,TRE-1168698,Seattle Department of Transportation,Thuja plicata,Western Red Cedar,"12",Private,13262 8TH AVE NW,169a8b38-186e-4a5f-8971-95ad4407890a,58.156509399414062,89.167465209960938,84.405586242675781,-122.3662490000,47.7266532600
TRE-1168722,,,,,TRE-1168722,Seattle Department of Transportation,Thuja plicata,Western Red Cedar,"30",Private,13057 8TH AVE NW,7ca54ae1-7a86-4359-846f-c2e0b2d05643,59.926944732666016,89.224357604980469,85.661537170410156,-122.3666650000,47.7250479400
TRE-1168739,,,,,TRE-1168739,Seattle Department of Transportation,Thuja plicata,Western Red Cedar,"18",Private,605 NW 132ND ST,e2395556-63e4-46e6-a722-c4112ab59b75,61.589527130126953,89.093811035156250,85.519729614257812,-122.3637760000,47.7248772200
TRE-1168751,,,,,TRE-1168751,Seattle Department of Transportation,Thuja plicata,Western Red Cedar,"10",Private,13002 6TH AVE NW,331de563-2cf8-4449-8517-975a280a5386,60.773288726806641,88.367378234863281,84.364685058593750,-122.3635720000,47.7234659900
TRE-1166607,,,,,TRE-1166607,Seattle Department of Transportation,Thuja plicata,Western Red Cedar,"45",Private,2904 S WASHINGTON ST,3022a9c4-7eab-4229-a659-bf30c36e8b34,61.661174774169922,87.547737121582031,84.714683532714844,-122.2948970000,47.6010747100
TRE-1167571,,,,,TRE-1167571,Seattle Department of Transportation,Thuja plicata,Western Red Cedar,"30",Private,1514 29TH AVE S,a02af0fd-368a-495a-8895-2344f82baad4,62.249900817871094,88.570343017578125,84.980621337890625,-122.2948150000,47.5889548500
TRE-1166654,,,,,TRE-1166654,Seattle Department of Transportation,Thuja plicata,Western Red Cedar,"22",Seattle Department of Transportation,719 28TH AVE S,c06ec605-228b-43ec-a224-fd96a7653a29,62.152011871337891,87.954452514648438,84.992843627929673,-122.2964280000,47.5960763200
TRE-1167099,,,,,TRE-1167099,Seattle Department of Transportation,Thuja plicata,Western Red Cedar,"31",Private,916 HIAWATHA PL S,7d7bc7c2-1abc-4c9e-bffa-0d9c83a9d328,63.114105224609375,89.809165954589844,87.701416015624986,-122.3086070000,47.5939157400
TRE-1167101,,,,,TRE-1167101,Seattle Department of Transportation,Thuja plicata,Western Red Cedar,"40",Private,912 HIAWATHA PL S,087b92d8-4fff-4240-81f2-ef4a619cc9dd,63.240367889404297,89.925971984863281,87.570465087890625,-122.3087170000,47.5940454400
TRE-1167102,,,,,TRE-1167102,Seattle Department of Transportation,Thuja plicata,Western Red Cedar,"20",Private,912 HIAWATHA PL S,0c42f446-c677-456d-81d7-9810849c4bb0,63.240367889404297,89.925971984863281,87.570465087890625,-122.3087360000,47.5940746900
TRE-1167628,,,,,TRE-1167628,Seattle Department of Transportation,Thuja plicata,Western Red Cedar,"2",Private,2358 30TH AVE S,eac37796-1654-484f-a38b-6378b371eed9,62.715343475341797,88.795135498046875,84.459587097167969,-122.2941030000,47.5812179800
TRE-1166709,,,,,TRE-1166709,Seattle Department of Transportation,Thuja plicata,Western Red Cedar,"9",Private,1357 S IRVING ST,f6a72b53-017b-4da8-836d-f4c32f0f6b56,63.160629272460938,89.168312072753906,86.150100708007812,-122.2926820000,47.5911948100
TRE-1167667,,,,,TRE-1167667,Seattle Department of Transportation,Thuja plicata,Western Red Cedar,"34",Private,2200 S DOSE TR,6cafe38d-9e95-4e20-b73b-9c8459506141,61.429916381835938,87.625808715820327,84.238525390624986,-122.2893160000,47.5835863000
TRE-1167681,,,,,TRE-1167681,Seattle Department of Transportation,Thuja plicata,Western Red Cedar,"1",Private,2333 33RD AVE S,4b422a7c-f019-4951-94b6-42c93b0e425d,62.699695587158203,87.666755676269531,83.607597351074219,-122.2909590000,47.5815876700
TRE-1166724,,,,,TRE-1166724,Seattle Department of Transportation,Thuja plicata,Western Red Cedar,"1",Private,2810 S IRVING ST,59bb9f48-8179-41e8-8e2e-b93d1ba8fe05,62.734508514404297,88.473480224609375,85.421585083007812,-122.2958110000,47.5913281200
TRE-1166783,,,,,TRE-1166783,Seattle Department of Transportation,Thuja plicata,Western Red Cedar,"40",Private,1300 29TH AVE S,556f6fcf-1bff-4cf3-b038-52939da28a8c,63.096225738525391,88.757446289062500,86.203643798828125,-122.2953340000,47.5921032700
TRE-1166757,,,,,TRE-1166757,Seattle Department of Transportation,Thuja plicata,Western Red Cedar,"14",Private,901 YAKIMA AVE S,1415041d-fcfa-453c-ae56-4285082b12c1,61.980300903320312,87.443191528320327,84.569473266601562,-122.2946100000,47.5944277400
TRE-1168159,,,,,TRE-1168159,Seattle Department of Transportation,Thuja plicata,Western Red Cedar,"7",Private,14339 PHINNEY AVE N,bcf62e6a-da51-48ec-981c-9bf6c0b119cc,62.751182556152344,87.918525695800781,84.477630615234375,-122.3543760000,47.7335485200
TRE-1168162,,,,,TRE-1168162,Seattle Department of Transportation,Thuja plicata,Western Red Cedar,"8",Private,1213 NW CULBETSON DR,7161251c-91ae-4dec-8287-027f7e3b8d41,59.242092132568359,89.946937561035156,83.355377197265625,-122.3718010000,47.7316419200
TRE-1168191,,,,,TRE-1168191,Seattle Department of Transportation,Thuja plicata,Western Red Cedar,"20",Private,819 NW CULBETSON DR,1fe2c0c7-a36a-4825-98c4-7b29e6761f6d,56.172721862792969,89.563987731933594,83.015968322753906,-122.3679080000,47.7319530100
TRE-1168192,,,,,TRE-1168192,Seattle Department of Transportation,Thuja plicata,Western Red Cedar,"20",Private,819 NW CULBETSON DR,f78d05fb-224a-4243-a6ec-1294a3eb3289,56.167453765869141,89.562232971191406,82.981048583984375,-122.3679100000,47.7320020100
TRE-1168262,,,,,TRE-1168262,Seattle Department of Transportation,Thuja plicata,Western Red Cedar,"9",Private,654 NW 137TH ST,643437eb-85bb-49c2-a86e-441f5cfa19dc,57.143562316894531,89.431518554687500,83.955558776855469,-122.3659630000,47.7292703800
TRE-1168263,,,,,TRE-1168263,Seattle Department of Transportation,Thuja plicata,Western Red Cedar,"9",Private,654 NW 137TH ST,86d98966-d681-4c0b-add8-400a5874f75d,57.143562316894531,89.431518554687500,83.955558776855469,-122.3659390000,47.7292766400
TRE-1168264,,,,,TRE-1168264,Seattle Department of Transportation,Thuja plicata,Western Red Cedar,"9",Private,654 NW 137TH ST,f753816d-dd9a-4485-b3c7-33b460993ace,57.169681549072266,89.440704345703125,83.962837219238281,-122.3659110000,47.7292774900
TRE-1168288,,,,,TRE-1168288,Seattle Department of Transportation,Thuja plicata,Western Red Cedar,"8",Private,872 NW ELFORD AVE,be22ac4e-f882-4dc8-a2b0-585f1897fb32,57.839973449707031,89.603477478027344,84.134765625000000,-122.3684490000,47.7282099700
TRE-1168222,,,,,TRE-1168222,Seattle Department of Transportation,Thuja plicata,Western Red Cedar,"3",Private,13739 NORTHWOOD RD NW,9e79a5e3-b70d-4a89-b9a7-411ad24bdcbe,56.949996948242188,89.609191894531250,83.905456542968750,-122.3649700000,47.7301293400
TRE-1168223,,,,,TRE-1168223,Seattle Department of Transportation,Thuja plicata,Western Red Cedar,"3",Private,13739 NORTHWOOD RD NW,88354405-6246-484e-bb62-2cbb8f19dd5f,56.949996948242188,89.609191894531250,83.905456542968750,-122.3649530000,47.7301447300
TRE-1168235,,,,,TRE-1168235,Seattle Department of Transportation,Thuja plicata,Western Red Cedar,"14",Private,13731 NORTHWOOD RD NW,af5b6c21-c3a3-49b7-8962-26be6ca0c857,57.147968292236328,89.463363647460938,83.902008056640625,-122.3660340000,47.7293751400
TRE-1168236,,,,,TRE-1168236,Seattle Department of Transportation,Thuja plicata,Western Red Cedar,"17",Private,13731 NORTHWOOD RD NW,8e6c17cc-b878-45eb-81ac-cc3d4bc2f05b,57.133430480957031,89.506912231445312,83.910881042480469,-122.3660740000,47.7293574500
TRE-1168238,,,,,TRE-1168238,Seattle Department of Transportation,Thuja plicata,Western Red Cedar,"14",Private,13731 NORTHWOOD RD NW,72ba3ae3-a5d1-4b6b-997c-97c62ab294ef,57.131313323974609,89.546058654785156,83.948890686035156,-122.3661840000,47.7293079200
TRE-1168239,,,,,TRE-1168239,Seattle Department of Transportation,Thuja plicata,Western Red Cedar,"8",Private,13731 NORTHWOOD RD NW,2168c418-1053-4f33-a25d-53fd4480b159,57.131313323974609,89.546058654785156,83.948890686035156,-122.3662170000,47.7292897000
TRE-1168241,,,,,TRE-1168241,Seattle Department of Transportation,Thuja plicata,Western Red Cedar,"16",Private,13731 NORTHWOOD RD NW,0b0c6d3e-848c-4847-bdc1-e0a6dcc37199,57.101299285888672,89.585380554199219,84.016525268554688,-122.3663480000,47.7291960800
TRE-1168242,,,,,TRE-1168242,Seattle Department of Transportation,Thuja plicata,Western Red Cedar,"15",Private,13731 NORTHWOOD RD NW,d048c566-85eb-4e4e-aff4-cd0617dad4df,57.167148590087891,89.596679687500000,84.023063659667969,-122.3663430000,47.7291786300
TRE-1168244,,,,,TRE-1168244,Seattle Department of Transportation,Thuja plicata,Western Red Cedar,"3",Private,500 NW 137TH ST,5be0b9e1-3efb-4f13-a3cd-bddc433ea12d,57.238861083984375,89.442939758300781,84.201034545898438,-122.3645480000,47.7294344100
TRE-1168249,,,,,TRE-1168249,Seattle Department of Transportation,Thuja plicata,Western Red Cedar,"15",Private,632 NW 137TH ST,1ab16a0c-b12d-4772-a3d5-8ea2d804c53f,57.301292419433594,89.406677246093750,84.253799438476562,-122.3653120000,47.7287846400
TRE-1168250,,,,,TRE-1168250,Seattle Department of Transportation,Thuja plicata,Western Red Cedar,"20",Private,632 NW 137TH ST,73cacd0c-4ea8-41f3-90ab-06f6c4358229,57.301292419433594,89.406677246093750,84.253799438476562,-122.3653640000,47.7287814500
TRE-1167294,,,,,TRE-1167294,Seattle Department of Transportation,Thuja plicata,Western Red Cedar,"16",Private,1632 S WELLER ST,2d9c77b0-daaa-4637-b1b7-ba31f7b5af15,62.917278289794922,90.343338012695312,87.745460510253906,-122.3104600000,47.5975482600
TRE-1167295,,,,,TRE-1167295,Seattle Department of Transportation,Thuja plicata,Western Red Cedar,"13",Private,1632 S WELLER ST,628ef694-25bb-49c1-8a3d-8f75d1a1e5fa,62.917278289794922,90.343338012695312,87.745460510253906,-122.3105170000,47.5975477100
TRE-1167297,,,,,TRE-1167297,Seattle Department of Transportation,Thuja plicata,Western Red Cedar,"16",Private,1632 S WELLER ST,1cfce520-745b-4225-8012-7ce667d88d19,63.132331848144531,90.442367553710938,87.840965270996094,-122.3107940000,47.5975494600
TRE-1170675,,,,,TRE-1170675,Seattle Department of Transportation,Thuja plicata,Western Red Cedar,"50",Private,12526 4TH AVE N,8c796e52-258b-48a9-916c-401f8f9c39bf,61.558891296386719,87.330718994140625,84.720947265624986,-122.3622580000,47.7204011600
TRE-1170679,,,,,TRE-1170679,Seattle Department of Transportation,Thuja plicata,Western Red Cedar,"2",Private,321 NW 125TH ST,8b3c5e59-ef97-4a76-9be9-3dbd7c0d33ea,61.735248565673835,87.510742187500000,84.843635559082031,-122.3622210000,47.7195644900
TRE-1170691,,,,,TRE-1170691,Seattle Department of Transportation,Thuja plicata,Western Red Cedar,"40",Private,12512 8TH AVE NW,8d32a331-ce1e-4d54-b068-8e62c02fdb5c,59.561336517333984,89.086914062500000,85.819931030273438,-122.3663010000,47.7201887400
TRE-1170723,,,,,TRE-1170723,Seattle Department of Transportation,Thuja plicata,Western Red Cedar,"13",Private,11501 4TH AVE NW,857005c5-364d-40ab-9cbd-ceb089e4cdfd,60.342685699462891,86.829719543457017,83.920509338378906,-122.3622760000,47.7124029600
TRE-1170734,,,,,TRE-1170734,Seattle Department of Transportation,Thuja plicata,Western Red Cedar,"50",Private,11217 2ND AVE NW,268a7bcf-5742-489b-b2ea-d53741662c21,60.311286926269531,86.685958862304688,83.769920349121094,-122.3591720000,47.7115121200
TRE-1170736,,,,,TRE-1170736,Seattle Department of Transportation,Thuja plicata,Western Red Cedar,"36",Private,11231 1ST AVE NW,e985846a-6791-4a17-a381-3c9e73fe1f6b,60.249141693115234,86.967369079589844,83.987449645996094,-122.3589980000,47.7115679000
TRE-1170779,,,,,TRE-1170779,Seattle Department of Transportation,Thuja plicata,Western Red Cedar,"8",Private,12030 4TH AVE NW,42416503-04f3-4aeb-b66a-d15047f29ca6,60.954284667968750,88.042625427246094,84.275573730468750,-122.3622000000,47.7169265900
TRE-1170800,,,,,TRE-1170800,Seattle Department of Transportation,Thuja plicata,Western Red Cedar,"7",Private,711 NW 120TH ST,320be39b-7dde-4642-b2ff-cb4ec7ca6c20,60.791259765625000,86.863296508789062,83.846801757812500,-122.3655520000,47.7159573300
TRE-1170927,,,,,TRE-1170927,Seattle Department of Transportation,Thuja plicata,Western Red Cedar,"13",Private,710 NW 116TH ST,cc24de63-acab-461e-9e41-8a2ab3078e77,58.547256469726562,88.538536071777344,83.396759033203125,-122.3654020000,47.7130515200
TRE-1169210,,,,,TRE-1169210,Seattle Department of Transportation,Thuja plicata,Western Red Cedar,"8",Private,962 NW ELFORD AVE,fd98bfe8-6ea2-49ac-8c61-51099feb7378,57.633056640625000,89.925262451171875,83.796539306640625,-122.3692320000,47.7295126600
TRE-1170988,,,,,TRE-1170988,Seattle Department of Transportation,Thuja plicata,Western Red Cedar,"35",Private,12005 8TH AVE NW,d7db0c71-c6af-4797-8f19-c202ff193d67,61.063453674316406,88.682594299316406,85.198280334472656,-122.3664010000,47.7164581700
TRE-1171021,,,,,TRE-1171021,Seattle Department of Transportation,Thuja plicata,Western Red Cedar,"10",Private,13034 10TH AVE NW,556960cb-02ac-442a-93f6-fadaac8a319a,60.573348999023438,89.171150207519531,85.876571655273438,-122.3693310000,47.7242426400
TRE-1170134,,,,,TRE-1170134,Seattle Department of Transportation,Thuja plicata,Western Red Cedar,"45",Private,10734 DAYTON AVE N,de4afbcc-5932-4da3-ada5-24a62abf3d26,61.456069946289062,89.991691589355469,86.197059631347670,-122.3527140000,47.7079389700
TRE-1170135,,,,,TRE-1170135,Seattle Department of Transportation,Thuja plicata,Western Red Cedar,"8",Private,10734 DAYTON AVE N,c2f6c7f3-7df3-491c-8434-9c37e7b3f8ba,61.456069946289062,89.991691589355469,86.197059631347670,-122.3527190000,47.7078940900
TRE-1170136,,,,,TRE-1170136,Seattle Department of Transportation,Thuja plicata,Western Red Cedar,"25",Private,10734 DAYTON AVE N,c1f5baaa-d364-4f73-bed1-c55a0d065a73,61.540302276611328,89.936378479003906,86.217575073242188,-122.3527190000,47.7078598300
TRE-1170137,,,,,TRE-1170137,Seattle Department of Transportation,Thuja plicata,Western Red Cedar,"27",Private,10734 DAYTON AVE N,6b7fee40-716b-4eb9-9289-e756805e38f6,61.540302276611328,89.936378479003906,86.217575073242188,-122.3527180000,47.7078356200
TRE-1169220,,,,,TRE-1169220,Seattle Department of Transportation,Thuja plicata,Western Red Cedar,"8",Private,962 NW ELFORD AVE,59d33b36-fa28-447c-9d10-519c014db2e0,57.387950897216797,89.873199462890625,83.784736633300781,-122.3689330000,47.7295801000
TRE-1169221,,,,,TRE-1169221,Seattle Department of Transportation,Thuja plicata,Western Red Cedar,"8",Private,962 NW ELFORD AVE,90ca7740-30c0-4e36-a14b-e38a3a7163f1,57.387950897216797,89.873199462890625,83.784736633300781,-122.3688700000,47.7295803200
TRE-1169222,,,,,TRE-1169222,Seattle Department of Transportation,Thuja plicata,Western Red Cedar,"8",Private,962 NW ELFORD AVE,aa838c44-8fcd-4437-9222-4d9cdd5ae2c0,57.331939697265625,89.879501342773438,83.702415466308594,-122.3688060000,47.7295768200
TRE-1170145,,,,,TRE-1170145,Seattle Department of Transportation,Thuja plicata,Western Red Cedar,"12",Private,10546 DAYTON AVE N,1804d1c7-df26-49d4-af83-ddb36c165480,62.300437927246094,90.429641723632812,86.922409057617188,-122.3526900000,47.7064730200
TRE-1170146,,,,,TRE-1170146,Seattle Department of Transportation,Thuja plicata,Western Red Cedar,"38",Private,10545 DAYTON AVE N,22803416-0627-4b51-929b-d0d10d45bcf2,62.394126892089837,90.427993774414062,87.223426818847670,-122.3529070000,47.7063481800
TRE-1170147,,,,,TRE-1170147,Seattle Department of Transportation,Thuja plicata,Western Red Cedar,"55",Private,10535 DAYTON AVE N,3b5e2045-f8dc-4809-848a-ec18aca24b8a,62.412792205810547,90.532264709472656,87.388763427734375,-122.3528740000,47.7061332300
TRE-1169226,,,,,TRE-1169226,Seattle Department of Transportation,Thuja plicata,Western Red Cedar,"2",Private,945 NW ELFORD AVE,75c1234d-30d4-48cc-bac5-6898588e1037,57.342231750488281,89.820053100585938,83.726776123046875,-122.3687630000,47.7294791500
TRE-1170148,,,,,TRE-1170148,Seattle Department of Transportation,Thuja plicata,Western Red Cedar,"35",Private,10529 DAYTON AVE N,73abd10d-a005-40d4-ba55-c429cd0c7ca0,62.335735321044922,90.741371154785156,87.491416931152330,-122.3529040000,47.7059402800
TRE-1169227,,,,,TRE-1169227,Seattle Department of Transportation,Thuja plicata,Western Red Cedar,"11",Private,945 NW ELFORD AVE,4af5d43c-af9f-40ec-8c52-865ff0483d24,57.285812377929688,89.803848266601562,83.704681396484375,-122.3687030000,47.7294760600
TRE-1170149,,,,,TRE-1170149,Seattle Department of Transportation,Thuja plicata,Western Red Cedar,"35",Private,10525 DAYTON AVE N,80a91d03-3ec5-4b7f-88c0-d000d2017c04,62.335735321044922,90.741371154785156,87.491416931152330,-122.3529030000,47.7059061300
TRE-1169229,,,,,TRE-1169229,Seattle Department of Transportation,Thuja plicata,Western Red Cedar,"3",Private,950 NW ELFORD AVE,7baf5fd3-12a3-4c80-a934-1d6e6b4e58bb,57.173210144042969,89.793670654296875,83.664901733398438,-122.3683620000,47.7295318800
TRE-1168776,,,,,TRE-1168776,Seattle Department of Transportation,Thuja plicata,Western Red Cedar,"2",Private,13205 9TH AVE NW,0f39f907-b02b-4e16-87d9-f67b03fbfaab,59.633106231689453,89.405281066894531,85.768135070800781,-122.3684480000,47.7250359000
TRE-1169233,,,,,TRE-1169233,Seattle Department of Transportation,Thuja plicata,Western Red Cedar,"5",Private,945 NW ELFORD AVE,89854edc-4231-4082-9743-aa9f6d8e19fc,57.203407287597656,89.812164306640625,83.654464721679673,-122.3679860000,47.7292234800
TRE-1169238,,,,,TRE-1169238,Seattle Department of Transportation,Thuja plicata,Western Red Cedar,"10",Private,945 NW ELFORD AVE,e48d9684-50cb-4538-a48f-aaf5da6b981d,57.353652954101562,89.770378112792983,83.785125732421875,-122.3683090000,47.7291751200
TRE-1170165,,,,,TRE-1170165,Seattle Department of Transportation,Thuja plicata,Western Red Cedar,"6",Private,700 N 107TH ST,e0b55267-f1e9-4194-b9bf-84a3da899d71,62.366077423095703,89.891662597656250,86.036361694335938,-122.3499910000,47.7067662000
TRE-1169264,,,,,TRE-1169264,Seattle Department of Transportation,Thuja plicata,Western Red Cedar,"9",Private,872 NW ELFORD DR,00f29f7e-f780-4403-a2fb-cfecdf8b9850,57.521575927734375,89.604858398437500,83.867500305175781,-122.3679850000,47.7283989900
TRE-1169265,,,,,TRE-1169265,Seattle Department of Transportation,Thuja plicata,Western Red Cedar,"8",Private,872 NW ELFORD DR,87ae1896-d84b-469a-be4a-556328c09bb7,57.575401306152344,89.589385986328125,83.927551269531250,-122.3679660000,47.7283909200
TRE-1169266,,,,,TRE-1169266,Seattle Department of Transportation,Thuja plicata,Western Red Cedar,"7",Private,872 NW ELFORD DR,e61496f8-f06a-4f28-8a05-10ddcc45d388,57.521575927734375,89.604858398437500,83.867500305175781,-122.3679440000,47.7283974300
TRE-1169267,,,,,TRE-1169267,Seattle Department of Transportation,Thuja plicata,Western Red Cedar,"7",Private,872 NW ELFORD DR,c111f94a-3037-4e40-9a01-50bc9b398129,57.485252380371094,89.598228454589844,83.886161804199219,-122.3679220000,47.7284044800
TRE-1169268,,,,,TRE-1169268,Seattle Department of Transportation,Thuja plicata,Western Red Cedar,"8",Private,872 NW ELFORD DR,c43a1020-fc65-48ba-a6e7-0bd44a5a0836,57.521575927734375,89.604858398437500,83.867500305175781,-122.3679640000,47.7284038800
TRE-1169269,,,,,TRE-1169269,Seattle Department of Transportation,Thuja plicata,Western Red Cedar,"7",Private,872 NW ELFORD DR,d5574878-fab3-4378-a58a-cb3058d5277a,57.485252380371094,89.598228454589844,83.886161804199219,-122.3679220000,47.7284044800
TRE-1169270,,,,,TRE-1169270,Seattle Department of Transportation,Thuja plicata,Western Red Cedar,"7",Private,890 NW ELFORD DR,bccdb08e-4f63-4b34-8e85-414f3a9c1dbf,57.609825134277344,89.613357543945312,83.920310974121094,-122.3680660000,47.7283983200
TRE-1169271,,,,,TRE-1169271,Seattle Department of Transportation,Thuja plicata,Western Red Cedar,"11",Private,872 NW ELFORD DR,1605a26a-d47b-457a-9266-0251e7f39250,57.575401306152344,89.589385986328125,83.927551269531250,-122.3680120000,47.7283894400
TRE-1169272,,,,,TRE-1169272,Seattle Department of Transportation,Thuja plicata,Western Red Cedar,"8",Private,872 NW ELFORD DR,5b337011-615b-41a7-9e96-ea54120284ab,57.575401306152344,89.589385986328125,83.927551269531250,-122.3679660000,47.7283909200
TRE-1169273,,,,,TRE-1169273,Seattle Department of Transportation,Thuja plicata,Western Red Cedar,"16",Private,872 NW ELFORD DR,1e588f12-0482-406a-b51e-1e4e8c35d72a,57.575401306152344,89.589385986328125,83.927551269531250,-122.3679840000,47.7283511800
TRE-1170198,,,,,TRE-1170198,Seattle Department of Transportation,Thuja plicata,Western Red Cedar,"15",Private,12205 FREMONT AVE N,53572006-2d78-4466-9e49-96f4032f664c,61.857036590576165,88.951606750488281,85.003860473632812,-122.3507600000,47.7178581900
TRE-1170199,,,,,TRE-1170199,Seattle Department of Transportation,Thuja plicata,Western Red Cedar,"18",Private,12055 FREMONT AVE N,d25f4df1-29ab-4bab-bcbb-2e9974f1c3da,61.862712860107422,88.958122253417969,85.396919250488281,-122.3507100000,47.7177178400
TRE-1170201,,,,,TRE-1170201,Seattle Department of Transportation,Thuja plicata,Western Red Cedar,"14",Private,12055 FREMONT AVE N,25182513-38b7-4430-8f5a-46f3df3c7bbd,61.832256317138672,88.910774230957017,85.194961547851562,-122.3507810000,47.7177186700
TRE-1169278,,,,,TRE-1169278,Seattle Department of Transportation,Thuja plicata,Western Red Cedar,"7",Private,890 NW ELFORD DR,8bdbd867-88a7-4455-a74d-56260652ac58,57.632545471191406,89.587150573730469,83.959396362304688,-122.3681220000,47.7283863900
TRE-1169748,,,,,TRE-1169748,Seattle Department of Transportation,Thuja plicata,Western Red Cedar,"42",Private,10506 2ND AVE NW,d6be7c59-2f5e-4800-9fca-1e388cc0f41a,61.991973876953125,89.160682678222656,85.821006774902330,-122.3593550000,47.7052602300
TRE-1169281,,,,,TRE-1169281,Seattle Department of Transportation,Thuja plicata,Western Red Cedar,"13",Private,872 NW ELFORD DR,eabe8ef5-a87a-44db-b827-fae48c3b11e7,57.632545471191406,89.587150573730469,83.959396362304688,-122.3680730000,47.7283355200
TRE-1169282,,,,,TRE-1169282,Seattle Department of Transportation,Thuja plicata,Western Red Cedar,"2",Private,872 NW ELFORD DR,ea298617-6e41-4941-9bcc-2c11525ca195,57.632545471191406,89.587150573730469,83.959396362304688,-122.3681100000,47.7283259400
TRE-1169284,,,,,TRE-1169284,Seattle Department of Transportation,Thuja plicata,Western Red Cedar,"13",Private,872 NW ELFORD DR,607ccac8-fcaf-4747-bad1-776340ffc4ba,57.632545471191406,89.587150573730469,83.959396362304688,-122.3680730000,47.7283355200
TRE-1169286,,,,,TRE-1169286,Seattle Department of Transportation,Thuja plicata,Western Red Cedar,"7",Private,890 NW ELFORD DR,1da07047-05e0-450d-a8bf-7730051bc852,57.632545471191406,89.587150573730469,83.959396362304688,-122.3681550000,47.7283749900
TRE-1169288,,,,,TRE-1169288,Seattle Department of Transportation,Thuja plicata,Western Red Cedar,"7",Private,890 NW ELFORD DR,432966e2-40e8-487b-9095-a52554fcb424,57.609825134277344,89.613357543945312,83.920310974121094,-122.3680970000,47.7283924200
TRE-1169289,,,,,TRE-1169289,Seattle Department of Transportation,Thuja plicata,Western Red Cedar,"9",Private,872 NW ELFORD DR,3ca9c92d-d796-408e-81b3-55f80e063d59,57.632545471191406,89.587150573730469,83.959396362304688,-122.3681370000,47.7283651800
TRE-1169293,,,,,TRE-1169293,Seattle Department of Transportation,Thuja plicata,Western Red Cedar,"28",Private,872 NW ELFORD DR,e866e35e-a31d-413e-ac00-eee2b9e82dab,57.739356994628906,89.596885681152330,84.046600341796875,-122.3682920000,47.7282905500
TRE-1169294,,,,,TRE-1169294,Seattle Department of Transportation,Thuja plicata,Western Red Cedar,"7",Private,890 NW ELFORD DR,6fa616e5-4872-438a-aa11-9188a74150b9,57.663074493408203,89.597152709960938,83.957176208496094,-122.3682680000,47.7283571100
TRE-1169295,,,,,TRE-1169295,Seattle Department of Transportation,Thuja plicata,Western Red Cedar,"7",Private,890 NW ELFORD DR,e806806e-0fd5-453f-be15-6e864b834f1e,57.663074493408203,89.597152709960938,83.957176208496094,-122.3682900000,47.7283528500
TRE-1169296,,,,,TRE-1169296,Seattle Department of Transportation,Thuja plicata,Western Red Cedar,"7",Private,890 NW ELFORD DR,66f03ade-4fca-493b-a233-eaf007dba007,57.663074493408203,89.597152709960938,83.957176208496094,-122.3683180000,47.7283492000
TRE-1170236,,,,,TRE-1170236,Seattle Department of Transportation,Thuja plicata,Western Red Cedar,"20",Private,12003 PALATINE AVE N,e11ca3c5-34ab-4585-aa47-651e94595912,61.488811492919922,89.199836730957017,85.629600524902330,-122.3571350000,47.7160506600
TRE-1170237,,,,,TRE-1170237,Seattle Department of Transportation,Thuja plicata,Western Red Cedar,"40",Private,12003 PALATINE AVE N,4941e9bb-9bff-4317-bf5e-06f2ea2fdafa,61.587127685546875,89.008468627929673,85.468429565429673,-122.3572400000,47.7160494000
TRE-1168815,,,,,TRE-1168815,Seattle Department of Transportation,Thuja plicata,Western Red Cedar,"40",Private,13203 FRAZIER PL NW,4d7ceb06-2e08-4e13-bda5-855f79b45eb6,59.485256195068359,89.426223754882812,85.693145751953125,-122.3675100000,47.7251522000
TRE-1169317,,,,,TRE-1169317,Seattle Department of Transportation,Thuja plicata,Western Red Cedar,"9",Private,875 NW ELFORD DR,2b65d295-d6ab-4b3b-acd7-f7eba1f1a27b,58.220287322998047,89.429069519042983,84.225509643554688,-122.3685170000,47.7276386600
TRE-1168816,,,,,TRE-1168816,Seattle Department of Transportation,Thuja plicata,Western Red Cedar,"20",Private,13203 FRAZIER PL NW,f36b4374-04cb-4cd6-be80-ac618bf9f213,59.503459930419922,89.417915344238281,85.721069335937500,-122.3675530000,47.7251388200
TRE-1170253,,,,,TRE-1170253,Seattle Department of Transportation,Thuja plicata,Western Red Cedar,"20",Private,12003 2ND AVE NW,1f1e25a2-933a-4e36-b7e4-33f81ef36d38,62.221080780029297,88.188842773437500,84.517829895019531,-122.3600540000,47.7160699900
TRE-1168831,,,,,TRE-1168831,Seattle Department of Transportation,Thuja plicata,Western Red Cedar,"50",Private,12563 11TH AVE NW,20b43ffd-effd-4906-a6a4-6712c9ad45f1,61.126388549804688,89.755348205566406,86.401420593261719,-122.3708770000,47.7214338500
TRE-1170261,,,,,TRE-1170261,Seattle Department of Transportation,Thuja plicata,Western Red Cedar,"30",Private,11534 EVANSTON AVE N,f2c0f288-eff0-4a79-9153-6abd106e0a8d,61.072635650634766,89.655647277832031,86.792900085449219,-122.3514630000,47.7132622900
TRE-1168842,,,,,TRE-1168842,Seattle Department of Transportation,Thuja plicata,Western Red Cedar,"7",Private,13205 9TH AVE NW,b0c4bf69-b4e2-4fb4-bfa4-2ba59b89e99a,59.672576904296875,89.206222534179673,85.672065734863281,-122.3688860000,47.7249793700
TRE-1169353,,,,,TRE-1169353,Seattle Department of Transportation,Thuja plicata,Western Red Cedar,"36",Private,702 N 128TH ST,731d15c7-76cb-4c49-9094-6514a7d74391,62.911880493164062,89.410911560058594,85.572868347167969,-122.3502900000,47.7226177500
TRE-1169381,,,,,TRE-1169381,Seattle Department of Transportation,Thuja plicata,Western Red Cedar,"29",Private,12540 PHINNEY AVE N,1f000f42-5f50-4707-9252-acd7a41d0cdd,62.883499145507812,88.694015502929673,85.315223693847670,-122.3541020000,47.7206905500
TRE-1170312,,,,,TRE-1170312,Seattle Department of Transportation,Thuja plicata,Western Red Cedar,"1",Private,520 N 120TH ST,00e0228e-7d38-413f-a00e-85e293e3904e,60.803508758544922,89.844871520996094,87.161048889160156,-122.3522300000,47.7160142600
TRE-1170313,,,,,TRE-1170313,Seattle Department of Transportation,Thuja plicata,Western Red Cedar,"1",Private,520 N 120TH ST,394e9900-5b4d-45a3-b796-4f126f6a1fb0,60.803508758544922,89.844871520996094,87.161048889160156,-122.3522290000,47.7160198100
TRE-1170314,,,,,TRE-1170314,Seattle Department of Transportation,Thuja plicata,Western Red Cedar,"1",Private,520 N 120TH ST,2ae43c29-b3d2-475c-8948-4edf2ee46f5a,60.803508758544922,89.844871520996094,87.161048889160156,-122.3522290000,47.7160270400
TRE-1169392,,,,,TRE-1169392,Seattle Department of Transportation,Thuja plicata,Western Red Cedar,"19",Private,605 N 125TH ST,9077914d-96fb-4883-92db-dffc6524f349,61.995769500732422,88.555923461914062,84.880172729492188,-122.3510120000,47.7195254000
TRE-1169394,,,,,TRE-1169394,Seattle Department of Transportation,Thuja plicata,Western Red Cedar,"23",Private,605 N 125TH ST,8503d84d-9fca-4597-9edd-f72daa8c5933,61.995769500732422,88.555923461914062,84.880172729492188,-122.3510690000,47.7195275300
TRE-1169395,,,,,TRE-1169395,Seattle Department of Transportation,Thuja plicata,Western Red Cedar,"18",Private,605 N 125TH ST,8b26f0da-4ca6-4774-8e75-c800b3cc52f9,62.050788879394531,88.487884521484375,84.802734375000000,-122.3511040000,47.7195250400
TRE-1169396,,,,,TRE-1169396,Seattle Department of Transportation,Thuja plicata,Western Red Cedar,"24",Private,605 N 125TH ST,89cc6d00-c82c-4cf7-95e6-e221a354945c,62.050788879394531,88.487884521484375,84.802734375000000,-122.3511380000,47.7195250800
TRE-1169407,,,,,TRE-1169407,Seattle Department of Transportation,Thuja plicata,Western Red Cedar,"45",Private,502 N 122ND ST,65143ba9-e9f3-4931-8919-a4ff183ea6e9,61.617942810058594,88.544296264648438,84.710144042968750,-122.3528210000,47.7181209000
TRE-1169432,,,,,TRE-1169432,Seattle Department of Transportation,Thuja plicata,Western Red Cedar,"35",Private,322 N 122ND ST,09a8b187-016f-4464-ab86-35f168bcdca0,61.861518859863281,89.382713317871094,85.804725646972656,-122.3543590000,47.7178657000
TRE-1170368,,,,,TRE-1170368,Seattle Department of Transportation,Thuja plicata,Western Red Cedar,"13",Private,11734 2ND AVE NW,d1989072-37e8-4bdd-ada0-51664dfb8d44,61.765449523925781,87.940521240234375,84.409057617187500,-122.3594650000,47.7151904000
TRE-1169443,,,,,TRE-1169443,Seattle Department of Transportation,Thuja plicata,Western Red Cedar,"38",Private,12045 NORTH PARK AVE N,d53f4c19-bd1f-40eb-a6c3-23f375df8c10,61.466377258300781,89.039512634277344,85.913307189941406,-122.3495140000,47.7174100600
TRE-1169445,,,,,TRE-1169445,Seattle Department of Transportation,Thuja plicata,Western Red Cedar,"4",Private,711 N 122ND ST,ce8cd97b-75db-4cf0-82fd-982689b005da,61.459808349609375,89.047531127929673,85.887832641601562,-122.3495150000,47.7175784300
TRE-1169057,,,,,TRE-1169057,Seattle Department of Transportation,Thuja plicata,Western Red Cedar,"4",Private,525 N 141ST ST,c462b0c7-5052-4b76-830d-60f8a536175f,62.352115631103509,88.442367553710938,85.449409484863281,-122.3519850000,47.7308096600
TRE-1170424,,,,,TRE-1170424,Seattle Department of Transportation,Thuja plicata,Western Red Cedar,"36",Private,202 NW 105TH ST,019ecbd6-f683-4f8e-bf92-d9fc9122815e,61.967792510986328,89.159896850585938,85.657981872558594,-122.3595670000,47.7052090500
TRE-1169071,,,,,TRE-1169071,Seattle Department of Transportation,Thuja plicata,Western Red Cedar,"8",Private,12204 PALATINE AVE N,34f38646-f391-4557-bbff-882711ec397f,62.012409210205078,89.131668090820327,86.463905334472656,-122.3566800000,47.7181329200
TRE-1169072,,,,,TRE-1169072,Seattle Department of Transportation,Thuja plicata,Western Red Cedar,"13",Private,12204 PALATINE AVE N,76024b6c-63a5-4295-a068-02f6ed36ba0c,62.012409210205078,89.131668090820327,86.463905334472656,-122.3566960000,47.7181300000
TRE-1170444,,,,,TRE-1170444,Seattle Department of Transportation,Thuja plicata,Western Red Cedar,"16",Private,10719 2ND AVE NW,216b543c-ec60-4854-8a89-7c722d555611,62.037704467773438,88.758544921875014,84.960487365722656,-122.3595730000,47.7074669000
TRE-1170445,,,,,TRE-1170445,Seattle Department of Transportation,Thuja plicata,Western Red Cedar,"13",Private,10719 2ND AVE NW,4dc70942-fb4a-47bc-83aa-20cf441961ec,62.006622314453125,88.688903808593750,84.951217651367188,-122.3595710000,47.7075328500
TRE-1170446,,,,,TRE-1170446,Seattle Department of Transportation,Thuja plicata,Western Red Cedar,"10",Private,10719 2ND AVE NW,7a773d21-18da-44f5-a440-8dadaf1d3e75,62.006622314453125,88.688903808593750,84.951217651367188,-122.3595690000,47.7075095200
TRE-1170447,,,,,TRE-1170447,Seattle Department of Transportation,Thuja plicata,Western Red Cedar,"10",Private,10719 2ND AVE NW,360d5409-14be-4ce5-ac5b-562b949ebe0b,62.006622314453125,88.688903808593750,84.951217651367188,-122.3595690000,47.7074978600
TRE-1169020,,,,,TRE-1169020,Seattle Department of Transportation,Thuja plicata,Western Red Cedar,"39",Private,500 N 142ND ST,00af6a61-1f67-470a-9f1e-2d3b62c35c02,62.106536865234375,87.947685241699219,85.199699401855469,-122.3529960000,47.7316340400
TRE-1170011,,,,,TRE-1170011,Seattle Department of Transportation,Thuja plicata,Western Red Cedar,"58",Private,11056 DAYTON AVE N,b1566681-61b0-4cd5-9bcc-c59baa0f04e7,60.965484619140625,89.762825012207017,86.085868835449219,-122.3526740000,47.7104544100
TRE-1170493,,,,,TRE-1170493,Seattle Department of Transportation,Thuja plicata,Western Red Cedar,"20",Private,10703 3RD AVE NW,938ab71f-e694-4e4d-879a-e14c48ad769c,61.503967285156250,88.725624084472656,84.782363891601562,-122.3612260000,47.7070021700
TRE-1169091,,,,,TRE-1169091,Seattle Department of Transportation,Thuja plicata,Western Red Cedar,"9",Private,13307 BITTER PL N,14106bf0-595c-4c8d-8dbf-ad40570b58f0,62.065734863281250,88.585823059082031,84.131622314453125,-122.3534240000,47.7255680500
TRE-1169092,,,,,TRE-1169092,Seattle Department of Transportation,Thuja plicata,Western Red Cedar,"9",Private,13307 BITTER PL N,1f66a108-d67a-4009-ba7a-52a948988dd9,62.031906127929688,88.644813537597670,84.224937438964844,-122.3534680000,47.7255682100
TRE-1169093,,,,,TRE-1169093,Seattle Department of Transportation,Thuja plicata,Western Red Cedar,"9",Private,13307 BITTER PL N,f94e2a52-cf46-4b5b-bef1-6e81ffc04f5b,62.071323394775391,88.686195373535156,84.278678894042983,-122.3535740000,47.7255522300
TRE-1169094,,,,,TRE-1169094,Seattle Department of Transportation,Thuja plicata,Western Red Cedar,"9",Private,13307 BITTER PL N,5ef1fe3f-3304-49bf-80c6-1fc1d982b53a,62.031906127929688,88.644813537597670,84.224937438964844,-122.3535340000,47.7255528800
TRE-1169095,,,,,TRE-1169095,Seattle Department of Transportation,Thuja plicata,Western Red Cedar,"9",Private,13307 BITTER PL N,35e1235e-8711-42dd-96c2-4224593a4788,62.031906127929688,88.644813537597670,84.224937438964844,-122.3535520000,47.7255525200
TRE-1170045,,,,,TRE-1170045,Seattle Department of Transportation,Thuja plicata,Western Red Cedar,"36",Private,601 N 110TH ST,eac725d9-8cbf-46e2-afc7-8c8997cb6dd3,62.027606964111328,90.597709655761719,86.604034423828125,-122.3513990000,47.7085536500
TRE-1170046,,,,,TRE-1170046,Seattle Department of Transportation,Thuja plicata,Western Red Cedar,"32",Private,601 N 110TH ST,86c40acf-0831-4cc4-af22-88317f0b3988,61.963195800781250,90.476486206054688,86.590240478515625,-122.3514020000,47.7085964900
TRE-1169586,,,,,TRE-1169586,Seattle Department of Transportation,Thuja plicata,Western Red Cedar,"60",Private,11246 1ST AVE NW,30f40ab4-3131-4d13-aee4-867ab303cf27,60.892269134521491,87.955223083496094,84.539382934570327,-122.3580980000,47.7118423800
TRE-1170058,,,,,TRE-1170058,Seattle Department of Transportation,Thuja plicata,Western Red Cedar,"10",Private,10756 DAYTON AVE N,1f6c2aa0-cb12-4828-bef0-87676f61638c,61.408782958984375,90.115211486816406,86.105484008789062,-122.3524130000,47.7086394300
TRE-1170538,,,,,TRE-1170538,Seattle Department of Transportation,Thuja plicata,Western Red Cedar,"38",Private,11008 3RD AVE NW,55ceb956-9bee-4838-b6fc-c0edf7f732fb,61.191703796386719,88.441276550292983,84.356056213378906,-122.3601960000,47.7088099500
TRE-1170073,,,,,TRE-1170073,Seattle Department of Transportation,Thuja plicata,Western Red Cedar,"48",Private,11508 PHINNEY AVE N,e774153a-69f3-4417-ac1f-f1b8632dc589,61.393520355224609,90.189682006835938,86.142425537109375,-122.3541100000,47.7127593000
TRE-1170550,,,,,TRE-1170550,Seattle Department of Transportation,Thuja plicata,Western Red Cedar,"24",Private,200 NW 110TH ST,3123bf7c-fa0a-4d37-b4c5-bea1bfedc1ae,61.634048461914062,88.341461181640625,84.534599304199219,-122.3597570000,47.7088139000
TRE-1169159,,,,,TRE-1169159,Seattle Department of Transportation,Thuja plicata,Western Red Cedar,"16",Private,1000 NW ELFORD AVE,1ba38858-715d-4ceb-87e4-d677b01d8a81,59.345588684082031,89.813514709472656,84.210144042968750,-122.3707890000,47.7288136700
TRE-1169161,,,,,TRE-1169161,Seattle Department of Transportation,Thuja plicata,Western Red Cedar,"16",Private,1000 NW ELFORD AVE,81bc83b5-80c1-4c1a-b066-4c6c31c62895,59.347640991210938,89.812614440917969,84.189262390136719,-122.3708030000,47.7287483900
TRE-1169162,,,,,TRE-1169162,Seattle Department of Transportation,Thuja plicata,Western Red Cedar,"16",Private,1008 NW ELFORD AVE,250833c9-01d6-4678-85fa-881a13ad7775,59.347747802734375,89.769149780273438,84.203353881835938,-122.3708470000,47.7286769300
TRE-1170570,,,,,TRE-1170570,Seattle Department of Transportation,Thuja plicata,Western Red Cedar,"20",Private,11008 3RD AVE NW,e21ba4d8-3193-49d9-b06a-de5b130b534b,61.108497619628906,88.422927856445312,84.322059631347670,-122.3603150000,47.7087971100
TRE-1169172,,,,,TRE-1169172,Seattle Department of Transportation,Thuja plicata,Western Red Cedar,"14",Private,1100 NW ELFORD AVE,0b988f0a-4ef2-49eb-8983-72242ba9cb30,59.583465576171875,89.559562683105469,84.362266540527344,-122.3713220000,47.7279006300
TRE-1169181,,,,,TRE-1169181,Seattle Department of Transportation,Thuja plicata,Western Red Cedar,"17",Private,1100 NW ELFORD AVE,5d8d2e31-310f-47c0-941d-7025477b54d3,59.138805389404297,89.471565246582031,84.301330566406250,-122.3704900000,47.7277881100
TRE-1169185,,,,,TRE-1169185,Seattle Department of Transportation,Thuja plicata,Western Red Cedar,"22",Private,1022 NW ELFORD AVE,00bcf9e1-7953-45e1-a254-85340f8d5602,59.032039642333984,89.440216064453125,84.181571960449219,-122.3702780000,47.7279324900
TRE-1169654,,,,,TRE-1169654,Seattle Department of Transportation,Thuja plicata,Western Red Cedar,"50",Private,10508 PALATINE AVE N,94dc31b7-72cf-4d91-8ff2-ca5a72374805,62.161861419677734,89.096122741699219,86.459465026855469,-122.3567080000,47.7054025100
TRE-1169189,,,,,TRE-1169189,Seattle Department of Transportation,Thuja plicata,Western Red Cedar,"22",Private,1022 NW ELFORD AVE,0b9a6512-3fb7-407c-8ee6-7b3740a643ae,58.936374664306641,89.449691772460938,84.189628601074219,-122.3701730000,47.7281399000
TRE-1169190,,,,,TRE-1169190,Seattle Department of Transportation,Thuja plicata,Western Red Cedar,"30",Private,1008 NW ELFORD AVE,61dac523-b158-42e0-be6e-9348e75a00db,58.936374664306641,89.449691772460938,84.189628601074219,-122.3701410000,47.7282161400
TRE-1169207,,,,,TRE-1169207,Seattle Department of Transportation,Thuja plicata,Western Red Cedar,"8",Private,899 NW ELFORD AVE,d48e2228-20db-4b73-9a8a-14d5a44403e4,57.843067169189453,89.874786376953125,83.987960815429673,-122.3693020000,47.7293074400
TRE-1169657,,,,,TRE-1169657,Seattle Department of Transportation,Thuja plicata,Western Red Cedar,"30",Private,10539 PALATINE AVE N,4e8efebc-9fcd-46bc-bcb8-79f5a5cda1dc,62.156055450439453,88.999511718750000,86.037429809570327,-122.3569150000,47.7062149300
TRE-1169658,,,,,TRE-1169658,Seattle Department of Transportation,Thuja plicata,Western Red Cedar,"25",Private,10539 PALATINE AVE N,40d0971b-0b10-4423-938d-cb32a74f8f21,62.165054321289062,88.976997375488281,86.049133300781250,-122.3569190000,47.7063021700
TRE-1169661,,,,,TRE-1169661,Seattle Department of Transportation,Thuja plicata,Western Red Cedar,"25",Private,10703 3RD AVE NW,ab14a021-d967-44b5-b068-47f5802aaad5,61.546321868896491,88.743286132812500,84.764633178710938,-122.3609240000,47.7072132500
TRE-1169208,,,,,TRE-1169208,Seattle Department of Transportation,Thuja plicata,Western Red Cedar,"8",Private,899 NW ELFORD AVE,9995641f-eaca-4637-a799-76270289a6fd,57.633163452148438,89.889648437500000,83.864921569824219,-122.3692110000,47.7293912300
TRE-1172013,,,,,TRE-1172013,Seattle Department of Transportation,Thuja plicata,Western Red Cedar,"17",Private,3838 44TH AVE NE,1befcb76-9fa0-4251-ae44-8c0ddd68ef2d,63.348426818847656,89.271705627441406,86.451599121093750,-122.2794890000,47.6566858400
TRE-1172264,,,,,TRE-1172264,Seattle Department of Transportation,Thuja plicata,Western Red Cedar,"45",Private,4921 NE 39TH ST,c752658f-a345-4c9a-a2ce-541398c32f91,63.557113647460938,88.629440307617188,86.734321594238281,-122.2736750000,47.6570121900
TRE-1171043,,,,,TRE-1171043,Seattle Department of Transportation,Thuja plicata,Western Red Cedar,"70",Private,11710 SHORELINE PARK DR NW,31a82dd5-b67b-4fbc-b92f-4becef0e7c52,57.695796966552734,89.607589721679673,84.206855773925781,-122.3735510000,47.7141483400
TRE-1171056,,,,,TRE-1171056,Seattle Department of Transportation,Thuja plicata,Western Red Cedar,"33",Private,1203 NW 119TH ST,c20f5fb7-479a-4d0f-a5a2-50081926e3db,58.351688385009766,89.217811584472656,84.391921997070327,-122.3720410000,47.7149725900
TRE-1171146,,,,,TRE-1171146,Seattle Department of Transportation,Thuja plicata,Western Red Cedar,"1",Private,1254 NW BLAKELY CT,fa5ae624-69f9-4271-ab30-18bcc46383b8,61.728584289550781,88.510787963867188,85.610328674316406,-122.3737930000,47.7219047600
TRE-1171200,,,,,TRE-1171200,Seattle Department of Transportation,Thuja plicata,Western Red Cedar,"4",Private,13015 12TH AVE NW,677ead98-10f9-4de2-81b7-fe4273771a8e,61.068805694580078,88.741943359375014,85.682029724121094,-122.3718980000,47.7235505500
TRE-1171201,,,,,TRE-1171201,Seattle Department of Transportation,Thuja plicata,Western Red Cedar,"4",Private,13015 12TH AVE NW,a80ffdcd-0263-433b-86fa-4d9a02c51fdc,61.042160034179688,88.739189147949219,85.785911560058594,-122.3719060000,47.7235675900
TRE-1171202,,,,,TRE-1171202,Seattle Department of Transportation,Thuja plicata,Western Red Cedar,"20",Private,13015 12TH AVE NW,7e0b68e6-df4b-4789-9e83-b89e6b432d67,61.042160034179688,88.739189147949219,85.785911560058594,-122.3718830000,47.7235650400
TRE-1171224,,,,,TRE-1171224,Seattle Department of Transportation,Thuja plicata,Western Red Cedar,"9",Private,502 N 138TH ST,f1dbf8c8-3ab3-4c8c-81a4-4ba6191e7e75,62.098644256591797,87.925262451171875,84.760055541992188,-122.3530400000,47.7297589300
TRE-1171225,,,,,TRE-1171225,Seattle Department of Transportation,Thuja plicata,Western Red Cedar,"25",Private,502 N 138TH ST,eed00842-af15-497e-98be-b507842ce1ab,62.098644256591797,87.925262451171875,84.760055541992188,-122.3530360000,47.7297857100
TRE-1171265,,,,,TRE-1171265,Seattle Department of Transportation,Thuja plicata,Western Red Cedar,"3",Private,1077 26TH AVE E,da3f42a0-49bb-4970-b179-9ef07c54638f,61.032283782958984,88.194351196289062,84.635398864746094,-122.2990860000,47.6289274400
TRE-1171335,,,,,TRE-1171335,Seattle Department of Transportation,Thuja plicata,Western Red Cedar,"3",Private,11815 11TH AVE NW,4e99233d-2a2c-4982-b171-f630d59cb335,58.602439880371094,89.171440124511719,84.863853454589844,-122.3702570000,47.7156110400
TRE-1171347,,,,,TRE-1171347,Seattle Department of Transportation,Thuja plicata,Western Red Cedar,"24",Private,1245 NW 119TH ST,4b868986-1ce9-405d-a8f4-b8ce8bff4f6d,58.395168304443359,89.361579895019531,84.643768310546875,-122.3732010000,47.7151183600
TRE-1171357,,,,,TRE-1171357,Seattle Department of Transportation,Thuja plicata,Western Red Cedar,"18",Private,11824 9TH AVE NW,f81a9d50-4bfa-46d5-bfdf-4ae3763b77e0,59.697120666503906,89.345245361328125,85.030738830566406,-122.3680050000,47.7154331700
TRE-1171547,,,,,TRE-1171547,Seattle Department of Transportation,Thuja plicata,Western Red Cedar,"18",Private,802 NW 108TH ST,f8a6fa71-65f8-49ad-8a40-c84f353436cc,59.034324645996094,88.322517395019531,83.792694091796875,-122.3662480000,47.7074028100
TRE-1171548,,,,,TRE-1171548,Seattle Department of Transportation,Thuja plicata,Western Red Cedar,"17",Private,802 NW 108TH ST,99e9cf67-5aa1-406e-abe3-f3ebdb41b809,59.034324645996094,88.322517395019531,83.792694091796875,-122.3662480000,47.7074185500
TRE-1171578,,,,,TRE-1171578,Seattle Department of Transportation,Thuja plicata,Western Red Cedar,"3",Private,10601 8TH AVE NW,f2a955b1-3fe1-4b2c-877e-6d020f448d50,60.282253265380859,88.150909423828125,84.687751770019531,-122.3662060000,47.7058537300
TRE-1171676,,,,,TRE-1171676,Seattle Department of Transportation,Thuja plicata,Western Red Cedar,"10",Private,10502 14TH AVE NW,8bb4df68-8bdb-42ab-b835-1a6f18f9e355,60.192642211914062,89.525840759277344,86.010551452636719,-122.3738620000,47.7052415000
TRE-1172590,,,,,TRE-1172590,Seattle Department of Transportation,Thuja plicata,Western Red Cedar,"25",Private,8401 35TH AVE NE,bc9e6ed3-f08d-4a65-a5c1-9f85e92ef324,62.364692687988281,87.761238098144531,83.433326721191406,-122.2909840000,47.6893950100
TRE-1172591,,,,,TRE-1172591,Seattle Department of Transportation,Thuja plicata,Western Red Cedar,"20",Private,8401 35TH AVE NE,d21caa97-c8c7-4bc9-87ca-785b8296ebb7,62.364692687988281,87.761238098144531,83.433326721191406,-122.2909930000,47.6893936300
TRE-1172592,,,,,TRE-1172592,Seattle Department of Transportation,Thuja plicata,Western Red Cedar,"18",Private,8401 35TH AVE NE,5fdfd8ad-b317-40ef-9560-db34cc3f0c76,62.408004760742188,87.827545166015625,83.382545471191406,-122.2911270000,47.6893926400
TRE-1172593,,,,,TRE-1172593,Seattle Department of Transportation,Thuja plicata,Western Red Cedar,"19",Private,8401 35TH AVE NE,f1d1be91-1ee0-4b97-a832-80bc1a34fcba,62.408004760742188,87.827545166015625,83.382545471191406,-122.2911410000,47.6893918700
TRE-1172594,,,,,TRE-1172594,Seattle Department of Transportation,Thuja plicata,Western Red Cedar,"19",Private,8401 35TH AVE NE,908188ea-08e3-4d6e-9cf5-233dad32401e,62.408004760742188,87.827545166015625,83.382545471191406,-122.2911570000,47.6893913300
TRE-1172595,,,,,TRE-1172595,Seattle Department of Transportation,Thuja plicata,Western Red Cedar,"16",Private,8401 35TH AVE NE,192b4602-5069-4f47-b580-4a97fd402e64,62.408004760742188,87.827545166015625,83.382545471191406,-122.2911730000,47.6893908500
TRE-1172630,,,,,TRE-1172630,Seattle Department of Transportation,Thuja plicata,Western Red Cedar,"26",Private,3407 NE 81ST ST,d41520e4-3238-43c2-a919-9611b365ed91,62.942066192626953,87.747863769531250,84.118606567382812,-122.2908290000,47.6874056100
TRE-1172667,,,,,TRE-1172667,Seattle Department of Transportation,Thuja plicata,Western Red Cedar,"9",Private,3103 NE 82ND ST,302d4f08-ed4c-43a5-8872-549269ccdac7,61.982826232910163,88.136505126953125,84.746780395507812,-122.2946220000,47.6880314100
TRE-1172668,,,,,TRE-1172668,Seattle Department of Transportation,Thuja plicata,Western Red Cedar,"6",Private,3103 NE 82ND ST,55186bab-9626-4767-b6fb-082c539ec293,61.968170166015625,88.070747375488281,84.746269226074219,-122.2947710000,47.6880390500
TRE-1173139,,,,,TRE-1173139,Seattle Department of Transportation,Thuja plicata,Western Red Cedar,"1",Private,7015 33RD AVE NE,041d32dd-fd40-47be-a2a3-1b8c8892c5fe,62.575748443603509,88.588180541992188,85.926933288574219,-122.2926230000,47.6798837900
TRE-1173315,,,,,TRE-1173315,Seattle Department of Transportation,Thuja plicata,Western Red Cedar,"6",Private,13906 2ND AVE NE,b8e7074a-4014-44e6-a4d8-2e89831c3c4b,60.816871643066406,88.468360900878906,84.899589538574219,-122.3272560000,47.7295763300
TRE-1173316,,,,,TRE-1173316,Seattle Department of Transportation,Thuja plicata,Western Red Cedar,"20",Private,13906 2ND AVE NE,8952d152-84a2-4ac9-85f9-31770081002d,60.816871643066406,88.468360900878906,84.899589538574219,-122.3272970000,47.7295593000
TRE-1173320,,,,,TRE-1173320,Seattle Department of Transportation,Thuja plicata,Western Red Cedar,"13",Private,13906 2ND AVE NE,2d240ae2-2cd6-4d1e-a8d8-ecc1c819853d,60.962619781494141,88.296974182128906,84.878326416015625,-122.3274260000,47.7295045900
TRE-1173321,,,,,TRE-1173321,Seattle Department of Transportation,Thuja plicata,Western Red Cedar,"10",Private,13906 2ND AVE NE,9da403e9-5fa5-4d92-86ad-2dad8c4770a1,60.962619781494141,88.296974182128906,84.878326416015625,-122.3274610000,47.7295000200
TRE-1173322,,,,,TRE-1173322,Seattle Department of Transportation,Thuja plicata,Western Red Cedar,"15",Private,13906 2ND AVE NE,1ff3eb11-560b-419a-adfa-04196140081d,60.962619781494141,88.296974182128906,84.878326416015625,-122.3274900000,47.7295022300
TRE-1173323,,,,,TRE-1173323,Seattle Department of Transportation,Thuja plicata,Western Red Cedar,"25",Private,13906 2ND AVE NE,de157af1-e01f-4a34-8696-2251385c751e,61.053932189941406,88.401245117187500,84.867622375488281,-122.3275160000,47.7295023700
TRE-1175358,,,,,TRE-1175358,Seattle Department of Transportation,Thuja plicata,Western Red Cedar,"15",Private,2310 N 128TH ST,0f1b4631-b6e8-4198-aafa-4bbf2bc6e1c7,61.755043029785163,86.977050781250000,83.025558471679673,-122.3305510000,47.7220683800
TRE-1175359,,,,,TRE-1175359,Seattle Department of Transportation,Thuja plicata,Western Red Cedar,"15",Private,2310 N 128TH ST,4b4e7344-4713-4094-9f2a-af4014517dc7,61.734741210937507,87.056022644042983,82.995986938476562,-122.3305100000,47.7220622400
TRE-1175372,,,,,TRE-1175372,Seattle Department of Transportation,Thuja plicata,Western Red Cedar,"4",Private,1719 N 128TH ST,e7b6300c-819a-4081-862c-51da42a2af48,62.409957885742188,88.297859191894531,82.661026000976562,-122.3364970000,47.7219472300
TRE-1175375,,,,,TRE-1175375,Seattle Department of Transportation,Thuja plicata,Western Red Cedar,"40",Private,1711 N 128TH ST,0a9135aa-bfdd-454a-96c3-06626697e187,62.899555206298835,88.078689575195312,82.990478515624986,-122.3372230000,47.7219565800
TRE-1175395,,,,,TRE-1175395,Seattle Department of Transportation,Thuja plicata,Western Red Cedar,"13",Private,1719 N 122ND ST,07a71c16-a72f-4385-bd86-f3f5bd815138,62.066745758056641,88.560539245605469,82.925994873046875,-122.3363080000,47.7170563100
TRE-1175446,,,,,TRE-1175446,Seattle Department of Transportation,Thuja plicata,Western Red Cedar,"30",Private,12028 1ST AVE N,4e4ed538-7f2b-4334-b8ad-f6288bbcab63,61.699527740478509,87.872947692871094,82.272880554199219,-122.3287720000,47.7166943600
TRE-1175454,,,,,TRE-1175454,Seattle Department of Transportation,Thuja plicata,Western Red Cedar,"40",Private,2304 N 117TH ST,635cb42e-eea4-46e0-a023-9cdb1f80e9fc,61.242889404296875,86.999557495117188,83.310356140136719,-122.3309150000,47.7141627400
TRE-1175482,,,,,TRE-1175482,Seattle Department of Transportation,Thuja plicata,Western Red Cedar,"28",Private,2156 N 115TH ST,3b51ce47-33ce-44f1-b65d-7a22363bfcf0,62.552875518798835,88.730461120605469,84.943817138671875,-122.3315280000,47.7126085500
TRE-1175487,,,,,TRE-1175487,Seattle Department of Transportation,Thuja plicata,Western Red Cedar,"32",Private,2316 N 115TH ST,936b952f-2324-48c7-9223-f0e02c330588,62.489238739013672,89.333900451660156,85.343681335449219,-122.3305260000,47.7123453400
TRE-1173792,,,,,TRE-1173792,Seattle Department of Transportation,Thuja plicata,Western Red Cedar,"9",Private,149 NE 133RD ST,ef51e998-df36-4805-b6ce-e8753d0c186a,59.190223693847656,88.183296203613281,84.366477966308594,-122.3268150000,47.7249086100
TRE-1173809,,,,,TRE-1173809,Seattle Department of Transportation,Thuja plicata,Western Red Cedar,"40",Private,2345 N 133RD ST,98aef4e7-c5b0-4db9-b6c0-62ebb3f66932,61.565349578857422,87.622985839843750,82.892829895019531,-122.3300800000,47.7249184200
TRE-1173355,,,,,TRE-1173355,Seattle Department of Transportation,Thuja plicata,Western Red Cedar,"7",Private,14356 CORLISS AVE N,47256ad2-85a4-448f-8407-ca65d19138a6,62.483264923095703,87.646972656250000,84.992889404296875,-122.3315080000,47.7338843300
TRE-1173356,,,,,TRE-1173356,Seattle Department of Transportation,Thuja plicata,Western Red Cedar,"3",Private,14350 CORLISS AVE N,77fbdb9e-cbe0-47a7-a46e-3ed3111cedfe,62.362266540527344,87.647094726562500,85.004447937011719,-122.3315140000,47.7338495100
TRE-1174292,,,,,TRE-1174292,Seattle Department of Transportation,Thuja plicata,Western Red Cedar,"13",Private,6651 NE 60TH ST,f1391c04-b262-445f-a081-c656c2c708da,61.478275299072266,89.118049621582031,85.855422973632812,-122.2541030000,47.6716564900
TRE-1174293,,,,,TRE-1174293,Seattle Department of Transportation,Thuja plicata,Western Red Cedar,"6",Private,6651 NE 60TH ST,3205b80b-0a89-40aa-9d40-5252390a2486,61.478275299072266,89.118049621582031,85.855422973632812,-122.2541400000,47.6716746000
TRE-1174295,,,,,TRE-1174295,Seattle Department of Transportation,Thuja plicata,Western Red Cedar,"11",Private,6651 NE 60TH ST,64af0c92-29c6-4301-93bb-bb0dcbb0f319,61.478275299072266,89.118049621582031,85.855422973632812,-122.2541910000,47.6716986500
TRE-1174299,,,,,TRE-1174299,Seattle Department of Transportation,Thuja plicata,Western Red Cedar,"7",Private,6651 NE 60TH ST,a13b93a3-b5fc-4b95-ade6-a1c6b498bf52,61.868701934814453,88.872329711914062,86.315681457519531,-122.2546060000,47.6718945600
TRE-1174772,,,,,TRE-1174772,Seattle Department of Transportation,Thuja plicata,Western Red Cedar,"10",Private,5614 NE 59TH ST,b268b6ba-0c24-42f9-a2a7-2f0955032970,62.310470581054688,88.736503601074219,85.819442749023438,-122.2676190000,47.6720677100
TRE-1174773,,,,,TRE-1174773,Seattle Department of Transportation,Thuja plicata,Western Red Cedar,"7",Private,5614 NE 59TH ST,e3e3b69d-7190-4ca8-a03f-546d1198c508,62.310470581054688,88.736503601074219,85.819442749023438,-122.2675810000,47.6720691700
TRE-1174774,,,,,TRE-1174774,Seattle Department of Transportation,Thuja plicata,Western Red Cedar,"9",Private,5614 NE 59TH ST,2dda190a-e658-4d16-8698-c2f666ed1ec4,62.221008300781250,88.802986145019531,85.821907043457017,-122.2678200000,47.6720723900
TRE-1174778,,,,,TRE-1174778,Seattle Department of Transportation,Thuja plicata,Western Red Cedar,"16",Private,5602 NE 59TH ST,d01f64a3-7eae-4328-8e51-5e5cd71b54f5,62.553375244140625,88.389785766601562,85.346694946289062,-122.2682360000,47.6715699700
TRE-1173854,,,,,TRE-1173854,Seattle Department of Transportation,Thuja plicata,Western Red Cedar,"10",Private,2116 N 135TH ST,479fd728-a08b-407a-a6fc-34047eba7d34,61.444862365722656,87.632942199707017,83.284683227539062,-122.3322860000,47.7267788300
TRE-1173864,,,,,TRE-1173864,Seattle Department of Transportation,Thuja plicata,Western Red Cedar,"7",Private,13506 CORLISS AVE N,254ea2dc-9c18-42bf-8598-49bd4ef5d8e2,61.637317657470703,87.388839721679673,82.222015380859375,-122.3313340000,47.7268989800
TRE-1173419,,,,,TRE-1173419,Seattle Department of Transportation,Thuja plicata,Western Red Cedar,"30",Private,325 NE 133RD ST,02a6b71d-24be-45de-83f2-34a1d389a55f,59.524368286132812,88.307235717773438,84.751495361328125,-122.3252240000,47.7248924300
TRE-1173431,,,,,TRE-1173431,Seattle Department of Transportation,Thuja plicata,Western Red Cedar,"18",Private,13505 1ST AVE NE,14f513d0-97cb-454c-9e9e-65e8ad3a06e4,61.741561889648438,87.555412292480469,82.902702331542983,-122.3293030000,47.7268925000
TRE-1173888,,,,,TRE-1173888,Seattle Department of Transportation,Thuja plicata,Western Red Cedar,"2",Private,2122 N 133RD ST,4f76f81e-1bdd-4522-888b-511c523b6a38,61.308639526367188,87.701377868652330,83.439880371093750,-122.3329750000,47.7250655700
TRE-1173889,,,,,TRE-1173889,Seattle Department of Transportation,Thuja plicata,Western Red Cedar,"40",Private,2138 N 133RD ST,5fb9e4b5-e1d0-41f3-bdec-f139e0bc0645,61.211109161376953,87.721244812011719,83.540153503417969,-122.3326190000,47.7250718700
TRE-1173897,,,,,TRE-1173897,Seattle Department of Transportation,Thuja plicata,Western Red Cedar,"3",Private,2138 N 133RD ST,9630ff0c-35ea-4420-9a02-f8acb044100a,61.116817474365234,87.721534729003906,83.538619995117188,-122.3327340000,47.7252156300
TRE-1173898,,,,,TRE-1173898,Seattle Department of Transportation,Thuja plicata,Western Red Cedar,"4",Private,2138 N 133RD ST,e2777a95-f168-4a3d-b6c5-9497f635bf1d,61.141387939453125,87.730308532714844,83.533454895019531,-122.3327280000,47.7252291500
TRE-1173909,,,,,TRE-1173909,Seattle Department of Transportation,Thuja plicata,Western Red Cedar,"10",Private,14320 MIDVALE AVE N,bd04c07d-4887-45ee-b7a3-a135886b2b04,63.037574768066406,88.576339721679673,85.265708923339844,-122.3437840000,47.7331157100
TRE-1174831,,,,,TRE-1174831,Seattle Department of Transportation,Thuja plicata,Western Red Cedar,"5",Private,5565 NE AMBLESIDE RD,73163c22-4da7-4964-995b-e518113d74c7,62.056262969970703,88.357078552246094,85.591293334960938,-122.2663560000,47.6660579000
TRE-1174832,,,,,TRE-1174832,Seattle Department of Transportation,Thuja plicata,Western Red Cedar,"5",Private,5565 NE AMBLESIDE RD,17ba9bb8-7d91-4f27-bada-6887399d3797,62.022045135498047,88.351631164550781,85.618774414062500,-122.2664130000,47.6660439700
TRE-1174833,,,,,TRE-1174833,Seattle Department of Transportation,Thuja plicata,Western Red Cedar,"5",Private,5565 NE AMBLESIDE RD,d23b1700-9802-456b-be9d-2c757180a6a0,62.056262969970703,88.357078552246094,85.591293334960938,-122.2663850000,47.6660528300
TRE-1173933,,,,,TRE-1173933,Seattle Department of Transportation,Thuja plicata,Western Red Cedar,"38",Private,14342 ASHWORTH AVE N,ecc63bcb-2097-4c96-a545-d4287ffcaea7,62.008472442626953,88.345848083496094,82.905067443847670,-122.3395930000,47.7336551900
TRE-1174864,,,,,TRE-1174864,Seattle Department of Transportation,Thuja plicata,Western Red Cedar,"20",Private,5409 NE 55TH ST,b8682f23-ef72-4a01-8a3d-a2b350f2e477,61.725597381591797,88.453544616699219,85.022796630859375,-122.2700400000,47.6684308800
TRE-1173979,,,,,TRE-1173979,Seattle Department of Transportation,Thuja plicata,Western Red Cedar,"30",Private,13757 ASHWORTH AVE N,f790e3eb-9e22-4a85-bdda-61c26b46591b,62.719982147216797,88.179504394531250,83.149383544921875,-122.3398620000,47.7304796800
TRE-1173980,,,,,TRE-1173980,Seattle Department of Transportation,Thuja plicata,Western Red Cedar,"30",Private,13757 ASHWORTH AVE N,52fd579f-2449-4aa3-b00d-039ae9ea9703,62.719982147216797,88.179504394531250,83.149383544921875,-122.3397990000,47.7304592200
TRE-1174481,,,,,TRE-1174481,Seattle Department of Transportation,Thuja plicata,Western Red Cedar,"8",Private,6451 NE RADFORD DR,07b3d819-502e-45a6-9da9-82971ec3af66,61.669315338134766,89.530052185058594,86.510673522949219,-122.2622840000,47.6757365600
TRE-1174483,,,,,TRE-1174483,Seattle Department of Transportation,Thuja plicata,Western Red Cedar,"6",Private,6451 NE RADFORD DR,90c1720b-a7e4-4454-b96b-f41b62461d7f,61.664287567138672,89.445045471191406,86.405334472656250,-122.2623990000,47.6757524700
TRE-1174484,,,,,TRE-1174484,Seattle Department of Transportation,Thuja plicata,Western Red Cedar,"6",Private,6451 NE RADFORD DR,298b3042-d304-4aca-8cd4-d0216a497d29,61.664287567138672,89.445045471191406,86.405334472656250,-122.2624890000,47.6757383100
TRE-1174991,,,,,TRE-1174991,Seattle Department of Transportation,Thuja plicata,Western Red Cedar,"10",Private,5133 NE 55TH ST,3c398185-2138-4849-9eb4-2dfb7a0d6187,62.220756530761719,88.764526367187500,84.955154418945312,-122.2717800000,47.6684392500
TRE-1173602,,,,,TRE-1173602,Seattle Department of Transportation,Thuja plicata,Western Red Cedar,"40",Private,10530 LINDEN AVE N,3c77d68c-194a-45fb-91e6-9c14e51a4812,62.521430969238281,90.560142517089844,86.221069335937500,-122.3473150000,47.7059639800
TRE-1174082,,,,,TRE-1174082,Seattle Department of Transportation,Thuja plicata,Western Red Cedar,"15",Private,2139 N 135TH ST,964d82fc-9037-4b71-ac63-2704d33c1f83,61.706485748291016,87.406898498535156,82.070396423339844,-122.3310840000,47.7267555400
TRE-1174083,,,,,TRE-1174083,Seattle Department of Transportation,Thuja plicata,Western Red Cedar,"15",Private,2139 N 135TH ST,49804489-bcac-4b2b-afc4-505e7996fca8,61.706485748291016,87.406898498535156,82.070396423339844,-122.3310530000,47.7267587200
TRE-1174088,,,,,TRE-1174088,Seattle Department of Transportation,Thuja plicata,Western Red Cedar,"6",Private,13419 CORLISS AVE N,77c6100b-6c9b-43f1-b7b9-07d2acf2adae,61.535594940185547,87.491844177246094,83.093933105468750,-122.3316230000,47.7267428200
TRE-1173607,,,,,TRE-1173607,Seattle Department of Transportation,Thuja plicata,Western Red Cedar,"8",Private,10533 LINDEN AVE N,432fa163-acd1-4ce3-a304-fb54595252e8,62.472434997558594,90.670013427734375,86.304702758789062,-122.3475260000,47.7058790000
TRE-1175000,,,,,TRE-1175000,Seattle Department of Transportation,Thuja plicata,Western Red Cedar,"9",Private,5121 NE 55TH ST,7094e453-22e0-4f2c-8b72-e0c7f5ce8672,62.124687194824219,88.610557556152330,84.979583740234375,-122.2723110000,47.6684334800
TRE-1174090,,,,,TRE-1174090,Seattle Department of Transportation,Thuja plicata,Western Red Cedar,"10",Private,2110 N 135TH ST,426c1929-c58d-4884-be67-51d37943e1e6,61.449996948242188,87.796409606933594,83.884452819824219,-122.3336760000,47.7269160500
TRE-1173632,,,,,TRE-1173632,Seattle Department of Transportation,Thuja plicata,Western Red Cedar,"11",Private,10903 NORTH PARK AVE N,277d01be-03ff-453f-9774-85549f8e56be,62.342552185058594,89.089935302734375,85.798568725585938,-122.3488890000,47.7082090500
TRE-1173642,,,,,TRE-1173642,Seattle Department of Transportation,Thuja plicata,Western Red Cedar,"6",Private,725 N 109TH ST,3474e0ea-a6bf-49dd-988c-3863b4765096,62.427524566650391,89.082801818847670,85.691879272460938,-122.3488710000,47.7078749600
TRE-1174130,,,,,TRE-1174130,Seattle Department of Transportation,Thuja plicata,Western Red Cedar,"12",Private,1420 N 135TH PL,5b0755db-64f7-4487-81c6-f82313968508,63.442165374755859,89.029327392578125,84.378074645996094,-122.3397760000,47.7273424100
TRE-1174596,,,,,TRE-1174596,Seattle Department of Transportation,Thuja plicata,Western Red Cedar,"20",Private,5636 NE 55TH ST,ca19152e-c916-4f5a-8da7-18187ed97c7a,62.843486785888672,88.946304321289062,86.161247253417969,-122.2645440000,47.6684163700
TRE-1174597,,,,,TRE-1174597,Seattle Department of Transportation,Thuja plicata,Western Red Cedar,"20",Private,5636 NE 55TH ST,c11b7b8a-87e9-465e-b051-7d7e62703a12,62.773323059082031,88.953475952148438,86.122627258300781,-122.2646460000,47.6684174000
TRE-1174179,,,,,TRE-1174179,Seattle Department of Transportation,Thuja plicata,Western Red Cedar,"16",Private,2100 N 128TH ST,ffa6f682-f0ba-4094-87ac-3cd6df409926,61.976276397705078,88.216835021972656,82.837066650390625,-122.3340940000,47.7221234600
TRE-1173708,,,,,TRE-1173708,Seattle Department of Transportation,Thuja plicata,Western Red Cedar,"66",Private,504 N 107TH ST,8f9c457d-c4c0-4b63-903d-d3f6801d1945,62.132900238037109,90.362243652343750,86.363540649414062,-122.3525620000,47.7069427800
TRE-1173717,,,,,TRE-1173717,Seattle Department of Transportation,Thuja plicata,Western Red Cedar,"32",Private,10557 DAYTON AVE N,044bff11-6e79-401f-ae5e-c1582f5bcc89,62.227542877197266,90.297660827636719,86.576980590820327,-122.3533330000,47.7068252200
TRE-1175095,,,,,TRE-1175095,Seattle Department of Transportation,Thuja plicata,Western Red Cedar,"30",Private,4802 48TH AVE NE,1cd435cc-1b0d-47f7-b24e-af8ab134318e,61.743816375732422,88.807212829589844,85.431015014648438,-122.2756980000,47.6616101600
TRE-1173718,,,,,TRE-1173718,Seattle Department of Transportation,Thuja plicata,Western Red Cedar,"60",Private,415 N 107TH ST,c923848a-fc7b-4b95-b8e6-30fd8eb65740,62.231719970703125,90.404403686523438,86.655517578124986,-122.3534060000,47.7068259400
TRE-1174697,,,,,TRE-1174697,Seattle Department of Transportation,Thuja plicata,Western Red Cedar,"2",Seattle Department of Transportation,752 S TRENTON ST,12b0ecd6-66de-42c1-b1da-ade1687476e3,62.266464233398438,90.259201049804688,87.812477111816406,-122.3232620000,47.5246476900
TRE-1177078,,,,,TRE-1177078,Seattle Department of Transportation,Thuja plicata,Western Red Cedar,"5",Private,6009 53RD AVE NE,c8da88cb-58d7-438d-b60a-943ff580a7db,62.047748565673835,89.484329223632812,85.667953491210938,-122.2704900000,47.6726270800
TRE-1177105,,,,,TRE-1177105,Seattle Department of Transportation,Thuja plicata,Western Red Cedar,"20",Private,6021 53RD AVE NE,a9842fc6-5be7-4df7-a3e6-46315bed01a0,62.098110198974609,89.622352600097670,85.777099609375014,-122.2705100000,47.6728819600
TRE-1177108,,,,,TRE-1177108,Seattle Department of Transportation,Thuja plicata,Western Red Cedar,"4",Private,6021 53RD AVE NE,2ccd5aa8-24fd-424b-a097-244cd2fb3616,62.085044860839837,89.637992858886719,85.804847717285156,-122.2705240000,47.6729339300
TRE-1177116,,,,,TRE-1177116,Seattle Department of Transportation,Thuja plicata,Western Red Cedar,"4",Private,6029 53RD AVE NE,071737a5-a670-45ea-bc7b-e0c74c0ebeb8,62.032272338867188,89.855506896972656,85.826438903808594,-122.2705300000,47.6732034500
TRE-1177398,,,,,TRE-1177398,Seattle Department of Transportation,Thuja plicata,Western Red Cedar,"12",Private,6527 49TH AVE NE,217d4392-2031-43ed-bdc2-aafb6c19146e,61.544540405273438,89.339164733886719,85.796607971191406,-122.2758710000,47.6765739000
TRE-1176639,,,,,TRE-1176639,Seattle Department of Transportation,Thuja plicata,Western Red Cedar,"4",Private,8572 SANDPOINT WAY NE,768b0d0d-1427-4fa2-b112-05d523c19007,62.168029785156250,88.978118896484375,86.360168457031250,-122.2692850000,47.6916381200
TRE-1176640,,,,,TRE-1176640,Seattle Department of Transportation,Thuja plicata,Western Red Cedar,"4",Private,8572 SANDPOINT WAY NE,8ed1cf84-5997-42b1-b585-1bfb49ec9204,62.168029785156250,88.978118896484375,86.360168457031250,-122.2692970000,47.6916472500
TRE-1176665,,,,,TRE-1176665,Seattle Department of Transportation,Thuja plicata,Western Red Cedar,"46",Private,6801 62ND AVE NE,837c09ca-6f42-4a1d-9ec0-8bb91cc001df,61.303207397460938,89.525436401367188,86.863342285156250,-122.2615350000,47.6763268100
TRE-1176666,,,,,TRE-1176666,Seattle Department of Transportation,Thuja plicata,Western Red Cedar,"30",Private,6801 62ND AVE NE,0b5d8da8-7f77-440b-996d-4af12d4fde1e,61.258693695068359,89.309509277343750,86.952102661132812,-122.2615400000,47.6763900300
TRE-1176677,,,,,TRE-1176677,Seattle Department of Transportation,Thuja plicata,Western Red Cedar,"30",Private,6870 62ND AVE NE,233e9926-b19b-43fb-aea8-486c039e4171,61.808845520019531,89.402275085449219,87.276382446289062,-122.2619620000,47.6777708700
TRE-1176756,,,,,TRE-1176756,Seattle Department of Transportation,Thuja plicata,Western Red Cedar,"33",Private,7500 63RD AVE NE,95fcdc1e-13da-4f75-ac62-b1cd3d9a8462,62.776290893554688,90.050819396972656,87.140434265136719,-122.2615340000,47.6825445400
TRE-1176766,,,,,TRE-1176766,Seattle Department of Transportation,Thuja plicata,Western Red Cedar,"14",Private,7727 63RD AVE NE,99241652-648a-4251-8b7b-98dfb03e2504,63.601562500000000,91.132415771484375,86.151550292968750,-122.2622830000,47.6861330600
TRE-1176767,,,,,TRE-1176767,Seattle Department of Transportation,Thuja plicata,Western Red Cedar,"10",Private,7727 63RD AVE NE,8d58d386-d94d-4448-ab7f-ccdf58a1c335,63.425354003906250,91.255950927734375,86.217971801757812,-122.2619470000,47.6861293200
TRE-1176844,,,,,TRE-1176844,Seattle Department of Transportation,Thuja plicata,Western Red Cedar,"58",Private,6058 34TH AVE NE,bda2b36b-5fd2-4bb9-9cda-d716d44780ff,62.009349822998047,88.798873901367188,85.657745361328125,-122.2908930000,47.6739154000
TRE-1176139,,,,,TRE-1176139,Seattle Department of Transportation,Thuja plicata,Western Red Cedar,"1",Private,6202 36TH AVE NE,fd87f5f4-29e5-4819-85ad-155033f31097,61.832412719726562,89.224937438964844,85.527565002441406,-122.2890950000,47.6741046300
TRE-1177569,,,,,TRE-1177569,Seattle Department of Transportation,Thuja plicata,Western Red Cedar,"20",Private,6812 52ND AVE NE,3f885927-a4fe-460e-9f6f-3c4d9949535c,62.230892181396491,89.691123962402330,85.852348327636719,-122.2715070000,47.6780762700
TRE-1176197,,,,,TRE-1176197,Seattle Department of Transportation,Thuja plicata,Western Red Cedar,"6",Private,6542 43RD AVE NE,0928c63a-959f-4aed-82e8-6e1a4a448cbc,61.457191467285163,89.527595520019531,86.150154113769531,-122.2821950000,47.6771567800
TRE-1177660,,,,,TRE-1177660,Seattle Department of Transportation,Thuja plicata,Western Red Cedar,"2",Seattle Parks and Recreation,6600 BLK 58TH NE - BURKE GILMAN,2022efb8-b3cc-4465-bc04-24116b281e0a,61.603286743164062,90.215881347656250,87.289443969726562,-122.2660490000,47.6779883900
TRE-1177662,,,,,TRE-1177662,Seattle Department of Transportation,Thuja plicata,Western Red Cedar,"4",Seattle Parks and Recreation,6600 BLK 58TH NE - BURKE GILMAN,b08c9f0b-6273-475f-83d3-3434c63810e0,61.601379394531250,90.208129882812500,87.395561218261719,-122.2660570000,47.6780305600
TRE-1177670,,,,,TRE-1177670,Seattle Department of Transportation,Thuja plicata,Western Red Cedar,"8",Seattle Parks and Recreation,6600 BLK 58TH NE - BURKE GILMAN,112ce7c8-0526-46f2-a24a-101eade782ae,61.828758239746094,90.298416137695312,86.723747253417969,-122.2664910000,47.6766924600
TRE-1175829,,,,,TRE-1175829,Seattle Department of Transportation,Thuja plicata,Western Red Cedar,"30",Seattle Parks and Recreation,6801 62ND AVE NE,6ec6a0f2-0f6d-4c16-a8af-181104def376,61.328792572021491,89.545829772949219,86.857299804687500,-122.2615620000,47.6762739500
TRE-1177701,,,,,TRE-1177701,Seattle Department of Transportation,Thuja plicata,Western Red Cedar,"5",Seattle Parks and Recreation,6900 BLK 58TH NE - BURKE GILMAN,a911e333-2b64-45ed-ad6c-ef9574667106,61.727565765380859,90.247093200683594,87.386825561523438,-122.2658120000,47.6786188200
TRE-1175830,,,,,TRE-1175830,Seattle Department of Transportation,Thuja plicata,Western Red Cedar,"30",Seattle Parks and Recreation,6801 62ND AVE NE,d2c5c7e0-f62f-43c5-89f4-0a9f42efeec4,61.383758544921875,89.564422607421875,86.853202819824219,-122.2616130000,47.6762255300
TRE-1175831,,,,,TRE-1175831,Seattle Department of Transportation,Thuja plicata,Western Red Cedar,"32",Seattle Parks and Recreation,6801 62ND AVE NE,45f751bd-58f6-4e50-a5e4-6b08612a922a,61.383758544921875,89.564422607421875,86.853202819824219,-122.2616300000,47.6762782100
TRE-1175861,,,,,TRE-1175861,Seattle Department of Transportation,Thuja plicata,Western Red Cedar,"9",Private,7756 30TH AVE NE,95ed7df3-cd46-48ad-8536-bcd68850baad,61.978286743164062,88.362617492675781,85.281013488769531,-122.2956720000,47.6865995300
TRE-1177813,,,,,TRE-1177813,Seattle Department of Transportation,Thuja plicata,Western Red Cedar,"35",Private,7557 32ND AVE NE,a626c25d-9cda-4b77-931a-ce2bc8abc0ed,61.365955352783203,88.528839111328125,85.575370788574219,-122.2939780000,47.6847903700
TRE-1177814,,,,,TRE-1177814,Seattle Department of Transportation,Thuja plicata,Western Red Cedar,"25",Private,7557 32ND AVE NE,042dfe53-1d48-4d84-a27a-59fbb977f63f,61.365955352783203,88.528839111328125,85.575370788574219,-122.2940790000,47.6847886000
TRE-1177866,,,,,TRE-1177866,Seattle Department of Transportation,Thuja plicata,Western Red Cedar,"60",Private,7710 32ND AVE NE,7d4997e6-9b31-410f-844d-f4a32fd27c91,61.619689941406250,88.449974060058594,85.282463073730469,-122.2936660000,47.6853359600
TRE-1177871,,,,,TRE-1177871,Seattle Department of Transportation,Thuja plicata,Western Red Cedar,"25",Private,3120 NE 80TH ST,ed5eaf64-e288-4d43-8f80-d07aeaac414a,62.088134765625000,88.120155334472656,84.632987976074219,-122.2940210000,47.6867636800
TRE-1177878,,,,,TRE-1177878,Seattle Department of Transportation,Thuja plicata,Western Red Cedar,"35",Private,3300 NE 80TH ST,f8a40a1b-7ff3-4e3a-8c44-0e758a3a3cf2,61.962272644042969,87.873420715332031,83.957038879394531,-122.2927210000,47.6867483400
TRE-1177879,,,,,TRE-1177879,Seattle Department of Transportation,Thuja plicata,Western Red Cedar,"35",Private,3304 NE 80TH ST,00d093c8-2a83-4c3a-9716-64870db24224,62.068099975585938,87.841918945312500,83.871398925781250,-122.2924790000,47.6867505400
TRE-1176484,,,,,TRE-1176484,Seattle Department of Transportation,Thuja plicata,Western Red Cedar,"1",Private,8050 35TH AVE NE,751e25d0-060d-4cfe-86c3-e322acd04376,62.832038879394531,87.633033752441406,83.877761840820327,-122.2903440000,47.6884109500
TRE-1180137,,,,,TRE-1180137,Seattle Department of Transportation,Thuja plicata,Western Red Cedar,"6",Private,8704 GREENWOOD AVE N,abe57c00-c63d-4c39-9edb-c51c3b96ee68,63.153110504150391,89.446624755859375,86.202377319335938,-122.3551770000,47.6932307600
TRE-1180138,,,,,TRE-1180138,Seattle Department of Transportation,Thuja plicata,Western Red Cedar,"6",Private,8704 GREENWOOD AVE N,48736101-d774-4b54-9e35-a2dcdff84767,63.091560363769531,89.337600708007812,86.131576538085938,-122.3551720000,47.6932495500
TRE-1178072,,,,,TRE-1178072,Seattle Department of Transportation,Thuja plicata,Western Red Cedar,"1",Private,4739 36TH AVE NE,2240dfe7-4ddd-4387-b912-09895833acab,61.486465454101562,89.757881164550781,86.660659790039062,-122.2893160000,47.6647447900
TRE-1178167,,,,,TRE-1178167,Seattle Department of Transportation,Thuja plicata,Western Red Cedar,"14",Private,4721 UNIVERSITY VIEW PL NE,7dbd86be-e43b-4b8a-a290-39305655ebc9,61.806121826171875,89.922904968261719,87.696159362792983,-122.2916190000,47.6628329000
TRE-1178886,,,,,TRE-1178886,Seattle Department of Transportation,Thuja plicata 'Excelsa',Excelsa Western Red Cedar,"1",Seattle Department of Transportation,SR 99 & S ATLANTIC ST,13a10db2-2582-422a-aa7f-63312503446c,64.035858154296875,84.919563293457017,88.395736694335938,-122.3364730000,47.5910160800
TRE-1178887,,,,,TRE-1178887,Seattle Department of Transportation,Thuja plicata 'Excelsa',Excelsa Western Red Cedar,"1",Seattle Department of Transportation,SR 99 & S ATLANTIC ST,32271c86-6293-484f-b324-fefec80ef58b,64.035858154296875,84.919563293457017,88.395736694335938,-122.3364760000,47.5910437300
TRE-1178891,,,,,TRE-1178891,Seattle Department of Transportation,Thuja plicata 'Excelsa',Excelsa Western Red Cedar,"1",Seattle Department of Transportation,SR 99 & S ATLANTIC ST,0f5d0f31-da07-4ba9-a573-2394a282fd20,64.035858154296875,84.919563293457017,88.395736694335938,-122.3364960000,47.5910117300
TRE-1178902,,,,,TRE-1178902,Seattle Department of Transportation,Thuja plicata 'Excelsa',Excelsa Western Red Cedar,"1",Seattle Department of Transportation,SR 99 & S ATLANTIC ST,fcdc9f8a-f22e-4f16-961e-212e80f81e34,64.249847412109375,85.023315429687500,88.835296630859375,-122.3362130000,47.5915122100
TRE-1178909,,,,,TRE-1178909,Seattle Department of Transportation,Thuja plicata 'Excelsa',Excelsa Western Red Cedar,"1",Seattle Department of Transportation,SR 99 & S ATLANTIC ST,11dc77c9-77d0-4abc-8814-de757b68153d,64.249847412109375,85.023315429687500,88.835296630859375,-122.3362250000,47.5914917400
TRE-1178916,,,,,TRE-1178916,Seattle Department of Transportation,Thuja plicata 'Excelsa',Excelsa Western Red Cedar,"1",Seattle Department of Transportation,PIER 46,96912e89-d7cf-426e-b0bf-a8d9a7ab6e96,64.376403808593750,84.871383666992188,88.601417541503906,-122.3363320000,47.5925799300
TRE-1178917,,,,,TRE-1178917,Seattle Department of Transportation,Thuja plicata 'Excelsa',Excelsa Western Red Cedar,"1",Seattle Department of Transportation,PIER 46,6d506aa9-b4a0-4f0e-816a-a25735034292,64.376403808593750,84.871383666992188,88.601417541503906,-122.3363150000,47.5925520000
TRE-1178920,,,,,TRE-1178920,Seattle Department of Transportation,Thuja plicata 'Excelsa',Excelsa Western Red Cedar,"1",Seattle Department of Transportation,PIER 46,cae848b3-a418-47a6-96cb-59e1b2bf85ef,64.430427551269531,84.942741394042983,88.672241210937500,-122.3364270000,47.5923172700
TRE-1178923,,,,,TRE-1178923,Seattle Department of Transportation,Thuja plicata 'Excelsa',Excelsa Western Red Cedar,"1",Seattle Department of Transportation,PIER 46,20e213e9-1284-4493-8779-b91253ddfad0,64.547744750976562,85.056953430175781,88.470771789550781,-122.3364590000,47.5922474900
TRE-1178927,,,,,TRE-1178927,Seattle Department of Transportation,Thuja plicata 'Excelsa',Excelsa Western Red Cedar,"1",Seattle Department of Transportation,PIER 46,652f795d-e8be-4091-a334-399267ed6995,64.395370483398438,84.928253173828125,88.606002807617188,-122.3363430000,47.5925159500
TRE-1178929,,,,,TRE-1178929,Seattle Department of Transportation,Thuja plicata 'Excelsa',Excelsa Western Red Cedar,"1",Seattle Department of Transportation,PIER 46,6e6484cb-feac-497d-ad38-15c4ba3b216d,64.430427551269531,84.942741394042983,88.672241210937500,-122.3364170000,47.5923375700
TRE-1178934,,,,,TRE-1178934,Seattle Department of Transportation,Thuja plicata 'Excelsa',Excelsa Western Red Cedar,"1",Seattle Department of Transportation,PIER 46,66f184ea-77e9-4343-993c-fb7af802e5ae,64.547744750976562,85.056953430175781,88.470771789550781,-122.3364760000,47.5922155500
TRE-1178935,,,,,TRE-1178935,Seattle Department of Transportation,Thuja plicata 'Excelsa',Excelsa Western Red Cedar,"1",Seattle Department of Transportation,PIER 46,554083a2-b99b-47a5-aaae-cc8bb099d2ba,64.547744750976562,85.056953430175781,88.470771789550781,-122.3364580000,47.5922275700
TRE-1178936,,,,,TRE-1178936,Seattle Department of Transportation,Thuja plicata 'Excelsa',Excelsa Western Red Cedar,"1",Seattle Department of Transportation,PIER 46,79d02813-2e87-4c81-845d-60376a9aa4e3,64.517295837402344,85.046531677246094,88.474639892578125,-122.3365660000,47.5921580300
TRE-1178937,,,,,TRE-1178937,Seattle Department of Transportation,Thuja plicata 'Excelsa',Excelsa Western Red Cedar,"1",Seattle Department of Transportation,PIER 46,9f312400-b72a-4ec3-a7d8-8b28a2590d8c,64.586112976074219,85.079322814941406,88.269325256347670,-122.3365910000,47.5921054100
TRE-1178941,,,,,TRE-1178941,Seattle Department of Transportation,Thuja plicata 'Excelsa',Excelsa Western Red Cedar,"1",Seattle Department of Transportation,PIER 46,c7ae8ee2-5044-4732-82b2-55bd42daaae3,64.517295837402344,85.046531677246094,88.474639892578125,-122.3365190000,47.5921002900
TRE-1178945,,,,,TRE-1178945,Seattle Department of Transportation,Thuja plicata 'Excelsa',Excelsa Western Red Cedar,"1",Seattle Department of Transportation,PIER 46,637937a6-e95d-42b5-a2c1-194822e62dad,64.461730957031250,85.028999328613281,88.439880371093750,-122.3365460000,47.5920276000
TRE-1178946,,,,,TRE-1178946,Seattle Department of Transportation,Thuja plicata 'Excelsa',Excelsa Western Red Cedar,"1",Seattle Department of Transportation,PIER 46,ad4d7ff4-0750-46ed-87ed-53aacb560144,64.429443359375000,85.018630981445312,88.450607299804688,-122.3365600000,47.5919925500
TRE-1178947,,,,,TRE-1178947,Seattle Department of Transportation,Thuja plicata 'Excelsa',Excelsa Western Red Cedar,"1",Seattle Department of Transportation,PIER 46,d7f82fb3-275d-4c6f-8488-3dba91c974be,64.429443359375000,85.018630981445312,88.450607299804688,-122.3365750000,47.5919548100
TRE-1178948,,,,,TRE-1178948,Seattle Department of Transportation,Thuja plicata 'Excelsa',Excelsa Western Red Cedar,"1",Seattle Department of Transportation,PIER 46,3a5a882a-9616-4eac-b3b1-55153314370f,64.429443359375000,85.018630981445312,88.450607299804688,-122.3365860000,47.5919232500
TRE-1178949,,,,,TRE-1178949,Seattle Department of Transportation,Thuja plicata 'Excelsa',Excelsa Western Red Cedar,"1",Seattle Department of Transportation,PIER 46,27a377f2-b7c0-4707-b114-6c485b7108f2,64.489311218261719,85.034317016601562,88.215667724609375,-122.3365960000,47.5918934200
TRE-1178955,,,,,TRE-1178955,Seattle Department of Transportation,Thuja plicata 'Excelsa',Excelsa Western Red Cedar,"1",Seattle Department of Transportation,PIER 46,7c6d98a7-880e-43bc-93e1-df306e2f5437,64.436241149902344,85.347038269042983,87.504875183105469,-122.3370110000,47.5909960000
TRE-1178956,,,,,TRE-1178956,Seattle Department of Transportation,Thuja plicata 'Excelsa',Excelsa Western Red Cedar,"1",Seattle Department of Transportation,PIER 46,ea67c3f3-4d02-484d-a1fa-8284cdcde303,64.464385986328125,85.382240295410156,87.568283081054688,-122.3370110000,47.5910175800
TRE-1178958,,,,,TRE-1178958,Seattle Department of Transportation,Thuja plicata 'Excelsa',Excelsa Western Red Cedar,"1",Seattle Department of Transportation,PIER 46,defb5124-efd8-4427-b8c2-da04fa25cf7e,64.414901733398438,85.136848449707017,87.795150756835938,-122.3369380000,47.5911427400
TRE-1178963,,,,,TRE-1178963,Seattle Department of Transportation,Thuja plicata 'Excelsa',Excelsa Western Red Cedar,"1",Seattle Department of Transportation,PIER 46,f5d279fc-1ba9-4c54-974a-db07ecbf01bd,64.405708312988281,85.145271301269531,87.768722534179673,-122.3369960000,47.5910384200
TRE-1178966,,,,,TRE-1178966,Seattle Department of Transportation,Thuja plicata 'Excelsa',Excelsa Western Red Cedar,"1",Seattle Department of Transportation,PIER 46,e80986ec-2235-47c3-a8e0-39d55ab0a47c,64.414901733398438,85.136848449707017,87.795150756835938,-122.3369370000,47.5911663300
TRE-1178967,,,,,TRE-1178967,Seattle Department of Transportation,Thuja plicata 'Excelsa',Excelsa Western Red Cedar,"1",Seattle Department of Transportation,PIER 46,9267eda2-34b7-49f9-97a6-987849f828f3,64.471961975097656,85.175758361816406,87.761131286621094,-122.3369230000,47.5911916400
TRE-1178972,,,,,TRE-1178972,Seattle Department of Transportation,Thuja plicata 'Excelsa',Excelsa Western Red Cedar,"1",Seattle Department of Transportation,PIER 46,96ac13b3-e662-41f2-ace0-37ba237753f1,64.509109497070312,85.246192932128906,87.796875000000000,-122.3368840000,47.5912779200
TRE-1178977,,,,,TRE-1178977,Seattle Department of Transportation,Thuja plicata 'Excelsa',Excelsa Western Red Cedar,"1",Seattle Department of Transportation,PIER 46,a827c05b-50fe-4e5c-bc6e-233e913eae6b,64.509109497070312,85.246192932128906,87.796875000000000,-122.3368950000,47.5912939000
TRE-1178978,,,,,TRE-1178978,Seattle Department of Transportation,Thuja plicata 'Excelsa',Excelsa Western Red Cedar,"1",Seattle Department of Transportation,PIER 46,d86f36cc-b44f-4811-a77f-c8d61bd51dbe,64.509109497070312,85.246192932128906,87.796875000000000,-122.3368720000,47.5913079700
TRE-1178979,,,,,TRE-1178979,Seattle Department of Transportation,Thuja plicata 'Excelsa',Excelsa Western Red Cedar,"1",Seattle Department of Transportation,PIER 46,c63de31b-32e4-461b-b4be-6889116700d5,64.509109497070312,85.246192932128906,87.796875000000000,-122.3368700000,47.5913282400
TRE-1178980,,,,,TRE-1178980,Seattle Department of Transportation,Thuja plicata 'Excelsa',Excelsa Western Red Cedar,"3",Seattle Department of Transportation,PIER 46,0672effa-6bb7-49b4-be40-77255e288d31,64.509109497070312,85.246192932128906,87.796875000000000,-122.3369100000,47.5913613400
TRE-1178984,,,,,TRE-1178984,Seattle Department of Transportation,Thuja plicata 'Excelsa',Excelsa Western Red Cedar,"1",Seattle Department of Transportation,PIER 46,519bdc30-eeb7-4461-97a8-7adc7cac1ad6,64.506797790527344,85.037452697753906,87.969039916992188,-122.3368150000,47.5915765100
TRE-1178989,,,,,TRE-1178989,Seattle Department of Transportation,Thuja plicata 'Excelsa',Excelsa Western Red Cedar,"1",Seattle Department of Transportation,PIER 46,a64c0613-49ea-4baf-a1ef-515bc94267b7,64.506797790527344,85.037452697753906,87.969039916992188,-122.3367290000,47.5916194600
TRE-1178990,,,,,TRE-1178990,Seattle Department of Transportation,Thuja plicata 'Excelsa',Excelsa Western Red Cedar,"1",Seattle Department of Transportation,PIER 46,b26adb11-f675-4d88-90b4-22fded6eac3c,64.447319030761719,84.989280700683594,88.188041687011719,-122.3367150000,47.5916504200
TRE-1178995,,,,,TRE-1178995,Seattle Department of Transportation,Thuja plicata 'Excelsa',Excelsa Western Red Cedar,"1",Seattle Department of Transportation,PIER 46,acbe639c-9a9f-41e7-b496-009a427b6c60,64.506797790527344,85.037452697753906,87.969039916992188,-122.3368440000,47.5915599400
TRE-1178996,,,,,TRE-1178996,Seattle Department of Transportation,Thuja plicata 'Excelsa',Excelsa Western Red Cedar,"1",Seattle Department of Transportation,PIER 46,8a65cc1c-796b-4ebf-bf0e-1bda5c7afc1f,64.447319030761719,84.989280700683594,88.188041687011719,-122.3366880000,47.5917112800
TRE-1178997,,,,,TRE-1178997,Seattle Department of Transportation,Thuja plicata 'Excelsa',Excelsa Western Red Cedar,"1",Seattle Department of Transportation,PIER 46,9941d867-1cf1-4bba-bf84-d16fc1d8b3d9,64.506797790527344,85.037452697753906,87.969039916992188,-122.3367460000,47.5915861200
TRE-1178998,,,,,TRE-1178998,Seattle Department of Transportation,Thuja plicata 'Excelsa',Excelsa Western Red Cedar,"1",Seattle Department of Transportation,PIER 46,80c8c784-a153-4c84-853e-580d157f9337,64.447319030761719,84.989280700683594,88.188041687011719,-122.3367010000,47.5916786600
TRE-1179008,,,,,TRE-1179008,Seattle Department of Transportation,Thuja plicata 'Excelsa',Excelsa Western Red Cedar,"2",Seattle Department of Transportation,800 ALASKA WAY S,9936c558-47ae-44d2-b7b2-3d8ec46d5431,63.788017272949219,84.621742248535156,88.778533935546875,-122.3351700000,47.5952920100
TRE-1179012,,,,,TRE-1179012,Seattle Department of Transportation,Thuja plicata 'Excelsa',Excelsa Western Red Cedar,"1",Seattle Department of Transportation,800 ALASKA WAY S,69bd3661-e381-442f-a9d3-7ada62364a0c,63.730754852294922,84.652397155761719,88.815818786621094,-122.3351130000,47.5949265500
TRE-1179015,,,,,TRE-1179015,Seattle Department of Transportation,Thuja plicata 'Excelsa',Excelsa Western Red Cedar,"1",Seattle Department of Transportation,800 ALASKA WAY S,76a33c79-a26b-467b-80fd-0a5185fd4f10,63.776485443115234,84.637985229492188,88.802795410156250,-122.3351250000,47.5950025800
TRE-1179018,,,,,TRE-1179018,Seattle Department of Transportation,Thuja plicata 'Excelsa',Excelsa Western Red Cedar,"1",Seattle Department of Transportation,800 ALASKA WAY S,9130dd3f-57b2-4a3e-8470-403df607dec6,63.744476318359375,84.638580322265625,88.932418823242188,-122.3350790000,47.5948128000
TRE-1179021,,,,,TRE-1179021,Seattle Department of Transportation,Thuja plicata 'Excelsa',Excelsa Western Red Cedar,"1",Seattle Department of Transportation,800 ALASKA WAY S,e8567e26-5174-4063-ab27-5d7f660b158e,63.801033020019531,84.633354187011719,88.832290649414062,-122.3350920000,47.5946643600
TRE-1179022,,,,,TRE-1179022,Seattle Department of Transportation,Thuja plicata 'Excelsa',Excelsa Western Red Cedar,"1",Seattle Department of Transportation,800 ALASKA WAY S,98090f28-d03e-4506-a81c-8057f4f7b0e5,63.790016174316406,84.597908020019531,88.838607788085938,-122.3350920000,47.5945425300
TRE-1179024,,,,,TRE-1179024,Seattle Department of Transportation,Thuja plicata 'Excelsa',Excelsa Western Red Cedar,"1",Seattle Department of Transportation,800 ALASKA WAY S,11437a63-32f1-4eff-9a59-4c833372b015,63.826419830322266,84.626296997070327,88.868560791015625,-122.3351100000,47.5943671200
TRE-1179030,,,,,TRE-1179030,Seattle Department of Transportation,Thuja plicata 'Excelsa',Excelsa Western Red Cedar,"1",Seattle Department of Transportation,800 ALASKA WAY S,be30650c-2d9c-4eb5-aa15-cf57e5abf842,63.752540588378906,84.651550292968750,88.882637023925781,-122.3350700000,47.5947472600
TRE-1179036,,,,,TRE-1179036,Seattle Department of Transportation,Thuja plicata 'Excelsa',Excelsa Western Red Cedar,"1",Seattle Department of Transportation,800 ALASKA WAY S,84780420-056f-46d4-9fa6-a8908d896300,63.838218688964837,84.700241088867188,88.968856811523438,-122.3350510000,47.5944934100
TRE-1179046,,,,,TRE-1179046,Seattle Department of Transportation,Thuja plicata 'Excelsa',Excelsa Western Red Cedar,"1",Seattle Department of Transportation,800 ALASKA WAY S,638b59be-5a7e-4d12-a283-e5f99177d866,63.915039062500000,84.625930786132812,89.214759826660156,-122.3351750000,47.5940073800
TRE-1179047,,,,,TRE-1179047,Seattle Department of Transportation,Thuja plicata 'Excelsa',Excelsa Western Red Cedar,"1",Seattle Department of Transportation,800 ALASKA WAY S,45c4b07b-3883-48c1-997a-23674cb8b389,63.915039062500000,84.625930786132812,89.214759826660156,-122.3351670000,47.5939963600
TRE-1179057,,,,,TRE-1179057,Seattle Department of Transportation,Thuja plicata 'Excelsa',Excelsa Western Red Cedar,"1",Seattle Department of Transportation,800 ALASKA WAY S,46d46c8b-e28c-40ee-8f7d-678a3a97dec6,63.933860778808594,84.606910705566406,89.395484924316406,-122.3351710000,47.5939599700
TRE-1179068,,,,,TRE-1179068,Seattle Department of Transportation,Thuja plicata 'Excelsa',Excelsa Western Red Cedar,"1",Seattle Department of Transportation,800 ALASKA WAY S,8fed2d30-ca4e-4141-8b1b-4dbd04b44634,63.933860778808594,84.606910705566406,89.395484924316406,-122.3351620000,47.5939513300
TRE-1179069,,,,,TRE-1179069,Seattle Department of Transportation,Thuja plicata 'Excelsa',Excelsa Western Red Cedar,"1",Seattle Department of Transportation,800 ALASKA WAY S,0d0d712a-2859-4ece-8d36-4222ea170b08,63.933860778808594,84.606910705566406,89.395484924316406,-122.3351760000,47.5939468300
TRE-1179096,,,,,TRE-1179096,Seattle Department of Transportation,Thuja plicata 'Excelsa',Excelsa Western Red Cedar,"1",Seattle Department of Transportation,SR99 SB ONRAMP,e349e431-574b-4e52-9fae-34de057c9cbd,64.203598022460938,84.752716064453125,88.508186340332031,-122.3361020000,47.5938440600
TRE-1179108,,,,,TRE-1179108,Seattle Department of Transportation,Thuja plicata 'Excelsa',Excelsa Western Red Cedar,"1",Seattle Department of Transportation,SR99 SB ONRAMP,dfd8fefc-3c6d-49fd-917c-796f58737cf8,64.203598022460938,84.752716064453125,88.508186340332031,-122.3361010000,47.5938811800
TRE-1179112,,,,,TRE-1179112,Seattle Department of Transportation,Thuja plicata 'Excelsa',Excelsa Western Red Cedar,"1",Seattle Department of Transportation,SR99 SB ONRAMP,90ed042f-3dad-4443-b381-614841e4212e,64.314941406250000,84.831520080566406,88.521751403808594,-122.3361770000,47.5934434300
TRE-1179114,,,,,TRE-1179114,Seattle Department of Transportation,Thuja plicata 'Excelsa',Excelsa Western Red Cedar,"1",Seattle Department of Transportation,SR99 SB ONRAMP,7ee4fcdf-8023-4ea7-bd87-2966df44b27c,64.140953063964844,84.620170593261719,88.719940185546875,-122.3361550000,47.5934783800
TRE-1179117,,,,,TRE-1179117,Seattle Department of Transportation,Thuja plicata 'Excelsa',Excelsa Western Red Cedar,"1",Seattle Department of Transportation,SR99 SB ONRAMP,54c92c7d-1d9c-45e2-b952-2c3e94de92b1,64.151687622070312,84.652954101562500,88.684555053710938,-122.3361340000,47.5935436400
TRE-1179125,,,,,TRE-1179125,Seattle Department of Transportation,Thuja plicata 'Excelsa',Excelsa Western Red Cedar,"1",Seattle Department of Transportation,SR99 SB ONRAMP,597daea8-c606-4ba8-ac6c-0dede4c134c5,64.314941406250000,84.831520080566406,88.521751403808594,-122.3361710000,47.5934958400
TRE-1179126,,,,,TRE-1179126,Seattle Department of Transportation,Thuja plicata 'Excelsa',Excelsa Western Red Cedar,"1",Seattle Department of Transportation,SR99 SB ONRAMP,6ab9776e-7da3-4043-8fdf-98cf4aef62ac,64.151687622070312,84.652954101562500,88.684555053710938,-122.3361300000,47.5935620800
TRE-1179135,,,,,TRE-1179135,Seattle Department of Transportation,Thuja plicata 'Excelsa',Excelsa Western Red Cedar,"1",Seattle Department of Transportation,SR99 SB ONRAMP,73bb98f6-dfed-4b33-8431-1c228bc461eb,64.194976806640625,84.713447570800781,88.565910339355469,-122.3361290000,47.5937309000
TRE-1179136,,,,,TRE-1179136,Seattle Department of Transportation,Thuja plicata 'Excelsa',Excelsa Western Red Cedar,"1",Seattle Department of Transportation,SR99 SB ONRAMP,9d3185a3-cd1e-492c-a090-7f92ad6834d1,64.194976806640625,84.713447570800781,88.565910339355469,-122.3361080000,47.5937646500
TRE-1179137,,,,,TRE-1179137,Seattle Department of Transportation,Thuja plicata 'Excelsa',Excelsa Western Red Cedar,"1",Seattle Department of Transportation,SR99 SB ONRAMP,b13e930a-83b4-4fa3-8813-d4b35814a0c5,64.194976806640625,84.713447570800781,88.565910339355469,-122.3361170000,47.5937891900
TRE-1178628,,,,,TRE-1178628,Seattle Department of Transportation,Thuja plicata 'Excelsa',Excelsa Western Red Cedar,"3",Seattle Department of Transportation,1201 1st Ave S,645b082d-0412-407e-8a32-97418755f7fd,64.247444152832031,84.531387329101562,89.536216735839844,-122.3352730000,47.5922879600
TRE-1178638,,,,,TRE-1178638,Seattle Department of Transportation,Thuja plicata 'Excelsa',Excelsa Western Red Cedar,"1",Seattle Department of Transportation,SR 99 & S ATLANTIC ST,8edc7aba-0520-45e2-9808-25c25cd53075,63.878868103027344,84.867950439453125,88.331558227539062,-122.3365900000,47.5907577200
TRE-1178639,,,,,TRE-1178639,Seattle Department of Transportation,Thuja plicata 'Excelsa',Excelsa Western Red Cedar,"1",Seattle Department of Transportation,SR 99 & S ATLANTIC ST,efb70631-3449-4892-bd97-cd2645c4e5d1,63.878868103027344,84.867950439453125,88.331558227539062,-122.3365830000,47.5907723100
TRE-1178642,,,,,TRE-1178642,Seattle Department of Transportation,Thuja plicata 'Excelsa',Excelsa Western Red Cedar,"1",Seattle Department of Transportation,SR 99 & S ATLANTIC ST,cc2abec6-9580-47cc-9dda-fe0b543e8a1c,63.878868103027344,84.867950439453125,88.331558227539062,-122.3365980000,47.5908048300
TRE-1178644,,,,,TRE-1178644,Seattle Department of Transportation,Thuja plicata 'Excelsa',Excelsa Western Red Cedar,"1",Seattle Department of Transportation,SR 99 & S ATLANTIC ST,a1b8e5de-5b90-43e7-9643-0257347edc7c,63.878868103027344,84.867950439453125,88.331558227539062,-122.3365900000,47.5907833600
TRE-1179639,,,,,TRE-1179639,Seattle Department of Transportation,Thuja plicata `Hogan`,Hogan Western Red Cedar,"2",Washington State Department of Transportation,NORTHGATE BRIDGE,7b05e841-8055-4573-9b74-022c5a8fbcb6,63.301231384277344,89.307075500488281,84.954948425292983,-122.3291040000,47.7022037800
TRE-1179641,,,,,TRE-1179641,Seattle Department of Transportation,Thuja plicata `Hogan`,Hogan Western Red Cedar,"2",Washington State Department of Transportation,NORTHGATE BRIDGE,7253d7b9-fafb-4302-9547-eb3e24ade87e,63.266910552978509,89.310287475585938,84.942733764648438,-122.3290830000,47.7020690200
TRE-1179642,,,,,TRE-1179642,Seattle Department of Transportation,Thuja plicata `Hogan`,Hogan Western Red Cedar,"2",Washington State Department of Transportation,NORTHGATE BRIDGE,f78d26a2-d342-4a02-9359-58bc02a0d944,63.266910552978509,89.310287475585938,84.942733764648438,-122.3291140000,47.7020781500
TRE-1179645,,,,,TRE-1179645,Seattle Department of Transportation,Thuja plicata `Hogan`,Hogan Western Red Cedar,"2",Washington State Department of Transportation,NORTHGATE BRIDGE,57183da4-29e4-4327-8c45-3561f8a1681f,63.316719055175781,89.351615905761719,84.964866638183594,-122.3291000000,47.7019200600
TRE-1179648,,,,,TRE-1179648,Seattle Department of Transportation,Thuja plicata `Hogan`,Hogan Western Red Cedar,"2",Washington State Department of Transportation,NORTHGATE BRIDGE,6ee035e9-7a77-4813-af12-788300c599aa,63.407802581787109,89.416656494140625,85.005859375000000,-122.3290960000,47.7018047400
TRE-1179668,,,,,TRE-1179668,Seattle Department of Transportation,Thuja plicata `Hogan`,Hogan Western Red Cedar,"2",Washington State Department of Transportation,NORTHGATE BRIDGE,60e5e8d6-a374-4b30-a561-628daf8ea8a0,63.594757080078125,89.543121337890625,85.146957397460938,-122.3290710000,47.7014567100
TRE-1179673,,,,,TRE-1179673,Seattle Department of Transportation,Thuja plicata `Hogan`,Hogan Western Red Cedar,"2",Washington State Department of Transportation,NORTHGATE BRIDGE,d1165952-23c8-428a-8f4e-ab477b575230,63.736160278320312,89.821342468261719,85.055183410644531,-122.3290520000,47.7015593300
TRE-1179674,,,,,TRE-1179674,Seattle Department of Transportation,Thuja plicata `Hogan`,Hogan Western Red Cedar,"2",Washington State Department of Transportation,NORTHGATE BRIDGE,599072d2-4b20-4fb9-86c5-8a56f9d6d537,63.535194396972656,89.503150939941406,85.117149353027344,-122.3290800000,47.7015787700
TRE-1179687,,,,,TRE-1179687,Seattle Department of Transportation,Thuja plicata `Hogan`,Hogan Western Red Cedar,"2",Washington State Department of Transportation,NORTHGATE BRIDGE,78700ce7-839f-4b8d-b2cf-a21f164b5f7d,63.316719055175781,89.351615905761719,84.964866638183594,-122.3290910000,47.7019552900
TRE-1179689,,,,,TRE-1179689,Seattle Department of Transportation,Thuja plicata `Hogan`,Hogan Western Red Cedar,"2",Washington State Department of Transportation,NORTHGATE BRIDGE,16f460bc-7c4b-45c1-81f2-ffe95e7ca5b7,63.385597229003906,89.427848815917969,85.005737304687500,-122.3290980000,47.7018293300
TRE-1179693,,,,,TRE-1179693,Seattle Department of Transportation,Thuja plicata,Western Red Cedar,"2",Private,NORTHGATE BRIDGE,688d8a1e-4533-4acd-a5d8-87eaba1608ca,62.672756195068359,88.726982116699219,84.855941772460938,-122.3305750000,47.7015268900
TRE-1179699,,,,,TRE-1179699,Seattle Department of Transportation,Thuja plicata,Western Red Cedar,"2",Private,NORTHGATE BRIDGE,4bf4685d-fd44-4ab3-baf9-89824d001dc6,62.669643402099609,88.727752685546875,84.842468261718750,-122.3305740000,47.7015731500
TRE-1179700,,,,,TRE-1179700,Seattle Department of Transportation,Thuja plicata,Western Red Cedar,"2",Private,NORTHGATE BRIDGE,79d93730-ce56-4f60-a835-54ad52729f2a,62.685764312744141,88.743545532226562,84.868721008300781,-122.3305290000,47.7015736600
TRE-1179707,,,,,TRE-1179707,Seattle Department of Transportation,Thuja plicata,Western Red Cedar,"1",Private,NORTHGATE BRIDGE,8f33cfc7-f96b-4cfb-8d65-ad6ce355b681,63.487861633300781,88.311347961425781,84.562858581542983,-122.3327920000,47.7013690000
TRE-1179712,,,,,TRE-1179712,Seattle Department of Transportation,Thuja plicata,Western Red Cedar,"2",Private,NORTHGATE BRIDGE,8e7684bb-cd58-43c5-bc97-5551101fcc53,62.764621734619141,88.610580444335938,84.875099182128906,-122.3305670000,47.7010023700
TRE-1179714,,,,,TRE-1179714,Seattle Department of Transportation,Thuja plicata,Western Red Cedar,"1",Private,NORTHGATE BRIDGE,025e15ef-4c71-490d-875e-316b02b07464,63.487861633300781,88.311347961425781,84.562858581542983,-122.3327490000,47.7013672000
TRE-1179723,,,,,TRE-1179723,Seattle Department of Transportation,Thuja plicata `Hogan`,Hogan Western Red Cedar,"2",Washington State Department of Transportation,NORTHGATE BRIDGE,0624ff5a-c290-4fd8-be27-d43878fec2d5,63.305061340332031,89.292388916015625,85.086219787597670,-122.3291340000,47.7023992400
TRE-1179726,,,,,TRE-1179726,Seattle Department of Transportation,Thuja plicata `Hogan`,Hogan Western Red Cedar,"2",Washington State Department of Transportation,NORTHGATE BRIDGE,0b4cd8cd-5577-4d1d-a097-3f24b63ab8c9,63.350025177001953,89.375404357910156,85.100196838378906,-122.3290780000,47.7025777600
TRE-1181163,,,,,TRE-1181163,Seattle Department of Transportation,Thuja plicata,Western Red Cedar,"6",Private,2820 30th Ave NE,b245cf84-7fe8-4288-a4b9-29a5f89479a0,62.464015960693359,88.569099426269531,85.877029418945312,-122.2959950000,47.6833011800
TRE-1181196,,,,,TRE-1181196,Seattle Department of Transportation,Thuja plicata,Western Red Cedar,"19",Private,5810 34TH AVE NE,9a4064bd-e94e-4c13-9c96-6557e0fb5904,62.171211242675781,89.580146789550781,85.789604187011719,-122.2821140000,47.6715098700
TRE-1181381,,,,,TRE-1181381,Seattle Department of Transportation,Thuja plicata,Western Red Cedar,"3",Private,6255 39TH AV NE,e9a729c5-1c31-481b-8256-91a7b6de59d6,61.813827514648438,89.151741027832031,85.910270690917969,-122.2859070000,47.6756952200
TRE-1181383,,,,,TRE-1181383,Seattle Department of Transportation,Thuja plicata,Western Red Cedar,"5",Private,6255 39TH AV NE,c8619ac1-48ff-4ad7-80d1-26ab025de8a7,61.661029815673835,89.160995483398438,85.846534729003906,-122.2859090000,47.6755193600
TRE-1181546,,,,,TRE-1181546,Seattle Department of Transportation,Thuja plicata,Western Red Cedar,"1",Seattle Public Schools,2100 4TH AVE N QUEEN ANNE ELEMENTARY SCHOOL,f4fdaa73-4696-48dc-b9df-e7acdb077fe4,62.172744750976562,88.127807617187500,83.937416076660156,-122.3488930000,47.6374859600
TRE-1181554,,,,,TRE-1181554,Seattle Department of Transportation,Thuja plicata `Hogan`,Hogan Western Red Cedar,"2",Private,105 NW 39TH ST,a92ec133-6e38-4566-b32b-e80172ffff6a,63.581424713134766,89.061370849609375,86.675590515136719,-122.3577480000,47.6539877800
TRE-1181581,,,,,TRE-1181581,Seattle Department of Transportation,Thuja plicata,Western Red Cedar,"28",Private,7542 34TH AVE NE,441718f6-3b91-4e87-b8dc-c1141335fccd,61.983242034912109,88.399467468261719,85.712173461914062,-122.2915090000,47.6842377900
TRE-1181615,,,,,TRE-1181615,Seattle Department of Transportation,Thuja plicata,Western Red Cedar,"4",Private,8200 35TH AVE NE,8b07f183-70b9-4e84-bbed-d0235e4f0e0b,62.860809326171875,87.798950195312500,84.099967956542983,-122.2907730000,47.6880411300
TRE-1181628,,,,,TRE-1181628,Seattle Department of Transportation,Thuja plicata,Western Red Cedar,"24",Private,3406 NE 81st St,73ede0ea-f682-47d1-818c-60d788af3c99,63.003612518310547,87.741447448730469,84.089889526367188,-122.2907480000,47.6876286300
TRE-1181629,,,,,TRE-1181629,Seattle Department of Transportation,Thuja plicata,Western Red Cedar,"24",Private,3406 NE 81st St,56641915-92bc-40d2-ba0b-77f4f7784a82,63.003612518310547,87.741447448730469,84.089889526367188,-122.2907440000,47.6876080000
TRE-1181630,,,,,TRE-1181630,Seattle Department of Transportation,Thuja plicata,Western Red Cedar,"24",Private,3406 NE 81st St,408c1d73-1bf1-412a-b80c-eda43bda9d8c,63.003612518310547,87.741447448730469,84.089889526367188,-122.2907470000,47.6875865200
TRE-1181632,,,,,TRE-1181632,Seattle Department of Transportation,Thuja plicata,Western Red Cedar,"19",Private,3416 35TH AVE NE,41114506-7dad-4c31-a42b-f2e45607f3ae,62.867042541503906,87.703674316406250,83.965988159179673,-122.2907210000,47.6870890300
TRE-1181633,,,,,TRE-1181633,Seattle Department of Transportation,Thuja plicata,Western Red Cedar,"9",Private,3416 35TH AVE NE,0abfecec-5ba5-4a0c-a7c8-28f465e3567b,62.867042541503906,87.703674316406250,83.965988159179673,-122.2907320000,47.6870580600
TRE-1182104,,,,,TRE-1182104,Seattle Department of Transportation,Thuja plicata,Western Red Cedar,"48",Private,7702 58th Ave NE,2ff4476f-cf51-423a-9cce-3fe623817427,61.877979278564453,89.655509948730469,86.490135192871094,-122.2656650000,47.6847552700
TRE-1182105,,,,,TRE-1182105,Seattle Department of Transportation,Thuja plicata,Western Red Cedar,"38",Private,7702 NE 77TH ST,9258e56c-5134-4133-8d8c-ed9f6e313a9b,61.949935913085938,89.633766174316406,86.336235046386719,-122.2657460000,47.6847262600
TRE-1182108,,,,,TRE-1182108,Seattle Department of Transportation,Thuja plicata,Western Red Cedar,"40",Private,7702 NE 77TH ST,d8947e15-6565-4eee-baf0-a0dc36d549cb,62.183006286621094,89.250373840332031,85.574836730957017,-122.2667050000,47.6844918900
TRE-1182109,,,,,TRE-1182109,Seattle Department of Transportation,Thuja plicata,Western Red Cedar,"40",Private,7702 NE 77TH ST,8b23ab77-2171-42ff-8187-4d234f749c89,62.217571258544922,89.190917968750000,85.418220520019531,-122.2668340000,47.6845764100
TRE-1181669,,,,,TRE-1181669,Seattle Department of Transportation,Thuja plicata,Western Red Cedar,"12",Private,8214 45TH AV NE,96cc7e98-8535-46a9-92c9-44b59b046dae,59.735294342041016,89.078033447265625,84.674354553222656,-122.2798430000,47.6887981400
TRE-1182125,,,,,TRE-1182125,Seattle Department of Transportation,Thuja plicata,Western Red Cedar,"4",Private,7704 57TH AVE NE,19f6dedf-0ed7-4fc0-82cc-487fb0a3f4f2,62.747684478759766,89.273536682128906,85.436340332031250,-122.2669620000,47.6848816900
TRE-1180773,,,,,TRE-1180773,Seattle Department of Transportation,Thuja plicata 'Excelsa',Excelsa Western Red Cedar,"2",Private,7528 30TH AVE NW,2889de0a-afd8-4db8-9e5e-d04a87300cb9,61.727298736572266,86.570266723632812,84.521652221679673,-122.3956510000,47.6839771500
TRE-1182133,,,,,TRE-1182133,Seattle Department of Transportation,Thuja plicata,Western Red Cedar,"30",Private,7708 56TH PL NE,0cff03a2-4d5e-4f4c-ab0d-75931758d3a2,61.816047668457031,89.214172363281250,85.131614685058594,-122.2684870000,47.6850240300
TRE-1182140,,,,,TRE-1182140,Seattle Department of Transportation,Thuja plicata,Western Red Cedar,"15",Private,7850 56TH PL NE,caf08955-991d-4e9d-b9be-e5514d2e5e47,61.780128479003906,89.313819885253906,84.921859741210938,-122.2685210000,47.6859967600
TRE-1181075,,,,,TRE-1181075,Seattle Department of Transportation,Thuja plicata,Western Red Cedar,"7",Private,4045 NE 57TH ST,373c21ad-f65a-45e0-ae32-59bfb7888e9e,61.982208251953125,89.833946228027344,85.850601196289062,-122.2830210000,47.6702753000
TRE-1181092,,,,,TRE-1181092,Seattle Department of Transportation,Thuja plicata,Western Red Cedar,"2",Private,8225 30th Ave NE,44c9fcaf-541d-485a-83b1-0e0bf6b7a396,61.551471710205078,88.114837646484375,84.429405212402330,-122.2961190000,47.6892923000
TRE-1181113,,,,,TRE-1181113,Seattle Department of Transportation,Thuja plicata,Western Red Cedar,"13",Private,7716 30th Ave NE,264262a1-d5d5-4b8b-8a6c-aae4f03116f2,61.738830566406250,88.738121032714844,85.925590515136719,-122.2958320000,47.6854990000
TRE-1182151,,,,,TRE-1182151,Seattle Department of Transportation,Thuja plicata,Western Red Cedar,"30",Private,7745 56TH AVE NE,33e850eb-4bcb-4457-99ac-c7e180d262d0,62.242446899414062,89.296997070312500,85.037490844726562,-122.2677810000,47.6857320700
TRE-1182153,,,,,TRE-1182153,Seattle Department of Transportation,Thuja plicata,Western Red Cedar,"3",Private,7767 57TH AVE NE,469cb26b-0911-485c-850f-5fc84daebd6b,62.341629028320312,89.029876708984375,85.198562622070327,-122.2673970000,47.6862325000
TRE-1182159,,,,,TRE-1182159,Seattle Department of Transportation,Thuja plicata,Western Red Cedar,"35",Private,7701 55TH AVE NE,70636941-1d80-4b31-82a2-1dd89b53d563,62.434173583984375,89.084770202636719,85.211303710937500,-122.2675040000,47.6845417200
TRE-1182192,,,,,TRE-1182192,Seattle Department of Transportation,Thuja plicata,Western Red Cedar,"12",Private,7834 56TH AVE NE,d8e4980b-c60b-449a-b033-cd7b39786b86,62.144466400146491,89.295951843261719,84.952735900878906,-122.2678550000,47.6855174100
TRE-1182194,,,,,TRE-1182194,Seattle Department of Transportation,Thuja plicata,Western Red Cedar,"15",Private,7745 56TH AVE NE,2afd8dfa-3d0a-4415-b903-bb8d57c5a7d3,62.239418029785163,89.286178588867188,85.083221435546875,-122.2677980000,47.6856716800
TRE-1182206,,,,,TRE-1182206,Seattle Department of Transportation,Thuja plicata,Western Red Cedar,"4",Private,7739 58TH AVE NE,c336e81b-9370-4aa0-9631-fb0a1cab451f,62.469882965087891,89.482208251953125,85.518699645996094,-122.2663120000,47.6857618800
TRE-1181792,,,,,TRE-1181792,Seattle Department of Transportation,Thuja plicata,Western Red Cedar,"14",Private,8500 SAND POINT WAY NE,832aa410-2a66-4ff8-b07b-1e74535190fa,,,,-122.2680890000,47.6907535900
TRE-1181805,,,,,TRE-1181805,Seattle Department of Transportation,Thuja plicata,Western Red Cedar,"14",Private,8500 SAND POINT WAY NE,d21fa41e-453f-4264-a38f-4528bd491ebc,,,,-122.2681390000,47.6907698400
TRE-1181806,,,,,TRE-1181806,Seattle Department of Transportation,Thuja plicata,Western Red Cedar,"14",Private,8500 SAND POINT WAY NE,bcc05037-53ca-40f7-9563-97bd4b6c7608,,,,-122.2681390000,47.6908184700
TRE-1180444,,,,,TRE-1180444,Seattle Department of Transportation,Thuja plicata,Western Red Cedar,"80",Private,3607 43rd Ave W,5f5032e5-4925-4446-a6cf-97416f368072,59.879276275634766,89.653572082519531,85.648590087890625,-122.4139920000,47.6530010200
TRE-1182290,,,,,TRE-1182290,Seattle Department of Transportation,Thuja plicata,Western Red Cedar,"36",Private,7003 54TH AVE NE,0c353004-5ea2-4563-8342-7a5d3b96231b,62.368064880371094,89.505073547363281,85.919776916503906,-122.2696500000,47.6794911500
TRE-1181872,,,,,TRE-1181872,Seattle Department of Transportation,Thuja plicata,Western Red Cedar,"6",Private,7536 43rd Ave NE,2abb506b-f305-4c09-9cdd-c37ca37b58b9,61.879623413085938,89.449111938476562,85.675224304199219,-122.2820030000,47.6841157500
TRE-1182330,,,,,TRE-1182330,Seattle Department of Transportation,Thuja plicata,Western Red Cedar,"5",Private,6923 NE 70TH ST,596c6a2c-e1a5-4635-9c55-51bb495c6eba,61.916793823242188,90.035942077636719,87.301109313964844,-122.2673350000,47.6793099400
TRE-1182345,,,,,TRE-1182345,Seattle Department of Transportation,Thuja plicata,Western Red Cedar,"10",Private,"7355",3f4a6664-93a8-406d-9706-3148ac18b813,62.399871826171875,89.083122253417969,85.472656250000000,-122.2681930000,47.6827528600
TRE-1182350,,,,,TRE-1182350,Seattle Department of Transportation,Thuja plicata,Western Red Cedar,"10",Private,5824 NE 75th St,ff8fdb80-5496-4fb4-973b-da3551d1d314,62.208122253417969,89.787635803222656,87.347099304199219,-122.2650260000,47.6829848200
TRE-1182351,,,,,TRE-1182351,Seattle Department of Transportation,Thuja plicata,Western Red Cedar,"22",Private,5824 NE 75TH ST,6f39b8c5-7f26-498b-9c75-17e881669757,62.157073974609375,89.792388916015625,87.465492248535156,-122.2650060000,47.6829593200
TRE-1182353,,,,,TRE-1182353,Seattle Department of Transportation,Thuja plicata,Western Red Cedar,"18",Private,5824 NE 75TH ST,55f6b456-935d-4204-9b98-28754d27e9c3,62.157073974609375,89.792388916015625,87.465492248535156,-122.2649730000,47.6829587400
TRE-1182357,,,,,TRE-1182357,Seattle Department of Transportation,Thuja plicata,Western Red Cedar,"13",Private,5824 NE 75TH ST,dd5a497f-61d0-4abe-8e56-dc0b33deef60,62.208122253417969,89.787635803222656,87.347099304199219,-122.2649920000,47.6829973500
TRE-1184489,,,,,TRE-1184489,Seattle Department of Transportation,Thuja plicata,Western Red Cedar,"40",Private,9015 DAYTON AV N,6e31c8ae-342b-4931-ad41-cb0ea55bdf68,62.409240722656250,88.399688720703125,84.347488403320327,-122.3527830000,47.6947239800
TRE-1184490,,,,,TRE-1184490,Seattle Department of Transportation,Thuja plicata,Western Red Cedar,"40",Private,9015 DAYTON AV N,4c466592-d9f3-4757-9af9-6edfdfd9307d,62.412349700927734,88.459968566894531,84.516586303710938,-122.3527660000,47.6947671900
TRE-1184518,,,,,TRE-1184518,Seattle Department of Transportation,Thuja plicata,Western Red Cedar,"4",Private,9253 DAYTON AVE N,701442cb-5c49-44e0-80ae-657d3b5352e7,62.430973052978509,88.269737243652330,84.608512878417969,-122.3528090000,47.6974623600
TRE-1184532,,,,,TRE-1184532,Seattle Department of Transportation,Thuja plicata,Western Red Cedar,"7",Private,9253 DAYTON AVE N,c333c28a-a426-4dcf-a8dd-3bdabd937515,62.430973052978509,88.269737243652330,84.608512878417969,-122.3527940000,47.6975267000
TRE-1184600,,,,,TRE-1184600,Seattle Department of Transportation,Thuja plicata,Western Red Cedar,"60",Private,301 N GREENWOOD CIR,95b0d1e8-a56b-4d1c-8971-9ad7169f1d3e,62.453815460205078,89.339027404785156,86.028579711914062,-122.3552360000,47.7000808800
TRE-1184602,,,,,TRE-1184602,Seattle Department of Transportation,Thuja plicata,Western Red Cedar,"10",Private,9715 N GREENWOOD CIR,c5943683-99e7-4140-9955-232751d49158,62.475547790527344,88.956115722656250,85.395050048828125,-122.3541840000,47.7000638000
TRE-1184616,,,,,TRE-1184616,Seattle Department of Transportation,Thuja plicata,Western Red Cedar,"1",Private,416 N 97th St,6ca490ad-8a3c-4806-9918-245b24d9a4fd,62.428501129150391,88.704551696777344,85.259597778320327,-122.3531300000,47.6997277700
TRE-1184637,,,,,TRE-1184637,Seattle Department of Transportation,Thuja plicata,Western Red Cedar,"20",Private,9750 N 100TH ST,a31acaaf-b11b-43cc-bc35-38d30c7adc5c,62.808086395263672,89.343055725097670,86.309585571289062,-122.3548480000,47.7013976700
TRE-1184639,,,,,TRE-1184639,Seattle Department of Transportation,Thuja plicata,Western Red Cedar,"12",Private,9750 Greenwood Ave N,1758a3b4-952d-45f8-907f-4113c17823bf,62.808086395263672,89.343055725097670,86.309585571289062,-122.3548510000,47.7013927800
TRE-1184643,,,,,TRE-1184643,Seattle Department of Transportation,Thuja plicata,Western Red Cedar,"12",Private,9750 Greenwood Ave N,a016471c-6c1d-46ed-88cd-f7102f126b8f,62.783748626708984,89.368499755859375,86.362876892089844,-122.3551930000,47.7013938200
TRE-1184657,,,,,TRE-1184657,Seattle Department of Transportation,Thuja plicata,Western Red Cedar,"35",Private,9556 PHINNEY AV N,4717e4f6-ab6d-4af4-a9e6-0b361ea0ff29,62.546203613281250,88.846679687500000,85.640693664550781,-122.3536000000,47.6995878700
TRE-1184711,,,,,TRE-1184711,Seattle Department of Transportation,Thuja plicata,Western Red Cedar,"20",Private,8729 EVANSTON AVE N,eb00d117-8f83-4573-a5fa-cab3e5da2f28,62.600936889648438,88.515586853027344,84.003959655761719,-122.3513880000,47.6931691600
TRE-1184713,,,,,TRE-1184713,Seattle Department of Transportation,Thuja plicata,Western Red Cedar,"20",Private,8729 EVANSTON AVE N,8f3ff1b0-67e7-42b8-86ce-aea7dd4aa13e,62.568504333496094,88.494598388671875,83.921051025390625,-122.3514000000,47.6932316300
TRE-1184722,,,,,TRE-1184722,Seattle Department of Transportation,Thuja plicata,Western Red Cedar,"16",Private,521 EVANSTON AVE N,a20bae0e-5a97-4a1e-be2b-3332aa32f693,62.327659606933594,88.244583129882812,84.051399230957017,-122.3514140000,47.6940932600
TRE-1183740,,,,,TRE-1183740,Seattle Department of Transportation,Thuja plicata,Western Red Cedar,"48",Private,2317 N 122ND ST,e12a7228-1abf-4fc5-85a0-e28a92789cab,61.362762451171875,87.366302490234375,82.596199035644531,-122.3302030000,47.7170296900
TRE-1183762,,,,,TRE-1183762,Seattle Department of Transportation,Thuja plicata,Western Red Cedar,"3",Private,12232 Corliss Ave N,844d0fb9-2d78-4ea6-abb0-414d49de508a,61.571292877197266,87.009460449218750,82.440826416015625,-122.3301180000,47.7180279200
TRE-1183909,,,,,TRE-1183909,Seattle Department of Transportation,Thuja plicata,Western Red Cedar,"20",Private,1334 N 122nd St,59b3cf83-a715-4edc-a260-a4078f7ae69d,62.349433898925781,89.454223632812500,86.530853271484375,-122.3399510000,47.7170691700
TRE-1183956,,,,,TRE-1183956,Seattle Department of Transportation,Thuja plicata,Western Red Cedar,"9",Private,14050 4th Ave NE,1e269957-ff7d-4471-926d-7299d1a019ba,62.450473785400391,88.081108093261719,84.920806884765625,-122.3263580000,47.7335089500
TRE-1182622,,,,,TRE-1182622,Seattle Department of Transportation,Thuja plicata,Western Red Cedar,"45",Private,7715 37TH AVE NE,6da86ccc-5971-482f-8620-89bfdfb4e3d8,61.953273773193359,88.405570983886719,85.089202880859375,-122.2885400000,47.6854957300
TRE-1183093,,,,,TRE-1183093,Seattle Department of Transportation,Thuja plicata,Western Red Cedar,"6",Private,14355 N 145TH ST,7dbf37d2-0e78-45f8-aeec-49f71d998dbc,62.595859527587891,87.770584106445312,84.961227416992188,-122.3304750000,47.7340323100
TRE-1183097,,,,,TRE-1183097,Seattle Department of Transportation,Thuja plicata,Western Red Cedar,"13",Private,2019 N 145th St,e7b5185d-23dc-4ccf-80b3-3265983c15bc,63.309360504150391,88.318229675292983,83.165466308593750,-122.3348990000,47.7340648000
TRE-1183174,,,,,TRE-1183174,Seattle Department of Transportation,Thuja plicata,Western Red Cedar,"15",Private,14008 ROSYLN PL N,59c77de8-27d7-4aa3-b1c9-f5923cc49118,62.835296630859375,88.586921691894531,83.462356567382812,-122.3406580000,47.7307275500
TRE-1183175,,,,,TRE-1183175,Seattle Department of Transportation,Thuja plicata,Western Red Cedar,"15",Private,14008 ROSYLN PL N,0c8fc97e-1ee8-494c-a61f-7fa6ab247d81,62.835296630859375,88.586921691894531,83.462356567382812,-122.3406700000,47.7307151400
TRE-1183196,,,,,TRE-1183196,Seattle Department of Transportation,Thuja plicata,Western Red Cedar,"30",Private,14003 INTERLAKE AVE N,02587cf6-925a-4113-a777-4bbdad19a856,63.146823883056641,88.754493713378906,83.605377197265625,-122.3409290000,47.7305381400
TRE-1184131,,,,,TRE-1184131,Seattle Department of Transportation,Thuja plicata,Western Red Cedar,"2",Private,13805 NE 139TH ST,b9ee936f-b4cc-4385-8353-9c8d2f0d104f,60.040824890136719,88.458831787109375,84.925445556640625,-122.3256760000,47.7294216600
TRE-1183198,,,,,TRE-1183198,Seattle Department of Transportation,Thuja plicata,Western Red Cedar,"25",Private,14003 INTERLAKE AVE N,95993847-3d33-4dd1-82d3-f6523262d996,63.107959747314453,88.816352844238281,83.730583190917969,-122.3410170000,47.7305556800
TRE-1184165,,,,,TRE-1184165,Seattle Department of Transportation,Thuja plicata,Western Red Cedar,"9",Private,13805 4TH AVE NE,0b582dca-6218-4268-a0de-3e4cd62be718,60.307731628417969,88.712471008300781,84.809341430664062,-122.3254770000,47.7292417700
TRE-1183226,,,,,TRE-1183226,Seattle Department of Transportation,Thuja plicata,Western Red Cedar,"30",Private,13728 Interlake Ave N,6eda998a-fb82-4d9b-8ea8-5bc5013755d1,63.021656036376953,88.775901794433594,84.144775390624986,-122.3408340000,47.7294432600
TRE-1184188,,,,,TRE-1184188,Seattle Department of Transportation,Thuja plicata,Western Red Cedar,"15",Private,13714 NE 138th St,8d62d952-8585-4fbb-85e7-3d20cca20f27,60.205352783203125,88.407463073730469,84.687316894531250,-122.3266270000,47.7289997700
TRE-1184189,,,,,TRE-1184189,Seattle Department of Transportation,Thuja plicata,Western Red Cedar,"4",Private,13714 NE 138th St,ca02d79f-ef7e-4d8c-a65d-753051c19ce9,60.205352783203125,88.407463073730469,84.687316894531250,-122.3266350000,47.7289833300
TRE-1184190,,,,,TRE-1184190,Seattle Department of Transportation,Thuja plicata,Western Red Cedar,"8",Private,13714 NE 138th St,716ba76a-1071-4d3f-ac69-c0b206c4cffd,60.205352783203125,88.407463073730469,84.687316894531250,-122.3266530000,47.7289890000
TRE-1184195,,,,,TRE-1184195,Seattle Department of Transportation,Thuja plicata,Western Red Cedar,"15",Private,13714 NE 138th St,dedb4ee5-5805-4a6a-b637-18b91c125ac5,60.249187469482422,88.494712829589844,84.657142639160156,-122.3267350000,47.7289418500
TRE-1184203,,,,,TRE-1184203,Seattle Department of Transportation,Thuja plicata,Western Red Cedar,"34",Private,13720 3RD AVE NE,fafa2ca4-476d-41de-9fce-527a42554b48,60.703395843505859,88.477149963378906,84.680770874023438,-122.3270300000,47.7288371400
TRE-1184220,,,,,TRE-1184220,Seattle Department of Transportation,Thuja plicata,Western Red Cedar,"12",Private,13600 4TH AVE NE,994553fd-8bc2-48ac-b59a-9e6819294346,60.568614959716797,88.823867797851562,85.190559387207017,-122.3250300000,47.7277714300
TRE-1184221,,,,,TRE-1184221,Seattle Department of Transportation,Thuja plicata,Western Red Cedar,"12",Private,13600 4TH AVE NE,ba4a0b7c-6896-4830-a772-9bfcbb343843,60.568614959716797,88.823867797851562,85.190559387207017,-122.3250520000,47.7277651200
TRE-1182796,,,,,TRE-1182796,Seattle Department of Transportation,Thuja plicata,Western Red Cedar,"29",Private,3621 NE 84TH ST,fea398b9-bca7-4743-b8bd-c60a1668818f,61.988517761230469,87.908027648925781,83.814430236816406,-122.2885610000,47.6893115900
TRE-1182853,,,,,TRE-1182853,Seattle Department of Transportation,Thuja plicata,Western Red Cedar,"20",Private,8250 40th Ave NE,1a612b6b-e049-4fa0-8b8c-e76ed8de5b11,61.400493621826165,88.466789245605469,84.230422973632812,-122.2852990000,47.6899392800
TRE-1184310,,,,,TRE-1184310,Seattle Department of Transportation,Thuja plicata,Western Red Cedar,"4",Private,13518 3RD AV NE,c4776fa6-c2cf-4656-a6d1-d3374f770035,59.944904327392578,87.742172241210938,84.794273376464844,-122.3263480000,47.7271895900
TRE-1183408,,,,,TRE-1183408,Seattle Department of Transportation,Thuja plicata,Western Red Cedar,"14",Private,1728 N 125TH ST,9cb0f257-dd50-4ada-8bf0-838fd9c07684,61.934505462646491,88.274650573730469,82.447746276855469,-122.3368910000,47.7196466600
TRE-1183415,,,,,TRE-1183415,Seattle Department of Transportation,Thuja plicata,Western Red Cedar,"10",Private,1707 N 125th St,0f81929f-ef5a-4dd9-98f2-e05987aab832,62.726821899414062,88.324516296386719,84.026153564453125,-122.3382080000,47.7195032900
TRE-1183417,,,,,TRE-1183417,Seattle Department of Transportation,Thuja plicata,Western Red Cedar,"10",Private,1707 N 125th St,450bb8ea-98b1-42a5-a3b1-6f943ad9d124,62.726821899414062,88.324516296386719,84.026153564453125,-122.3382950000,47.7195052900
TRE-1183419,,,,,TRE-1183419,Seattle Department of Transportation,Thuja plicata,Western Red Cedar,"8",Private,1707 N 125th St,c691e792-3f71-46ee-a0cf-4433c91f1df0,62.593357086181641,88.206939697265625,84.000526428222656,-122.3384540000,47.7195089900
TRE-1186455,,,,,TRE-1186455,Seattle Department of Transportation,Thuja plicata,Western Red Cedar,"36",Private,9322 STONE AVE N,e750b760-803d-4b03-9cba-8fca4241c275,63.642948150634766,90.085716247558594,86.310928344726562,-122.3418260000,47.6969761600
TRE-1186586,,,,,TRE-1186586,Seattle Department of Transportation,Thuja plicata,Western Red Cedar,"45",Private,9233 INTERLAKE AV N,3109de2d-b9f4-427f-adc7-ed996921598e,62.604228973388672,90.170951843261719,86.310470581054688,-122.3409160000,47.6969606800
TRE-1186667,,,,,TRE-1186667,Seattle Department of Transportation,Thuja plicata,Western Red Cedar,"12",Private,1616 DENSMORE AVE N,48adf412-61a3-44f7-81a7-dd29b9401289,61.918243408203125,87.675949096679673,83.656074523925781,-122.3377270000,47.6998072600
TRE-1186727,,,,,TRE-1186727,Seattle Department of Transportation,Thuja plicata,Western Red Cedar,"14",Private,10322 ASHWORTH AVE N,5d471038-706b-454e-80e9-0c62a45db1fb,62.360160827636719,89.008590698242188,84.956405639648438,-122.3392230000,47.7038403000
TRE-1186731,,,,,TRE-1186731,Seattle Department of Transportation,Thuja plicata,Western Red Cedar,"4",Private,10326 Stone Ave N,5674f415-7b53-4f2f-8728-70a6a4c3bf48,62.555023193359375,91.070709228515625,87.219665527343750,-122.3419150000,47.7040539300
TRE-1186737,,,,,TRE-1186737,Seattle Department of Transportation,Thuja plicata,Western Red Cedar,"4",Private,10326 Stone Ave N,046cb88d-18a5-447d-b6a9-2381e65462f7,62.555023193359375,91.070709228515625,87.219665527343750,-122.3419380000,47.7040505800
TRE-1184868,,,,,TRE-1184868,Seattle Department of Transportation,Thuja plicata,Western Red Cedar,"25",Private,9702 N 97TH ST,41fa3a67-9c25-4e64-9fc7-c58d0de91e74,62.481792449951165,88.691230773925781,84.384902954101562,-122.3523920000,47.6997075100
TRE-1184871,,,,,TRE-1184871,Seattle Department of Transportation,Thuja plicata,Western Red Cedar,"15",Private,9702 N 97TH ST,62931718-1a67-44dd-b599-fb65e520ac7e,62.450641632080078,88.748092651367188,84.555023193359375,-122.3525040000,47.6997153900
TRE-1184877,,,,,TRE-1184877,Seattle Department of Transportation,Thuja plicata,Western Red Cedar,"15",Private,9702 N 97TH ST,9ff8476e-7861-4705-94f0-b51fd51b6937,62.430236816406250,88.839439392089844,84.702659606933594,-122.3525490000,47.6996956500
TRE-1184939,,,,,TRE-1184939,Seattle Department of Transportation,Thuja plicata,Western Red Cedar,"32",Private,536 EVANSTON AVE N,73b76bfb-b883-49b1-bfe8-feae52beb88a,62.234893798828125,90.675567626953125,86.691055297851562,-122.3511860000,47.7044343500
TRE-1184950,,,,,TRE-1184950,Seattle Department of Transportation,Thuja plicata,Western Red Cedar,"48",Private,360 N 104th St,d915de8b-b7a8-43d1-aa95-2b3f50322d18,62.529632568359375,90.692687988281250,87.571502685546875,-122.3528750000,47.7044747300
TRE-1185186,,,,,TRE-1185186,Seattle Department of Transportation,Thuja plicata,Western Red Cedar,"5",Private,700 FREMONT AVE N,625cc659-9240-4f90-a99a-50417464f690,62.456005096435547,90.457946777343750,85.571464538574219,-122.3499620000,47.7037756100
TRE-1185187,,,,,TRE-1185187,Seattle Department of Transportation,Thuja plicata,Western Red Cedar,"5",Private,700 FREMONT AVE N,3406f792-1b46-40b6-891c-b84e4088f367,62.393005371093750,90.394485473632812,85.544006347656250,-122.3499650000,47.7037973600
TRE-1185264,,,,,TRE-1185264,Seattle Department of Transportation,Thuja plicata,Western Red Cedar,"1",Private,9625 FREMONT AVE N,699c48da-0162-4eff-82fa-0a663d1dee20,62.181308746337891,88.788665771484375,84.076049804687500,-122.3501100000,47.6995637100
TRE-1185265,,,,,TRE-1185265,Seattle Department of Transportation,Thuja plicata,Western Red Cedar,"1",Private,9625 FREMONT AVE N,afa9668b-a522-4045-8aaa-a1888e4def53,62.181308746337891,88.788665771484375,84.076049804687500,-122.3501070000,47.6995160000
TRE-1185308,,,,,TRE-1185308,Seattle Department of Transportation,Thuja plicata,Western Red Cedar,"31",Private,9230 FREMONT AV N,2d325075-5430-4c57-9e3e-376d1ca9f978,62.571266174316406,90.106925964355469,85.859283447265625,-122.3499310000,47.6966243500
TRE-1185908,,,,,TRE-1185908,Seattle Department of Transportation,Thuja plicata,Western Red Cedar,"10",Private,1225 N 88TH ST,28559d47-09b6-4ced-95d5-096fe462cf83,62.631813049316406,88.894096374511719,85.650962829589844,-122.3415920000,47.6922834200
TRE-1186807,,,,,TRE-1186807,Seattle Department of Transportation,Thuja plicata,Western Red Cedar,"4",Private,1405 N 103RD ST,f32d433f-8c35-4908-a8ec-5661f520c41c,62.262531280517578,89.270263671875014,85.142753601074219,-122.3401850000,47.7031660500
TRE-1186809,,,,,TRE-1186809,Seattle Department of Transportation,Thuja plicata,Western Red Cedar,"30",Private,1316 N 100th St,2704bd3e-8a77-496b-9647-3eb31c5f0b26,62.893604278564453,90.696159362792983,86.770355224609375,-122.3412640000,47.7014842200
TRE-1186816,,,,,TRE-1186816,Seattle Department of Transportation,Thuja plicata,Western Red Cedar,"4",Private,1405 N 103RD ST,374f837a-0d98-43ca-baac-ae3da176e1de,62.262531280517578,89.270263671875014,85.142753601074219,-122.3401560000,47.7031639800
TRE-1186817,,,,,TRE-1186817,Seattle Department of Transportation,Thuja plicata,Western Red Cedar,"4",Private,1405 N 103RD ST,7bc3def8-d112-4900-ac3b-7ce31f843b07,62.262531280517578,89.270263671875014,85.142753601074219,-122.3401140000,47.7031676000
TRE-1185978,,,,,TRE-1185978,Seattle Department of Transportation,Thuja plicata,Western Red Cedar,"27",Private,8808 AURORA AVE N,e5d3b029-223e-4e32-b8cf-f0ea519f3a44,62.610301971435547,89.267898559570327,86.126678466796875,-122.3435570000,47.6928571600
TRE-1185981,,,,,TRE-1185981,Seattle Department of Transportation,Thuja plicata,Western Red Cedar,"26",Private,8808 AURORA AVE N,2498bf49-3ae9-4bb4-a04d-7ee3078ddacc,62.610301971435547,89.267898559570327,86.126678466796875,-122.3435710000,47.6928120700
TRE-1186843,,,,,TRE-1186843,Seattle Department of Transportation,Thuja plicata,Western Red Cedar,"14",Private,1420 N 100TH ST,240b53ac-7962-4b4d-a49e-97cd20a29512,62.818107604980469,89.480438232421875,85.617332458496094,-122.3395160000,47.7015012800
TRE-1186869,,,,,TRE-1186869,Seattle Department of Transportation,Thuja plicata,Western Red Cedar,"3",Private,1704 DENSMORE AVE N,90ca05b7-9f66-410c-85ab-a904f4bb6890,61.739833831787109,88.534568786621094,84.966575622558594,-122.3374030000,47.7033443700
TRE-1185478,,,,,TRE-1185478,Seattle Department of Transportation,Thuja plicata,Western Red Cedar,"14",Private,733 N 90TH ST,52a51271-aef0-4f65-a590-126ce08d783d,62.418674468994141,88.963790893554688,84.377082824707017,-122.3484640000,47.6941669300
TRE-1186875,,,,,TRE-1186875,Seattle Department of Transportation,Thuja plicata,Western Red Cedar,"3",Private,1704 DENSMORE AVE N,c2074e15-f457-484e-ad43-cc082fc7c70f,61.739833831787109,88.534568786621094,84.966575622558594,-122.3374080000,47.7033569100
TRE-1186876,,,,,TRE-1186876,Seattle Department of Transportation,Thuja plicata,Western Red Cedar,"3",Private,1704 DENSMORE AVE N,96707fe6-f025-4183-94fd-c07a286691c8,61.739833831787109,88.534568786621094,84.966575622558594,-122.3374220000,47.7033458300
TRE-1186882,,,,,TRE-1186882,Seattle Department of Transportation,Thuja plicata,Western Red Cedar,"3",Private,1704 DENSMORE AVE N,12b26902-ed2f-4151-b7f0-7c55eeb8e27d,61.704181671142578,88.623664855957017,84.959335327148438,-122.3373900000,47.7035500900
TRE-1185492,,,,,TRE-1185492,Seattle Department of Transportation,Thuja plicata,Western Red Cedar,"6",Private,905 N 104TH ST,4783252b-fe1b-41ba-8a26-75e74c0bdee9,62.639610290527344,90.700469970703125,86.797355651855469,-122.3471860000,47.7042824100
TRE-1185493,,,,,TRE-1185493,Seattle Department of Transportation,Thuja plicata,Western Red Cedar,"6",Private,905 N 104TH ST,c9e0ccb7-e9f0-42f2-8f2e-17ad183d97b3,62.639610290527344,90.700469970703125,86.797355651855469,-122.3472620000,47.7042696600
TRE-1185498,,,,,TRE-1185498,Seattle Department of Transportation,Thuja plicata,Western Red Cedar,"15",Private,900 Linden Ave N,fd1a70f4-3f1c-4c3d-8447-7be12463df8e,62.724399566650391,90.192214965820327,86.654212951660156,-122.3472770000,47.7022327300
TRE-1186048,,,,,TRE-1186048,Seattle Department of Transportation,Thuja plicata,Western Red Cedar,"28",Private,8530 WALLINGFORD AVE N,a0f4a4d8-b0ae-4e5e-aeca-594d4a0379f2,61.571834564208984,85.557296752929673,83.933357238769531,-122.3363330000,47.6913846800
TRE-1186943,,,,,TRE-1186943,Seattle Department of Transportation,Thuja plicata,Western Red Cedar,"46",Private,1632 N 100TH ST,79c42cd6-f59a-4502-86b0-8fd56f6508bf,62.191959381103509,87.813865661621094,84.094612121582031,-122.3376260000,47.7014832000
TRE-1186972,,,,,TRE-1186972,Seattle Department of Transportation,Thuja plicata,Western Red Cedar,"2",Private,1700 N 100TH ST,7ade4fdb-495a-452e-984f-a16865641e06,61.976268768310547,87.884040832519531,84.064697265624986,-122.3371080000,47.7014545500
TRE-1186105,,,,,TRE-1186105,Seattle Department of Transportation,Thuja plicata,Western Red Cedar,"5",Private,8803 N 88TH ST,c6299b33-25c1-45a6-a05c-b905c2215d8a,62.222084045410163,88.705062866210938,85.042366027832031,-122.3385040000,47.6924355800
TRE-1186106,,,,,TRE-1186106,Seattle Department of Transportation,Thuja plicata,Western Red Cedar,"7",Private,8803 N 88TH ST,afdeb1b0-00f5-45dd-bdf9-9b9c8689c9f4,62.222084045410163,88.705062866210938,85.042366027832031,-122.3384600000,47.6924333500
TRE-1185565,,,,,TRE-1185565,Seattle Department of Transportation,Thuja plicata,Western Red Cedar,"48",Private,10006 LINDEN AV N,96f96d16-b665-41ea-b49d-0fcc4295db96,62.793121337890625,90.091300964355469,86.171142578124986,-122.3472340000,47.7015254200
TRE-1187055,,,,,TRE-1187055,Seattle Department of Transportation,Thuja plicata,Western Red Cedar,"40",Private,10740 INTERLAKE AVE N,ceb9fa2e-a7b1-4462-81a5-e4531e32bae4,61.918674468994141,89.255561828613281,86.312339782714844,-122.3406230000,47.7079756300
TRE-1187077,,,,,TRE-1187077,Seattle Department of Transportation,Thuja plicata,Western Red Cedar,"16",Private,10558 Interlake Ave N,d61044cf-4197-4e9e-aa20-53eebfc9629c,61.750335693359375,89.160743713378906,86.129562377929673,-122.3403840000,47.7068419000
TRE-1187078,,,,,TRE-1187078,Seattle Department of Transportation,Thuja plicata,Western Red Cedar,"16",Private,10558 Interlake Ave N,eb746f21-c7e2-4b15-b9b2-162c218c9db5,61.805335998535163,88.972854614257812,85.925926208496094,-122.3404720000,47.7068412700
TRE-1187081,,,,,TRE-1187081,Seattle Department of Transportation,Thuja plicata,Western Red Cedar,"16",Private,10558 Interlake Ave N,470fa407-0807-419b-84f5-23d2e7d3e5ea,61.750335693359375,89.160743713378906,86.129562377929673,-122.3404170000,47.7068442400
TRE-1187082,,,,,TRE-1187082,Seattle Department of Transportation,Thuja plicata,Western Red Cedar,"16",Private,10558 Interlake Ave N,956afe29-0668-4808-837b-4a00aa65d453,61.750335693359375,89.160743713378906,86.129562377929673,-122.3404490000,47.7068424000
TRE-1187103,,,,,TRE-1187103,Seattle Department of Transportation,Thuja plicata,Western Red Cedar,"30",Private,1715 N 105th St,2853267d-703c-4c23-89b7-d8f6d364221d,62.245494842529297,88.626792907714844,85.107414245605469,-122.3367320000,47.7049804500
TRE-1187109,,,,,TRE-1187109,Seattle Department of Transportation,Thuja plicata,Western Red Cedar,"20",Private,10354 N 105TH ST,b4869027-3f53-4614-9ba2-b466f168e91c,61.713481903076165,88.768936157226562,85.098312377929673,-122.3373210000,47.7049771200
TRE-1187121,,,,,TRE-1187121,Seattle Department of Transportation,Thuja plicata,Western Red Cedar,"18",Private,10515 ASHWORTH AVE N,cd0b9e0e-81af-465c-ab7e-23a35ca671fc,61.518253326416016,88.999404907226562,85.743324279785156,-122.3394120000,47.7055037700
TRE-1187141,,,,,TRE-1187141,Seattle Department of Transportation,Thuja plicata,Western Red Cedar,"8",Private,"10727",97ccfa00-efd6-4d96-8027-b77a6b173da7,61.440776824951165,88.930992126464844,85.846145629882812,-122.3394600000,47.7077283100
TRE-1187142,,,,,TRE-1187142,Seattle Department of Transportation,Thuja plicata,Western Red Cedar,"8",Private,"10727",ad8673ea-58fc-445d-a74a-fe30a90256ff,61.528839111328125,88.937149047851562,85.840667724609375,-122.3394570000,47.7077088300
TRE-1186310,,,,,TRE-1186310,Seattle Department of Transportation,Thuja plicata,Western Red Cedar,"4",Private,8839 INTERLAKE AVE N,0f7e9bb6-ffbb-4f7b-8338-0252d8fa76d3,62.559570312500000,89.345046997070327,85.876876831054688,-122.3403740000,47.6935200000
TRE-1187147,,,,,TRE-1187147,Seattle Department of Transportation,Thuja plicata,Western Red Cedar,"14",Private,Ashworth Ave N,853f3988-6f44-4d04-b197-80bd3fb0a150,61.235485076904297,88.845802307128906,85.726318359375014,-122.3394560000,47.7084157400
TRE-1187152,,,,,TRE-1187152,Seattle Department of Transportation,Thuja plicata,Western Red Cedar,"8",Private,"10727",ad7dcf38-3c5c-4451-ba42-5d6ed7be1446,61.440776824951165,88.930992126464844,85.846145629882812,-122.3394500000,47.7077734900
TRE-1187153,,,,,TRE-1187153,Seattle Department of Transportation,Thuja plicata,Western Red Cedar,"8",Private,"10727",8a071ec4-9c34-4902-91e1-af40592a5578,61.440776824951165,88.930992126464844,85.846145629882812,-122.3394540000,47.7077513300
TRE-1187156,,,,,TRE-1187156,Seattle Department of Transportation,Thuja plicata,Western Red Cedar,"30",Private,N 110TH ST,19ad59bd-2514-48c2-9eb0-7f1a6fa3940d,61.231410980224609,88.786293029785156,85.733146667480469,-122.3395090000,47.7085979300
TRE-1187159,,,,,TRE-1187159,Seattle Department of Transportation,Thuja plicata,Western Red Cedar,"4",Private,10710 DENSMORE AVE N,d8d6032a-bbed-4c04-8273-3fee3e3c662e,61.891609191894531,88.559555053710938,85.335952758789062,-122.3374200000,47.7071998700
TRE-1187162,,,,,TRE-1187162,Seattle Department of Transportation,Thuja plicata,Western Red Cedar,"4",Private,10710 DENSMORE AVE N,f71b37df-c85a-431b-ba71-5e858d5efc7a,61.886581420898438,88.510742187500000,85.408462524414062,-122.3373950000,47.7072823500
TRE-1187169,,,,,TRE-1187169,Seattle Department of Transportation,Thuja plicata,Western Red Cedar,"22",Private,10735 DENSMORE AVE N,b3c19012-cd1d-41fd-b4c6-12d9d641b615,62.017292022705078,88.545845031738281,85.450736999511719,-122.3376310000,47.7078208500
TRE-1187178,,,,,TRE-1187178,Seattle Department of Transportation,Thuja plicata,Western Red Cedar,"37",Private,10735 DENSMORE AVE N,97fa7ab9-51ee-450b-b2bd-13d4b34a0087,62.017292022705078,88.545845031738281,85.450736999511719,-122.3376110000,47.7078521500
TRE-1185712,,,,,TRE-1185712,Seattle Department of Transportation,Thuja plicata,Western Red Cedar,"19",Private,938 N 98TH ST,e875734c-696c-420a-9a8d-30b9e13ecad7,62.408847808837891,88.441139221191406,85.369903564453125,-122.3455990000,47.6913365000
TRE-1187198,,,,,TRE-1187198,Seattle Department of Transportation,Thuja plicata,Western Red Cedar,"30",Private,1715 N 107TH ST,a892626b-5e40-4dd0-ac21-a153c9ecce24,62.350227355957031,88.300643920898438,84.982505798339844,-122.3366710000,47.7068215400
TRE-1187201,,,,,TRE-1187201,Seattle Department of Transportation,Thuja plicata,Western Red Cedar,"10",Private,1715 N 107TH ST,94cd10cb-d906-4673-bba4-b138772ea6eb,62.350227355957031,88.300643920898438,84.982505798339844,-122.3366210000,47.7068375600
TRE-1187208,,,,,TRE-1187208,Seattle Department of Transportation,Thuja plicata,Western Red Cedar,"15",Private,1900 BURKE AVE N,ca67eb95-50f8-44ec-9795-061733b3143f,62.980575561523438,87.903602600097670,84.667999267578125,-122.3357520000,47.7082096800
TRE-1187210,,,,,TRE-1187210,Seattle Department of Transportation,Thuja plicata,Western Red Cedar,"11",Private,1900 BURKE AVE N,c1c6795e-af25-4584-a050-0c4f0d816824,62.729858398437507,87.815856933593750,84.658172607421875,-122.3358310000,47.7083958700
TRE-1187212,,,,,TRE-1187212,Seattle Department of Transportation,Thuja plicata,Western Red Cedar,"12",Private,1900 BURKE AVE N,dad2b4f0-d4b8-4de5-8d5b-67005ebb053a,62.729858398437507,87.815856933593750,84.658172607421875,-122.3357910000,47.7083831100
TRE-1187216,,,,,TRE-1187216,Seattle Department of Transportation,Thuja plicata,Western Red Cedar,"6",Private,1900 BURKE AVE N,07c6f5ee-34b1-45e4-a7b7-976dc1bb266f,62.627178192138672,87.855995178222656,84.768714904785156,-122.3358140000,47.7084485700
TRE-1187235,,,,,TRE-1187235,Seattle Department of Transportation,Thuja plicata,Western Red Cedar,"1",Private,"5609 26TH AVE SW, SEATTLE, WA",6fa26c55-726a-4ac7-b071-71c5551af71d,60.538639068603509,88.232093811035156,84.225341796875014,-122.3656810000,47.5517003400
TRE-1187236,,,,,TRE-1187236,Seattle Department of Transportation,Thuja plicata,Western Red Cedar,"1",Private,"5609 26TH AVE SW, SEATTLE, WA",91399875-e3c8-4eaf-a738-3945a1d6d158,60.540332794189453,88.305816650390625,84.250205993652330,-122.3656790000,47.5516197500
TRE-1187237,,,,,TRE-1187237,Seattle Department of Transportation,Thuja plicata,Western Red Cedar,"1",Private,"5609 26TH AVE SW, SEATTLE, WA",8cd09b80-c71a-43b7-8c24-8f77b5d49f4d,60.538639068603509,88.232093811035156,84.225341796875014,-122.3656800000,47.5516741600
TRE-1185772,,,,,TRE-1185772,Seattle Department of Transportation,Thuja plicata,Western Red Cedar,"26",Private,8808 AURORA AVE N,1d5a5c4b-4582-40be-9318-759447e21cc6,62.617404937744141,89.264999389648438,86.169235229492188,-122.3435510000,47.6930566300
TRE-1185774,,,,,TRE-1185774,Seattle Department of Transportation,Thuja plicata,Western Red Cedar,"24",Private,8808 AURORA AVE N,7181a585-f9a2-4554-93c7-4d8c579c94e9,62.576049804687507,89.199653625488281,86.285308837890625,-122.3435570000,47.6930873400
TRE-1185775,,,,,TRE-1185775,Seattle Department of Transportation,Thuja plicata,Western Red Cedar,"24",Private,8808 AURORA AVE N,cf41f424-9fe9-4327-b329-cc0ee42ed4c9,62.576049804687507,89.199653625488281,86.285308837890625,-122.3435600000,47.6931288600
TRE-1188935,,,,,TRE-1188935,Seattle Department of Transportation,Thuja plicata,Western Red Cedar,"10",Private,5456 SW Findlay St,82cf7960-a1fd-4c50-b0ed-44851a3005c5,62.572029113769531,89.457679748535156,85.997039794921875,-122.3784110000,47.5520497900
TRE-1189019,,,,,TRE-1189019,Seattle Department of Transportation,Thuja plicata,Western Red Cedar,"5",Private,5623 41ST AVE SW,030610f3-e780-48be-81d2-769e63c96c86,62.461196899414062,89.470222473144531,86.923965454101562,-122.3844150000,47.5513236500
TRE-1189020,,,,,TRE-1189020,Seattle Department of Transportation,Thuja plicata,Western Red Cedar,"7",Private,5623 41ST AVE SW,d5c50fe8-355c-4ba3-82b5-928b795e38c5,62.463249206542969,89.385192871093750,86.851295471191406,-122.3843970000,47.5513554600
TRE-1189068,,,,,TRE-1189068,Seattle Department of Transportation,Thuja plicata,Western Red Cedar,"3",Private,4339 SW BEVERIDGE PL,27ef5510-3d2a-4b17-80be-a82456b93223,62.550403594970703,89.190071105957017,86.163619995117188,-122.3887930000,47.5450771000
TRE-1189248,,,,,TRE-1189248,Seattle Department of Transportation,Thuja plicata,Western Red Cedar,"3",Private,7500 SW WEBSTER ST,cceb5a05-25e2-4272-908c-8132824e0547,61.773372650146491,89.166976928710938,85.817115783691406,-122.3867910000,47.5357724000
TRE-1189249,,,,,TRE-1189249,Seattle Department of Transportation,Thuja plicata,Western Red Cedar,"3",Private,7500 SW WEBSTER ST,efde0b1d-ac3c-45fb-bb98-486deff8ec85,61.792514801025391,89.153495788574219,85.843070983886719,-122.3868100000,47.5357628400
TRE-1188195,,,,,TRE-1188195,Seattle Department of Transportation,Thuja plicata,Western Red Cedar,"30",Private,3726 Farwell Pl SW,d5dd0536-85d4-49cc-8705-f2609071a244,62.623813629150391,88.487525939941406,86.175788879394531,-122.3808030000,47.5247869200
TRE-1188210,,,,,TRE-1188210,Seattle Department of Transportation,Thuja plicata,Western Red Cedar,"5",Private,8608 39th Ave SW,6b325657-e1dc-417b-86da-a6a851882369,62.427501678466797,88.503257751464844,86.542747497558594,-122.3819520000,47.5257301800
TRE-1189422,,,,,TRE-1189422,Seattle Department of Transportation,Thuja plicata,Western Red Cedar,"13",Private,6970 PARSHALL PL SW,53c6687f-e5ad-4feb-b578-682cba0d3cc2,62.353988647460938,89.163520812988281,86.852592468261719,-122.3864800000,47.5412006800
TRE-1189423,,,,,TRE-1189423,Seattle Department of Transportation,Thuja plicata,Western Red Cedar,"13",Private,6970 PARSHALL PL SW,a42fdb96-2615-4517-88f6-c61578c82a4b,62.353988647460938,89.163520812988281,86.852592468261719,-122.3864740000,47.5411729600
TRE-1189447,,,,,TRE-1189447,Seattle Department of Transportation,Thuja plicata,Western Red Cedar,"4",Private,7317 CALIFORNIA AVE SW,f668f63b-3aba-4d16-b712-f0996e86ba8a,62.319385528564453,88.339958190917969,85.552474975585938,-122.3874210000,47.5379958700
TRE-1189448,,,,,TRE-1189448,Seattle Department of Transportation,Thuja plicata,Western Red Cedar,"4",Private,7317 CALIFORNIA AVE SW,4e8698e7-3bfd-434f-bc32-cc4c40a72035,62.319385528564453,88.339958190917969,85.552474975585938,-122.3874180000,47.5379836600
TRE-1189449,,,,,TRE-1189449,Seattle Department of Transportation,Thuja plicata,Western Red Cedar,"4",Private,7317 CALIFORNIA AVE SW,5790b3d7-b0bb-437f-92ff-93f904a6312c,62.319385528564453,88.339958190917969,85.552474975585938,-122.3874190000,47.5379764600
TRE-1189450,,,,,TRE-1189450,Seattle Department of Transportation,Thuja plicata,Western Red Cedar,"4",Private,7317 CALIFORNIA AVE SW,fd279cfe-50e0-4785-8b0c-8cab67aa4818,62.319385528564453,88.339958190917969,85.552474975585938,-122.3874180000,47.5379687200
TRE-1189451,,,,,TRE-1189451,Seattle Department of Transportation,Thuja plicata,Western Red Cedar,"4",Private,7317 CALIFORNIA AVE SW,d0709fd6-ca90-4ee4-aee1-1fd284fcbbc1,62.319385528564453,88.339958190917969,85.552474975585938,-122.3874180000,47.5379624500
TRE-1188068,,,,,TRE-1188068,Seattle Department of Transportation,Thuja plicata,Western Red Cedar,"13",Private,9601 SW Roxbury St,9cbf4ba0-ca6a-4cce-8083-98bd4ca715dd,62.043613433837891,89.508445739746094,86.353157043457017,-122.3783890000,47.5174175200
TRE-1189468,,,,,TRE-1189468,Seattle Department of Transportation,Thuja plicata,Western Red Cedar,"3",Private,4138 GLENRIDGE WAY SW,36288300-bbc8-4281-982d-d8441a71b4b0,61.607761383056641,89.071090698242188,86.004562377929673,-122.3862960000,47.5363819900
TRE-1187630,,,,,TRE-1187630,Seattle Department of Transportation,Thuja plicata,Western Red Cedar,"3",Private,7529 30TH AVE SW,a03bef91-83c8-4c3f-9bb1-049b50351f07,62.852611541748047,87.503211975097670,86.376953125000000,-122.3712860000,47.5346236400
TRE-1188154,,,,,TRE-1188154,Seattle Department of Transportation,Thuja plicata,Western Red Cedar,"6",Private,9439 37TH AVE SW,249a9d26-8584-469b-995f-80cd6b4f8320,61.909572601318359,89.472465515136719,85.789047241210938,-122.3796160000,47.5182106700
TRE-1188160,,,,,TRE-1188160,Seattle Department of Transportation,Thuja plicata,Western Red Cedar,"15",Private,9459 37th Ave SW,1468229c-01d6-4b9a-aa83-4e141acb500e,61.922901153564453,89.653762817382812,85.829620361328125,-122.3796320000,47.5175805300
TRE-72077,,,,,TRE-72077,Seattle Department of Transportation,Thuja plicata,Western Red Cedar,"36",Private,1750 PALM AV SW,a7ac0bf1-a7b1-40ae-b898-8e758dc2db72,62.395034790039062,89.120056152343750,85.862251281738281,-122.3860170000,47.5868684700
TRE-88903,,,,,TRE-88903,Seattle Department of Transportation,Thuja plicata,Western Red Cedar,"23",Private,5904 S ROXBURY ST,33e25abc-32c3-4b47-b33f-7b9c07836b7c,62.660305023193359,88.877662658691406,86.310249328613281,-122.2592940000,47.5169489600
TRE-75049,,,,,TRE-75049,Seattle Department of Transportation,Thuja plicata,Western Red Cedar,"41",Private,1900 S WAITE ST,5f9af31b-285f-4ea3-bd66-76c91b7633f4,63.099483489990234,89.826942443847670,86.674270629882812,-122.3083470000,47.5803316300
TRE-6627,,,,,TRE-6627,Seattle Department of Transportation,Thuja plicata,Western Red Cedar,"32",Private,5200 11TH AV NE,f4f9b4b4-5cb3-4900-889a-0a67ba5b43b7,63.232398986816406,88.209800720214844,87.407501220703125,-122.3158660000,47.6665025700
TRE-1189684,,,,,TRE-1189684,Seattle Department of Transportation,Thuja plicata `Hogan`,Hogan Western Red Cedar,"4",Seattle Department of Transportation,1900 E Marginal Way S,eb8401b1-b68d-41ca-b09d-648f22211339,63.214561462402344,86.539260864257812,84.815399169921875,-122.3399770000,47.5847125400
TRE-1189691,,,,,TRE-1189691,Seattle Department of Transportation,Thuja plicata `Hogan`,Hogan Western Red Cedar,"4",Seattle Department of Transportation,1900 E Marginal Way S,b8d17d80-463e-4b4b-b4f2-d64e9ebec5b4,63.206325531005859,86.534278869628906,84.880966186523438,-122.3399820000,47.5850560100
TRE-1189760,,,,,TRE-1189760,Seattle Department of Transportation,Thuja plicata `Hogan`,Hogan Western Red Cedar,"4",Seattle Department of Transportation,1732 Alaskan Way S,7dc15af2-817b-40b2-bb0c-9b7c78813d2b,63.094989776611328,86.510704040527344,85.147155761718750,-122.3396090000,47.5871651300
TRE-61255,,,,,TRE-61255,Seattle Department of Transportation,Thuja plicata,Western Red Cedar,"43",Private,334 N 81ST ST,6f10a085-191a-48d8-a20a-bb5309ad13eb,62.122604370117188,87.747413635253906,84.171989440917969,-122.3537700000,47.6877224800
TRE-19796,,,,,TRE-19796,Seattle Department of Transportation,Thuja plicata,Western Red Cedar,"33",Private,11350 SAND POINT WY NE,12ae9052-6c80-4127-9e2c-712a491c4d76,62.327899932861328,89.110595703124986,86.502418518066406,-122.2815450000,47.7119507400
TRE-25699,,,,,TRE-25699,Seattle Department of Transportation,Thuja plicata,Western Red Cedar,"16",Private,9417 17TH AV NE,760125db-89ef-41b8-b391-44f94b579dc2,61.678218841552734,86.867584228515625,83.406089782714844,-122.3095200000,47.6971960400
TRE-25320,,,,,TRE-25320,Seattle Department of Transportation,Thuja plicata,Western Red Cedar,"30",Private,2526 NE 91ST ST,aa4b88be-c504-417e-983e-f735ab512403,61.613994598388672,87.018226623535156,83.438430786132812,-122.3001940000,47.6948710900
TRE-1073799,,,,,TRE-1073799,Seattle Department of Transportation,Thuja plicata,Western Red Cedar,"15",Private,2000 FAIRVIEW AVE E,18618c4d-b632-46ca-8cd9-6c7c9de68cfb,63.706230163574219,89.477256774902330,85.209014892578125,-122.3295020000,47.6369414000
TRE-1082425,,,,,TRE-1082425,Seattle Department of Transportation,Thuja plicata,Western Red Cedar,"18",Private,5916 22 AV NW,1ad53c09-1a02-4c43-b61b-24c5bdc50e1d,59.651466369628906,86.209426879882812,81.907150268554688,-122.3844940000,47.6723263300
TRE-1086351,,,,,TRE-1086351,Seattle Department of Transportation,Thuja plicata,Western Red Cedar,"14",Private,10000 SAND POINT WAY NE,bd00658d-5d54-4d16-92ae-fbcc43f31c3a,61.982604980468750,88.932594299316406,86.421195983886719,-122.2774070000,47.7012010800
TRE-1086835,,,,,TRE-1086835,Seattle Department of Transportation,Thuja plicata,Western Red Cedar,"8",Private,4251 NE 88TH ST,3e2bcb22-778c-4289-af7b-fbd473b85e96,60.631496429443359,87.588668823242188,84.342941284179673,-122.2805270000,47.6923029200
TRE-51179,,,,,TRE-51179,Seattle Department of Transportation,Thuja plicata `Hogan`,Hogan Western Red Cedar,"22",Seattle Department of Transportation,2226 1ST AV,a70aa345-d78b-496d-bce6-08fd417df197,64.292259216308594,86.783920288085938,86.836540222167969,-122.3460820000,47.6132371200
TRE-501052,,,,,TRE-501052,Seattle Department of Transportation,Thuja plicata,Western Red Cedar,"12",Seattle Department of Transportation,8401 8TH AVE S,e628795c-f15a-4b7e-b49b-0d1ec68759b1,62.633258819580078,90.102905273437500,88.471420288085938,-122.3246920000,47.5273916800
TRE-1058081,,,,,TRE-1058081,Seattle Department of Transportation,Thuja plicata,Western Red Cedar,"7",Private,1216 S DIRECTOR ST,13408301-c6da-4820-8d7a-031cccaaf08a,63.347755432128906,90.007049560546875,88.225036621093750,-122.3168040000,47.5222108200
TRE-1064376,,,,,TRE-1064376,Seattle Department of Transportation,Thuja plicata,Western Red Cedar,"11",Private,9345 38TH AVE S,106ff06f-a549-42d7-b833-5009c5e0364d,62.336559295654297,90.629974365234375,86.140380859375014,-122.2849610000,47.5183533200
TRE-1092746,,,,,TRE-1092746,Seattle Department of Transportation,Thuja plicata,Western Red Cedar,"18",Private,803 S LANE ST,d7309dc0-c107-4795-9696-e42c166a60f8,65.661415100097656,89.133659362792983,87.814369201660156,-122.3212840000,47.5962143200
TRE-1094546,,,,,TRE-1094546,Seattle Department of Transportation,Thuja plicata,Western Red Cedar,"5",Private,100 NE NORTHLAKE WAY,4089ef10-600e-4250-a215-bdb1fd659f01,63.305877685546875,88.988456726074219,84.772964477539062,-122.3276290000,47.6535137300
TRE-1114318,,,,,TRE-1114318,Seattle Department of Transportation,Thuja plicata,Western Red Cedar,"8",Private,10533 RAVENNA AVE NE,63cbe654-8fa4-491d-bf45-3526e873e5b7,59.512729644775391,89.524345397949219,85.231079101562500,-122.2967520000,47.7056294900
TRE-1096835,,,,,TRE-1096835,Seattle Department of Transportation,Thuja plicata,Western Red Cedar,"9",Private,4247 7TH AVE NE,25802929-f0bb-4e90-96cd-37e3edb7bc28,63.123157501220703,88.915016174316406,86.944503784179673,-122.3209120000,47.6589712200
TRE-1115604,,,,,TRE-1115604,Seattle Department of Transportation,Thuja plicata,Western Red Cedar,"20",Private,9525 17TH AVE NE,d853ef72-2fd4-44f6-bde7-31dc83ff7261,61.683650970458984,88.676551818847670,84.301925659179673,-122.3095400000,47.6984454100
TRE-1115938,,,,,TRE-1115938,Seattle Department of Transportation,Thuja plicata,Western Red Cedar,"16",Private,1040 NE NORTHGATE WAY,dde8be8c-b6fe-4954-9dca-f76562a7d46b,62.358123779296875,88.684898376464844,85.540641784667969,-122.3163020000,47.7097464000
TRE-1116146,,,,,TRE-1116146,Seattle Department of Transportation,Thuja plicata,Western Red Cedar,"6",Private,10559 23RD AVE NE,e1167ee4-6c5b-4208-be6c-f354f99e9ec0,61.552326202392578,88.110542297363281,84.337677001953125,-122.3047090000,47.7065578000
TRE-1103392,,,,,TRE-1103392,Seattle Department of Transportation,Thuja plicata,Western Red Cedar,"25",Private,2642 NW 95TH ST,a026f744-581b-4420-acc6-f2b75981b68e,62.161460876464837,88.622840881347670,84.906257629394531,-122.3914240000,47.6979573400
TRE-1120810,,,,,TRE-1120810,Seattle Department of Transportation,Thuja plicata,Western Red Cedar,"13",Private,4570 36TH AVE W,f7586dce-63fb-4ffc-add5-2ffaa61741f1,61.890060424804688,87.939971923828125,84.990928649902330,-122.4036590000,47.6630851700
TRE-1103974,,,,,TRE-1103974,Seattle Department of Transportation,Thuja plicata,Western Red Cedar,"4",Private,8534 32ND AVE NW,53601765-eed5-4556-9f48-3bb65a97333f,61.497421264648438,88.334632873535156,84.838462829589844,-122.3983840000,47.6915412900
TRE-1104827,,,,,TRE-1104827,Seattle Department of Transportation,Thuja plicata,Western Red Cedar,"7",Private,8801 6TH AVE NW,23721b9f-b2ea-4995-a5a6-80c063edbdf0,62.297359466552734,88.528701782226562,85.226638793945312,-122.3634820000,47.6928583000
TRE-1123039,,,,,TRE-1123039,Seattle Department of Transportation,Thuja plicata,Western Red Cedar,"2",Private,6000 16TH AV SW,91b9b493-a7a5-4f58-b4be-4408b72ae6e1,63.016059875488281,87.912017822265625,84.639503479003906,-122.3542640000,47.5518672900
TRE-1123504,,,,,TRE-1123504,Seattle Department of Transportation,Thuja plicata,Western Red Cedar,"33",Private,6315 22ND AVE SW,22edff89-6322-45b5-8a1d-fe8799459569,61.475769042968750,88.540527343750000,84.871459960937500,-122.3611450000,47.5460148300
TRE-1124190,,,,,TRE-1124190,Seattle Department of Transportation,Thuja plicata,Western Red Cedar,"15",Private,4459 26TH AVE SW,1588f733-d209-4156-8d98-f937cf6039fd,59.341262817382812,88.954177856445312,84.651962280273438,-122.3657470000,47.5629572800
TRE-1127287,,,,,TRE-1127287,Seattle Department of Transportation,Thuja plicata,Western Red Cedar,"2",Private,1307 HARBOR AVE SW,872bd4e6-7618-4c89-89b3-d40980b3cfe9,62.964759826660163,88.515159606933594,86.442070007324219,-122.3830220000,47.5912928000
TRE-1184126,,,,,TRE-1184126,Seattle Department of Transportation,Thuja plicata,Western Red Cedar,"5",Private,13805 NE 139TH ST,153676f3-1e69-48da-9e89-1c124437f09a,59.933029174804688,88.277603149414062,84.958290100097670,-122.3258920000,47.7294570800
TRE-1185773,,,,,TRE-1185773,Seattle Department of Transportation,Thuja plicata,Western Red Cedar,"27",Private,8808 AURORA AVE N,7fbfc79e-8089-461d-8938-3df4f6a98d78,62.617404937744141,89.264999389648438,86.169235229492188,-122.3435600000,47.6930242500
TRE-1186868,,,,,TRE-1186868,Seattle Department of Transportation,Thuja plicata,Western Red Cedar,"3",Private,1704 DENSMORE AVE N,d020ee65-81df-4b61-91e6-acc1fdab99ea,61.712947845458984,88.612739562988281,85.021415710449219,-122.3374040000,47.7035707300
TRE-1186966,,,,,TRE-1186966,Seattle Department of Transportation,Thuja plicata,Western Red Cedar,"2",Private,1700 N 100TH ST,ce6aa9ac-a7aa-46a1-b25c-cc18363c9de8,61.976268768310547,87.884040832519531,84.064697265624986,-122.3370800000,47.7014555400
TRE-86772,,,,,TRE-86772,Seattle Department of Transportation,Thuja plicata,Western Red Cedar,"9",Private,4509 SW BRACE POINT DR,1596f638-9151-4ab7-b21f-decfa8823988,62.980880737304688,89.512199401855469,86.817802429199219,-122.3912390000,47.5199393500
TRE-1168531,,,,,TRE-1168531,Seattle Department of Transportation,Thuja plicata,Western Red Cedar,"26",Private,13758 PALATINE AVE N,07777524-bf18-467e-bb69-5a59317d4c09,62.789367675781250,88.393890380859375,84.926033020019531,-122.3568290000,47.7304030000
TRE-1132655,,,,,TRE-1132655,Seattle Department of Transportation,Thuja plicata,Western Red Cedar,"41",Private,515 W EMERSON ST,df1c2c93-2e59-432c-9556-825412cbff52,62.871021270751953,88.395538330078125,84.812896728515625,-122.3645180000,47.6506643500
TRE-1132738,,,,,TRE-1132738,Seattle Department of Transportation,Thuja plicata,Western Red Cedar,"24",Private,625 W EMERSON ST,cd5814dc-8bf0-4d9b-b9db-cd60fec2a090,62.202678680419922,88.082687377929673,84.876510620117188,-122.3660970000,47.6510442000
TRE-1169393,,,,,TRE-1169393,Seattle Department of Transportation,Thuja plicata,Western Red Cedar,"18",Private,605 N 125TH ST,1480fb34-24b7-48e2-be42-0642e4c1bcb4,61.995769500732422,88.555923461914062,84.880172729492188,-122.3510380000,47.7195255000
TRE-1149071,,,,,TRE-1149071,Seattle Department of Transportation,Thuja plicata,Western Red Cedar,"32",Private,3721 38TH AVE,65b95ccf-d5e2-44b8-8345-e215072d20b7,61.997299194335938,88.275306701660156,85.611366271972656,-122.2847860000,47.6102672000
TRE-1149473,,,,,TRE-1149473,Seattle Department of Transportation,Thuja plicata,Western Red Cedar,"12",Private,3714 38TH AV,632a8b53-5de6-476a-963c-da6f2112c3b7,62.650623321533203,88.671264648437500,86.716903686523438,-122.2849900000,47.6130137700
TRE-1171264,,,,,TRE-1171264,Seattle Department of Transportation,Thuja plicata,Western Red Cedar,"3",Private,1077 26TH AVE E,ac3b58e1-e88f-435d-971c-57ed21e38920,61.032283782958984,88.194351196289062,84.635398864746094,-122.2990120000,47.6288898300
TRE-1172616,,,,,TRE-1172616,Seattle Department of Transportation,Thuja plicata,Western Red Cedar,"30",Private,3103 NE 84TH ST,04a199e7-ecc4-492f-82a5-0e84296c97b1,61.719066619873047,88.041931152343750,84.325241088867188,-122.2947800000,47.6894514000
TRE-1136924,,,,,TRE-1136924,Seattle Department of Transportation,Thuja plicata,Western Red Cedar,"2",Private,1419 8TH AVE W,4a29703e-262b-4f52-bea1-3c5574c5df61,62.130157470703125,88.154129028320327,84.311408996582031,-122.3677820000,47.6318084100
TRE-1173319,,,,,TRE-1173319,Seattle Department of Transportation,Thuja plicata,Western Red Cedar,"15",Private,13906 2ND AVE NE,78555579-4bca-492f-928f-e00546caa2b2,60.970836639404297,88.432098388671875,84.962921142578125,-122.3273990000,47.7295117500
TRE-1173357,,,,,TRE-1173357,Seattle Department of Transportation,Thuja plicata,Western Red Cedar,"14",Private,14350 CORLISS AVE N,282394b9-323a-44b6-b129-f1a0ca3f0ed6,62.362266540527344,87.647094726562500,85.004447937011719,-122.3315050000,47.7338332100
TRE-1173668,,,,,TRE-1173668,Seattle Department of Transportation,Thuja plicata,Western Red Cedar,"45",Private,10522 NORTH PARK AVE N,48584d38-b701-4d71-b873-5f95c6e11635,62.174190521240234,90.979301452636719,86.522026062011719,-122.3486200000,47.7056887100
TRE-1174084,,,,,TRE-1174084,Seattle Department of Transportation,Thuja plicata,Western Red Cedar,"30",Private,13414 CORLISS AVE N,20c54977-dcd3-4f8f-ac24-5b6839ce4526,61.565078735351562,87.504257202148438,82.791954040527344,-122.3314330000,47.7267518200
TRE-1151924,,,,,TRE-1151924,Seattle Department of Transportation,Thuja plicata,Western Red Cedar,"12",Private,610 HILLSIDE DR E,a250a5ea-ecdd-47c1-8c57-042cf3ef683b,61.115940093994141,88.917137145996094,86.005111694335938,-122.2852220000,47.6252132800
TRE-1143284,,,,,TRE-1143284,Seattle Department of Transportation,Thuja plicata,Western Red Cedar,"22",Private,655 AURORA AVE N,a155665c-94d6-4258-94aa-84c012a7dae5,62.965053558349609,90.710296630859375,85.344894409179673,-122.3441220000,47.6374283000
TRE-1179123,,,,,TRE-1179123,Seattle Department of Transportation,Thuja plicata 'Excelsa',Excelsa Western Red Cedar,"1",Seattle Department of Transportation,SR99 SB ONRAMP,afb4f2e1-8d76-421f-ad32-cbb4f0013ea9,64.194976806640625,84.713447570800781,88.565910339355469,-122.3361110000,47.5937213900
TRE-1157428,,,,,TRE-1157428,Seattle Department of Transportation,Thuja plicata,Western Red Cedar,"1",Private,2400 E PROSPECT ST,f067484b-25cd-4070-9d11-909a9f882bdc,62.956123352050781,88.518836975097670,84.140106201171875,-122.3013780000,47.6293373600
TRE-1181656,,,,,TRE-1181656,Seattle Department of Transportation,Thuja plicata,Western Red Cedar,"42",Private,8333 45TH AVE NE,23b81371-402f-4e18-b8f7-56a0a1aa41fa,59.606521606445312,88.626785278320327,84.595985412597670,-122.2799650000,47.6900704700
TRE-1058084,,,,,TRE-1058084,Seattle Department of Transportation,Thuja plicata,Western Red Cedar,"8",Private,1224 S DIRECTOR ST,62633eec-d963-403f-bb05-96af4ab5102b,63.507591247558594,89.898910522460938,87.934883117675781,-122.3165570000,47.5222086600
TRE-1063164,,,,,TRE-1063164,Seattle Department of Transportation,Thuja plicata,Western Red Cedar,"30",Private,3920 S CLOVERDALE ST,98b5238f-446b-4464-922b-08bfa6633336,61.778072357177734,89.422691345214844,88.479377746582031,-122.2837490000,47.5263834600
TRE-1066324,,,,,TRE-1066324,Seattle Department of Transportation,Thuja plicata,Western Red Cedar,"21",Private,7557 20TH AVE SW,bb1c5791-b9be-41d2-93d5-2c20d84dac29,62.454765319824219,89.633949279785156,85.687393188476562,-122.3594520000,47.5339548100
TRE-1086842,,,,,TRE-1086842,Seattle Department of Transportation,Thuja plicata,Western Red Cedar,"14",Private,4226 NE 88TH ST,d9ed9185-40c3-449e-b2ea-5cfa6231c2c3,60.156192779541016,86.979576110839844,83.982116699218750,-122.2813410000,47.6924028100
TRE-1086889,,,,,TRE-1086889,Seattle Department of Transportation,Thuja plicata,Western Red Cedar,"25",Private,4010 NE 88TH ST,c279db7d-7a72-4698-be8d-779d9498c27b,59.813438415527344,85.671989440917969,83.444641113281250,-122.2846650000,47.6924193100
TRE-84304,,,,,TRE-84304,Seattle Department of Transportation,Thuja plicata,Western Red Cedar,"4",Private,6360 BEACH DR SW,551feb74-0e52-4293-b87e-d89a4b1b8458,62.801239013671875,88.266166687011719,86.847053527832031,-122.3980950000,47.5450593000
TRE-88902,,,,,TRE-88902,Seattle Department of Transportation,Thuja plicata,Western Red Cedar,"20",Private,5904 S ROXBURY ST,a79990e8-cdfd-4fd8-b40f-e43fe3d9f0c6,62.660305023193359,88.877662658691406,86.310249328613281,-122.2592950000,47.5169379600
TRE-19849,,,,,TRE-19849,Seattle Department of Transportation,Thuja plicata,Western Red Cedar,"16",Private,11039 40TH AV NE,7d2f3baf-4df6-4c07-8af7-d991572931ae,60.069507598876953,87.642127990722656,84.647811889648438,-122.2854590000,47.7093838300
TRE-84319,,,,,TRE-84319,Seattle Department of Transportation,Thuja plicata,Western Red Cedar,"27",Private,6601 HOLLY PL SW,32d30ef8-8090-49bb-82de-9eb9a2ea8921,62.281734466552734,87.960983276367188,84.495124816894531,-122.3902950000,47.5447880300
TRE-51121,,,,,TRE-51121,Seattle Department of Transportation,Thuja plicata `Hogan`,Hogan Western Red Cedar,"18",Seattle Department of Transportation,2330 1ST AV,1a52f418-201e-4097-8b69-d0178d0528db,64.410690307617188,87.034042358398438,87.215080261230469,-122.3475150000,47.6140799700
TRE-1152553,,,,,TRE-1152553,Seattle Department of Transportation,Thuja plicata,Western Red Cedar,"22",Private,4221 E LEE ST,884e744f-270b-485e-b28a-16b927ced2fb,62.012058258056641,88.823280334472656,87.208198547363281,-122.2784450000,47.6308512500
TRE-1157542,,,,,TRE-1157542,Seattle Department of Transportation,Thuja plicata,Western Red Cedar,"33",Private,956 18TH AVE E,a49bc0ea-e0b8-4135-94c4-a519e5031a0f,62.758209228515625,87.927078247070327,84.165626525878906,-122.3080170000,47.6286053100
TRE-1158997,,,,,TRE-1158997,Seattle Department of Transportation,Thuja plicata,Western Red Cedar,"24",Private,425 17TH AVE E,1932e652-4a11-4a48-b83f-b050f6b31c5c,62.721801757812493,88.899971008300781,85.328254699707017,-122.3101190000,47.6229033100
TRE-1159529,,,,,TRE-1159529,Seattle Department of Transportation,Thuja plicata,Western Red Cedar,"4",Private,2033 10TH AVE E,f55ee5a0-a8de-47b2-822d-a38fad915987,63.445674896240234,89.087341308593750,84.440505981445312,-122.3203850000,47.6383657500
TRE-1160300,,,,,TRE-1160300,Seattle Department of Transportation,Thuja plicata,Western Red Cedar,"3",Private,3120 HARVARD AVE E,a53992f5-9de6-48a5-aad2-ec7ebc1853d8,63.753097534179688,89.192977905273438,85.099502563476562,-122.3218960000,47.6499539800
TRE-1167296,,,,,TRE-1167296,Seattle Department of Transportation,Thuja plicata,Western Red Cedar,"14",Private,1632 S WELLER ST,1f19f76d-12a3-4157-8cf2-01ec11839f24,63.132331848144531,90.442367553710938,87.840965270996094,-122.3107300000,47.5975485100
TRE-1168189,,,,,TRE-1168189,Seattle Department of Transportation,Thuja plicata,Western Red Cedar,"20",Private,14069 HILL TOP LN NW,345649e3-8904-428c-acee-395927656c82,56.198181152343750,89.556503295898438,82.978691101074219,-122.3678250000,47.7319475500
TRE-1169230,,,,,TRE-1169230,Seattle Department of Transportation,Thuja plicata,Western Red Cedar,"3",Private,950 NW ELFORD AVE,80d4ec3e-1a61-4f9a-a615-dfc7fdb67565,57.173210144042969,89.793670654296875,83.664901733398438,-122.3683170000,47.7295271900
TRE-1170364,,,,,TRE-1170364,Seattle Department of Transportation,Thuja plicata,Western Red Cedar,"8",Private,12010 4TH AVE NW,7fc7a929-ccc7-4c62-9832-4fc7a8c229d5,60.496932983398438,88.153022766113281,84.087699890136719,-122.3621700000,47.7159512700
TRE-1132737,,,,,TRE-1132737,Seattle Department of Transportation,Thuja plicata,Western Red Cedar,"20",Private,625 W EMERSON ST,f7b6fca4-0279-45e3-a535-11819ce6bd50,62.202678680419922,88.082687377929673,84.876510620117188,-122.3660910000,47.6510440300
TRE-1134974,,,,,TRE-1134974,Seattle Department of Transportation,Thuja plicata,Western Red Cedar,"50",Private,415 W FULTON ST,b5d03c51-7fd6-450f-ae89-7325f198a4dc,62.113716125488281,88.531745910644531,84.458999633789062,-122.3630030000,47.6457495300
TRE-1095210,,,,,TRE-1095210,Seattle Department of Transportation,Thuja plicata,Western Red Cedar,"22",Private,909 N 35TH ST,90545a0e-baa2-4361-847e-9602e65a45cc,63.233390808105469,87.949661254882812,85.017578125000000,-122.3471590000,47.6496917500
TRE-1096323,,,,,TRE-1096323,Seattle Department of Transportation,Thuja plicata,Western Red Cedar,"5",Private,4509 LATONA AVE NE,e4a73915-3269-4f40-9b55-73d191677187,63.103092193603509,88.759941101074219,85.838195800781250,-122.3251900000,47.6617243700
TRE-1173878,,,,,TRE-1173878,Seattle Department of Transportation,Thuja plicata,Western Red Cedar,"35",Private,2145 N 133RD ST,b10e00df-93ba-46f8-9741-37dc7b64cbba,61.237407684326165,87.641494750976562,83.371025085449219,-122.3323320000,47.7249466700
TRE-1174698,,,,,TRE-1174698,Seattle Department of Transportation,Thuja plicata,Western Red Cedar,"2",Seattle Department of Transportation,752 S TRENTON ST,bb5852ff-5c00-4e50-b05b-e798adf63ab0,62.297664642333984,90.260971069335938,87.821441650390625,-122.3231920000,47.5245978100
TRE-1141827,,,,,TRE-1141827,Seattle Department of Transportation,Thuja plicata,Western Red Cedar,"2",Seattle Department of Transportation,4100 DELRIDGE WY SW MEDIAN,d26473bb-e3e7-4bc9-905c-959d3f06469e,62.417545318603509,89.495079040527344,85.656631469726562,-122.3633330000,47.5656054900
TRE-1141863,,,,,TRE-1141863,Seattle Department of Transportation,Thuja plicata,Western Red Cedar,"2",Seattle Department of Transportation,5000 DELRIDGE WY SW MEDIAN,0a34e874-4a2c-4c5a-b3ed-f361455d92c2,57.757820129394531,89.600379943847670,85.426986694335938,-122.3629530000,47.5556869100
TRE-1176676,,,,,TRE-1176676,Seattle Department of Transportation,Thuja plicata,Western Red Cedar,"20",Private,6870 62ND AVE NE,e40830a3-7a0f-4e95-86be-55232915d08f,61.584060668945312,89.528656005859375,87.442192077636719,-122.2620190000,47.6777334800
TRE-1123497,,,,,TRE-1123497,Seattle Department of Transportation,Thuja plicata,Western Red Cedar,"9",Private,6302 21ST AVE SW,e5057237-ad8e-4d14-8358-612119a7a0c4,60.252338409423835,88.569412231445312,84.931175231933594,-122.3591640000,47.5465067300
TRE-1124077,,,,,TRE-1124077,Seattle Department of Transportation,Thuja plicata,Western Red Cedar,"6",Private,4860 PUGET BLVD SW,0cca52a9-1b1a-4ff0-b5da-638f21930c2d,58.928352355957031,88.031723022460938,84.809211730957017,-122.3614700000,47.5577591500
TRE-1177826,,,,,TRE-1177826,Seattle Department of Transportation,Thuja plicata,Western Red Cedar,"2",Private,7555 31ST AVE NE,0144960e-429f-446d-be63-334538b4a20a,61.454498291015625,88.638664245605469,85.776054382324219,-122.2949100000,47.6847192500
TRE-1103316,,,,,TRE-1103316,Seattle Department of Transportation,Thuja plicata,Western Red Cedar,"30",Private,2603 NW 92ND ST,484d85f0-a3ca-4d69-ad2b-74489b8bb8cb,62.079368591308594,88.538200378417969,84.504631042480469,-122.3901380000,47.6959993200
TRE-1104286,,,,,TRE-1104286,Seattle Department of Transportation,Thuja plicata,Western Red Cedar,"12",Private,9506 15TH AVE NW,72da9a6c-7e55-4a18-87c2-f816aad1fcaf,62.300857543945312,89.174514770507812,87.126792907714844,-122.3767090000,47.6982222400
TRE-1105062,,,,,TRE-1105062,Seattle Department of Transportation,Thuja plicata,Western Red Cedar,"7",Private,9041 4TH AVE NW,9a2d54a2-0f0b-4c59-9265-d03527b2b122,61.487155914306641,88.645439147949219,84.962608337402330,-122.3621070000,47.6955245800
TRE-1147170,,,,,TRE-1147170,Seattle Department of Transportation,Thuja plicata,Western Red Cedar,"56",Private,3403 34TH AVE S,cd30c332-b2a3-4db7-8030-3a3b2869d208,63.022293090820312,88.972396850585938,85.707954406738281,-122.2900600000,47.5724079600
TRE-1105885,,,,,TRE-1105885,Seattle Department of Transportation,Thuja plicata,Western Red Cedar,"8",Private,12056 12TH AVE NE,c79e8b2f-dbb6-4897-9739-5075340d019e,62.248020172119141,87.817787170410156,84.969032287597670,-122.3150080000,47.7175797000
TRE-1183096,,,,,TRE-1183096,Seattle Department of Transportation,Thuja plicata,Western Red Cedar,"13",Private,2019 N 145th St,e6e09d6f-8997-4c94-b88f-9dad91de7775,63.309360504150391,88.318229675292983,83.165466308593750,-122.3348690000,47.7340627300
TRE-1152026,,,,,TRE-1152026,Seattle Department of Transportation,Thuja plicata,Western Red Cedar,"15",Private,39TH AVE E & E HARRISON ST,bcbcefa4-1a5c-4485-be6f-896fc1e086a5,,,,-122.2830050000,47.6225645100
TRE-1187340,,,,,TRE-1187340,Seattle Department of Transportation,Thuja plicata,Western Red Cedar,"9",Seattle Parks and Recreation,1500 N NORTHGATE WAY,38c09c95-3eeb-48ee-aa93-742c90674ae4,61.988559722900391,88.469039916992188,85.132209777832031,-122.3372730000,47.7058161500
TRE-1189421,,,,,TRE-1189421,Seattle Department of Transportation,Thuja plicata,Western Red Cedar,"13",Private,6970 PARSHALL PL SW,b4d51dcd-3a01-4840-8e04-c7bb0529c353,62.357677459716797,89.189811706542983,86.816345214843750,-122.3864720000,47.5411456100
TRE-1074051,,,,,TRE-1074051,Seattle Department of Transportation,Thuja plicata,Western Red Cedar,"18",Private,2637 BOYLSTON AVE E,c5a61892-58f8-4925-973d-4a452c2dd521,63.803436279296875,92.215988159179673,86.312934875488281,-122.3234620000,47.6443117300
TRE-1144296,,,,,TRE-1144296,Seattle Department of Transportation,Thuja plicata,Western Red Cedar,"30",Private,2330  S ANGELINE ST,0a7db0ef-e84a-4d15-b148-795c733d0992,62.460990905761719,88.684356689453125,86.695060729980469,-122.3025610000,47.5605619100
TRE-1152587,,,,,TRE-1152587,Seattle Department of Transportation,Thuja plicata,Western Red Cedar,"26",Private,1234 MCGILVRA BLVD E,e28e3ef5-3674-4534-9c5c-f349774230f7,62.900547027587891,88.784278869628906,86.670631408691406,-122.2810110000,47.6308567200
TRE-1157207,,,,,TRE-1157207,Seattle Department of Transportation,Thuja plicata,Western Red Cedar,"1",Private,1208 23RD AVE E,7705984e-1523-4b40-9097-96eddfd065d2,62.535625457763672,88.798492431640625,83.984771728515625,-122.3022410000,47.6306014200
TRE-1168224,,,,,TRE-1168224,Seattle Department of Transportation,Thuja plicata,Western Red Cedar,"3",Private,13739 NORTHWOOD RD NW,81377239-df0d-47a3-87dc-a4a952c6c9a7,56.949996948242188,89.609191894531250,83.905456542968750,-122.3649700000,47.7301293400
TRE-1169275,,,,,TRE-1169275,Seattle Department of Transportation,Thuja plicata,Western Red Cedar,"40",Private,890 NW ELFORD DR,0a944946-1cd6-4207-9fca-2fb8c90f0366,57.521575927734375,89.604858398437500,83.867500305175781,-122.3679380000,47.7284629400
TRE-1174379,,,,,TRE-1174379,Seattle Department of Transportation,Thuja plicata,Western Red Cedar,"40",Private,6400 NE 60TH ST,66c3a138-c617-48a3-8184-073d88fc58b5,62.725532531738281,89.445251464843750,86.357818603515625,-122.2594580000,47.6721573200
TRE-1184977,,,,,TRE-1184977,Seattle Department of Transportation,Thuja plicata,Western Red Cedar,"25",Private,600 Evanston Ave N,e71a3218-eb7d-48f6-9a76-d570e1ac603f,62.277732849121094,89.486106872558594,84.692878723144531,-122.3511710000,47.7016033600
TRE-1189446,,,,,TRE-1189446,Seattle Department of Transportation,Thuja plicata,Western Red Cedar,"4",Private,7317 CALIFORNIA AVE SW,649a5456-a937-468f-8b84-cb06f7c7b9b0,62.319385528564453,88.339958190917969,85.552474975585938,-122.3874230000,47.5380097000
TRE-1185268,,,,,TRE-1185268,Seattle Department of Transportation,Thuja plicata,Western Red Cedar,"5",Private,9609 Fremont Ave N,3715aafc-92de-4a93-9200-cd7f0d2318e7,62.206092834472656,88.864578247070327,84.054000854492188,-122.3501390000,47.6989830700
TRE-12266,,,,,TRE-12266,Seattle Department of Transportation,Thuja plicata,Western Red Cedar,"38",Private,6058 36TH AV NE,baf2a9d6-45cf-407b-984e-e1a0af4feeaa,61.723220825195312,89.283302307128906,85.434394836425781,-122.2887960000,47.6739369200
TRE-56879,,,,,TRE-56879,Seattle Department of Transportation,Thuja plicata,Western Red Cedar,"46",Private,2606 E SPRING ST,6340ce40-653e-4047-b223-7f8cbb36faef,61.684585571289062,87.394851684570327,83.980133056640625,-122.2983950000,47.6116202100
TRE-1043986,,,,,TRE-1043986,Seattle Department of Transportation,Thuja plicata,Western Red Cedar,"23",Seattle Parks and Recreation,800 W FULTON ST,71d0aa42-bf88-4249-8c01-84bf2a8b15b6,61.808055877685547,89.036933898925781,85.337272644042983,-122.3676370000,47.6456894900
TRE-1040967,,,,,TRE-1040967,Seattle Department of Transportation,Thuja plicata,Western Red Cedar,"17",Seattle Center,500 BROAD ST,d6cb04f5-ac50-4039-a9d9-35b0837790e2,63.483482360839837,90.567573547363281,87.421340942382812,-122.3488140000,47.6203116700
TRE-1060987,,,,,TRE-1060987,Seattle Department of Transportation,Thuja plicata,Western Red Cedar,"29",Private,7768 14TH AVE SW - median,a1f35505-519d-4eab-8bf0-bd3229654655,62.813648223876953,89.844062805175781,85.599792480468750,-122.3528220000,47.5321035000
TRE-1085751,,,,,TRE-1085751,Seattle Department of Transportation,Thuja plicata,Western Red Cedar,"39",Private,14055 19TH AVE NE,783bcaa0-c634-4401-a232-51de9d59a9a6,59.623867034912109,87.274070739746094,84.436958312988281,-122.3088090000,47.7320459300
TRE-1096265,,,,,TRE-1096265,Seattle Department of Transportation,Thuja plicata,Western Red Cedar,"23",Private,4338 LATONA AVE NE,aa6b3a76-b51c-4b43-a9c8-7708470f3e21,63.283550262451165,89.094963073730469,86.235633850097670,-122.3246220000,47.6601687000
TRE-1111300,,,,,TRE-1111300,Seattle Department of Transportation,Thuja plicata,Western Red Cedar,"27",Private,4715 48TH AVE S,24888a14-cd8e-4700-9ee8-9736293c98fd,61.950637817382812,88.907135009765625,85.894607543945312,-122.2733490000,47.5600426900
TRE-1113408,,,,,TRE-1113408,Seattle Department of Transportation,Thuja plicata,Western Red Cedar,"3",Private,2021 NE 96TH ST,7c55e454-6ce7-4037-b8e0-b52cca0bdb87,61.050098419189453,89.383583068847670,84.636817932128906,-122.3058020000,47.6984451300
TRE-72164,,,,,TRE-72164,Seattle Department of Transportation,Thuja plicata,Western Red Cedar,"40",Private,1743 41ST AV SW,5213f5b3-2814-437b-a58d-a4b3f0ff89b9,62.141445159912109,88.519981384277344,84.533294677734375,-122.3836780000,47.5868373200
TRE-500988,,,,,TRE-500988,Seattle Department of Transportation,Thuja plicata,Western Red Cedar,"14",Seattle Department of Transportation,6512 16TH AVE,6c5ff492-39f1-4bfc-9ddc-b692249ff0ed,61.784763336181641,87.582946777343750,84.188888549804688,-122.3548790000,47.5442754300
TRE-57950,,,,,TRE-57950,Seattle Department of Transportation,Thuja plicata,Western Red Cedar,"38",Private,313 32ND AVE,36120ee2-0edc-4884-9cf0-10abac7a3547,62.007907867431641,87.669868469238281,84.187133789062500,-122.2916790000,47.6046513600
TRE-18113,,,,,TRE-18113,Seattle Department of Transportation,Thuja plicata,Western Red Cedar,"50",Private,10514 1ST AVE NW,0e9435cb-9dc9-4d85-9178-b9e5e06b9a21,61.982292175292969,89.269264221191406,86.120872497558594,-122.3580600000,47.7055475700
TRE-91538,,,,,TRE-91538,Seattle Department of Transportation,Thuja plicata `Fastigiata`,Fastigiata Western Red Cedar,"13",Private,2319 1ST AVE,a04224d2-1cdf-4352-a325-e08f19a4f494,64.583938598632812,87.161033630371094,87.173629760742188,-122.3473780000,47.6137869800
TRE-48547,,,,,TRE-48547,Seattle Department of Transportation,Thuja plicata,Western Red Cedar,"12",Seattle Department of Transportation,18TH AVE E AND E ROY ST,0545ffaf-ba49-4371-ae4b-9a5fdee5dcc9,62.098022460937507,87.910209655761719,84.817184448242188,-122.3087020000,47.6252411200
TRE-2721,,,,,TRE-2721,Seattle Department of Transportation,Thuja plicata,Western Red Cedar,"40",Private,5121 PALMER DR NW,5ba54c8a-e281-43c2-8f89-8812050d1512,61.527828216552734,88.603935241699219,85.784317016601562,-122.3575710000,47.6663938600
TRE-69987,,,,,TRE-69987,Seattle Department of Transportation,Thuja plicata,Western Red Cedar,"40",Private,116 30TH AVE,d619f6d4-7208-4b43-9a6d-8fa477686c40,61.899211883544922,86.703582763671875,83.787857055664062,-122.2936610000,47.6022685900
TRE-8269,,,,,TRE-8269,Seattle Department of Transportation,Thuja plicata,Western Red Cedar,"31",Private,5011 5TH AVE NE,649b20ba-666a-48bc-8ac7-6a755526b9f7,63.097434997558594,88.501571655273438,85.006538391113281,-122.3229860000,47.6653951400
TRE-5229,,,,,TRE-5229,Seattle Department of Transportation,Thuja plicata,Western Red Cedar,"45",Private,6210 LINDEN AV N,7c553617-8f47-4767-a0fb-9d9a298c10ed,63.007472991943359,88.555809020996094,85.710868835449219,-122.3484220000,47.6743441300
TRE-21384,,,,,TRE-21384,Seattle Department of Transportation,Thuja plicata,Western Red Cedar,"25",Private,4400 LINDEN AV N,6e7d36e5-5430-480f-b84f-93973dbbd09c,62.871276855468750,90.157661437988281,86.675567626953125,-122.3485760000,47.6602645700
TRE-500980,,,,,TRE-500980,Seattle Department of Transportation,Thuja plicata,Western Red Cedar,"2",Seattle Department of Transportation,3000 HARBOR AVE SW,17a6ef49-9d24-48ca-815d-bee9a3fbb174,62.991786956787109,87.971656799316406,85.305412292480469,-122.3709890000,47.5717581700
TRE-79489,,,,,TRE-79489,Seattle Department of Transportation,Thuja plicata,Western Red Cedar,"15",Private,5905 BEACH DR SW,c0fa3024-b3fb-4747-97ca-52dcb028ce9a,,,,-122.3977670000,47.5499227500
TRE-1056280,,,,,TRE-1056280,Seattle Department of Transportation,Thuja plicata `Hogan`,Hogan Western Red Cedar,"2",Seattle Department of Transportation,2509 S ORCAS ST,c2c460ec-5ae6-433b-b4b6-69a5130ccf3b,61.414794921875000,88.717506408691406,87.289428710937500,-122.3000330000,47.5508851800
TRE-51180,,,,,TRE-51180,Seattle Department of Transportation,Thuja plicata `Hogan`,Hogan Western Red Cedar,"22",Seattle Department of Transportation,2232 1ST AV,424082a1-c497-4c57-9225-6e960d161a13,64.292259216308594,86.783920288085938,86.836540222167969,-122.3461530000,47.6132816100
TRE-85769,,,,,TRE-85769,Seattle Department of Transportation,Thuja plicata,Western Red Cedar,"53",Private,7617 46TH AVE S,9de4a6e0-24f5-4583-8888-9eb36088e6c1,63.433921813964837,89.459640502929673,86.634849548339844,-122.2754020000,47.5342656700
TRE-1066774,,,,,TRE-1066774,Seattle Department of Transportation,Thuja plicata,Western Red Cedar,"20",Private,610 SW ROXBURY ST,014de7d1-839b-41a6-8783-434d44436ddc,62.427795410156250,88.974365234375014,86.771797180175781,-122.3440670000,47.5181461600
TRE-1073768,,,,,TRE-1073768,Seattle Department of Transportation,Thuja plicata,Western Red Cedar,"7",Private,2329 FAIRVIEW AVE E,2d32ee1a-566e-42da-853d-6870bd01b72c,63.849979400634766,89.210563659667969,85.060661315917969,-122.3294950000,47.6409001600
TRE-1064900,,,,,TRE-1064900,Seattle Department of Transportation,Thuja plicata,Western Red Cedar,"3",Seattle Department of Transportation,7901 16TH AVE SW,a12a7b3b-f21a-460b-9129-b0ca8fa612a8,62.623332977294922,89.565292358398438,85.814338684082031,-122.3553530000,47.5318288200
TRE-1080362,,,,,TRE-1080362,Seattle Department of Transportation,Thuja plicata,Western Red Cedar,"1",Private,BAKER AVE NW AT NW MARKET ST,ff027e61-7dba-4ee9-b7b2-b7c2834dec4b,61.565612792968750,88.490684509277344,85.397216796875014,-122.3598160000,47.6655790200
TRE-1080762,,,,,TRE-1080762,Seattle Department of Transportation,Thuja plicata,Western Red Cedar,"4",Seattle Department of Transportation,800 N 43RD ST,114fc8e2-20fc-4ea0-b146-72c2f9d5b705,61.924125671386719,87.753967285156250,84.234779357910156,-122.3563980000,47.6595632500
TRE-1080770,,,,,TRE-1080770,Seattle Department of Transportation,Thuja plicata,Western Red Cedar,"4",Seattle Department of Transportation,800 N 43RD ST,880273d1-809d-466d-8bd3-e2cff5e8c90c,61.924125671386719,87.753967285156250,84.234779357910156,-122.3564440000,47.6595326300
TRE-1086249,,,,,TRE-1086249,Seattle Department of Transportation,Thuja plicata,Western Red Cedar,"16",Private,11345 39TH AV NE,7ba8fa35-212e-44be-8de4-f5c9a3ee337e,61.938308715820312,87.669136047363281,84.637016296386719,-122.2866830000,47.7114345200
TRE-1086705,,,,,TRE-1086705,Seattle Department of Transportation,Thuja plicata,Western Red Cedar,"33",Private,4503 NE 93RD ST,92700820-7120-42ac-a1f1-6b562b240389,60.040645599365234,88.876625061035156,85.198089599609375,-122.2797360000,47.6961643700
TRE-1132712,,,,,TRE-1132712,Seattle Department of Transportation,Thuja plicata,Western Red Cedar,"22",Seattle Department of Transportation,711 11TH AVE W,0a03c1e0-e571-49e5-81be-b3334123ee3f,62.309238433837891,88.182136535644531,84.690666198730469,-122.3669920000,47.6504186500
TRE-1134709,,,,,TRE-1134709,Seattle Department of Transportation,Thuja plicata,Western Red Cedar,"17",Private,2149 8TH AVE W,1c12582d-ad0d-4503-96f1-faf909d4beb4,62.167514801025391,90.674415588378906,86.346298217773438,-122.3677680000,47.6392452100
TRE-1098082,,,,,TRE-1098082,Seattle Department of Transportation,Thuja plicata,Western Red Cedar,"13",Seattle Department of Transportation,651 NE 42ND ST,3a377f42-8fcb-4a3b-b924-c11d3b185c56,63.140953063964837,89.085830688476562,86.760856628417969,-122.3216440000,47.6570312100
TRE-1142233,,,,,TRE-1142233,Seattle Department of Transportation,Thuja plicata,Western Red Cedar,"2",Seattle Department of Transportation,4108 E PROSPECT ST,369bc24c-d624-4e00-a92e-2ecf730ad931,,,,-122.2796230000,47.6285034300
TRE-1142288,,,,,TRE-1142288,Seattle Department of Transportation,Thuja plicata,Western Red Cedar,"1",Seattle Department of Transportation,8838 39TH AVE S,12d2a9c9-3e8e-4114-857f-7fda710a169a,62.172054290771491,89.667861938476562,85.519439697265625,-122.2832630000,47.5230779000
TRE-1144856,,,,,TRE-1144856,Seattle Department of Transportation,Thuja plicata,Western Red Cedar,"21",Private,1660 S ALASKA ST,e660a190-b283-46d4-95b4-d9a57bb7636d,61.929042816162109,90.015922546386719,87.420379638671875,-122.3066020000,47.5612178400
TRE-1145052,,,,,TRE-1145052,Seattle Department of Transportation,Thuja plicata,Western Red Cedar,"1",Private,2418 28TH AVE W,4065676e-ad17-4335-97b4-e655bc95e92b,63.192031860351562,86.390151977539062,82.271141052246094,-122.3917590000,47.6405388600
TRE-1145594,,,,,TRE-1145594,Seattle Department of Transportation,Thuja plicata,Western Red Cedar,"38",Private,3300 S HORTON ST,19c00862-ec63-4b3f-b1d4-29027bd96635,62.213706970214837,89.584205627441406,86.768959045410156,-122.3014720000,47.5740010900
TRE-1112264,,,,,TRE-1112264,Seattle Department of Transportation,Thuja plicata,Western Red Cedar,"6",Private,5021 S WILSON ST,48530ae7-a277-4c2c-8790-c0824c9bae36,63.383205413818359,89.047592163085938,86.162170410156250,-122.2708430000,47.5563988300
TRE-1113348,,,,,TRE-1113348,Seattle Department of Transportation,Thuja plicata,Western Red Cedar,"36",Seattle Parks and Recreation,4733 LAKE WASHINGTON BLVD S,7e5f564c-2631-4a2b-8518-2ef63798e736,,,,-122.2642850000,47.5597476300
TRE-1114134,,,,,TRE-1114134,Seattle Department of Transportation,Thuja plicata,Western Red Cedar,"28",Private,3248 NE 91ST ST,b9239d8f-3265-4cb1-969a-886a67784a1a,62.323112487792969,88.879180908203125,84.811271667480469,-122.2912130000,47.6948045300
TRE-1114293,,,,,TRE-1114293,Seattle Department of Transportation,Thuja plicata,Western Red Cedar,"26",Private,2804 NE 113TH ST,e433245b-ebbd-43cc-8213-7672ada6344a,61.725795745849609,87.091987609863281,84.417976379394531,-122.2976150000,47.7102029600
TRE-1115224,,,,,TRE-1115224,Seattle Department of Transportation,Thuja plicata,Western Red Cedar,"16",Private,514 NE 102ND ST,7eef4dcc-00ce-402b-ada5-12db62ac7f47,63.316314697265625,89.116798400878906,85.420158386230469,-122.3223400000,47.7022826300
TRE-1115376,,,,,TRE-1115376,Seattle Department of Transportation,Thuja plicata,Western Red Cedar,"3",Private,309 NE 90TH ST,b69a362c-6c7e-4853-af3a-afe002e264b5,61.447124481201165,87.847648620605469,83.864387512207017,-122.3257440000,47.6939234800
TRE-1115944,,,,,TRE-1115944,Seattle Department of Transportation,Thuja plicata,Western Red Cedar,"7",Private,1040 NE NORTHGATE WAY,42d58824-df3c-43e3-91bf-ecd5db37d14c,62.386436462402344,88.632682800292983,85.474937438964844,-122.3164130000,47.7097232800
TRE-1089404,,,,,TRE-1089404,Seattle Department of Transportation,Thuja plicata,Western Red Cedar,"2",Private,1331 ALASKAN WAY,80f4dfc3-f04c-4879-ad5d-ad6ab30570c8,63.283958435058594,89.240608215332031,84.803024291992188,-122.3411000000,47.6065328000
TRE-1102671,,,,,TRE-1102671,Seattle Department of Transportation,Thuja plicata,Western Red Cedar,"30",Private,9257 VIEW AVE NW,cdff1656-a2e6-4d21-a4d3-db21c4b8e680,61.919853210449219,88.450820922851562,85.659072875976562,-122.3990760000,47.6971447400
TRE-1103484,,,,,TRE-1103484,Seattle Department of Transportation,Thuja plicata,Western Red Cedar,"20",Private,2651 NW 95TH ST,d736ebaa-d938-4afc-8e39-367d07184d16,62.440406799316406,88.739295959472656,85.294723510742188,-122.3924930000,47.6978223700
TRE-1103522,,,,,TRE-1103522,Seattle Department of Transportation,Thuja plicata,Western Red Cedar,"12",Private,9510 28TH AVE NW,ee65dd74-c7d8-4f6a-bd56-f14b29c4cb49,62.845836639404297,88.793258666992188,85.687774658203125,-122.3931620000,47.6979248600
TRE-1103683,,,,,TRE-1103683,Seattle Department of Transportation,Thuja plicata,Western Red Cedar,"16",Private,2625 NW ESPLANADE,ef9f3fcc-1e7a-4540-b617-b696bceaec41,63.513324737548835,88.723320007324219,86.656166076660156,-122.3916730000,47.7005908700
TRE-1104698,,,,,TRE-1104698,Seattle Department of Transportation,Thuja plicata `Zebrina`,Zebra Cedar,"6",Private,8520 14TH AVE NW,49655f78-251b-43c2-a43f-6a151e07663a,62.658008575439453,90.029487609863281,86.397949218750000,-122.3740050000,47.6916665100
TRE-1105063,,,,,TRE-1105063,Seattle Department of Transportation,Thuja plicata,Western Red Cedar,"7",Private,9041 4TH AVE NW,6395d5a2-7d8f-4ddd-a2c0-ef8b95800373,61.450233459472656,88.580581665039062,84.863540649414062,-122.3621100000,47.6954978300
TRE-1105727,,,,,TRE-1105727,Seattle Department of Transportation,Thuja plicata,Western Red Cedar,"42",Private,1965 NW BLUE RIDGE DR,b78c6a92-f9a4-4a12-a220-179c2bb5a24d,62.209945678710938,88.689834594726562,85.584922790527344,-122.3820550000,47.7039679600
TRE-1094046,,,,,TRE-1094046,Seattle Department of Transportation,Thuja plicata,Western Red Cedar,"2",Private,933 N NORTHLAKE WAY,eb962490-1909-44f6-9028-46c2ea5658f7,62.779731750488281,87.232437133789062,83.802261352539062,-122.3457360000,47.6485271400
TRE-1117136,,,,,TRE-1117136,Seattle Department of Transportation,Thuja plicata,Western Red Cedar,"28",Private,2637 PERKINS LN W,28d63829-501b-443f-ada8-ca1bef29080e,62.651622772216797,88.329719543457017,86.625785827636719,-122.4168210000,47.6443694100
TRE-1120835,,,,,TRE-1120835,Seattle Department of Transportation,Thuja plicata,Western Red Cedar,"9",Private,4575 36TH AVE W,c9073beb-bdcb-4ad0-b2ce-8f92145b03db,61.359859466552734,87.635337829589844,84.606094360351562,-122.4036590000,47.6620483600
TRE-1121732,,,,,TRE-1121732,Seattle Department of Transportation,Thuja plicata,Western Red Cedar,"2",Private,4548 33RD AVE W,7d810723-36d6-42a6-9004-36e036d60c31,61.668132781982422,87.559684753417969,83.889297485351562,-122.3989160000,47.6627014000
TRE-1122510,,,,,TRE-1122510,Seattle Department of Transportation,Thuja plicata,Western Red Cedar,"11",Private,3059 SW HANFORD ST,3ece98c0-95e3-499e-8d57-bbdc54eebb87,61.045497894287109,87.919738769531250,84.646240234375014,-122.3743110000,47.5756260900
TRE-1094196,,,,,TRE-1094196,Seattle Department of Transportation,Thuja plicata,Western Red Cedar,"9",Private,2100 N NORTHLAKE WAY,9f23ccc9-6ea5-4377-a4b2-688fed141671,63.928695678710938,89.450805664062500,85.619247436523438,-122.3332370000,47.6476340100
TRE-1173899,,,,,TRE-1173899,Seattle Department of Transportation,Thuja plicata,Western Red Cedar,"2",Private,2138 N 133RD ST,db57ae2e-8475-4e95-91d5-e040076e97be,61.116817474365234,87.721534729003906,83.538619995117188,-122.3327320000,47.7251988500
TRE-60598,,,,,TRE-60598,Seattle Department of Transportation,Thuja plicata,Western Red Cedar,"34",Private,702 34TH AVE,56f4a262-6e06-4162-8453-9fac0c9f8e58,62.680233001708984,88.227630615234375,85.244255065917969,-122.2893340000,47.6080263600
TRE-82858,,,,,TRE-82858,Seattle Department of Transportation,Thuja plicata,Western Red Cedar,"61",Private,4431 S BRANDON ST,dbb381a4-fffc-4899-a4b0-8e36780dc0c3,62.362693786621094,89.349563598632812,87.847244262695312,-122.2779670000,47.5533594400
TRE-79304,,,,,TRE-79304,Seattle Department of Transportation,Thuja plicata,Western Red Cedar,"34",Private,4113 37TH AV S,a628ad6a-d4b1-40d0-8f7a-9bdfa4343b85,63.254760742187507,90.251899719238281,87.589973449707017,-122.2861730000,47.5657034400
TRE-8979,,,,,TRE-8979,Seattle Department of Transportation,Thuja plicata,Western Red Cedar,"45",Private,2701 NE 62ND ST,1890f010-9124-49c1-a660-a8179e85bd09,61.949127197265625,88.186996459960938,84.802528381347670,-122.2983080000,47.6739295300
TRE-1147613,,,,,TRE-1147613,Seattle Department of Transportation,Thuja plicata,Western Red Cedar,"25",Private,2646 SHORELAND DR S,b681056a-0810-4700-9a3e-9abd377fde74,60.819213867187507,89.265388488769531,84.728088378906250,-122.2848310000,47.5787909300
TRE-88731,,,,,TRE-88731,Seattle Department of Transportation,Thuja plicata,Western Red Cedar,"45",Private,8602 RENTON AV S,ffb0ae42-0bbb-491f-9f79-00f73fb7e613,61.733005523681641,89.420776367187500,87.837333679199219,-122.2764490000,47.5260659100
TRE-1178655,,,,,TRE-1178655,Seattle Department of Transportation,Thuja plicata 'Excelsa',Excelsa Western Red Cedar,"1",Seattle Department of Transportation,SR 99 & S ATLANTIC ST,5f1dc817-c4f1-48bd-8e97-b77859a962b1,63.985610961914062,84.892738342285156,88.380760192871094,-122.3365050000,47.5909907800
TRE-1178942,,,,,TRE-1178942,Seattle Department of Transportation,Thuja plicata 'Excelsa',Excelsa Western Red Cedar,"1",Seattle Department of Transportation,PIER 46,164ccced-a3db-4f30-bed1-ba0f4bbcf381,64.461730957031250,85.028999328613281,88.439880371093750,-122.3365220000,47.5920671200
TRE-1178983,,,,,TRE-1178983,Seattle Department of Transportation,Thuja plicata 'Excelsa',Excelsa Western Red Cedar,"1",Seattle Department of Transportation,PIER 46,79d3c74b-9d52-4fc0-94b3-0dbc1b91bc5d,64.504447937011719,85.074630737304688,87.977218627929673,-122.3368160000,47.5915459600
TRE-1179003,,,,,TRE-1179003,Seattle Department of Transportation,Thuja plicata 'Excelsa',Excelsa Western Red Cedar,"2",Seattle Department of Transportation,800 ALASKA WAY S,9ac69e2c-df28-473b-b0b9-3801e5cb0281,63.762001037597656,84.614891052246094,88.800415039062500,-122.3351560000,47.5951769000
TRE-1179020,,,,,TRE-1179020,Seattle Department of Transportation,Thuja plicata 'Excelsa',Excelsa Western Red Cedar,"1",Seattle Department of Transportation,800 ALASKA WAY S,d3ac9d76-c216-4172-939a-7deae51688a0,63.763507843017578,84.669281005859375,88.909111022949219,-122.3350780000,47.5946810800
TRE-1179095,,,,,TRE-1179095,Seattle Department of Transportation,Thuja plicata 'Excelsa',Excelsa Western Red Cedar,"1",Seattle Department of Transportation,SR99 SB ONRAMP,79e890f1-7062-4113-a5e6-dd374e028e45,64.203598022460938,84.752716064453125,88.508186340332031,-122.3361060000,47.5938629300
TRE-1179640,,,,,TRE-1179640,Seattle Department of Transportation,Thuja plicata `Hogan`,Hogan Western Red Cedar,"2",Washington State Department of Transportation,NORTHGATE BRIDGE,b1f458b3-9139-4fc3-a8bd-2355719c8d1b,63.271137237548835,89.303573608398438,84.979637145996094,-122.3291170000,47.7021275000
TRE-1184714,,,,,TRE-1184714,Seattle Department of Transportation,Thuja plicata,Western Red Cedar,"13",Private,8733 Evanston Ave N,83a43621-7400-468e-ace9-13e7f1d1efd8,62.526859283447266,88.555633544921875,83.824356079101562,-122.3514070000,47.6933119500
TRE-1185403,,,,,TRE-1185403,Seattle Department of Transportation,Thuja plicata,Western Red Cedar,"17",Seattle Parks and Recreation,602 FREMONT AVE N,f3cece78-39f9-4912-b69d-883c6865fdcc,62.194515228271491,88.617835998535156,84.415672302246094,-122.3500350000,47.6925542800
TRE-1186808,,,,,TRE-1186808,Seattle Department of Transportation,Thuja plicata,Western Red Cedar,"4",Private,1405 N 103RD ST,847f75b6-cc88-4f11-8711-8eb5c81292ff,62.245143890380859,89.195327758789062,84.905601501464844,-122.3400750000,47.7031656600
TRE-1186866,,,,,TRE-1186866,Seattle Department of Transportation,Thuja plicata,Western Red Cedar,"3",Private,1704 DENSMORE AVE N,301a8b58-0f74-4bdd-b2dd-3ee3ae19ca2b,61.712947845458984,88.612739562988281,85.021415710449219,-122.3374080000,47.7036032000
TRE-1187161,,,,,TRE-1187161,Seattle Department of Transportation,Thuja plicata,Western Red Cedar,"4",Private,10710 DENSMORE AVE N,417491ac-7367-45e0-b187-e224f8b4bd59,61.886581420898438,88.510742187500000,85.408462524414062,-122.3374000000,47.7072664800
TRE-1148237,,,,,TRE-1148237,Seattle Department of Transportation,Thuja plicata,Western Red Cedar,"21",Private,4400 46TH AVE S,d36ac09f-c970-4a59-9c34-0addec0addd1,62.046798706054688,89.174018859863281,86.197090148925781,-122.2756470000,47.5639713400
TRE-1152086,,,,,TRE-1152086,Seattle Department of Transportation,Thuja plicata,Western Red Cedar,"15",Private,3700 E HIGH LN,d5ae79dd-aec1-4e68-88eb-958c6d2a1153,61.656230926513672,88.752670288085938,86.090972900390625,-122.2853290000,47.6211440200
TRE-1152206,,,,,TRE-1152206,Seattle Department of Transportation,Thuja plicata,Western Red Cedar,"2",Seattle Department of Transportation,E MERCER ST & 26TH AVE E,ad4525d8-6c31-46b4-9b15-ec3a8ea8d4b4,62.751091003417969,88.046691894531250,83.667839050292983,-122.2987790000,47.6243766800
TRE-1152469,,,,,TRE-1152469,Seattle Department of Transportation,Thuja plicata,Western Red Cedar,"28",Private,4206 E HIGHLAND DR,cca0ef8a-10a1-4a57-aca9-cbcf7285be5a,62.091926574707031,89.181709289550781,87.270584106445312,-122.2791490000,47.6298356400
TRE-1155523,,,,,TRE-1155523,Seattle Department of Transportation,Thuja plicata,Western Red Cedar,"19",Private,2109 E NEWTON ST,3ac92751-776a-4edb-a559-baf12514e357,60.049785614013672,89.232124328613281,85.511482238769531,-122.2847430000,47.6370031100
TRE-1156633,,,,,TRE-1156633,Seattle Department of Transportation,Thuja plicata,Western Red Cedar,"20",Private,2145 BOYER AVE E,23394b31-318c-455f-a989-4ae0ad4fb71a,61.504257202148438,88.489509582519531,84.321510314941406,-122.3090800000,47.6386469700
TRE-1156970,,,,,TRE-1156970,Seattle Department of Transportation,Thuja plicata,Western Red Cedar,"3",Private,2418 E INTERLAKEN BLVD,86deda63-09a5-48fe-a478-d4f81b3aa181,58.677051544189453,88.985801696777344,84.129425048828125,-122.3008470000,47.6344168200
TRE-1167680,,,,,TRE-1167680,Seattle Department of Transportation,Thuja plicata,Western Red Cedar,"1",Private,2333 33RD AVE S,ed6231fc-1ba3-4dd6-834d-73f672f302c5,62.738658905029297,87.657928466796875,83.598464965820327,-122.2909570000,47.5814726500
TRE-1167897,,,,,TRE-1167897,Seattle Department of Transportation,Thuja plicata,Western Red Cedar,"5",Private,2917 S HOLGATE ST,6899738b-d06e-497b-8429-9ac11f0ea084,62.067955017089837,88.337493896484375,84.177101135253906,-122.2941140000,47.5860740100
TRE-1169274,,,,,TRE-1169274,Seattle Department of Transportation,Thuja plicata,Western Red Cedar,"7",Private,890 NW ELFORD DR,77761baf-8b40-4dd9-a04b-99ab086e644e,57.521575927734375,89.604858398437500,83.867500305175781,-122.3680380000,47.7284043800
TRE-1169391,,,,,TRE-1169391,Seattle Department of Transportation,Thuja plicata,Western Red Cedar,"19",Private,605 N 125TH ST,c6b30d9b-ee87-42bd-8e5c-2c63c4c37d90,61.995769500732422,88.555923461914062,84.880172729492188,-122.3509840000,47.7195256000
TRE-1169910,,,,,TRE-1169910,Seattle Department of Transportation,Thuja plicata,Western Red Cedar,"70",Private,11202 EVANSTON AVE N,9265d443-215f-43d4-abfd-8e38e98ffc70,61.242134094238281,89.819404602050781,86.542175292968750,-122.3514320000,47.7106140400
TRE-1170081,,,,,TRE-1170081,Seattle Department of Transportation,Thuja plicata,Western Red Cedar,"6",Private,11203 DAYTON AVE N,fa28548d-b49a-4eec-b040-c2b2fd5133fa,61.446937561035163,89.927764892578125,85.938697814941406,-122.3534400000,47.7105835800
TRE-1170989,,,,,TRE-1170989,Seattle Department of Transportation,Thuja plicata,Western Red Cedar,"38",Private,12005 8TH AVE NW,60bc4308-98b5-42c4-a2c1-3070093ae96a,61.100257873535163,88.524543762207017,85.230552673339844,-122.3664040000,47.7163597500
TRE-1113347,,,,,TRE-1113347,Seattle Department of Transportation,Thuja plicata,Western Red Cedar,"22",Seattle Parks and Recreation,4733 LAKE WASHINGTON BLVD S,a4765668-2a95-4a4a-9eb1-8c59dabf5ca7,,,,-122.2642980000,47.5598214800
TRE-1173853,,,,,TRE-1173853,Seattle Department of Transportation,Thuja plicata,Western Red Cedar,"40",Private,2139 N 135TH ST,396b4f90-133e-4b2b-9f5d-2c48f302efe2,61.277763366699219,87.696586608886719,83.477729797363281,-122.3325190000,47.7267817300
TRE-1184955,,,,,TRE-1184955,Seattle Department of Transportation,Thuja plicata,Western Red Cedar,"25",Private,604 N 100th St,b3eae4a1-4ead-4747-8d6a-4d3e89b80b83,62.300197601318359,89.410301208496094,84.708839416503906,-122.3506800000,47.7015031300
TRE-1187167,,,,,TRE-1187167,Seattle Department of Transportation,Thuja plicata,Western Red Cedar,"4",Private,10710 DENSMORE AVE N,3d3d2b1f-1353-4e72-a878-52573d8008c0,61.891609191894531,88.559555053710938,85.335952758789062,-122.3374060000,47.7072141500
TRE-1177658,,,,,TRE-1177658,Seattle Department of Transportation,Thuja plicata,Western Red Cedar,"6",Seattle Parks and Recreation,6600 BLK 58TH NE - BURKE GILMAN,2d442535-dc07-486a-a7cc-f5611787fbee,61.603286743164062,90.215881347656250,87.289443969726562,-122.2660680000,47.6779403400
TRE-1177693,,,,,TRE-1177693,Seattle Department of Transportation,Thuja plicata,Western Red Cedar,"7",Seattle Parks and Recreation,6900 BLK 58TH NE - BURKE GILMAN,3f16c9e3-edd5-4670-ae89-15eb31bcce3e,61.622211456298835,90.351425170898438,87.582855224609375,-122.2659040000,47.6783883600
TRE-1177744,,,,,TRE-1177744,Seattle Department of Transportation,Thuja plicata,Western Red Cedar,"40",Private,6607 58TH AVE NE,ae8804ad-ae9f-4e0d-beff-2722c97a0ec7,61.880382537841797,90.279258728027344,86.726249694824219,-122.2666240000,47.6768422100
TRE-80564,,,,,TRE-80564,Seattle Department of Transportation,Thuja plicata,Western Red Cedar,"23",Private,5324 46TH AV SW,6cd80691-ae82-4943-819b-ca406e4ac970,62.755615234375000,88.590827941894531,85.436874389648438,-122.3905020000,47.5540039800
TRE-18332,,,,,TRE-18332,Seattle Department of Transportation,Thuja plicata,Western Red Cedar,"33",Private,11554 DAYTON AV N,f511503d-8514-4a1b-a25f-08f15dd36d9b,61.175018310546875,90.010643005371094,86.730033874511719,-122.3525110000,47.7140982600
TRE-35200,,,,,TRE-35200,Seattle Department of Transportation,Thuja plicata,Western Red Cedar,"16",Private,6759 21ST AVE NW,b7ee0f53-57e2-4ed8-97ba-45ff0d811d8e,58.964736938476562,83.094184875488281,80.539840698242188,-122.3834130000,47.6794726700
TRE-19779,,,,,TRE-19779,Seattle Department of Transportation,Thuja plicata,Western Red Cedar,"34",Private,11318 39TH AV NE,ae1a8ab0-0f43-4d3e-af1c-6fdca4768fa2,61.778217315673835,88.056381225585938,84.615661621093750,-122.2865730000,47.7108520200
TRE-49307,,,,,TRE-49307,Seattle Department of Transportation,Thuja plicata,Western Red Cedar,"26",Private,171 LAKE WASHINGTON BV,91a02f99-5179-4209-9ddc-a0d19da24307,61.841846466064453,88.715087890624986,86.147140502929673,-122.2825580000,47.6195040200
TRE-1043057,,,,,TRE-1043057,Seattle Department of Transportation,Thuja plicata,Western Red Cedar,"10",Private,6501 31ST AVE SW,e116ba6e-3b7b-44fa-a3ec-3b78d37fd701,62.038215637207031,89.959983825683594,86.334815979003906,-122.3725980000,47.5438516600
TRE-80321,,,,,TRE-80321,Seattle Department of Transportation,Thuja plicata,Western Red Cedar,"43",Private,4737 49TH AV SW,49a05d00-287a-450a-9d2c-4698e87573fe,62.660827636718750,88.502914428710938,84.249610900878906,-122.3949880000,47.5600619400
TRE-1058077,,,,,TRE-1058077,Seattle Department of Transportation,Thuja plicata,Western Red Cedar,"10",Private,834 S TRENTON AVE,9c15ce23-da47-48b7-9868-cfcb90ed9c6e,62.417491912841797,89.972328186035156,87.316360473632812,-122.3216050000,47.5248394000
TRE-1058078,,,,,TRE-1058078,Seattle Department of Transportation,Thuja plicata,Western Red Cedar,"7",Private,1224 S DIRECTOR ST,71bca904-a2f3-4c6e-bf21-0b408d2f84d5,63.507591247558594,89.898910522460938,87.934883117675781,-122.3165130000,47.5222074500
TRE-1073972,,,,,TRE-1073972,Seattle Department of Transportation,Thuja plicata,Western Red Cedar,"8",Private,2940 FAIRVIEW AVE E,a280cb0b-bb30-496d-b24c-ab210a973526,64.051116943359375,89.048942565917969,84.766853332519531,-122.3249340000,47.6485806200
TRE-1080785,,,,,TRE-1080785,Seattle Department of Transportation,Thuja plicata,Western Red Cedar,"6",Seattle Department of Transportation,800 N 43RD ST,ab624780-9c3d-47a5-a577-846887533e4d,61.850715637207031,87.756034851074219,84.106719970703125,-122.3569090000,47.6595381000
TRE-1085773,,,,,TRE-1085773,Seattle Department of Transportation,Thuja plicata,Western Red Cedar,"21",Private,14343 24TH PL NE,26c3f40b-c167-4c19-83b0-84fc133f79a1,62.269634246826165,87.262390136718750,84.539840698242188,-122.3020920000,47.7336705300
TRE-1086723,,,,,TRE-1086723,Seattle Department of Transportation,Thuja plicata,Western Red Cedar,"17",Private,9269 SAND POINT WAY NE,d482002b-0e7a-41c7-bf6d-89241facc5ed,60.351757049560547,89.243988037109375,85.879676818847670,-122.2770390000,47.6958631600
TRE-1086822,,,,,TRE-1086822,Seattle Department of Transportation,Thuja plicata,Western Red Cedar,"7",Private,8812 42ND AV NE,4f77ae20-9c3b-4350-adf3-7995febd69a8,59.726600646972656,85.900108337402330,83.595298767089844,-122.2821950000,47.6929326900
TRE-1089422,,,,,TRE-1089422,Seattle Department of Transportation,Thuja plicata,Western Red Cedar,"3",Private,1483 ALASKAN WAY,c0e172ac-b7fc-48e7-8252-534311660257,63.249500274658203,89.299049377441406,84.837989807128906,-122.3412380000,47.6066846300
TRE-1089548,,,,,TRE-1089548,Seattle Department of Transportation,Thuja plicata,Western Red Cedar,"2",Private,1483 ALASKAN WAY,26192c0e-43de-494a-b8d7-e88ea5a7e326,63.348457336425781,89.100700378417969,85.109642028808594,-122.3422140000,47.6076242300
TRE-1113532,,,,,TRE-1113532,Seattle Department of Transportation,Thuja plicata,Western Red Cedar,"24",Private,1026 NE 97TH ST,1c107a70-5649-4e28-a0dd-92424fc92668,61.836997985839837,87.776588439941406,83.545867919921875,-122.3165020000,47.6995273900
TRE-1113928,,,,,TRE-1113928,Seattle Department of Transportation,Thuja plicata,Western Red Cedar,"25",Private,8917 32ND AVE NE,77e84550-cc77-42e7-a8fb-bb4e8cac46d1,61.599285125732422,88.558456420898438,84.668327331542983,-122.2937100000,47.6937907800
TRE-1114335,,,,,TRE-1114335,Seattle Department of Transportation,Thuja plicata,Western Red Cedar,"7",Private,2623 NE 113TH AVE NE,34a678c8-3d04-484e-a9a5-2c3e9adbca00,61.218368530273438,87.267745971679673,84.095909118652330,-122.2990210000,47.7097964300
TRE-1098666,,,,,TRE-1098666,Seattle Department of Transportation,Thuja plicata,Western Red Cedar,"21",Private,6748 MARY AVE NW,1c7c2a80-7b53-433c-814c-e8871648843b,61.341739654541016,85.099494934082031,82.420181274414062,-122.3761050000,47.6793991600
TRE-1103452,,,,,TRE-1103452,Seattle Department of Transportation,Thuja plicata,Western Red Cedar,"29",Private,2401 NW 98TH ST,f074e7b1-236e-4740-9e08-a0538d982152,63.254676818847656,89.520065307617188,86.730445861816406,-122.3878750000,47.7000510800
TRE-1121910,,,,,TRE-1121910,Seattle Department of Transportation,Thuja plicata,Western Red Cedar,"2",Private,3835 GILMAN AVE W,2d9bc72e-3686-4b47-a974-9cdb86dd0ccc,62.648544311523438,88.181549072265625,84.485481262207017,-122.3853950000,47.6547290400
TRE-1105159,,,,,TRE-1105159,Seattle Department of Transportation,Thuja plicata,Western Red Cedar,"15",Private,9208 3RD AVE NW,20457f72-d3da-4cc8-a049-e4b5e3d313c1,61.583305358886719,88.968269348144531,85.261642456054688,-122.3605980000,47.6963804200
TRE-1105939,,,,,TRE-1105939,Seattle Department of Transportation,Thuja plicata,Western Red Cedar,"12",Private,12019 14TH AVE NE,5d52f888-6948-431a-a9ec-b882e77d0b05,62.087505340576165,87.816993713378906,84.776641845703125,-122.3152450000,47.7160883900
TRE-1187538,,,,,TRE-1187538,Seattle Department of Transportation,Thuja plicata,Western Red Cedar,"3",Private,7301 31ST AVE SW,2886cc38-3e9c-4ca2-b2a3-754ae774b0eb,63.475639343261719,88.276565551757812,85.162635803222656,-122.3726290000,47.5371924200
TRE-1188123,,,,,TRE-1188123,Seattle Department of Transportation,Thuja plicata,Western Red Cedar,"50",Private,9227 37th Ave SW,d733d8df-f2d4-45c1-9e1f-c57dcb81e1ed,62.024829864501953,89.588546752929673,85.998016357421875,-122.3795800000,47.5202310000
TRE-4336,,,,,TRE-4336,Seattle Department of Transportation,Thuja plicata,Western Red Cedar,"39",Private,5319 WALLINGFORD AVE N,89e7d082-b88a-4f08-bfbc-dfc066a678c0,62.344593048095703,87.189826965332031,85.237075805664062,-122.3364710000,47.6678649600
TRE-77241,,,,,TRE-77241,Seattle Department of Transportation,Thuja plicata,Western Red Cedar,"1",Private,4432 49TH AV SW,0f7d611a-a676-477b-9d10-d85aaa54f0d1,62.741199493408203,88.126724243164062,85.784652709960938,-122.3947340000,47.5637961400
TRE-1124194,,,,,TRE-1124194,Seattle Department of Transportation,Thuja plicata,Western Red Cedar,"20",Private,4501 26TH AVE SW,71e97e96-97d3-475c-995a-ff574201a0ec,59.579502105712891,89.176666259765625,84.939163208007812,-122.3658390000,47.5628555000
TRE-1158212,,,,,TRE-1158212,Seattle Department of Transportation,Thuja plicata,Western Red Cedar,"7",Private,957 17TH AVE E,20942435-3fb1-466c-ab1b-ebc68216022e,62.748134613037109,87.615737915039062,83.649085998535156,-122.3104530000,47.6286451700
TRE-1160474,,,,,TRE-1160474,Seattle Department of Transportation,Thuja plicata,Western Red Cedar,"26",Private,1212 E HAMLIN ST,2f15e420-a893-476d-a5ad-eae3354f0b3f,64.027679443359375,88.814025878906250,84.400306701660156,-122.3164020000,47.6457106800
TRE-1168247,,,,,TRE-1168247,Seattle Department of Transportation,Thuja plicata,Western Red Cedar,"15",Private,350 NW 137TH ST,0d8e6aea-907b-40c7-9b4e-74942f631199,57.739551544189453,89.350128173828125,84.665016174316406,-122.3634160000,47.7287758800
TRE-1169188,,,,,TRE-1169188,Seattle Department of Transportation,Thuja plicata,Western Red Cedar,"22",Private,1022 NW ELFORD AVE,52a36384-8085-48f2-90b0-6ccd6f8a5dc8,58.936374664306641,89.449691772460938,84.189628601074219,-122.3701730000,47.7281399000
TRE-1169280,,,,,TRE-1169280,Seattle Department of Transportation,Thuja plicata,Western Red Cedar,"5",Private,872 NW ELFORD DR,267ddfba-1004-4051-a519-2bbf2911e782,57.632545471191406,89.587150573730469,83.959396362304688,-122.3681410000,47.7283535300
TRE-1169287,,,,,TRE-1169287,Seattle Department of Transportation,Thuja plicata,Western Red Cedar,"7",Private,890 NW ELFORD DR,e0579233-fca9-4cd2-9e80-eb7c104051f6,57.663074493408203,89.597152709960938,83.957176208496094,-122.3682220000,47.7283626700
TRE-1170200,,,,,TRE-1170200,Seattle Department of Transportation,Thuja plicata,Western Red Cedar,"17",Private,12055 FREMONT AVE N,5421d3aa-e9de-41cc-a7f5-908a63468df9,61.832256317138672,88.910774230957017,85.194961547851562,-122.3508440000,47.7177187900
TRE-1170571,,,,,TRE-1170571,Seattle Department of Transportation,Thuja plicata,Western Red Cedar,"16",Private,11008 3RD AVE NW,5d8838fb-6ef4-48e3-9e55-ca113d332588,61.108497619628906,88.422927856445312,84.322059631347670,-122.3603730000,47.7087965600
TRE-1171199,,,,,TRE-1171199,Seattle Department of Transportation,Thuja plicata,Western Red Cedar,"4",Private,13015 12TH AVE NW,c4d07984-8937-4e9a-84d9-4aff710e72d5,61.068805694580078,88.741943359375014,85.682029724121094,-122.3719250000,47.7235444700
TRE-1171490,,,,,TRE-1171490,Seattle Department of Transportation,Thuja plicata,Western Red Cedar,"25",Private,3305 43RD AVE NE,5afee093-b63c-4fde-b383-bb9872f310b7,62.160171508789062,89.429122924804688,87.677696228027344,-122.2798810000,47.6524651700
TRE-1171679,,,,,TRE-1171679,Seattle Department of Transportation,Thuja plicata,Western Red Cedar,"4",Private,10556 13TH AVE NW,d4663b34-26e4-4019-b20b-6c8e9f7d9b45,58.656387329101562,90.056243896484375,84.471763610839844,-122.3723150000,47.7069270200
TRE-1141182,,,,,TRE-1141182,Seattle Department of Transportation,Thuja plicata,Western Red Cedar,"23",Private,2602 QUEEN ANNE AVE N,0badb02e-81b7-496b-b8e2-203a01e98709,62.176963806152344,87.870223999023438,84.397834777832031,-122.3567810000,47.6433593000
TRE-1142231,,,,,TRE-1142231,Seattle Department of Transportation,Thuja plicata,Western Red Cedar,"2",Seattle Department of Transportation,4108 E PROSPECT ST,40f50ce3-07ea-4dcf-8f93-56f10cef80bc,,,,-122.2795490000,47.6285153300
TRE-1126263,,,,,TRE-1126263,Seattle Department of Transportation,Thuja plicata,Western Red Cedar,"9",Private,1102 HARVARD AVE E,77827758-d5d2-4109-997f-1e9239d7e21f,62.385387420654297,87.975166320800781,84.421005249023438,-122.3222220000,47.6287694100
TRE-1173687,,,,,TRE-1173687,Seattle Department of Transportation,Thuja plicata,Western Red Cedar,"27",Private,10703 NORTH PARK AVE N,68329f7a-47b5-44c0-8372-47726b4be01f,62.264652252197266,89.780700683593750,86.047584533691406,-122.3491540000,47.7065826600
TRE-1173965,,,,,TRE-1173965,Seattle Department of Transportation,Thuja plicata,Western Red Cedar,"11",Private,1110 N 143RD ST,4a1570c9-c34e-4d97-9e08-4c63ca30a469,62.915122985839837,88.765953063964844,85.866287231445312,-122.3440630000,47.7324068600
TRE-1145834,,,,,TRE-1145834,Seattle Department of Transportation,Thuja plicata,Western Red Cedar,"12",Private,4409 RENTON AVE S,ae5e33ef-cd74-486f-a3ee-cae1e43a0606,62.106338500976562,89.935867309570327,87.161468505859375,-122.2924270000,47.5641601500
TRE-1146351,,,,,TRE-1146351,Seattle Department of Transportation,Thuja plicata,Western Red Cedar,"64",Private,3817 RENTON AVE S,4b845880-b786-42b1-bd1a-e623345b1dc9,62.541339874267578,89.948295593261719,86.031394958496094,-122.2952790000,47.5693562600
TRE-1177479,,,,,TRE-1177479,Seattle Department of Transportation,Thuja plicata,Western Red Cedar,"10",Private,6556 50TH AVE NE,edc0e385-a9b7-49e7-beb4-8639693371e1,61.745166778564453,89.958213806152330,85.953063964843750,-122.2736570000,47.6775165300
TRE-1177661,,,,,TRE-1177661,Seattle Department of Transportation,Thuja plicata,Western Red Cedar,"6",Seattle Parks and Recreation,6600 BLK 58TH NE - BURKE GILMAN,f178bd14-faf9-44cf-bb56-629ee87b9afc,61.603286743164062,90.215881347656250,87.289443969726562,-122.2660560000,47.6779942200
TRE-1149384,,,,,TRE-1149384,Seattle Department of Transportation,Thuja plicata,Western Red Cedar,"30",Private,1128 38TH AVE,4a98f56e-920b-4529-bdce-6c4715091b2c,62.505325317382812,88.401329040527344,86.606163024902330,-122.2848630000,47.6122394600
TRE-1149639,,,,,TRE-1149639,Seattle Department of Transportation,Thuja plicata,Western Red Cedar,"3",Private,1612 26TH AVE,0bcd8a13-a4d1-486c-a9fe-f5d70c72b859,61.576206207275391,87.012542724609375,83.709129333496094,-122.2987180000,47.6157845500
TRE-1178940,,,,,TRE-1178940,Seattle Department of Transportation,Thuja plicata 'Excelsa',Excelsa Western Red Cedar,"1",Seattle Department of Transportation,PIER 46,40302d25-97a6-4dea-b833-5817e1b97908,64.517295837402344,85.046531677246094,88.474639892578125,-122.3365010000,47.5921160600
TRE-1179011,,,,,TRE-1179011,Seattle Department of Transportation,Thuja plicata 'Excelsa',Excelsa Western Red Cedar,"1",Seattle Department of Transportation,800 ALASKA WAY S,b965a992-7856-4c3e-bd72-7f8322f0f836,63.780147552490234,84.637619018554688,88.798675537109375,-122.3351390000,47.5950727100
TRE-1179719,,,,,TRE-1179719,Seattle Department of Transportation,Thuja plicata `Hogan`,Hogan Western Red Cedar,"2",Washington State Department of Transportation,NORTHGATE BRIDGE,d17d3af2-c2aa-4f77-94d9-52189ba4cf7a,63.305061340332031,89.292388916015625,85.086219787597670,-122.3291100000,47.7024278700
TRE-1133180,,,,,TRE-1133180,Seattle Department of Transportation,Thuja plicata,Western Red Cedar,"43",Private,3027 10TH AVE W,4a79b46e-578a-4a19-92dc-ed036dc29ae7,61.222713470458984,87.914756774902330,83.807754516601562,-122.3704870000,47.6480477100
TRE-1151303,,,,,TRE-1151303,Seattle Department of Transportation,Thuja plicata,Western Red Cedar,"14",Private,3401 34TH AV E,34b236e0-5665-4443-a823-693fc0f32e45,60.992298126220703,88.319984436035156,84.175163269042983,-122.2889830000,47.6198605100
TRE-1151456,,,,,TRE-1151456,Seattle Department of Transportation,Thuja plicata,Western Red Cedar,"32",Private,1620 Lake Washington BLVD,47c70a0b-db1c-4d6d-a0df-4343bd184e4c,61.532707214355469,89.241539001464844,86.775718688964844,-122.2812900000,47.6159988000
TRE-1182356,,,,,TRE-1182356,Seattle Department of Transportation,Thuja plicata,Western Red Cedar,"25",Private,5844 NE 75TH ST,921a1941-4ead-4fd3-a619-5bfea4d22741,62.208122253417969,89.787635803222656,87.347099304199219,-122.2649780000,47.6829880500
TRE-1183706,,,,,TRE-1183706,Seattle Department of Transportation,Thuja plicata,Western Red Cedar,"4",Private,221 NE 120TH ST,90e3d9e7-25b0-4a70-a9a3-47542b95ba30,61.831729888916016,86.959861755371094,83.516944885253906,-122.3262560000,47.7158161200
TRE-1184223,,,,,TRE-1184223,Seattle Department of Transportation,Thuja plicata,Western Red Cedar,"22",Private,"13600",54d129ea-2a63-4655-8173-0088204f131b,60.580688476562493,88.845008850097670,85.131820678710938,-122.3251490000,47.7278926900
TRE-1184634,,,,,TRE-1184634,Seattle Department of Transportation,Thuja plicata,Western Red Cedar,"11",Private,9750 Greenwood Ave N,33f0a5ee-bd92-4bfd-9534-6f21b1a1027c,62.808086395263672,89.343055725097670,86.309585571289062,-122.3549080000,47.7013919000
TRE-1184870,,,,,TRE-1184870,Seattle Department of Transportation,Thuja plicata,Western Red Cedar,"35",Private,9702 N 97TH ST,f60ffdfe-3fda-49af-985a-dbfaf69b0745,62.450641632080078,88.748092651367188,84.555023193359375,-122.3524500000,47.6996967600
TRE-1184969,,,,,TRE-1184969,Seattle Department of Transportation,Thuja plicata,Western Red Cedar,"5",Private,600 Evanston Ave N,6c7e6c0b-2bc5-4466-a313-59d67dabaee5,62.277732849121094,89.486106872558594,84.692878723144531,-122.3511680000,47.7016299000
TRE-1185185,,,,,TRE-1185185,Seattle Department of Transportation,Thuja plicata,Western Red Cedar,"1",Private,700 FREMONT AVE N,89a7d356-a906-420f-84b2-af7e24517e15,62.456005096435547,90.457946777343750,85.571464538574219,-122.3499590000,47.7037548900
TRE-1186874,,,,,TRE-1186874,Seattle Department of Transportation,Thuja plicata,Western Red Cedar,"3",Private,1704 DENSMORE AVE N,1338e8a1-3043-4971-80e6-323f118285d9,61.712947845458984,88.612739562988281,85.021415710449219,-122.3374040000,47.7035838800
TRE-1187168,,,,,TRE-1187168,Seattle Department of Transportation,Thuja plicata,Western Red Cedar,"4",Private,10710 DENSMORE AVE N,04203c97-707e-4396-a269-ecb4c0e3a226,61.891609191894531,88.559555053710938,85.335952758789062,-122.3374040000,47.7072279200
TRE-45713,,,,,TRE-45713,Seattle Department of Transportation,Thuja plicata,Western Red Cedar,"34",Private,2507 E ROY ST,85923856-d6ed-43fc-ab85-4da6732a83c7,62.546802520751953,88.230545043945312,83.637443542480469,-122.2993920000,47.6251308500
TRE-32167,,,,,TRE-32167,Seattle Department of Transportation,Thuja plicata,Western Red Cedar,"18",Private,2846 14TH AV W,7f3526fe-8c82-4bcf-801d-1d36ed5526e5,62.497375488281250,89.283241271972656,86.884956359863281,-122.3748770000,47.6461849900
TRE-9980,,,,,TRE-9980,Seattle Department of Transportation,Thuja plicata,Western Red Cedar,"53",Private,1611 NE 63RD ST,6c3324cd-2ef4-4af5-b6a4-6f7b2dfda160,62.058105468750000,87.928672790527344,85.081047058105469,-122.3103110000,47.6747129600
TRE-19005,,,,,TRE-19005,Seattle Department of Transportation,Thuja plicata,Western Red Cedar,"31",Private,11108 MERIDIAN AV N,0214c8bc-b4e1-4f12-b050-9d42f02a4d46,62.867118835449219,87.834083557128906,85.256431579589844,-122.3336430000,47.7095077100
TRE-1074053,,,,,TRE-1074053,Seattle Department of Transportation,Thuja plicata,Western Red Cedar,"18",Private,2637 BOYLSTON AVE E,cab8cef9-f4d3-4faf-a94a-de5bb2a5c7e6,63.833259582519531,92.295478820800781,86.264030456542983,-122.3234560000,47.6442369500
TRE-1086779,,,,,TRE-1086779,Seattle Department of Transportation,Thuja plicata,Western Red Cedar,"50",Private,3857 NE 89TH ST,b3de0d69-4ba8-4c74-a063-3f5b88c66e79,59.875106811523438,86.933837890624986,83.360435485839844,-122.2856790000,47.6930166000
TRE-1189252,,,,,TRE-1189252,Seattle Department of Transportation,Thuja plicata,Western Red Cedar,"3",Private,7500 SW WEBSTER ST,5626e57c-19dc-401b-9578-fe35550f8579,61.928928375244141,88.984367370605469,85.741157531738281,-122.3870140000,47.5357722500
TRE-1137933,,,,,TRE-1137933,Seattle Department of Transportation,Thuja plicata,Western Red Cedar,"54",Private,22 HOWE ST,f1a7553b-ce35-4344-84e5-a246afb10d77,62.192028045654297,88.949645996093750,86.354400634765625,-122.3559380000,47.6360086000
TRE-45695,,,,,TRE-45695,Seattle Department of Transportation,Thuja plicata,Western Red Cedar,"36",Private,2624 E ROY ST,4b5dccd0-252d-43ed-a9b1-933671dd7e5c,61.593242645263672,88.014129638671875,83.954490661621094,-122.2976510000,47.6252141600
TRE-72597,,,,,TRE-72597,Seattle Department of Transportation,Thuja plicata,Western Red Cedar,"26",Private,3028 WALNUT AV SW,580f552d-c9d9-42bf-b98e-3e7142bb51f7,62.444229125976562,89.638221740722656,86.288711547851562,-122.3833960000,47.5760155500
TRE-6628,,,,,TRE-6628,Seattle Department of Transportation,Thuja plicata,Western Red Cedar,"32",Private,5200 11TH AV NE,088d1284-11d7-40f8-826c-e5d85791271a,63.293041229248047,88.097557067871094,87.335777282714844,-122.3160570000,47.6664980500
TRE-1148550,,,,,TRE-1148550,Seattle Department of Transportation,Thuja plicata,Western Red Cedar,"19",Private,4033 48TH AVE S,e4fd4f56-a558-4bd5-83c5-8daf740d2c7a,62.667579650878906,89.424201965332031,86.555618286132812,-122.2737730000,47.5665496800
TRE-1156618,,,,,TRE-1156618,Seattle Department of Transportation,Thuja plicata,Western Red Cedar,"40",Private,2340 14TH AVE E,558cf3a2-7287-43bc-8c73-1ee7881f0222,63.790550231933594,88.613197326660156,82.368682861328125,-122.3132070000,47.6407193800
TRE-1168553,,,,,TRE-1168553,Seattle Department of Transportation,Thuja plicata,Western Red Cedar,"7",Private,128 N 136TH ST,467acc91-5a18-4af6-8f83-be6c1861258c,62.419525146484375,88.027160644531250,84.703964233398438,-122.3570080000,47.7286997900
TRE-1169090,,,,,TRE-1169090,Seattle Department of Transportation,Thuja plicata,Western Red Cedar,"9",Private,13307 BITTER PL N,703b2b28-272a-4fd0-964e-b8851a6a7179,62.065734863281250,88.585823059082031,84.131622314453125,-122.3533910000,47.7255683100
TRE-1169291,,,,,TRE-1169291,Seattle Department of Transportation,Thuja plicata,Western Red Cedar,"7",Private,890 NW ELFORD DR,95a04a36-c242-457c-a78d-ef8c042f58e8,57.663074493408203,89.597152709960938,83.957176208496094,-122.3682450000,47.7283600100
TRE-1170536,,,,,TRE-1170536,Seattle Department of Transportation,Thuja plicata,Western Red Cedar,"18",Private,11008 3RD AVE NW,4c15ece8-c3ff-438f-86c7-a3c09f6a5bf6,61.085952758789062,88.276168823242188,84.283760070800781,-122.3604520000,47.7087999000
TRE-1170619,,,,,TRE-1170619,Seattle Department of Transportation,Thuja plicata,Western Red Cedar,"50",Private,210 NW 112TH ST,56b73ebb-b40d-45a6-9cb0-0b4650f63ba5,60.570648193359375,88.160667419433594,84.350341796875014,-122.3598860000,47.7105046100
TRE-1171055,,,,,TRE-1171055,Seattle Department of Transportation,Thuja plicata,Western Red Cedar,"32",Private,1203 NW 119TH ST,431f13d6-c7e6-48ed-8c1a-c44c7b0c99f3,58.269756317138672,89.221031188964844,84.328552246093750,-122.3720430000,47.7148950400
TRE-1174294,,,,,TRE-1174294,Seattle Department of Transportation,Thuja plicata,Western Red Cedar,"16",Private,6651 NE 60TH ST,0206d163-16e1-4df7-acb7-81631794b75f,61.478275299072266,89.118049621582031,85.855422973632812,-122.2541620000,47.6716860500
TRE-1134786,,,,,TRE-1134786,Seattle Department of Transportation,Thuja plicata,Western Red Cedar,"7",Private,3032 5TH AVE W,b4a67550-3dea-4aa8-8af3-9d0f54ad2cc0,62.655014038085938,88.344383239746094,83.467247009277344,-122.3635090000,47.6475359000
TRE-1141843,,,,,TRE-1141843,Seattle Department of Transportation,Thuja plicata,Western Red Cedar,"2",Seattle Department of Transportation,4700 DELRIDGE WY SW MEDIAN,5ed4d718-d9ee-45fc-adeb-01a5fabdbb20,58.922988891601562,88.518196105957017,85.877357482910156,-122.3628980000,47.5604392700
TRE-1142144,,,,,TRE-1142144,Seattle Department of Transportation,Thuja plicata,Western Red Cedar,"4",Seattle Department of Transportation,2701 1ST AVE S,677ce553-065a-44fb-965e-0e54f930d8d4,64.247444152832031,84.531387329101562,89.536216735839844,-122.3352690000,47.5922862700
TRE-1147324,,,,,TRE-1147324,Seattle Department of Transportation,Thuja plicata,Western Red Cedar,"1",Private,8337 38TH AVE S,dc955f7c-247f-4a1d-b811-2f88e3197b1b,61.701194763183594,89.052925109863281,87.547615051269531,-122.2854000000,47.5284902700
TRE-1178914,,,,,TRE-1178914,Seattle Department of Transportation,Thuja plicata 'Excelsa',Excelsa Western Red Cedar,"1",Seattle Department of Transportation,PIER 46,b543b9e8-980a-4e1e-bfb3-fe25bebaeea0,64.376403808593750,84.871383666992188,88.601417541503906,-122.3364400000,47.5925464600
TRE-1183095,,,,,TRE-1183095,Seattle Department of Transportation,Thuja plicata,Western Red Cedar,"13",Private,2019 N 145th St,037d0066-c929-473f-be26-ae3e7946d3c2,63.309360504150391,88.318229675292983,83.165466308593750,-122.3348230000,47.7340690600
TRE-1185012,,,,,TRE-1185012,Seattle Department of Transportation,Thuja plicata,Western Red Cedar,"50",Private,603 EVANSTON AVE N,02ad7f78-3fc8-4e53-a612-04bfcc87edf3,62.197662353515625,89.728271484375014,84.859336853027344,-122.3509060000,47.7020876900
TRE-1116919,,,,,TRE-1116919,Seattle Department of Transportation,Thuja plicata,Western Red Cedar,"13",Private,3649 39TH AVE W,9c3bbb19-6aea-4c41-a279-82d8daa55299,62.139015197753906,89.362274169921875,85.032836914062500,-122.4069120000,47.6536138300
TRE-1136652,,,,,TRE-1136652,Seattle Department of Transportation,Thuja plicata,Western Red Cedar,"5",Private,508 W COMSTOCK ST,9dc80aeb-8e5a-4648-92f3-88243bfb2037,62.275028228759766,88.122283935546875,84.088607788085938,-122.3636780000,47.6305155700
TRE-1147038,,,,,TRE-1147038,Seattle Department of Transportation,Thuja plicata,Western Red Cedar,"32",Seattle Parks and Recreation,S MT BAKER BLVD MEDIAN,076a81f3-22e6-4cf0-8f88-9541098ea7f9,62.382007598876953,89.476829528808594,86.628005981445312,-122.2936640000,47.5765930700
TRE-1170537,,,,,TRE-1170537,Seattle Department of Transportation,Thuja plicata,Western Red Cedar,"12",Private,11008 3RD AVE NW,d9f3f3a8-777d-465d-8b8b-78c4ada90411,61.191703796386719,88.441276550292983,84.356056213378906,-122.3602910000,47.7088157800
TRE-1177079,,,,,TRE-1177079,Seattle Department of Transportation,Thuja plicata,Western Red Cedar,"5",Private,6009 53RD AVE NE,59cf83c5-daef-49d8-a334-c607bce205ed,62.047748565673835,89.484329223632812,85.667953491210938,-122.2704880000,47.6725911200
TRE-1099122,,,,,TRE-1099122,Seattle Department of Transportation,Thuja plicata,Western Red Cedar,"4",Private,7743 12TH AVE NW,e67bc706-a2e0-49aa-9a11-f598676ccf92,60.368270874023438,84.078903198242188,82.241050720214844,-122.3715180000,47.6863621500
TRE-1105587,,,,,TRE-1105587,Seattle Department of Transportation,Thuja plicata,Western Red Cedar,"2",Private,10023 12TH AVE NW,f0d91da9-356d-45a5-8693-52b12e6cd49b,62.445648193359375,88.158744812011719,84.964286804199219,-122.3715140000,47.7020449200
TRE-1077108,,,,,TRE-1077108,Seattle Department of Transportation,Thuja plicata,Western Red Cedar,"8",Private,212 E GALER ST,3d21f094-9d21-41cf-b987-59449bd956e6,63.162540435791016,90.153396606445312,85.309967041015625,-122.3249720000,47.6325455200
TRE-1105935,,,,,TRE-1105935,Seattle Department of Transportation,Thuja plicata,Western Red Cedar,"38",Private,1056 NE 120TH ST,f7d7bc4c-c52d-44fb-a573-87e1a3f4cdae,62.090328216552734,87.899391174316406,84.536163330078125,-122.3153680000,47.7159223600
TRE-1114270,,,,,TRE-1114270,Seattle Department of Transportation,Thuja plicata,Western Red Cedar,"5",Private,11036 30TH AVE NE,bca313b0-5854-4464-90d1-f8e5da890b3c,61.426311492919922,87.964851379394531,84.847419738769531,-122.2961260000,47.7094931900
TRE-1086275,,,,,TRE-1086275,Seattle Department of Transportation,Thuja plicata,Western Red Cedar,"22",Private,11734 NE Sand Point Wy,1fc31819-0bea-438d-b613-0d4747d847eb,62.050872802734375,89.167175292968750,86.315849304199219,-122.2823950000,47.7146426200
TRE-1086406,,,,,TRE-1086406,Seattle Department of Transportation,Thuja plicata,Western Red Cedar,"6",Private,9521 49TH AVE NE,397aa8f3-313b-4551-95e6-84c2713dd001,61.332519531250000,88.626396179199219,86.207511901855469,-122.2756560000,47.6974483700
TRE-1086832,,,,,TRE-1086832,Seattle Department of Transportation,Thuja plicata,Western Red Cedar,"7",Private,8812 42ND AV NE,24792a78-5a73-498b-b682-a30b6d3fbf0c,59.649318695068359,85.874397277832031,83.532730102539062,-122.2824520000,47.6929289600
,"14252",,,,"14252",Seattle Parks and Recreation,Thuja plicata,Western Red Cedar,"22",Seattle Parks and Recreation,Mount Baker Park,d1a8ce8e-4092-49f3-8c47-3d679323cb76,61.606849670410163,87.512741088867188,84.070915222167969,-122.2891350000,47.5811721900
,"6413",,,,"6413",Seattle Parks and Recreation,Thuja plicata,Western Red Cedar,"14",Seattle Parks and Recreation,Gas Works Park,9f10f122-7355-4fe6-9a0d-67ca5a38b47b,63.689132690429688,88.885688781738281,84.830795288085938,-122.3367950000,47.6460621200
,"23147",,,,"23147",Seattle Parks and Recreation,Thuja plicata,Western Red Cedar,"36",Seattle Parks and Recreation,Frink Park,396ab946-e162-4e62-b2ba-7c55bf780665,61.832431793212891,87.571762084960938,83.472892761230469,-122.2918200000,47.6002690400
,"23146",,,,"23146",Seattle Parks and Recreation,Thuja plicata,Western Red Cedar,"45",Seattle Parks and Recreation,Frink Park,b8c7c3da-99c3-48d9-9a41-983ef4cbc0f3,61.826335906982422,87.592048645019531,83.371086120605469,-122.2918170000,47.6003746800
,"23551",,,,"23551",Seattle Parks and Recreation,Thuja plicata,Western Red Cedar,"36",Seattle Parks and Recreation,Woodland Park,d99de671-f840-48c3-b652-33cead5c38d7,60.989658355712891,87.685348510742188,84.104125976562500,-122.3453820000,47.6670889700
,"24272",,,,"24272",Seattle Parks and Recreation,Thuja plicata 'Zebrina',Zebrina Western Red Cedar,"25",Seattle Parks and Recreation,Warren G. Magnuson Park,ff57fe89-c197-49b5-be6c-de7fec9e4184,62.776290893554688,90.050819396972656,87.140434265136719,-122.2615180000,47.6825552900
,"24340",,,,"24340",Seattle Parks and Recreation,Thuja plicata 'Zebrina',Zebrina Western Red Cedar,"23",Seattle Parks and Recreation,Lake Washington Boulevard,785c2493-ad1c-49d8-a84c-355cd031213c,61.394828796386719,88.617332458496094,85.599555969238281,-122.2834150000,47.6215980500
,"33364",,,,"33364",Seattle Parks and Recreation,Thuja plicata,Western Red Cedar,"14",Seattle Parks and Recreation,Bitter Lake Playfield,0e98aa20-0898-49d5-b03c-eae319a6f04b,63.487808227539062,89.320045471191406,85.468124389648438,-122.3489780000,47.7233425600
,"34056",,,,"34056",Seattle Parks and Recreation,Thuja plicata,Western Red Cedar,"32",Seattle Parks and Recreation,Mount Baker Park,e2523eb2-baaa-4328-bbe1-1abd1c4207b1,62.287776947021491,87.769660949707017,84.576515197753906,-122.2888970000,47.5793394700
,"5996",,,,"5996",Seattle Parks and Recreation,Thuja plicata,Western Red Cedar,"2",Seattle Parks and Recreation,Green Lake Park,9154faca-cf76-4d0e-8aaf-8f92106cb678,63.033870697021491,88.801765441894531,85.158073425292983,-122.3271490000,47.6811495000
,"12534",,,,"12534",Seattle Parks and Recreation,Thuja plicata,Western Red Cedar,"25",Seattle Parks and Recreation,Discovery Park,5dc3a2ec-02dc-47be-a937-f5d319155c14,59.806632995605469,88.493286132812500,84.084411621093750,-122.4048140000,47.6580597100
,"6172",,,,"6172",Seattle Parks and Recreation,Thuja plicata,Western Red Cedar,"10",Seattle Parks and Recreation,Burke-Gilman Trail,d5351242-7e30-4288-8052-91a3d921e24a,,,,-122.2762410000,47.7094542200
,"18342",,,,"18342",Seattle Parks and Recreation,Thuja plicata,Western Red Cedar,"49",Seattle Parks and Recreation,,9bb23e99-2b6b-484e-92f1-aaf118887e7a,60.049243927001953,88.047843933105469,84.097793579101562,-122.4037630000,47.6594063900
,"18346",,,,"18346",Seattle Parks and Recreation,Thuja plicata,Western Red Cedar,"18",Seattle Parks and Recreation,,e935cacb-9ba6-4304-8ef3-36af5b30b65a,61.196323394775391,87.386711120605469,84.402923583984375,-122.4036760000,47.6615823800
,"18352",,,,"18352",Seattle Parks and Recreation,Thuja plicata,Western Red Cedar,"10",Seattle Parks and Recreation,,9d279e3f-468c-486a-9967-45010b55fec8,61.396503448486328,87.622856140136719,84.710067749023438,-122.4036620000,47.6621273900
,"6357",,,,"6357",Seattle Parks and Recreation,Thuja plicata,Western Red Cedar,"14",Seattle Parks and Recreation,Gas Works Park,194cf11f-8199-42a0-89fe-b2fa15df8adb,63.771438598632812,89.147369384765625,85.204963684082031,-122.3372270000,47.6461874200
,"6373",,,,"6373",Seattle Parks and Recreation,Thuja plicata,Western Red Cedar,"8",Seattle Parks and Recreation,Gas Works Park,ca335ec4-13e4-4dd5-8c79-706d323e7051,63.779323577880859,88.988327026367188,85.074676513671875,-122.3370980000,47.6461060800
,"6382",,,,"6382",Seattle Parks and Recreation,Thuja plicata,Western Red Cedar,"8",Seattle Parks and Recreation,Gas Works Park,03347efa-fbeb-4bac-bb9b-4eda3939ebfd,63.729270935058594,88.917449951171875,84.874435424804688,-122.3369370000,47.6460369900
,"6387",,,,"6387",Seattle Parks and Recreation,Thuja plicata,Western Red Cedar,"19",Seattle Parks and Recreation,Gas Works Park,b4e1278e-ac0f-4fda-b86e-6a9fadea17c2,63.553890228271491,88.643913269042983,84.537216186523438,-122.3345740000,47.6462964900
,"6395",,,,"6395",Seattle Parks and Recreation,Thuja plicata,Western Red Cedar,"14",Seattle Parks and Recreation,Gas Works Park,00769c39-72a6-4462-aab5-f5a80d132269,63.551738739013672,88.413063049316406,84.308891296386719,-122.3346620000,47.6461710800
,"6398",,,,"6398",Seattle Parks and Recreation,Thuja plicata,Western Red Cedar,"8",Seattle Parks and Recreation,Gas Works Park,43d16ad7-5753-445f-92d9-fb7c8a563d36,63.779323577880859,88.988327026367188,85.074676513671875,-122.3370570000,47.6460951100
,"6399",,,,"6399",Seattle Parks and Recreation,Thuja plicata,Western Red Cedar,"8",Seattle Parks and Recreation,Gas Works Park,735d6267-c952-4278-b612-260d934f56db,63.729270935058594,88.917449951171875,84.874435424804688,-122.3368780000,47.6460174100
,"6403",,,,"6403",Seattle Parks and Recreation,Thuja plicata,Western Red Cedar,"21",Seattle Parks and Recreation,Gas Works Park,054b6818-017c-4ff1-ada4-b0bd06b97341,63.462337493896491,88.403457641601562,84.278060913085938,-122.3347910000,47.6462144500
,"19008",,,,"19008",Seattle Parks and Recreation,Thuja plicata,Western Red Cedar,"12",Seattle Parks and Recreation,Jackson Park Golf Course,c67f2a6f-ee35-4ccd-9714-1ef24aaf5684,59.873085021972656,87.178344726562500,84.360153198242188,-122.3180520000,47.7256859100
,"19009",,,,"19009",Seattle Parks and Recreation,Thuja plicata,Western Red Cedar,"12",Seattle Parks and Recreation,Jackson Park Golf Course,27f3e244-7149-4ea4-a135-94524bad4e1b,60.004161834716797,87.053306579589844,84.377395629882812,-122.3180720000,47.7254551600
,"19073",,,,"19073",Seattle Parks and Recreation,Thuja plicata,Western Red Cedar,"12",Seattle Parks and Recreation,Interbay Golf,f8583e7d-c3c3-403e-8540-4048f940db69,62.004516601562493,88.033027648925781,84.347915649414062,-122.3770280000,47.6445983700
,"19075",,,,"19075",Seattle Parks and Recreation,Thuja plicata,Western Red Cedar,"12",Seattle Parks and Recreation,Interbay Golf,e65c4ce8-18ed-41ab-8c5c-be6392c246d4,61.988990783691406,87.994781494140625,84.412811279296875,-122.3769610000,47.6448235700
,"13230",,,,"13230",Seattle Parks and Recreation,Thuja plicata,Western Red Cedar,"46",Seattle Parks and Recreation,Discovery Park,54bc1dc6-4a18-423d-a20f-bde3f7772440,58.566745758056641,89.397979736328125,84.511329650878906,-122.4109150000,47.6662580000
,"20227",,,,"20227",Seattle Parks and Recreation,Thuja plicata,Western Red Cedar,"32",Seattle Parks and Recreation,Lakeview Park,0ad2d330-3b11-45b8-8397-bb29c982f679,61.623111724853509,88.649391174316406,85.940002441406250,-122.2848330000,47.6217020000
,"6983",,,,"6983",Seattle Parks and Recreation,Thuja plicata,Western Red Cedar,"31",Seattle Parks and Recreation,Lincoln Park,92c2c03a-7e7d-44e4-b33b-d3068e88911b,61.406936645507812,88.708282470703125,85.336219787597670,-122.3942450000,47.5290082500
,"7102",,,,"7102",Seattle Parks and Recreation,Thuja plicata,Western Red Cedar,"16",Seattle Parks and Recreation,Woodland Park,e557e081-9ee7-4a63-ab1c-5da0f8c25626,59.863803863525391,87.518577575683594,84.128715515136719,-122.3461420000,47.6715103000
,"20477",,,,"20477",Seattle Parks and Recreation,Thuja plicata,Western Red Cedar,"29",Seattle Parks and Recreation,Lincoln Park,e48ac680-6856-495d-903f-54a269179abd,62.714088439941406,89.201393127441406,86.526412963867188,-122.3942440000,47.5366145500
,"13796",,,,"13796",Seattle Parks and Recreation,Thuja plicata,Western Red Cedar,"18",Seattle Parks and Recreation,Woodland Park,9038b7d3-e47c-42ce-8a9d-bb32b3eeca8f,61.271221160888672,88.795310974121094,85.077796936035156,-122.3439690000,47.6660623000
,"20097",,,,"20097",Seattle Parks and Recreation,Thuja plicata,Western Red Cedar,"20",Seattle Parks and Recreation,Lincoln Park,499dc231-2b7a-4b80-9772-b90bdd706fa7,60.792583465576165,88.763832092285156,84.969680786132812,-122.3938750000,47.5305025800
,"14217",,,,"14217",Seattle Parks and Recreation,Thuja plicata,Western Red Cedar,"18",Seattle Parks and Recreation,Mount Baker Park,7026b6a2-2786-4394-ad5a-a58700241b1c,61.698108673095703,87.506187438964844,84.080841064453125,-122.2891930000,47.5808882100
,"14251",,,,"14251",Seattle Parks and Recreation,Thuja plicata,Western Red Cedar,"15",Seattle Parks and Recreation,Mount Baker Park,a179090a-c840-4bf5-90bb-51c2a99fbdfd,61.637790679931641,87.502418518066406,84.112960815429673,-122.2891730000,47.5810253700
,"7729",,,,"7729",Seattle Parks and Recreation,Thuja plicata,Western Red Cedar,"2",Seattle Parks and Recreation,Woodland Park,f892e566-3c46-44a9-905c-8f188142375c,59.939346313476562,87.693969726562500,83.978454589843750,-122.3437510000,47.6706575700
,"14589",,,,"14589",Seattle Parks and Recreation,Thuja plicata,Western Red Cedar,"27",Seattle Parks and Recreation,Camp Long,5099a4e8-199f-4191-825a-ce019329bb5b,61.257240295410163,88.506446838378906,84.223922729492188,-122.3742260000,47.5544218000
,"3157",,,,"3157",Seattle Parks and Recreation,Thuja plicata,Western Red Cedar,"29",Seattle Parks and Recreation,Lake Washington Boulevard,b984ba70-77bd-49de-8b1a-167048f616e0,61.630695343017578,89.156013488769531,86.156661987304688,-122.2652990000,47.5609688400
,"14810",,,,"14810",Seattle Parks and Recreation,Thuja plicata,Western Red Cedar,"17",Seattle Parks and Recreation,Seward Park,16594667-97fb-43c8-807f-37a3bfb7232d,,,,-122.2475170000,47.5549505200
,"14930",,,,"14930",Seattle Parks and Recreation,Thuja plicata,Western Red Cedar,"23",Seattle Parks and Recreation,Seward Park,29b54be0-2e62-453d-8ed1-c97df2bd104a,,,,-122.2519010000,47.5620117800
,"15093",,,,"15093",Seattle Parks and Recreation,Thuja plicata,Western Red Cedar,"26",Seattle Parks and Recreation,Seward Park,ee21122d-3d9c-45db-a03f-cd65e36a7b96,60.305259704589837,89.973617553710938,83.516159057617188,-122.2536640000,47.5516709800
,"15098",,,,"15098",Seattle Parks and Recreation,Thuja plicata,Western Red Cedar,"47",Seattle Parks and Recreation,Seward Park,e9a0e4de-787c-4546-b2a1-e44894272fe9,60.314479827880859,90.215179443359375,83.926811218261719,-122.2546220000,47.5523153300
,"15112",,,,"15112",Seattle Parks and Recreation,Thuja plicata,Western Red Cedar,"34",Seattle Parks and Recreation,Seward Park,089debf3-367d-4898-b2f0-39bf56fba2f6,,,,-122.2560810000,47.5522221300
,"12624",,,,"12624",Seattle Parks and Recreation,Thuja plicata,Western Red Cedar,"24",Seattle Parks and Recreation,Discovery Park Boulevard,7f811bd9-5aae-435b-b3a5-5b790995b2bb,60.007053375244141,88.437156677246094,84.091026306152330,-122.4044280000,47.6584443700
,"8886",,,,"8886",Seattle Parks and Recreation,Thuja plicata,Western Red Cedar,"0",Seattle Parks and Recreation,Woodland Park,b627ed7d-046f-4967-a021-de2b019237c6,60.332595825195312,87.214218139648438,83.844070434570327,-122.3456100000,47.6696555000
,"15376",,,,"15376",Seattle Parks and Recreation,Thuja plicata,Western Red Cedar,"0",Seattle Parks and Recreation,Volunteer Park,ade1a9c8-2b89-4f66-9387-45642c535ff6,60.291866302490234,89.249511718750000,85.483001708984375,-122.3160120000,47.6311646600
,"8913",,,,"8913",Seattle Parks and Recreation,Thuja plicata,Western Red Cedar,"25",Seattle Parks and Recreation,Salmon Bay Park,9f17e0f4-b7f2-4fef-8dc6-256be07d44f7,59.236347198486328,83.607833862304688,80.563064575195312,-122.3819960000,47.6795198400
,"15397",,,,"15397",Seattle Parks and Recreation,Thuja plicata,Western Red Cedar,"8",Seattle Parks and Recreation,Waterway 19,7866876f-ca78-4cb7-acad-c734a0eb710e,64.079994201660156,89.224067687988281,84.681167602539062,-122.3328540000,47.6471756100
,"13236",,,,"13236",Seattle Parks and Recreation,Thuja plicata,Western Red Cedar,"30",Seattle Parks and Recreation,Discovery Park,bea0ee52-d939-4911-8f45-9e46580a9b8c,58.691455841064453,89.310424804687500,84.604606628417969,-122.4107620000,47.6660396300
,"9309",,,,"9309",Seattle Parks and Recreation,Thuja plicata,Western Red Cedar,"12",Seattle Parks and Recreation,Bryant Playground,2854d55d-f5f6-4ef9-94a7-0b559790f1ce,62.016956329345703,89.294967651367188,85.716430664062500,-122.2831910000,47.6748739800
,"15777",,,,"15777",Seattle Parks and Recreation,Thuja plicata,Western Red Cedar,"24",Seattle Parks and Recreation,Lincoln Park,ea1fba63-3b38-4f62-afdc-61774ad3756f,61.178901672363281,88.756103515624986,85.293388366699219,-122.3941450000,47.5292547700
,"9436",,,,"9436",Seattle Parks and Recreation,Thuja plicata,Western Red Cedar,"31",Seattle Parks and Recreation,Othello Park,ae66d1a2-93b4-4800-8121-2a035871101b,63.694065093994141,90.064094543457017,86.876747131347670,-122.2775420000,47.5358658900
,"15819",,,,"15819",Seattle Parks and Recreation,Thuja plicata,Western Red Cedar,"20",Seattle Parks and Recreation,Lincoln Park,6151763a-c186-43fd-988e-802c226c2179,62.733753204345703,88.757308959960938,86.450798034667969,-122.3940370000,47.5270988200
,"9656",,,,"9656",Seattle Parks and Recreation,Thuja plicata,Western Red Cedar,"19",Seattle Parks and Recreation,Othello Park,348918c6-5bd7-45f8-bcb7-ede0d2922d96,63.551082611083984,90.022140502929673,86.908401489257812,-122.2777690000,47.5357446700
TRE-1176754,,,,,TRE-1176754,Seattle Department of Transportation,Thuja plicata,Western Red Cedar,"29",Private,7500 63RD AVE NE,25663ded-433d-4d33-b6f2-446a5f379ced,62.454944610595703,89.930519104003906,87.475769042968750,-122.2615210000,47.6831214900
,"3520",,,,"3520",Seattle Parks and Recreation,Thuja plicata,Western Red Cedar,"27",Seattle Parks and Recreation,Mount Baker Boulevard,80928aae-9836-4dc0-b99e-1e4c4e791c96,62.790332794189453,87.635101318359375,83.620826721191406,-122.2889980000,47.5772049400
,"4791",,,,"4791",Seattle Parks and Recreation,Thuja plicata,Western Red Cedar,"40",Seattle Parks and Recreation,Lake Washington Boulevard,f466d4ee-0e12-411d-84f0-9bead0ef3217,,,,-122.2646870000,47.5609769900
,"6375",,,,"6375",Seattle Parks and Recreation,Thuja plicata,Western Red Cedar,"8",Seattle Parks and Recreation,Gas Works Park,e8e17622-9858-488e-9603-93bcbd2c5606,63.622173309326165,88.635963439941406,84.638122558593750,-122.3344900000,47.6462635100
,"16636",,,,"16636",Seattle Parks and Recreation,Thuja plicata,Western Red Cedar,"44",Seattle Parks and Recreation,Burke-Gilman Trail,9c98f661-21cd-4a1c-ab5a-60546801c636,,,,-122.2768670000,47.7115782400
,"16657",,,,"16657",Seattle Parks and Recreation,Thuja plicata,Western Red Cedar,"58",Private,Burke-Gilman Trail,7fd3fd5a-2a23-4734-b6c2-e5fd111cb440,61.620597839355469,89.229232788085938,85.619033813476562,-122.2816820000,47.7223091400
,"11152",,,,"11152",Seattle Parks and Recreation,Thuja plicata,Western Red Cedar,"16",Seattle Parks and Recreation,Schmitz Preserve Park,b6e7ba57-ff55-4a57-84e4-220d7d9e3911,61.172576904296875,88.045013427734375,84.124664306640625,-122.4026420000,47.5762497900
,"12377",,,,"12377",Seattle Parks and Recreation,Thuja plicata,Western Red Cedar,"10",Seattle Parks and Recreation,Schmitz Boulevard,56332dc0-b8cf-40d7-89d0-8b12089b6903,61.237094879150391,88.006347656250000,84.095771789550781,-122.4027060000,47.5765150000
,"11896",,,,"11896",Seattle Parks and Recreation,Thuja plicata,Western Red Cedar,"17",Seattle Parks and Recreation,Interlaken Park,a13386fa-654f-44bf-94bd-7de076cd1866,59.920688629150391,88.242446899414062,83.944152832031250,-122.3082120000,47.6331651700
,"11910",,,,"11910",Seattle Parks and Recreation,Thuja plicata,Western Red Cedar,"14",Seattle Parks and Recreation,Interlaken Park,6f19ffa1-f1a4-4c0f-a20c-efad5b2d7387,59.382198333740234,88.662658691406250,83.947685241699219,-122.3073630000,47.6341498300
,"11925",,,,"11925",Seattle Parks and Recreation,Thuja plicata,Western Red Cedar,"35",Seattle Parks and Recreation,Interlaken Park,64f13d54-1d7e-46ea-926b-e54a15459b94,59.348022460937507,88.352218627929673,83.635360717773438,-122.3073070000,47.6348153500
,"829",,,,"829",Seattle Parks and Recreation,Thuja plicata,Western Red Cedar,"14",Seattle Parks and Recreation,Lincoln Park,08dc1725-3a21-4a30-9178-21fd5cfe8c44,60.467857360839837,89.899452209472656,83.899955749511719,-122.3985370000,47.5296207400
,"1030",,,,"1030",Seattle Parks and Recreation,Thuja plicata,Western Red Cedar,"20",Seattle Parks and Recreation,Jefferson Park,afc83c55-73b8-4c69-a0dd-bd7d2fb883ae,60.799610137939453,89.891220092773438,87.020889282226562,-122.3100440000,47.5675673800
,"3119",,,,"3119",Seattle Parks and Recreation,Thuja plicata,Western Red Cedar,"20",Seattle Parks and Recreation,Colman Park,b62f36b8-726f-4ed5-9eeb-73dd02f3ff11,61.146793365478509,87.564750671386719,84.853507995605469,-122.2899210000,47.5866684500
,"3904",,,,"3904",Seattle Parks and Recreation,Thuja plicata,Western Red Cedar,"14",Seattle Parks and Recreation,Colman Park,86f5a901-5eac-4977-8cea-7e5f3ea467f2,61.761543273925781,87.936622619628906,85.466163635253906,-122.2893860000,47.5872206400
,"3967",,,,"3967",Seattle Parks and Recreation,Thuja plicata,Western Red Cedar,"20",Seattle Parks and Recreation,Lake Washington Boulevard,66dbba2d-7ff7-441b-a607-103804f463c3,61.398612976074219,87.813552856445312,84.388977050781250,-122.2901110000,47.5980862200
,"4264",,,,"4264",Seattle Parks and Recreation,Thuja plicata,Western Red Cedar,"3",Seattle Parks and Recreation,Van Asselt Playground,1107fa10-6aac-45f6-81ac-c1f2f657b8f8,62.292930603027344,88.777137756347670,86.102172851562500,-122.2931210000,47.5399439800
,"4365",,,,"4365",Seattle Parks and Recreation,Thuja plicata,Western Red Cedar,"32",Seattle Parks and Recreation,Warren G. Magnuson Park,041d83df-7268-4227-9006-3346ad2b2e85,61.251300811767578,89.519874572753906,86.920898437500000,-122.2613120000,47.6761768800
,"4665",,,,"4665",Seattle Parks and Recreation,Thuja plicata,Western Red Cedar,"20",Seattle Parks and Recreation,Volunteer Park,2291f4a0-f3a2-4f14-a26e-3dd55798b36e,60.250419616699219,89.557540893554688,85.885131835937500,-122.3126620000,47.6322836800
,"4730",,,,"4730",Seattle Parks and Recreation,Thuja plicata,Western Red Cedar,"10",Seattle Parks and Recreation,Volunteer Park,3522857c-39f3-4679-87d8-8c0feee1cf7e,60.371025085449219,89.370857238769531,86.129714965820327,-122.3139980000,47.6322182700
,"4749",,,,"4749",Seattle Parks and Recreation,Thuja plicata,Western Red Cedar,"32",Seattle Parks and Recreation,Volunteer Park,f5e7781b-ebd7-4724-afa5-dd104723ad5b,60.539581298828125,89.185585021972656,85.763267517089844,-122.3146810000,47.6319102200
,"4790",,,,"4790",Seattle Parks and Recreation,Thuja plicata,Western Red Cedar,"20",Seattle Parks and Recreation,Lake Washington Boulevard,f1cd2dac-b8f6-4b1a-83df-b64f2ec9b9c2,,,,-122.2652210000,47.5610940600
,"36037",,,,"36037",Seattle Parks and Recreation,Thuja plicata,Western Red Cedar,"28",Seattle Parks and Recreation,Loyal Heights Playfield,f7d022de-8354-4074-b653-54c3658cd56d,59.546581268310547,83.397720336914062,81.454734802246094,-122.3825640000,47.6845166200
,"36170",,,,"36170",Seattle Parks and Recreation,Thuja plicata,Western Red Cedar,"22",Seattle Parks and Recreation,Jefferson Park,9226a513-7bd0-4fcb-ad7f-c02169098022,60.616794586181641,89.799758911132812,87.042053222656250,-122.3099850000,47.5671539700
,"36177",,,,"36177",Seattle Parks and Recreation,Thuja plicata,Western Red Cedar,"34",Seattle Parks and Recreation,Jefferson Park,a4bd05cb-c6e9-40f2-b807-a043bd76b26b,60.586444854736328,89.816940307617188,87.073402404785156,-122.3098640000,47.5671030500
,"2972",,,,"2972",Seattle Parks and Recreation,Thuja plicata 'Zebrina',Zebrina Western Red Cedar,"37",Seattle Parks and Recreation,College Street Park,e4477866-33d1-4564-b5fd-f76cdf8f7734,62.523620605468750,89.236511230468750,84.649810791015625,-122.2949620000,47.5825780300
,"4080",,,,"4080",Seattle Parks and Recreation,Thuja plicata,Western Red Cedar,"28",Seattle Parks and Recreation,Colman Park,3c356192-6e90-49a8-af48-8ec74258dcae,61.172622680664062,87.619812011718750,84.810180664062500,-122.2900270000,47.5866780000
,"4238",,,,"4238",Seattle Parks and Recreation,Thuja plicata,Western Red Cedar,"15",Seattle Parks and Recreation,Madison Park,09091c44-8518-4692-ae0b-4fe2c5e35948,,,,-122.2764660000,47.6364178800
,"4313",,,,"4313",Seattle Parks and Recreation,Thuja plicata,Western Red Cedar,"12",Seattle Parks and Recreation,,38832c1c-8735-4b06-a6c0-de6a0554191e,61.619857788085938,89.337005615234375,87.322677612304688,-122.2619510000,47.6776844300
,"4322",,,,"4322",Seattle Parks and Recreation,Thuja plicata,Western Red Cedar,"4",Seattle Parks and Recreation,Van Asselt Playground,1f66ba20-7687-4ab3-8147-596afc4d5d0f,62.623554229736328,88.832168579101562,86.252609252929673,-122.2937320000,47.5398858900
,"4460",,,,"4460",Seattle Parks and Recreation,Thuja plicata,Western Red Cedar,"18",Seattle Parks and Recreation,Volunteer Park,86b90419-1138-413d-97e6-330041d3ab4f,61.936424255371094,87.083015441894531,83.505325317382812,-122.3128400000,47.6293369400
,"4515",,,,"4515",Seattle Parks and Recreation,Thuja plicata,Western Red Cedar,"30",Seattle Parks and Recreation,Volunteer Park,44866ce5-26ea-4585-8afc-0f87ca71b631,62.376174926757812,87.359771728515625,83.239883422851562,-122.3140100000,47.6288162500
,"4760",,,,"4760",Seattle Parks and Recreation,Thuja plicata,Western Red Cedar,"29",Seattle Parks and Recreation,Volunteer Park,1eb43219-864b-4a5f-b578-e77fcf8972fc,60.025455474853509,88.088264465332031,84.254081726074219,-122.3136830000,47.6308195500
,"4872",,,,"4872",Seattle Parks and Recreation,Thuja plicata,Western Red Cedar,"4",Seattle Parks and Recreation,Colman Park,600854d3-3886-48e5-9b64-67e24d3466a8,61.318851470947266,87.868453979492188,84.970962524414062,-122.2895520000,47.5866099000
,"5285",,,,"5285",Seattle Parks and Recreation,Thuja plicata,Western Red Cedar,"15",Seattle Parks and Recreation,Volunteer Park,b4c2d4c5-bc36-4bbd-b61c-4f9e8d54d79e,60.812469482421875,89.173194885253906,86.098983764648438,-122.3149360000,47.6322563700
,"5286",,,,"5286",Seattle Parks and Recreation,Thuja plicata,Western Red Cedar,"17",Seattle Parks and Recreation,Volunteer Park,9915a963-d902-48ea-846e-346ebfad9524,60.836570739746094,89.147171020507812,86.159439086914062,-122.3150040000,47.6322790800
,"6001",,,,"6001",Seattle Parks and Recreation,Thuja plicata,Western Red Cedar,"0",Seattle Parks and Recreation,Woodland Park,38596231-f87a-4fb6-93e6-eabb24c3213e,61.282939910888672,86.852134704589844,83.929092407226562,-122.3467560000,47.6693078800
,"6009",,,,"6009",Seattle Parks and Recreation,Thuja plicata,Western Red Cedar,"0",Seattle Parks and Recreation,Woodland Park,0b7a161d-a853-4aa5-93a2-e8f966935dd3,61.510910034179688,86.888870239257812,83.902877807617188,-122.3465640000,47.6688856300
,"6380",,,,"6380",Seattle Parks and Recreation,Thuja plicata,Western Red Cedar,"8",Seattle Parks and Recreation,Gas Works Park,baee2d73-42f1-421e-b6af-74da1b2b3db7,63.697826385498047,88.954978942871094,85.110069274902330,-122.3369520000,47.6460740300
,"6386",,,,"6386",Seattle Parks and Recreation,Thuja plicata,Western Red Cedar,"8",Seattle Parks and Recreation,Gas Works Park,be109fc9-0a96-43d6-ab56-9a507fcc641f,63.729270935058594,88.917449951171875,84.874435424804688,-122.3368770000,47.6460340600
,"6407",,,,"6407",Seattle Parks and Recreation,Thuja plicata,Western Red Cedar,"5",Seattle Parks and Recreation,Gas Works Park,c71e5614-b38d-4009-9659-d0f034d0fab2,63.416088104248047,88.237838745117188,84.116409301757812,-122.3349070000,47.6461344000
,"6465",,,,"6465",Seattle Parks and Recreation,Thuja plicata,Western Red Cedar,"7",Seattle Parks and Recreation,Gas Works Park,d7d5d7aa-8677-43da-b4b1-e5fc6c70d7a2,63.379329681396491,88.353408813476562,84.146850585937500,-122.3353780000,47.6460507800
,"6489",,,,"6489",Seattle Parks and Recreation,Thuja plicata,Western Red Cedar,"28",Seattle Parks and Recreation,Ravenna Park,65cdd67f-fd40-41f3-9de4-b3d52bceb1e8,61.374408721923835,87.590118408203125,84.088005065917969,-122.3073030000,47.6728496700
,"6769",,,,"6769",Seattle Parks and Recreation,Thuja plicata,Western Red Cedar,"9",Seattle Parks and Recreation,Trolley Hill Park,01f140b9-2fb3-4f7b-9ba8-c09b378b8879,62.581604003906250,88.492309570312500,83.193527221679673,-122.3474580000,47.6349881000
,"6935",,,,"6935",Seattle Parks and Recreation,Thuja plicata,Western Red Cedar,"5",Seattle Parks and Recreation,View Ridge Playfield,52b3671b-8cfb-4909-babf-32d0eda6b9ca,62.364116668701165,89.619407653808594,86.514099121093750,-122.2803120000,47.6800343700
,"33171",,,,"33171",Seattle Parks and Recreation,Thuja plicata,Western Red Cedar,"32",Seattle Parks and Recreation,Discovery Park,33d22950-27ef-421d-bf3f-3fe21985136f,61.360610961914062,88.960319519042983,86.032951354980469,-122.4125920000,47.6701125500
,"33162",,,,"33162",Seattle Parks and Recreation,Thuja plicata,Western Red Cedar,"0",Seattle Parks and Recreation,Montlake Playfield,71804ed0-60dd-4fff-b6de-6d452ae357e0,62.234546661376953,87.035705566406250,83.270751953124986,-122.3089620000,47.6418899000
,"35784",,,,"35784",Seattle Parks and Recreation,Thuja plicata,Western Red Cedar,"14",Seattle Parks and Recreation,Lincoln Park,a5fb8d9c-ddcd-49d2-86dc-04078d895f90,61.214916229248047,88.751823425292983,85.477111816406250,-122.3938660000,47.5334871200
,"35808",,,,"35808",Seattle Parks and Recreation,Thuja plicata,Western Red Cedar,"32",Seattle Parks and Recreation,Woodland Park,2f351f2c-35db-4ef4-8ba8-64908f68af37,60.881355285644531,88.027816772460938,84.177749633789062,-122.3446730000,47.6669609000
,"35807",,,,"35807",Seattle Parks and Recreation,Thuja plicata,Western Red Cedar,"26",Seattle Parks and Recreation,Woodland Park,f99e0329-13ee-4ea5-a49d-4e1f4f7102bf,60.953670501708984,87.962326049804688,84.077346801757812,-122.3446330000,47.6670814900
,"36162",,,,"36162",Seattle Parks and Recreation,Thuja plicata,Western Red Cedar,"30",Seattle Parks and Recreation,Seward Park,17af687f-d4a0-4a83-93a9-7fa1145503d9,60.176647186279297,90.204856872558594,82.672569274902330,-122.2519980000,47.5593844000
,"3053",,,,"3053",Seattle Parks and Recreation,Thuja plicata,Western Red Cedar,"1",Seattle Parks and Recreation,Colman Park,411cb463-ac80-4aac-8800-f9ba35e837d3,61.124546051025391,87.562355041503906,84.636054992675781,-122.2900480000,47.5861399300
,"3067",,,,"3067",Seattle Parks and Recreation,Thuja plicata,Western Red Cedar,"40",Seattle Parks and Recreation,Lake Washington Boulevard,30048548-2d8c-4949-a13e-7a56b3241f9e,61.788822174072266,88.530029296875014,86.116752624511719,-122.2846980000,47.6224062600
,"3615",,,,"3615",Seattle Parks and Recreation,Thuja plicata,Western Red Cedar,"18",Seattle Parks and Recreation,Mount Baker Boulevard,0829f3e2-d0c9-4c53-9c2e-7d78b4e5df48,62.497447967529297,89.551841735839844,86.649604797363281,-122.2939230000,47.5767073600
,"4208",,,,"4208",Seattle Parks and Recreation,Thuja plicata,Western Red Cedar,"0",Seattle Parks and Recreation,Fauntleroy Park,3fc2ef1c-3f5c-47be-9e18-c83c81c3d127,61.324569702148438,87.043304443359375,83.791717529296875,-122.3840080000,47.5186149200
,"4412",,,,"4412",Seattle Parks and Recreation,Thuja plicata,Western Red Cedar,"15",Seattle Parks and Recreation,Mount Baker Boulevard,bdf4d180-b6d8-4cb3-b15c-e7f772392f80,62.367427825927734,85.859001159667969,83.351783752441406,-122.2904470000,47.5766962300
,"4514",,,,"4514",Seattle Parks and Recreation,Thuja plicata,Western Red Cedar,"15",Seattle Parks and Recreation,Volunteer Park,dc21a280-cffb-4d13-8879-70e2376336a0,62.376174926757812,87.359771728515625,83.239883422851562,-122.3139320000,47.6288190400
,"4674",,,,"4674",Seattle Parks and Recreation,Thuja plicata,Western Red Cedar,"10",Seattle Parks and Recreation,Volunteer Park,22fafd7d-96d6-4c82-9c12-653a31887801,60.248558044433594,89.452438354492188,85.982727050781250,-122.3129880000,47.6322696800
,"4728",,,,"4728",Seattle Parks and Recreation,Thuja plicata,Western Red Cedar,"11",Seattle Parks and Recreation,Volunteer Park,cb09a285-7a8d-49bb-a3e5-4dd9f1683def,60.248622894287109,89.383926391601562,86.047584533691406,-122.3139180000,47.6322351300
,"5025",,,,"5025",Seattle Parks and Recreation,Thuja plicata,Western Red Cedar,"11",Seattle Parks and Recreation,Lake Washington Boulevard,d7b2cf80-bbe0-4c04-89db-946eb1b60e83,61.762203216552734,89.106872558593750,86.862983703613281,-122.2814750000,47.6162028400
,"7078",,,,"7078",Seattle Parks and Recreation,Thuja plicata,Western Red Cedar,"56",Seattle Parks and Recreation,Woodland Park,7d261b62-1a77-485a-a249-d1bb5e458cfa,60.082950592041016,87.560058593750000,84.072982788085938,-122.3465840000,47.6711959900
,"7095",,,,"7095",Seattle Parks and Recreation,Thuja plicata,Western Red Cedar,"40",Seattle Parks and Recreation,Woodland Park,18ce7e06-35df-4e1d-93dd-929a22a49bec,59.865901947021491,87.507179260253906,84.070022583007812,-122.3461370000,47.6714060300
,"21616",,,,"21616",Seattle Parks and Recreation,Thuja plicata,Western Red Cedar,"14",Seattle Parks and Recreation,Longfellow Creek GS: Central,e7d4848f-d8b3-4a29-9439-cf836eb276f0,60.886543273925781,87.751136779785156,83.781532287597670,-122.3651740000,47.5444478600
,"8054",,,,"8054",Seattle Parks and Recreation,Thuja plicata,Western Red Cedar,"1",Seattle Parks and Recreation,Matthews Beach Park,3961c050-6e6f-4dba-a1ca-8f79f0c1729e,,,,-122.2719540000,47.6950704300
,"5998",,,,"5998",Seattle Parks and Recreation,Thuja plicata,Western Red Cedar,"0",Seattle Parks and Recreation,Woodland Park,00907c2f-a2e5-4594-ae8c-f50e229ee49f,60.707679748535163,86.729103088378906,83.914146423339844,-122.3464830000,47.6695715800
,"6000",,,,"6000",Seattle Parks and Recreation,Thuja plicata,Western Red Cedar,"0",Seattle Parks and Recreation,Woodland Park,8512ef01-f23e-4847-9f87-15543a961d4f,60.833744049072266,86.691040039062500,83.928016662597670,-122.3467430000,47.6695404200
,"6002",,,,"6002",Seattle Parks and Recreation,Thuja plicata,Western Red Cedar,"0",Seattle Parks and Recreation,Woodland Park,629aa375-6c2f-4ea4-a231-c00ba6423a84,61.282741546630859,86.895584106445312,84.016311645507812,-122.3464040000,47.6690933000
,"6012",,,,"6012",Seattle Parks and Recreation,Thuja plicata,Western Red Cedar,"0",Seattle Parks and Recreation,Woodland Park,3291e20b-d85c-4ff9-89a5-3a5e59615fc3,61.357742309570312,87.072914123535156,83.977027893066406,-122.3458210000,47.6681597300
,"6015",,,,"6015",Seattle Parks and Recreation,Thuja plicata,Western Red Cedar,"0",Seattle Parks and Recreation,Woodland Park,8b1af138-e65c-4c86-8c4f-30f136f1c582,61.340240478515625,87.094436645507812,83.931785583496094,-122.3452090000,47.6682457700
,"6367",,,,"6367",Seattle Parks and Recreation,Thuja plicata,Western Red Cedar,"13",Seattle Parks and Recreation,Gas Works Park,73c95a6e-1526-4f9d-ad4a-1928e7de4a7c,63.622173309326165,88.635963439941406,84.638122558593750,-122.3344670000,47.6462468000
,"6371",,,,"6371",Seattle Parks and Recreation,Thuja plicata,Western Red Cedar,"8",Seattle Parks and Recreation,Gas Works Park,6e7fd65e-8078-41cb-bbe3-371c27d058a6,63.779323577880859,88.988327026367188,85.074676513671875,-122.3370840000,47.6461437700
,"6378",,,,"6378",Seattle Parks and Recreation,Thuja plicata,Western Red Cedar,"9",Seattle Parks and Recreation,Gas Works Park,1da3c233-3881-464d-b7d2-99af6e2d03db,63.622173309326165,88.635963439941406,84.638122558593750,-122.3345460000,47.6463000500
,"6384",,,,"6384",Seattle Parks and Recreation,Thuja plicata,Western Red Cedar,"8",Seattle Parks and Recreation,Gas Works Park,08c3813d-d428-41d9-8dff-507e092c94fc,63.697826385498047,88.954978942871094,85.110069274902330,-122.3369190000,47.6461170300
,"6406",,,,"6406",Seattle Parks and Recreation,Thuja plicata,Western Red Cedar,"8",Seattle Parks and Recreation,Gas Works Park,f7861240-dd55-4468-9a49-61a82562187f,63.416088104248047,88.237838745117188,84.116409301757812,-122.3349010000,47.6461365600
,"6428",,,,"6428",Seattle Parks and Recreation,Thuja plicata,Western Red Cedar,"8",Seattle Parks and Recreation,Gas Works Park,448a87d7-5c53-454c-a1f2-b323a63dfa78,63.689132690429688,88.885688781738281,84.830795288085938,-122.3367570000,47.6460618600
,"26678",,,,"26678",Seattle Parks and Recreation,Thuja plicata 'Zebrina',Zebrina Western Red Cedar,"65",Seattle Parks and Recreation,Belvedere Park,295dc405-696d-4cff-bfa6-c4640d6871ca,61.737266540527344,88.170204162597670,83.565544128417969,-122.3778710000,47.5805501800
,"6591",,,,"6591",Seattle Parks and Recreation,Thuja plicata,Western Red Cedar,"31",Seattle Parks and Recreation,Warren G. Magnuson Park,a478cdf7-5e7a-476d-afac-6c68719ce1a4,61.404861450195312,89.475990295410156,86.638946533203125,-122.2612470000,47.6755547400
,"9316",,,,"9316",Seattle Parks and Recreation,Thuja plicata,Western Red Cedar,"11",Seattle Parks and Recreation,Bryant Playground,32f7ae9f-88ff-49d7-b84a-367e115e69e9,62.084217071533203,89.355773925781250,85.770980834960938,-122.2829990000,47.6748749000
,"6912",,,,"6912",Seattle Parks and Recreation,Thuja plicata,Western Red Cedar,"0",Seattle Parks and Recreation,David Rodgers Park,c53314c6-4271-4cd2-85fe-cb9966fcf112,61.238250732421875,88.329910278320327,84.538642883300781,-122.3598660000,47.6447261900
,"6961",,,,"6961",Seattle Parks and Recreation,Thuja plicata,Western Red Cedar,"6",Seattle Parks and Recreation,Puget Boulevard,1a009b3c-ea2a-4b9e-ba2d-65a630013641,58.651226043701165,87.445739746093750,81.374282836914062,-122.3654180000,47.5548072300
,"7096",,,,"7096",Seattle Parks and Recreation,Thuja plicata,Western Red Cedar,"7",Seattle Parks and Recreation,Woodland Park,32b85d1c-85b0-46af-966b-cde7cc2a46ec,59.863430023193359,87.523490905761719,84.031692504882812,-122.3459980000,47.6714618200
,"14798",,,,"14798",Seattle Parks and Recreation,Thuja plicata,Western Red Cedar,"29",Seattle Parks and Recreation,Seward Park,82b8ffe7-0971-4785-a263-faa6f9e0db86,,,,-122.2469040000,47.5540926900
,"7658",,,,"7658",Seattle Parks and Recreation,Thuja plicata,Western Red Cedar,"14",Seattle Parks and Recreation,Othello Park,888ceb08-6bf7-4166-bd17-2186cef1be2d,63.491073608398438,90.242256164550781,86.893341064453125,-122.2781850000,47.5356776800
,"7736",,,,"7736",Seattle Parks and Recreation,Thuja plicata,Western Red Cedar,"30",Seattle Parks and Recreation,Beer Sheva Park,a4154bed-1326-4260-9dee-1e393da71dc7,62.540672302246094,87.415527343750000,82.529212951660156,-122.2638900000,47.5245193400
,"27539",,,,"27539",Seattle Parks and Recreation,Thuja plicata,Western Red Cedar,"0",Seattle Parks and Recreation,Colman Park,e714c877-2c83-47f7-b472-2fd9b54a0126,61.847900390625000,87.473770141601562,83.774200439453125,-122.2908200000,47.5864379300
,"27565",,,,"27565",Seattle Parks and Recreation,Thuja plicata,Western Red Cedar,"0",Seattle Parks and Recreation,Discovery Park,8ee09e52-14d2-4b00-ae19-22f238f1cf7f,56.914993286132812,90.721313476562500,81.334442138671875,-122.4218320000,47.6602310400
,"27528",,,,"27528",Seattle Parks and Recreation,Thuja plicata,Western Red Cedar,"0",Seattle Parks and Recreation,Frink Park,7e35d143-3cbc-4ea6-b6c2-5fb197747fa3,61.537124633789062,87.502090454101562,83.729759216308594,-122.2912270000,47.5998804300
,"24140",,,,"24140",Seattle Parks and Recreation,Thuja plicata,Western Red Cedar,"21",Seattle Parks and Recreation,Seward Park,7f49f525-94b4-423a-bc79-e321f513f094,63.073802947998047,88.665298461914062,86.518394470214844,-122.2580120000,47.5492793600
,"8597",,,,"8597",Seattle Parks and Recreation,Thuja plicata,Western Red Cedar,"7",Seattle Parks and Recreation,"John C. Little, Sr. Park",1d9dcfde-ae7b-49dd-84a2-390aa5131dd8,62.706951141357422,88.950660705566406,86.751312255859375,-122.2859890000,47.5383288400
,"9318",,,,"9318",Seattle Parks and Recreation,Thuja plicata,Western Red Cedar,"14",Seattle Parks and Recreation,Bryant Playground,f8ef2e89-f3da-4296-a2a9-36381a571a93,62.037330627441406,89.330009460449219,85.788345336914062,-122.2831090000,47.6748750300
,"9438",,,,"9438",Seattle Parks and Recreation,Thuja plicata,Western Red Cedar,"18",Seattle Parks and Recreation,Othello Park,e76544b5-3858-4b96-9d8d-76713a7ca27f,63.573963165283203,89.985557556152330,86.983116149902330,-122.2778620000,47.5357393000
,"9676",,,,"9676",Seattle Parks and Recreation,Thuja plicata,Western Red Cedar,"34",Seattle Parks and Recreation,Othello Park,0d4c2055-cb39-4021-a654-6af8f8b099d8,63.773223876953125,90.329208374023438,86.976020812988281,-122.2774030000,47.5363705100
,"28608",,,,"28608",Seattle Parks and Recreation,Thuja plicata 'Zebrina',Zebrina Western Red Cedar,"18",Seattle Parks and Recreation,Washington Park and Arboretum,da570d3f-9a1c-4818-a483-757c1d9aa2d0,59.578056335449219,88.428512573242188,84.448699951171875,-122.2945110000,47.6281972200
,"25092",,,,"25092",Seattle Parks and Recreation,Thuja plicata,Western Red Cedar,"23",Seattle Parks and Recreation,Thornton Creek Addition: North Branch,8c2c296e-36ba-4fe0-b448-e407a3a540c4,61.580947875976562,87.210418701171875,84.848876953124986,-122.3039320000,47.7202215100
,"25120",,,,"25120",Seattle Parks and Recreation,Thuja plicata,Western Red Cedar,"12",Seattle Parks and Recreation,Kingfisher Natural Area on Thornton Creek,4bc90218-d5c2-4277-96b2-3c0b0cb99308,59.996208190917969,86.172203063964844,82.878761291503906,-122.3077900000,47.7007684700
,"25091",,,,"25091",Seattle Parks and Recreation,Thuja plicata,Western Red Cedar,"32",Seattle Parks and Recreation,Thornton Creek Addition: North Branch,dbaa486f-1b88-4ec6-8fcb-3b26960a63a4,61.675941467285163,87.234718322753906,84.807983398437500,-122.3039240000,47.7201642300
,"10035",,,,"10035",Seattle Parks and Recreation,Thuja plicata,Western Red Cedar,"21",Seattle Parks and Recreation,Volunteer Park,ced1e552-6bee-4fee-8add-7d10d73f1864,62.454189300537109,87.951400756835938,84.706359863281250,-122.3185490000,47.6296037500
,"10582",,,,"10582",Seattle Parks and Recreation,Thuja plicata,Western Red Cedar,"40",Seattle Parks and Recreation,Sandel Playground,c295adbe-1bdb-44bc-b9df-93311d6188ef,62.201454162597656,88.277877807617188,85.032035827636719,-122.3590170000,47.6953761200
,"26215",,,,"26215",Seattle Parks and Recreation,Thuja plicata,Western Red Cedar,"24",Seattle Parks and Recreation,Warren G. Magnuson Park,f27ae9bb-b7e8-4850-9a4a-cd0fdef8bc72,61.338722229003906,89.501571655273438,86.719444274902330,-122.2612340000,47.6756188100
,"11048",,,,"11048",Seattle Parks and Recreation,Thuja plicata,Western Red Cedar,"12",Seattle Parks and Recreation,Interlaken Park,25d5af0e-92a3-4f92-829c-783f7b08af53,61.473144531250000,87.824974060058594,83.598793029785156,-122.3115050000,47.6389732400
,"11108",,,,"11108",Seattle Parks and Recreation,Thuja plicata,Western Red Cedar,"36",Seattle Parks and Recreation,Pendleton Miller Playfield,293f7f5d-aff5-4200-8ecf-32f8db38bf2b,62.709438323974609,88.782005310058594,85.427871704101562,-122.3071810000,47.6222888600
,"29237",,,,"29237",Seattle Parks and Recreation,Thuja plicata 'Green Giant',Green Giant Arborvitae,"2",Seattle Parks and Recreation,Green Lake Park,7b5fb24a-ae21-444e-83d7-ad7c11b709a7,62.197429656982422,88.673377990722656,86.011657714843750,-122.3460560000,47.6749743800
,"29368",,,,"29368",Seattle Parks and Recreation,Thuja plicata 'Green Giant',Green Giant Arborvitae,"3",Seattle Parks and Recreation,Seacrest Park,77c2eb15-4847-43f0-b131-52143f66d942,,,,-122.3774870000,47.5869058300
,"32074",,,,"32074",Seattle Parks and Recreation,Thuja plicata,Western Red Cedar,"4",Seattle Parks and Recreation,Trudys Triangle,610fca3b-1b05-402b-82a8-d4202ecb2a6e,62.638263702392578,88.311965942382812,85.970642089843750,-122.2863850000,47.5766841400
,"32310",,,,"32310",Seattle Parks and Recreation,Thuja plicata,Western Red Cedar,"11",Seattle Parks and Recreation,Pinehurst Pocket Park,f12a7e2d-223b-4861-af57-6e4740110ece,61.466838836669922,86.248680114746094,82.645790100097670,-122.3081260000,47.7143342500
,"32443",,,,"32443",Seattle Parks and Recreation,Thuja plicata,Western Red Cedar,"24",Seattle Parks and Recreation,Interlaken Park,a5de9e53-54a5-4824-ac1f-13a14dc65946,59.745265960693359,88.274955749511719,84.016555786132812,-122.3086940000,47.6333925800
,"32841",,,,"32841",Seattle Parks and Recreation,Thuja plicata,Western Red Cedar,"42",Seattle Parks and Recreation,Schmitz Preserve Park,d208500c-bb32-40dd-a3c9-9052bb8fd86d,61.095878601074219,87.762779235839844,84.098915100097670,-122.4021840000,47.5760501400
,"33368",,,,"33368",Seattle Parks and Recreation,Thuja plicata,Western Red Cedar,"14",Seattle Parks and Recreation,Bitter Lake Playfield,199a5656-4f9f-444d-bebd-e0845247ae3e,63.583568572998047,89.306686401367188,85.370361328124986,-122.3488150000,47.7233415100
,"34585",,,,"34585",Seattle Parks and Recreation,Thuja plicata,Western Red Cedar,"0",Seattle Parks and Recreation,Hubbard Homestead Park,f1e1ce06-b371-4e10-939c-31754deec8a5,63.900032043457031,89.878517150878906,85.323341369628906,-122.3252340000,47.7097440200
,"34960",,,,"34960",Seattle Parks and Recreation,Thuja plicata,Western Red Cedar,"12",Seattle Parks and Recreation,Jefferson Park,4e1b1ed8-1dc6-4f56-bff6-6be1b926addc,60.878791809082031,90.063026428222656,86.985420227050781,-122.3105580000,47.5677176800
,"35622",,,,"35622",Seattle Parks and Recreation,Thuja plicata,Western Red Cedar,"8",Seattle Parks and Recreation,Hamilton Viewpoint Park,0188a77b-2e98-467d-af90-73ccaf74759a,62.593524932861328,88.629081726074219,87.023620605468750,-122.3848120000,47.5941928200
,"34877",,,,"34877",Seattle Parks and Recreation,Thuja plicata,Western Red Cedar,"0",Seattle Parks and Recreation,Powell Barnett Park,a451eeae-1b26-449f-a045-2e2f19a0f590,61.828632354736328,87.886001586914062,84.692367553710938,-122.2956240000,47.6058531200
,"35917",,,,"35917",Seattle Parks and Recreation,Thuja plicata,Western Red Cedar,"28",Seattle Parks and Recreation,Jefferson Park,619eedf3-de95-47b4-bb6a-e265d0612125,60.774612426757812,89.838745117187500,87.027412414550781,-122.3098930000,47.5674093400
,"3563",,,,"3563",Seattle Parks and Recreation,Thuja plicata,Western Red Cedar,"3",Seattle Parks and Recreation,Van Asselt Playground,c07efca8-76bc-4e72-ae20-004d94325c5a,62.442985534667969,88.775474548339844,86.130165100097670,-122.2931480000,47.5398967000
,"3662",,,,"3662",Seattle Parks and Recreation,Thuja plicata,Western Red Cedar,"23",Seattle Parks and Recreation,Madison Park North Beach,361efc96-9185-4986-84a1-a7c3b28d83e8,,,,-122.2767920000,47.6396885100
,"4157",,,,"4157",Seattle Parks and Recreation,Thuja plicata,Western Red Cedar,"7",Seattle Parks and Recreation,Denny Park,20eccb68-4250-4ab6-805a-9216d598bc49,65.142005920410156,90.080703735351562,86.025665283203125,-122.3400760000,47.6192453000
,"25628",,,,"25628",Seattle Parks and Recreation,Thuja plicata,Western Red Cedar,"21",Seattle Parks and Recreation,Carkeek Park,b6e1cf00-9397-4d59-a460-ec53ab0dfd5e,56.915966033935547,89.432945251464844,82.858642578124986,-122.3716580000,47.7134129000
,"26158",,,,"26158",Seattle Parks and Recreation,Thuja plicata,Western Red Cedar,"21",Seattle Parks and Recreation,Judkins Park and Playfield,f14e2da2-d1ac-46a5-a3e0-07906c0c8dcf,62.737506866455078,89.238830566406250,85.521347045898438,-122.3028090000,47.5962230500
,"26686",,,,"26686",Seattle Parks and Recreation,Thuja plicata,Western Red Cedar,"37",Seattle Parks and Recreation,Westcrest Park,c9ca2184-6aaf-4e5a-a05b-02d4e2ac3e16,61.470825195312493,89.842620849609375,86.935791015624986,-122.3427550000,47.5230521700
,"27320",,,,"27320",Seattle Parks and Recreation,Thuja plicata,Western Red Cedar,"32",Seattle Parks and Recreation,Licton Springs Park,f361a3d6-763e-4d44-a367-36eeef1f79bb,62.577140808105469,88.746040344238281,85.041938781738281,-122.3392010000,47.6989127000
,"26231",,,,"26231",Seattle Parks and Recreation,Thuja plicata,Western Red Cedar,"3",Seattle Parks and Recreation,Riverview Playfield,a24cbb56-d0a0-4f2f-a9a2-7090db63dbbd,61.236114501953125,88.723907470703125,83.563835144042983,-122.3491510000,47.5391250700
,"27535",,,,"27535",Seattle Parks and Recreation,Thuja plicata,Western Red Cedar,"0",Seattle Parks and Recreation,Frink Park,e6080ee2-00e7-4e03-a75c-8ed1038b7abd,61.550361633300781,87.467765808105469,83.786262512207017,-122.2911390000,47.5994276200
,"27614",,,,"27614",Seattle Parks and Recreation,Thuja plicata,Western Red Cedar,"17",Seattle Parks and Recreation,Kiwanis Memorial Preserve Park,dc080fc4-d789-4be9-9bc5-17e6d57862bf,60.652088165283203,88.094871520996094,84.185218811035156,-122.4009790000,47.6607196000
,"28016",,,,"28016",Seattle Parks and Recreation,Thuja plicata,Western Red Cedar,"14",Seattle Parks and Recreation,Daybreak Star,98f734b9-7cf7-4f26-8480-434065103de4,57.538398742675781,90.146186828613281,83.087783813476562,-122.4175840000,47.6669240200
,"28339",,,,"28339",Seattle Parks and Recreation,Thuja plicata,Western Red Cedar,"31",Seattle Parks and Recreation,Jackson Park Golf Course,be8082a1-0224-4c1a-8d7d-19ece1920628,60.937736511230469,89.122955322265625,85.151542663574219,-122.3202900000,47.7332395800
,"28973",,,,"28973",Seattle Parks and Recreation,Thuja plicata,Western Red Cedar,"28",Seattle Parks and Recreation,Mount Baker Park,58f8b1f9-5a6c-4446-9485-2f2e135b8fb8,62.627628326416016,88.072135925292983,84.727882385253906,-122.2887300000,47.5784656100
,"29226",,,,"29226",Seattle Parks and Recreation,Thuja plicata 'Green Giant',Green Giant Arborvitae,"3",Seattle Parks and Recreation,Woodland Park,b963d3e3-480c-4194-8ca1-58501357bc42,60.159549713134766,87.666488647460938,84.177787780761719,-122.3469240000,47.6712548800
,"29356",,,,"29356",Seattle Parks and Recreation,Thuja plicata,Western Red Cedar,"42",Seattle Parks and Recreation,Woodland Park,fe1a6e84-ebfa-4ffa-8fd6-6add48bdce0a,59.846061706542969,88.026840209960938,84.080513000488281,-122.3446900000,47.6715264400
,"29924",,,,"29924",Seattle Parks and Recreation,Thuja plicata 'Excelsa',Excelsa Arborvitae,"0",Seattle Parks and Recreation,Pendleton Miller Playfield,38125db6-a907-4db5-9391-09bb5e35b303,62.557968139648438,88.891662597656250,85.802070617675781,-122.3065050000,47.6227164900
,"30435",,,,"30435",Seattle Parks and Recreation,Thuja plicata,Western Red Cedar,"15",Seattle Parks and Recreation,Woodland Park,68f87c78-6e05-4ecb-8734-520cbac893f1,61.062973022460938,88.021804809570327,84.146202087402330,-122.3435910000,47.6673783000
,"31134",,,,"31134",Seattle Parks and Recreation,Thuja plicata,Western Red Cedar,"26",Seattle Parks and Recreation,Ravenna Park,435d6897-3d60-45b4-8a24-8820a7d8e5d6,61.243579864501953,87.817367553710938,84.911201477050781,-122.3106170000,47.6725628900
,"31814",,,,"31814",Seattle Parks and Recreation,Thuja plicata,Western Red Cedar,"15",Seattle Parks and Recreation,Jackson Park Golf Course,b54d461f-c637-4ddd-81aa-8f2623b854bf,60.023406982421875,88.000823974609375,85.036399841308594,-122.3153930000,47.7268000500
,"11694",,,,"11694",Seattle Parks and Recreation,Thuja plicata,Western Red Cedar,"55",Seattle Parks and Recreation,Carkeek Park,60288193-8ca3-4421-87b5-501f9417387c,59.730381011962891,90.196372985839844,83.702865600585938,-122.3776660000,47.7132947800
,"12374",,,,"12374",Seattle Parks and Recreation,Thuja plicata,Western Red Cedar,"42",Seattle Parks and Recreation,Schmitz Boulevard,45420a81-412a-421a-b7d9-65e843c7f384,61.761367797851562,88.249137878417969,84.611038208007812,-122.4031320000,47.5769913000
,"12528",,,,"12528",Seattle Parks and Recreation,Thuja plicata,Western Red Cedar,"31",Seattle Parks and Recreation,Discovery Park,f951653d-1eac-4d12-8fdb-bb01083ba692,59.805458068847656,88.343643188476562,83.953125000000000,-122.4049820000,47.6580561500
,"12626",,,,"12626",Seattle Parks and Recreation,Thuja plicata,Western Red Cedar,"26",Seattle Parks and Recreation,Discovery Park Boulevard,88643baf-432a-45fa-84cc-8b3a8936963d,59.825313568115234,88.452697753906250,84.012039184570327,-122.4045530000,47.6584191200
,"12789",,,,"12789",Seattle Parks and Recreation,Thuja plicata,Western Red Cedar,"26",Seattle Parks and Recreation,Discovery Park,f24b7c26-c396-440a-a344-1564717c60b4,57.022869110107422,89.023666381835938,81.743667602539062,-122.4080380000,47.6588739100
,"13232",,,,"13232",Seattle Parks and Recreation,Thuja plicata,Western Red Cedar,"19",Seattle Parks and Recreation,Discovery Park,a5e714d0-2eb7-4e71-a49c-494fba294aef,58.645256042480469,89.321350097656250,84.544342041015625,-122.4108980000,47.6661443900
,"13371",,,,"13371",Seattle Parks and Recreation,Thuja plicata,Western Red Cedar,"46",Seattle Parks and Recreation,Discovery Park,df066ad7-0bf1-4e57-bc40-9909a1d80809,56.357978820800781,90.150810241699219,81.547485351562500,-122.4211440000,47.6634555700
,"13997",,,,"13997",Seattle Parks and Recreation,Thuja plicata,Western Red Cedar,"33",Seattle Parks and Recreation,Woodland Park,332efc32-836f-4787-a755-37f8f75bde15,60.140239715576165,87.535881042480469,84.096160888671875,-122.3446200000,47.6697757300
,"14259",,,,"14259",Seattle Parks and Recreation,Thuja plicata,Western Red Cedar,"40",Seattle Parks and Recreation,Mount Baker Park,e108c5be-9ebc-4682-aef9-73c6756963cb,61.472751617431641,87.571289062500000,84.307151794433594,-122.2890070000,47.5817648300
,"14755",,,,"14755",Seattle Parks and Recreation,Thuja plicata,Western Red Cedar,"29",Seattle Parks and Recreation,Seward Park,1e1dfc56-13dc-4d52-b847-1f7c8d5732c8,,,,-122.2471380000,47.5528996800
,"14813",,,,"14813",Seattle Parks and Recreation,Thuja plicata,Western Red Cedar,"17",Seattle Parks and Recreation,Seward Park,2a535da3-ec87-45ab-a716-d2e390f25dd4,,,,-122.2471610000,47.5551288300
,"14835",,,,"14835",Seattle Parks and Recreation,Thuja plicata,Western Red Cedar,"22",Seattle Parks and Recreation,Seward Park,5b982221-a63c-425e-bb4e-1be3ff4b6b89,,,,-122.2482010000,47.5561343600
,"15554",,,,"15554",Seattle Parks and Recreation,Thuja plicata 'Zebrina',Zebrina Western Red Cedar,"16",Seattle Parks and Recreation,Green Lake Park,7d0ed5de-bcb8-4af5-9fb5-48e8355d89aa,63.825843811035163,89.030128479003906,84.373756408691406,-122.3296860000,47.6825121700
,"15906",,,,"15906",Seattle Parks and Recreation,Thuja plicata,Western Red Cedar,"19",Seattle Parks and Recreation,Lincoln Park,16e123dc-bbf2-46dc-952c-4869c03913ae,62.182567596435547,88.812095642089844,86.095710754394531,-122.3948820000,47.5362675300
,"17780",,,,"17780",Seattle Parks and Recreation,Thuja plicata,Western Red Cedar,"36",Seattle Parks and Recreation,Brighton Playfield,5e673007-1132-4613-9680-f2ecbbfa5889,63.337200164794922,89.718490600585938,86.506835937500000,-122.2830770000,47.5492674700
,"17787",,,,"17787",Seattle Parks and Recreation,Thuja plicata,Western Red Cedar,"20",Seattle Parks and Recreation,Brighton Playfield,de410b75-4eaa-45dc-81db-d8f264fcfbca,63.312397003173835,89.796310424804688,86.439125061035156,-122.2832020000,47.5492254000
,"20951",,,,"20951",Seattle Parks and Recreation,Thuja plicata,Western Red Cedar,"16",Seattle Parks and Recreation,Lake Washington Boulevard,1667b94d-2a75-4f21-aef6-d7c9dec17d6d,57.608222961425781,88.970031738281250,82.999137878417969,-122.2977180000,47.6336514200
,"17979",,,,"17979",Seattle Parks and Recreation,Thuja plicata,Western Red Cedar,"10",Seattle Parks and Recreation,Gas Works Park,607a6bdc-2220-4cde-b71f-d1b66dccb9d4,63.379329681396491,88.353408813476562,84.146850585937500,-122.3354480000,47.6460444500
,"17982",,,,"17982",Seattle Parks and Recreation,Thuja plicata,Western Red Cedar,"10",Seattle Parks and Recreation,Gas Works Park,474d84d4-63b9-43fb-85d7-632224071cbb,63.376518249511719,88.470291137695312,84.336952209472656,-122.3354180000,47.6460653900
,"18166",,,,"18166",Seattle Parks and Recreation,Thuja plicata,Western Red Cedar,"7",Seattle Parks and Recreation,Mount Claire Park,f324705b-49a2-4ac4-a89b-a2b1f4470ed6,61.089080810546875,88.830200195312500,84.875473022460938,-122.2855740000,47.5795328800
,"21610",,,,"21610",Seattle Parks and Recreation,Thuja plicata,Western Red Cedar,"33",Seattle Parks and Recreation,Longfellow Creek GS: Central,cc38dfb8-e730-464d-b0a1-3436afbd4922,60.849681854248047,87.867691040039062,83.833709716796875,-122.3652400000,47.5443065200
,"19007",,,,"19007",Seattle Parks and Recreation,Thuja plicata,Western Red Cedar,"12",Seattle Parks and Recreation,Jackson Park Golf Course,6cccb760-6da8-42ab-a2ef-e7ae18414242,59.828571319580078,87.261367797851562,84.412338256835938,-122.3180700000,47.7258513700
,"20285",,,,"20285",Seattle Parks and Recreation,Thuja plicata,Western Red Cedar,"8",Seattle Parks and Recreation,Gas Works Park,ea8f361b-02b5-4350-bd81-8047c5823bc9,63.779323577880859,88.988327026367188,85.074676513671875,-122.3370650000,47.6460811100
,"14216",,,,"14216",Seattle Parks and Recreation,Thuja plicata,Western Red Cedar,"19",Seattle Parks and Recreation,Mount Baker Park,0bcd47ae-d39f-4d98-93ae-aed99de4bfed,61.698108673095703,87.506187438964844,84.080841064453125,-122.2891870000,47.5808591700
,"16682",,,,"16682",Seattle Parks and Recreation,Thuja plicata,Western Red Cedar,"62",Private,Burke-Gilman Trail,ffe246d6-12b9-4a7b-9a50-eabeef8b64fe,60.743598937988281,89.475616455078125,84.892692565917969,-122.2810150000,47.7246586100
,"13235",,,,"13235",Seattle Parks and Recreation,Thuja plicata,Western Red Cedar,"24",Seattle Parks and Recreation,Discovery Park,87416613-b84c-4305-a9fb-2081042dfebb,58.691455841064453,89.310424804687500,84.604606628417969,-122.4107630000,47.6660705200
,"10861",,,,"10861",Seattle Parks and Recreation,Thuja plicata,Western Red Cedar,"18",Seattle Parks and Recreation,Meadowbrook Playfield,a0e09568-55dd-4b19-8f2c-414383309b89,58.457149505615234,89.814872741699219,85.476676940917969,-122.2911430000,47.7054814200
,"14872",,,,"14872",Seattle Parks and Recreation,Thuja plicata,Western Red Cedar,"36",Seattle Parks and Recreation,Seward Park,fad6aabc-6392-4c97-8480-003df64a5938,,,,-122.2487100000,47.5591484100
,"23594",,,,"23594",Seattle Parks and Recreation,Thuja plicata,Western Red Cedar,"37",Seattle Parks and Recreation,Washington Park - Japanese Gdn,1af4b9d8-fb5f-4c17-9c4d-2d323dff4762,59.361423492431641,88.646926879882812,84.405914306640625,-122.2965500000,47.6294220600
,"23694",,,,"23694",Seattle Parks and Recreation,Thuja plicata,Western Red Cedar,"30",Seattle Parks and Recreation,Washington Park and Arboretum,5d66b704-1d90-4300-8efa-a947ea7ce687,59.510066986083984,88.627815246582031,84.374801635742188,-122.2970910000,47.6294545500
,"24072",,,,"24072",Seattle Parks and Recreation,Thuja plicata,Western Red Cedar,"22",Seattle Parks and Recreation,Interlaken Park,bb0e683f-2325-4df3-b15f-41de6fe8c044,60.135219573974609,89.120613098144531,84.082054138183594,-122.3039840000,47.6358303700
,"6356",,,,"6356",Seattle Parks and Recreation,Thuja plicata,Western Red Cedar,"32",Seattle Parks and Recreation,Gas Works Park,25c1e881-a9bb-4d48-a0a0-b77081e0d3cc,63.714595794677734,88.903694152832031,84.806053161621094,-122.3343160000,47.6463764500
,"24564",,,,"24564",Seattle Parks and Recreation,Thuja plicata,Western Red Cedar,"19",Seattle Parks and Recreation,Terry Pettus Park,550fee54-ce7b-431d-94a5-824f05c79d88,63.696716308593750,89.506744384765625,85.259140014648438,-122.3294600000,47.6369019600
,"16546",,,,"16546",Seattle Parks and Recreation,Thuja plicata,Western Red Cedar,"36",Seattle Parks and Recreation,Burke-Gilman Trail,765cb824-f320-4e5b-8a56-a6ff416e9dc4,59.897983551025391,89.275115966796875,85.637542724609375,-122.2780840000,47.6957331400
,"4377",,,,"4377",Seattle Parks and Recreation,Thuja plicata,Western Red Cedar,"4",Seattle Parks and Recreation,Van Asselt Playground,f0062f06-9779-4c82-99f5-7d71fa3ad7b3,62.615528106689453,88.745841979980469,86.258033752441406,-122.2938150000,47.5398986400
,"25078",,,,"25078",Seattle Parks and Recreation,Thuja plicata,Western Red Cedar,"24",Seattle Parks and Recreation,Thornton Creek Addition: North Branch,411c055c-9de7-4eb8-95ee-9ac26bd26d05,61.636795043945312,87.290077209472656,84.789276123046875,-122.3040080000,47.7197513700
,"25106",,,,"25106",Seattle Parks and Recreation,Thuja plicata,Western Red Cedar,"12",Seattle Parks and Recreation,Kingfisher Natural Area on Thornton Creek,50e5a955-f10f-4fae-9b98-1fc126c48dcd,60.078685760498047,86.039344787597670,82.807212829589844,-122.3077550000,47.7005742500
,"25354",,,,"25354",Seattle Parks and Recreation,Thuja plicata,Western Red Cedar,"32",Seattle Parks and Recreation,Kubota Gardens Natural Area,006ae8a1-84e2-4ee2-98e0-e0e539ec3349,62.606216430664062,89.378921508789062,85.431388854980469,-122.2677740000,47.5154539700
,"25111",,,,"25111",Seattle Parks and Recreation,Thuja plicata,Western Red Cedar,"17",Seattle Parks and Recreation,Kingfisher Natural Area on Thornton Creek,e09d4fba-ea2a-47f8-956d-6277fb84f93a,60.088752746582031,86.133171081542983,82.765602111816406,-122.3074630000,47.7004762900
,"12384",,,,"12384",Seattle Parks and Recreation,Thuja plicata,Western Red Cedar,"46",Seattle Parks and Recreation,Schmitz Preserve Park,4c0d3f76-901a-431b-8c2c-958118ae36c9,61.172576904296875,88.045013427734375,84.124664306640625,-122.4026720000,47.5761976000
,"21120",,,,"21120",Seattle Parks and Recreation,Thuja plicata,Western Red Cedar,"20",Seattle Parks and Recreation,Sturtevant Ravine,363768e5-7f9c-4d8a-8045-cbe430d03321,61.869255065917969,90.242988586425781,86.447174072265625,-122.2687270000,47.5184483500
,"19248",,,,"19248",Seattle Parks and Recreation,Thuja plicata,Western Red Cedar,"12",Seattle Parks and Recreation,Meadowbrook Playfield,4450680d-3901-406c-9faf-1ba5fbeaa45d,60.331802368164062,89.494880676269531,85.496459960937500,-122.2952320000,47.7058416900
,"20428",,,,"20428",Seattle Parks and Recreation,Thuja plicata,Western Red Cedar,"35",Seattle Parks and Recreation,Colman Park,14b5fc3f-defc-48e6-81c4-d87b7d7a3159,61.204647064208984,88.886558532714844,84.892623901367188,-122.2871030000,47.5863892400
,"15100",,,,"15100",Seattle Parks and Recreation,Thuja plicata,Western Red Cedar,"42",Seattle Parks and Recreation,Seward Park,258c6e6a-c391-4081-a0d8-cc320c646911,60.074798583984375,90.122825622558594,82.880867004394531,-122.2502440000,47.5527033000
,"8995",,,,"8995",Seattle Parks and Recreation,Thuja plicata,Western Red Cedar,"30",Seattle Parks and Recreation,Wallingford Playfield,97a575d5-34ff-4185-8404-fe6a24b5816a,62.301975250244141,87.453735351562500,83.983192443847670,-122.3375760000,47.6589755100
,"9381",,,,"9381",Seattle Parks and Recreation,Thuja plicata,Western Red Cedar,"19",Seattle Parks and Recreation,Othello Park,75bdc5bd-37bc-4646-9861-f375797e7dd2,63.533977508544922,90.108177185058594,86.885574340820327,-122.2780780000,47.5356683900
,"3082",,,,"3082",Seattle Parks and Recreation,Thuja plicata,Western Red Cedar,"10",Seattle Parks and Recreation,Colman Park,3472e84c-2213-4073-b696-f5a28c32464c,61.229690551757812,88.921440124511719,84.810874938964844,-122.2872290000,47.5861241900
,"4010",,,,"4010",Seattle Parks and Recreation,Thuja plicata,Western Red Cedar,"38",Seattle Parks and Recreation,Lake Washington Boulevard,911d2caa-faca-42b1-b016-b069269b328c,,,,-122.2811070000,47.5737308900
,"6032",,,,"6032",Seattle Parks and Recreation,Thuja plicata,Western Red Cedar,"0",Seattle Parks and Recreation,Woodland Park,d05b188f-f9ec-409e-82af-1c7af468ed3a,59.824134826660163,87.651245117187500,84.076545715332031,-122.3456280000,47.6714532700
,"7993",,,,"7993",Seattle Parks and Recreation,Thuja plicata,Western Red Cedar,"1",Seattle Parks and Recreation,Duwamish Head Greenbelt,341194f3-32af-4c64-bb1f-eebef22bb10a,62.501018524169922,88.163093566894531,86.136352539062500,-122.3775050000,47.5862757300
,"10944",,,,"10944",Seattle Parks and Recreation,Thuja plicata,Western Red Cedar,"22",Seattle Parks and Recreation,Martha Washington Park,11fefa94-b30d-463b-beb4-1762a5831f52,63.391063690185547,88.181022644042983,86.030593872070327,-122.2614990000,47.5422214700
,"17975",,,,"17975",Seattle Parks and Recreation,Thuja plicata,Western Red Cedar,"16",Seattle Parks and Recreation,Gas Works Park,931b5ead-37c7-488b-b57b-6158e332e592,63.379020690917969,88.427070617675781,84.180480957031250,-122.3355990000,47.6460551600
,"33152",,,,"33152",Seattle Parks and Recreation,Thuja plicata,Western Red Cedar,"15",Seattle Parks and Recreation,Lincoln Park,45c1ec40-9592-4076-9f93-cf5dcf8e5792,62.388660430908203,88.872352600097670,86.183189392089844,-122.3929060000,47.5285061700
,"9708",,,,"9708",Seattle Parks and Recreation,Thuja plicata,Western Red Cedar,"5",Seattle Parks and Recreation,Hiawatha Park,c6e6e2db-45a1-401b-9ebd-fde948e96f83,63.254108428955078,89.368408203124986,86.745498657226562,-122.3863850000,47.5782547600
,"13888",,,,"13888",Seattle Parks and Recreation,Thuja plicata,Western Red Cedar,"42",Seattle Parks and Recreation,Woodland Park,1b5f9df5-476f-4e67-9620-6c79e8ac8c15,61.851516723632812,89.152091979980469,85.297340393066406,-122.3466650000,47.6653136600
,"3499",,,,"3499",Seattle Parks and Recreation,Thuja plicata,Western Red Cedar,"18",Seattle Parks and Recreation,Colman Park,89c09d82-db21-45f5-a3a7-e537bb08d1d4,61.146793365478509,87.564750671386719,84.853507995605469,-122.2899490000,47.5866672700
,"9424",,,,"9424",Seattle Parks and Recreation,Thuja plicata,Western Red Cedar,"35",Seattle Parks and Recreation,Othello Park,e507807d-99d9-406b-95e6-6dbb17250c75,63.875949859619141,90.713928222656250,87.270721435546875,-122.2771950000,47.5369554700
,"11460",,,,"11460",Seattle Parks and Recreation,Thuja plicata,Western Red Cedar,"15",Seattle Parks and Recreation,Carkeek Park,4ea29e58-f05b-4781-92bf-66be90479b98,56.284194946289062,89.600952148437500,81.485168457031250,-122.3708010000,47.7110923000
,"11726",,,,"11726",Seattle Parks and Recreation,Thuja plicata,Western Red Cedar,"23",Private,Carkeek Park,cbe6927f-8ec3-482b-ab42-4fdd8394238f,56.236778259277344,89.716224670410156,81.495223999023438,-122.3709860000,47.7107191400
,"6173",,,,"6173",Seattle Parks and Recreation,Thuja plicata,Western Red Cedar,"32",Seattle Parks and Recreation,Burke-Gilman Trail,c07ade7a-8b6a-4aec-bde4-e27d1a4f6af8,,,,-122.2766200000,47.7102355000
,"27516",,,,"27516",Seattle Parks and Recreation,Thuja plicata,Western Red Cedar,"0",Seattle Parks and Recreation,Dr. Jose Rizal Park,bdca1459-3b29-41c5-a963-52b04acf598f,63.207824707031250,89.046119689941406,85.976753234863281,-122.3182570000,47.5921851400
,"3232",,,,"3232",Seattle Parks and Recreation,Thuja plicata,Western Red Cedar,"34",Seattle Parks and Recreation,Lake Washington Boulevard,9400fe02-c5b1-4e65-b36b-842408c3d1c5,62.679565429687507,88.648048400878906,86.469619750976562,-122.2579450000,47.5502528700
,"7093",,,,"7093",Seattle Parks and Recreation,Thuja plicata,Western Red Cedar,"27",Seattle Parks and Recreation,Woodland Park,54899876-8895-4f02-b167-47cf065fd72c,59.868782043457031,87.583961486816406,83.999801635742188,-122.3459200000,47.6713033200
,"4011",,,,"4011",Seattle Parks and Recreation,Thuja plicata,Western Red Cedar,"1",Seattle Parks and Recreation,Colman Park,fcaaec88-b5aa-4b71-9a92-30895ad65204,61.152687072753906,88.914520263671875,84.824539184570327,-122.2871350000,47.5862528300
,"9780",,,,"9780",Seattle Parks and Recreation,Thuja plicata,Western Red Cedar,"26",Seattle Parks and Recreation,Hiawatha Park,60b9a147-ab12-4da4-9adf-1c624f569b45,61.918315887451165,89.212059020996094,86.036651611328125,-122.3844780000,47.5790952000
,"15780",,,,"15780",Seattle Parks and Recreation,Thuja plicata,Western Red Cedar,"36",Seattle Parks and Recreation,Lincoln Park,5b54bf94-1cc3-4357-80de-65e0c7c5ba56,61.406936645507812,88.708282470703125,85.336219787597670,-122.3942910000,47.5290148800
,"4552",,,,"4552",Seattle Parks and Recreation,Thuja plicata 'Zebrina',Zebrina Western Red Cedar,"38",Seattle Parks and Recreation,Volunteer Park,5feb3706-3a53-478e-aa0c-bb812994721e,60.074142456054688,88.546806335449219,84.860977172851562,-122.3145990000,47.6308898000
,"4696",,,,"4696",Seattle Parks and Recreation,Thuja plicata,Western Red Cedar,"37",Seattle Parks and Recreation,Volunteer Park,b13b1b17-0fb4-4ad5-8c88-ab9a33a3fbf6,60.148704528808594,89.321968078613281,85.857261657714844,-122.3134890000,47.6320226000
,"4769",,,,"4769",Seattle Parks and Recreation,Thuja plicata,Western Red Cedar,"1",Seattle Parks and Recreation,Colman Park,5cd4891b-c6cf-40ef-a483-1f66f6e6c3bc,61.152687072753906,88.914520263671875,84.824539184570327,-122.2870930000,47.5862869500
,"15976",,,,"15976",Seattle Parks and Recreation,Thuja plicata,Western Red Cedar,"17",Seattle Parks and Recreation,Lincoln Park,9992b655-7364-4c4e-a8e9-3abada9955b9,62.770797729492188,89.172569274902330,86.520874023437500,-122.3942580000,47.5366347700
,"11845",,,,"11845",Seattle Parks and Recreation,Thuja plicata,Western Red Cedar,"17",Seattle Parks and Recreation,Carkeek Park,0d19077f-a5e7-4a44-906b-c90822f6de4b,,,,-122.3780830000,47.7134529800
,"11897",,,,"11897",Seattle Parks and Recreation,Thuja plicata,Western Red Cedar,"24",Seattle Parks and Recreation,Interlaken Park,8ae2f129-cce6-490f-99c7-1954df6da9d8,59.970134735107422,88.191665649414062,83.858757019042983,-122.3082640000,47.6332029000
,"11911",,,,"11911",Seattle Parks and Recreation,Thuja plicata,Western Red Cedar,"16",Seattle Parks and Recreation,Interlaken Park,f8803066-4d34-4928-b264-7814d6d19311,59.382198333740234,88.662658691406250,83.947685241699219,-122.3074020000,47.6341286700
,"12389",,,,"12389",Seattle Parks and Recreation,Thuja plicata,Western Red Cedar,"36",Seattle Parks and Recreation,Schmitz Preserve Park,1b09c740-83a2-49a8-99d6-21edcb5b3d84,61.032428741455078,88.138595581054688,84.028327941894531,-122.4017990000,47.5771078800
,"12517",,,,"12517",Seattle Parks and Recreation,Thuja plicata,Western Red Cedar,"30",Seattle Parks and Recreation,Discovery Park,99c360f3-e88a-4540-918f-99536cbe9457,59.774742126464837,88.317237854003906,83.734954833984375,-122.4053520000,47.6580011400
,"12683",,,,"12683",Seattle Parks and Recreation,Thuja plicata,Western Red Cedar,"27",Seattle Parks and Recreation,Discovery Park Boulevard,66552b39-1aca-4f9f-a193-f93712b7bed2,59.835033416748047,88.376419067382812,83.964630126953125,-122.4047220000,47.6584383100
,"12694",,,,"12694",Seattle Parks and Recreation,Thuja plicata,Western Red Cedar,"17",Seattle Parks and Recreation,Discovery Park,b330c62a-eb6a-445f-83f2-a718904650d1,58.997768402099609,88.469223022460938,82.762748718261719,-122.4060260000,47.6589567200
,"12798",,,,"12798",Seattle Parks and Recreation,Thuja plicata,Western Red Cedar,"31",Seattle Parks and Recreation,Discovery Park,4e04376e-2272-41e6-90db-73c619760a60,57.181682586669922,88.908195495605469,81.728607177734375,-122.4080030000,47.6587465500
,"12984",,,,"12984",Seattle Parks and Recreation,Thuja plicata,Western Red Cedar,"41",Seattle Parks and Recreation,Discovery Park,2e936b17-064b-4d66-94cd-f9006f3b219e,55.204933166503906,89.699249267578125,80.951705932617188,-122.4096290000,47.6606299000
,"13231",,,,"13231",Seattle Parks and Recreation,Thuja plicata,Western Red Cedar,"24",Seattle Parks and Recreation,Discovery Park,f4a4a5f1-038f-4fe5-9865-e3b82b3874a2,58.566745758056641,89.397979736328125,84.511329650878906,-122.4109510000,47.6662671300
,"13490",,,,"13490",Seattle Parks and Recreation,Thuja plicata,Western Red Cedar,"40",Seattle Parks and Recreation,Discovery Park,f57b19ee-4232-449c-91b1-79d2490c6a22,55.393005371093750,90.384376525878906,80.021087646484375,-122.4165650000,47.6625588300
,"14047",,,,"14047",Seattle Parks and Recreation,Thuja plicata,Western Red Cedar,"38",Seattle Parks and Recreation,Woodland Park,fdbee370-4f2d-4863-b899-033bb01ad64c,60.291435241699219,87.759506225585938,84.504440307617188,-122.3470050000,47.6716310000
,"14221",,,,"14221",Seattle Parks and Recreation,Thuja plicata,Western Red Cedar,"35",Seattle Parks and Recreation,Kubota Gardens,17cffac7-c1cd-4b4f-9ffa-c287c5d03331,62.096874237060547,88.936416625976562,85.229110717773438,-122.2671440000,47.5144093300
,"14266",,,,"14266",Seattle Parks and Recreation,Thuja plicata,Western Red Cedar,"28",Seattle Parks and Recreation,Mount Baker Park,ee45cba3-4e9f-40ac-a03b-0c35c7491495,61.508163452148438,87.582168579101562,84.328132629394531,-122.2889850000,47.5819052800
,"14307",,,,"14307",Seattle Parks and Recreation,Thuja plicata 'Zebrina',Zebrina Western Red Cedar,"25",Seattle Parks and Recreation,Laurelhurst Playfield,0637904b-ad87-4d99-b33a-6d611e2f3575,61.485813140869141,88.427520751953125,84.568954467773438,-122.2768550000,47.6602273200
,"14803",,,,"14803",Seattle Parks and Recreation,Thuja plicata,Western Red Cedar,"32",Seattle Parks and Recreation,Seward Park,6c6a9932-622d-48c5-b976-9c01990d294c,,,,-122.2472150000,47.5545992000
,"14873",,,,"14873",Seattle Parks and Recreation,Thuja plicata,Western Red Cedar,"19",Seattle Parks and Recreation,Seward Park,c46dbff7-1d1d-4037-939c-005a9dd7a62b,,,,-122.2487250000,47.5591659500
,"14904",,,,"14904",Seattle Parks and Recreation,Thuja plicata,Western Red Cedar,"22",Seattle Parks and Recreation,Seward Park,30506852-1742-4379-9bfa-34f6c5ae7400,,,,-122.2548560000,47.5581313800
,"15008",,,,"15008",Seattle Parks and Recreation,Thuja plicata,Western Red Cedar,"47",Seattle Parks and Recreation,Seward Park,aa82452e-5444-4943-9c1d-7c1075bf91f0,60.458835601806641,89.787490844726562,84.197113037109375,-122.2549460000,47.5516496600
,"15156",,,,"15156",Seattle Parks and Recreation,Thuja plicata,Western Red Cedar,"23",Seattle Parks and Recreation,Seward Park,afa79324-bf12-47d9-9110-ff197de29b9d,,,,-122.2503450000,47.5496582200
,"15810",,,,"15810",Seattle Parks and Recreation,Thuja plicata,Western Red Cedar,"34",Seattle Parks and Recreation,Lincoln Park,1bb70f16-3eaf-4059-a83a-1ded38d3d39a,62.334373474121094,88.700042724609375,86.505813598632812,-122.3932820000,47.5276947800
,"6007",,,,"6007",Seattle Parks and Recreation,Thuja plicata,Western Red Cedar,"0",Seattle Parks and Recreation,Woodland Park,3266675d-58e9-496a-bd72-89f2ea8151d5,61.349815368652344,86.924415588378906,84.000617980957017,-122.3461710000,47.6688894800
,"6358",,,,"6358",Seattle Parks and Recreation,Thuja plicata,Western Red Cedar,"42",Seattle Parks and Recreation,Gas Works Park,b868dfa3-b4e9-46c2-bbf3-4933dc04586e,63.714595794677734,88.903694152832031,84.806053161621094,-122.3344150000,47.6463596100
,"6381",,,,"6381",Seattle Parks and Recreation,Thuja plicata,Western Red Cedar,"3",Seattle Parks and Recreation,Gas Works Park,fa5f0b4d-a6e4-4724-bcdd-8e1f9e6c8436,63.622173309326165,88.635963439941406,84.638122558593750,-122.3345210000,47.6462691800
,"6389",,,,"6389",Seattle Parks and Recreation,Thuja plicata,Western Red Cedar,"8",Seattle Parks and Recreation,Gas Works Park,4399272c-c434-4b91-891c-610d67275fa7,63.697826385498047,88.954978942871094,85.110069274902330,-122.3369440000,47.6461304400
,"6397",,,,"6397",Seattle Parks and Recreation,Thuja plicata,Western Red Cedar,"21",Seattle Parks and Recreation,Gas Works Park,d47670de-fe67-445d-a5b9-271df76b74b7,63.551738739013672,88.413063049316406,84.308891296386719,-122.3346530000,47.6461902100
,"6443",,,,"6443",Seattle Parks and Recreation,Thuja plicata,Western Red Cedar,"7",Seattle Parks and Recreation,Gas Works Park,59244a5a-a524-48b4-8d5e-04b09a022631,63.419635772705078,88.311691284179673,84.176391601562500,-122.3350770000,47.6461190100
,"17751",,,,"17751",Seattle Parks and Recreation,Thuja plicata,Western Red Cedar,"17",Seattle Parks and Recreation,Brighton Playfield,2d18cebd-1cf8-4603-ad7c-5421433c948e,63.304267883300781,89.864700317382812,86.542343139648438,-122.2832550000,47.5490998400
,"6464",,,,"6464",Seattle Parks and Recreation,Thuja plicata,Western Red Cedar,"8",Seattle Parks and Recreation,Gas Works Park,eb6f39e2-fc97-40bf-93b9-a885c4a6a654,63.375045776367188,88.262771606445312,84.117095947265625,-122.3353250000,47.6460410300
,"17777",,,,"17777",Seattle Parks and Recreation,Thuja plicata,Western Red Cedar,"17",Seattle Parks and Recreation,Brighton Playfield,6cc1c58b-4065-49fb-9f9e-bd5f0bc71640,63.267757415771491,89.854164123535156,86.508262634277344,-122.2829990000,47.5491283300
,"17779",,,,"17779",Seattle Parks and Recreation,Thuja plicata,Western Red Cedar,"17",Seattle Parks and Recreation,Brighton Playfield,e263079a-7c9d-4cb8-9fd1-e89456b500cc,63.337200164794922,89.718490600585938,86.506835937500000,-122.2830510000,47.5492200800
,"17987",,,,"17987",Seattle Parks and Recreation,Thuja plicata,Western Red Cedar,"16",Seattle Parks and Recreation,Gas Works Park,588380db-015b-4302-9e43-13a204fe0cc2,63.486999511718750,88.649688720703125,84.421447753906250,-122.3359860000,47.6460237700
,"17991",,,,"17991",Seattle Parks and Recreation,Thuja plicata,Western Red Cedar,"12",Seattle Parks and Recreation,Gas Works Park,e01a5a58-4bf6-45f6-9df9-1e4b03582e4d,63.486999511718750,88.649688720703125,84.421447753906250,-122.3359140000,47.6460290800
,"18356",,,,"18356",Seattle Parks and Recreation,Thuja plicata,Western Red Cedar,"0",Seattle Parks and Recreation,,9b755323-9bf4-403a-bb14-6de68ee6c172,62.442066192626953,88.121032714843750,84.994636535644531,-122.4036760000,47.6638533500
,"18809",,,,"18809",Seattle Parks and Recreation,Thuja plicata,Western Red Cedar,"7",Seattle Parks and Recreation,Jackson Park Golf Course,50179bcb-2a01-4826-9200-927be65edd53,60.429073333740234,89.045860290527344,84.516250610351562,-122.3165180000,47.7323106300
,"7137",,,,"7137",Seattle Parks and Recreation,Thuja plicata,Western Red Cedar,"0",Seattle Parks and Recreation,Dahl (Waldo J.) Playfield,59f98656-3f60-45f2-86c3-79ba2a781b1a,61.829013824462891,88.624336242675781,86.053298950195312,-122.2982970000,47.6864256500
,"7624",,,,"7624",Seattle Parks and Recreation,Thuja plicata,Western Red Cedar,"30",Seattle Parks and Recreation,Seward Park,2b007439-be8c-49f2-8bc0-0892367242e9,,,,-122.2491100000,47.5599157200
,"7838",,,,"7838",Seattle Parks and Recreation,Thuja plicata,Western Red Cedar,"2",Seattle Parks and Recreation,Seward Park,916b08ad-8239-4f05-9fe2-af1df5cf877c,60.449901580810547,89.783699035644531,84.087875366210938,-122.2544220000,47.5509025400
,"7872",,,,"7872",Seattle Parks and Recreation,Thuja plicata,Western Red Cedar,"2",Seattle Parks and Recreation,Stan Sayres Memorial Park,0302cb5f-513a-409c-97cf-5bf2a20d3b5c,,,,-122.2803290000,47.5715497000
,"8052",,,,"8052",Seattle Parks and Recreation,Thuja plicata,Western Red Cedar,"1",Seattle Parks and Recreation,,8be2b063-51fe-4e4f-b6d2-9ba8b850139b,60.918872833251953,89.545158386230469,85.568153381347670,-122.2722550000,47.6950496000
,"20519",,,,"20519",Seattle Parks and Recreation,Thuja plicata 'Zebrina',Zebrina Western Red Cedar,"59",Seattle Parks and Recreation,Laurelhurst Playfield,b4b33e00-3c7f-4c3b-b65d-237628969f5a,61.776458740234375,88.384292602539062,84.505393981933594,-122.2768870000,47.6594649600
,"20539",,,,"20539",Seattle Parks and Recreation,Thuja plicata,Western Red Cedar,"0",Seattle Parks and Recreation,Woodland Park,3cd95ddd-fea9-442d-a252-801512f6040f,61.349815368652344,86.924415588378906,84.000617980957017,-122.3462050000,47.6689399500
,"8757",,,,"8757",Seattle Parks and Recreation,Thuja plicata,Western Red Cedar,"12",Seattle Parks and Recreation,,fe6ba6fe-81c0-4903-9434-be555e0060ef,58.682521820068359,89.724296569824219,85.728446960449219,-122.2912890000,47.7065796100
,"8875",,,,"8875",Seattle Parks and Recreation,Thuja plicata,Western Red Cedar,"26",Seattle Parks and Recreation,Carkeek Park,69853f9c-9e04-42c8-9d12-67d025b5e632,59.058067321777344,89.838310241699219,83.612266540527344,-122.3761680000,47.7133652700
,"8885",,,,"8885",Seattle Parks and Recreation,Thuja plicata,Western Red Cedar,"0",Seattle Parks and Recreation,Woodland Park,d9df11fe-ccbe-4867-964b-060f2ccb1291,60.200256347656250,87.371963500976562,84.014923095703125,-122.3453540000,47.6698616600
,"9312",,,,"9312",Seattle Parks and Recreation,Thuja plicata,Western Red Cedar,"9",Seattle Parks and Recreation,Bryant Playground,6b517c60-3dda-4e60-9c56-262ed1cac4e8,61.744621276855469,89.263175964355469,85.908081054687500,-122.2843260000,47.6752450000
,"9313",,,,"9313",Seattle Parks and Recreation,Thuja plicata,Western Red Cedar,"11",Seattle Parks and Recreation,Bryant Playground,8b2eaaef-81b9-42c0-b7a8-56a858019117,61.799839019775391,89.220939636230469,85.820747375488281,-122.2842990000,47.6750509400
,"17773",,,,"17773",Seattle Parks and Recreation,Thuja plicata,Western Red Cedar,"17",Seattle Parks and Recreation,Brighton Playfield,95ea660a-db09-48d9-a2f7-7ee76d187584,63.304267883300781,89.864700317382812,86.542343139648438,-122.2832060000,47.5490263200
,"6016",,,,"6016",Seattle Parks and Recreation,Thuja plicata,Western Red Cedar,"0",Seattle Parks and Recreation,Woodland Park,7fc18c4a-b618-408d-8eb1-f5fc7c5cb39d,61.423286437988281,87.064651489257812,83.906372070312500,-122.3452740000,47.6682720500
,"15155",,,,"15155",Seattle Parks and Recreation,Thuja plicata,Western Red Cedar,"21",Seattle Parks and Recreation,Seward Park,10b92e9f-16e5-403b-b49c-8ee71be859d3,,,,-122.2503880000,47.5496648200
,"33161",,,,"33161",Seattle Parks and Recreation,Thuja plicata,Western Red Cedar,"0",Seattle Parks and Recreation,Montlake Playfield,30a55da9-5973-48ba-bb88-64d9e3becc0f,62.275218963623047,86.910140991210938,83.119361877441406,-122.3089650000,47.6418294000
,"31179",,,,"31179",Seattle Parks and Recreation,Thuja plicata,Western Red Cedar,"37",Seattle Parks and Recreation,Peppi's Playground,d451500a-f3f4-43a6-b225-0fa820f4974e,61.819179534912109,88.033699035644531,83.813766479492188,-122.2907990000,47.6027024200
,"29921",,,,"29921",Seattle Parks and Recreation,Thuja plicata 'Excelsa',Excelsa Arborvitae,"0",Seattle Parks and Recreation,Pendleton Miller Playfield,2f1123a7-cb3d-46f0-ada9-03a0b204d9e1,62.590579986572266,88.857498168945312,85.657699584960938,-122.3066490000,47.6226649700
,"24702",,,,"24702",Seattle Parks and Recreation,Thuja plicata,Western Red Cedar,"28",Seattle Parks and Recreation,Dearborn Park,244eab47-9e11-4d8e-ac0f-c0cd6b35968f,61.289131164550781,89.514755249023438,86.029571533203125,-122.2947920000,47.5530237600
,"30125",,,,"30125",Seattle Parks and Recreation,Thuja plicata,Western Red Cedar,"2",Seattle Parks and Recreation,Sandel Playground,62bf9b28-7279-448d-b770-f90f4f232638,62.357894897460938,88.669204711914062,85.044914245605469,-122.3583360000,47.6948837600
,"29221",,,,"29221",Seattle Parks and Recreation,Thuja plicata 'Excelsa',Excelsa Arborvitae,"1",Seattle Parks and Recreation,Woodland Park,08ab98ca-b45f-4446-bd9c-4ed7cd981f43,60.109710693359375,88.280380249023438,84.371421813964844,-122.3456600000,47.6721623700
,"29228",,,,"29228",Seattle Parks and Recreation,Thuja plicata 'Green Giant',Green Giant Arborvitae,"2",Seattle Parks and Recreation,Woodland Park,c1e9bea0-72b3-4b5c-a486-666d4bfd4c37,60.138870239257812,87.158370971679673,83.894287109375014,-122.3461220000,47.6700167400
,"27549",,,,"27549",Seattle Parks and Recreation,Thuja plicata,Western Red Cedar,"0",Seattle Parks and Recreation,Colman Park,f24ee30e-d947-43ab-bf5b-fb1a712b528b,61.866294860839837,87.289863586425781,83.191658020019531,-122.2913480000,47.5862036800
,"27525",,,,"27525",Seattle Parks and Recreation,Thuja plicata,Western Red Cedar,"0",Seattle Parks and Recreation,Dr. Jose Rizal Park,d773a060-a89b-4dd0-9583-bfae38254078,63.216644287109375,89.031616210937500,86.063446044921875,-122.3183080000,47.5920110300
,"27527",,,,"27527",Seattle Parks and Recreation,Thuja plicata,Western Red Cedar,"0",Seattle Parks and Recreation,Frink Park,062093b0-89e9-434d-85ce-ba1404ed1fbf,61.521781921386719,87.530426025390625,83.755737304687500,-122.2912380000,47.5999383500
,"28013",,,,"28013",Seattle Parks and Recreation,Thuja plicata,Western Red Cedar,"14",Seattle Parks and Recreation,Daybreak Star,661d2e6f-a69c-4acd-935b-503acef23d2f,58.312442779541016,90.067451477050781,83.277397155761719,-122.4174600000,47.6673205000
,"27379",,,,"27379",Seattle Parks and Recreation,Thuja plicata,Western Red Cedar,"35",Seattle Parks and Recreation,Longfellow Creek GS: Central,349c3a57-36a5-4efa-bcab-04510f4cc32d,60.220939636230469,87.761138916015625,82.416793823242188,-122.3693230000,47.5525685400
,"27427",,,,"27427",Seattle Parks and Recreation,Thuja plicata,Western Red Cedar,"37",Seattle Parks and Recreation,Ravenna Park,475ff7aa-d364-4c27-b3ee-ece7bda5accd,60.467132568359375,88.057205200195312,85.149566650390625,-122.3030540000,47.6700180400
,"27536",,,,"27536",Seattle Parks and Recreation,Thuja plicata,Western Red Cedar,"0",Seattle Parks and Recreation,Frink Park,6219c87d-6358-455b-91f3-b78f2653efc7,61.550361633300781,87.467765808105469,83.786262512207017,-122.2911820000,47.5994587400
,"27538",,,,"27538",Seattle Parks and Recreation,Thuja plicata,Western Red Cedar,"0",Seattle Parks and Recreation,Frink Park,874fc96c-91cc-4e4b-a6de-a3c3bc37d6fd,61.521781921386719,87.530426025390625,83.755737304687500,-122.2912520000,47.5999123000
,"26647",,,,"26647",Seattle Parks and Recreation,Thuja plicata,Western Red Cedar,"25",Seattle Parks and Recreation,Discovery Park Boulevard,d5f54b4f-cd03-4ebc-b3e6-8c74e8002b2d,56.283679962158203,90.453056335449219,81.137176513671875,-122.4211300000,47.6618469400
,"26217",,,,"26217",Seattle Parks and Recreation,Thuja plicata,Western Red Cedar,"16",Seattle Parks and Recreation,Warren G. Magnuson Park,f64c11ca-18f5-4acd-a2a4-f6f6b80fcc8f,61.577499389648438,89.465881347656250,86.363845825195312,-122.2611660000,47.6752843300
,"26081",,,,"26081",Seattle Parks and Recreation,Thuja plicata,Western Red Cedar,"7",Seattle Parks and Recreation,Denny Park,20f0e42d-052c-4d0c-bd26-230bcb534377,65.156555175781250,90.063621520996094,86.186416625976562,-122.3400520000,47.6190413600
,"26118",,,,"26118",Seattle Parks and Recreation,Thuja plicata,Western Red Cedar,"45",Seattle Parks and Recreation,Interlaken Park,8279f146-bb56-44d7-a870-cc58f05237b5,59.074886322021491,87.891212463378906,83.337814331054688,-122.3086840000,47.6354759700
,"26192",,,,"26192",Seattle Parks and Recreation,Thuja plicata,Western Red Cedar,"28",Seattle Parks and Recreation,Lake Washington Boulevard,75bb127e-c4e7-4dcc-8028-5e37e5367519,,,,-122.2811670000,47.5741343700
,"25255",,,,"25255",Seattle Parks and Recreation,Thuja plicata,Western Red Cedar,"6",Seattle Parks and Recreation,Kingfisher Natural Area on Thornton Creek,0a395821-65ad-4f55-936d-82602ff69b04,60.015026092529297,86.104530334472656,82.919548034667969,-122.3076800000,47.7006667600
,"24493",,,,"24493",Seattle Parks and Recreation,Thuja plicata,Western Red Cedar,"20",Seattle Parks and Recreation,Carkeek Park,0cfa45c7-8f23-410c-89d5-e69a8cab468e,56.736949920654297,89.736923217773438,82.829048156738281,-122.3737710000,47.7116910800
,"24777",,,,"24777",Seattle Parks and Recreation,Thuja plicata,Western Red Cedar,"42",Seattle Parks and Recreation,Schmitz Preserve Park,c65860e5-7e35-484b-8bcb-2bc5488fc3c9,61.674541473388672,88.688751220703125,85.115440368652330,-122.3995200000,47.5718227800
,"6379",,,,"6379",Seattle Parks and Recreation,Thuja plicata,Western Red Cedar,"18",Seattle Parks and Recreation,Gas Works Park,6a3b8e30-e6a9-4312-8072-2a808915efb6,63.620574951171875,88.415000915527344,84.258209228515625,-122.3345480000,47.6462122000
,"4638",,,,"4638",Seattle Parks and Recreation,Thuja plicata,Western Red Cedar,"20",Seattle Parks and Recreation,Volunteer Park,31be3beb-6f7a-482d-b526-a158ad38c94d,60.198024749755859,88.734977722167969,85.276733398437500,-122.3128880000,47.6314536200
,"6031",,,,"6031",Seattle Parks and Recreation,Thuja plicata 'Excelsa',Excelsa Arborvitae,"1",Seattle Parks and Recreation,Woodland Park,0cf080ae-2dcd-4e65-a1f3-3c8a9c20c358,60.150108337402344,87.867179870605469,84.616622924804688,-122.3462480000,47.6720378000
,"15937",,,,"15937",Seattle Parks and Recreation,Thuja plicata,Western Red Cedar,"27",Seattle Parks and Recreation,Lincoln Park,b1675449-69f3-4f6b-9f7e-f0deced05d58,62.840984344482422,88.825744628906250,86.408767700195312,-122.3937080000,47.5363892900
,"20597",,,,"20597",Seattle Parks and Recreation,Thuja plicata,Western Red Cedar,"26",Seattle Parks and Recreation,Woodland Park,5cdd40f3-c5a1-4bd5-a28a-7dad45f49728,59.891868591308594,87.520339965820327,83.990417480468750,-122.3459620000,47.6713309300
,"24392",,,,"24392",Seattle Parks and Recreation,Thuja plicata,Western Red Cedar,"45",Seattle Parks and Recreation,Orchard Street Ravine,3e7ec54d-5e16-4450-9b28-fd60c5e9e9bf,62.059146881103509,89.136802673339844,86.897682189941406,-122.3805120000,47.5385018700
,"22984",,,,"22984",Seattle Parks and Recreation,Thuja plicata,Western Red Cedar,"36",Seattle Parks and Recreation,Colman Park,80eca846-b9f0-4173-ba95-29c98fb05211,61.901187896728509,88.609321594238281,85.576675415039062,-122.2874770000,47.5867568300
,"22952",,,,"22952",Seattle Parks and Recreation,Thuja plicata 'Zebrina',Zebrina Western Red Cedar,"1",Seattle Parks and Recreation,Dr. Blanche Lavizzo Park,fd59dd77-c530-48b8-a28c-2abb5ba0cb76,63.442279815673835,89.482131958007812,86.219818115234375,-122.3042770000,47.6011670800
,"3395",,,,"3395",Seattle Parks and Recreation,Thuja plicata,Western Red Cedar,"1",Seattle Parks and Recreation,Lake Washington Boulevard,c7d63bfa-76ba-43d2-a206-9d5c141c7316,,,,-122.2617330000,47.5563694500
,"6410",,,,"6410",Seattle Parks and Recreation,Thuja plicata,Western Red Cedar,"8",Seattle Parks and Recreation,Gas Works Park,f3491a7a-f00f-45da-8590-9d8ae5e12fed,63.697826385498047,88.954978942871094,85.110069274902330,-122.3368370000,47.6460899200
,"16634",,,,"16634",Seattle Parks and Recreation,Thuja plicata,Western Red Cedar,"40",Seattle Parks and Recreation,Burke-Gilman Trail,c0bbc938-d482-4ee0-9d76-7f2f64288915,,,,-122.2766700000,47.7102986100
,"20158",,,,"20158",Seattle Parks and Recreation,Thuja plicata,Western Red Cedar,"42",Seattle Parks and Recreation,Discovery Park,682e614c-4fed-4988-998c-dafe9fe626f3,54.968215942382812,89.875144958496094,80.771759033203125,-122.4102360000,47.6604625500
,"17989",,,,"17989",Seattle Parks and Recreation,Thuja plicata,Western Red Cedar,"20",Seattle Parks and Recreation,Gas Works Park,cba3d43b-5f51-4efa-b02b-cb888d39dea8,63.486999511718750,88.649688720703125,84.421447753906250,-122.3359630000,47.6459887100
,"20272",,,,"20272",Seattle Parks and Recreation,Thuja plicata,Western Red Cedar,"11",Seattle Parks and Recreation,Volunteer Park,4727e1c3-9b8a-4673-adab-b549cf16ce2c,60.216594696044922,89.401840209960938,86.171661376953125,-122.3139030000,47.6322787100
,"20279",,,,"20279",Seattle Parks and Recreation,Thuja plicata,Western Red Cedar,"30",Seattle Parks and Recreation,Solstice Park,ee4d5917-81dc-46ce-94ff-b3ed902be792,62.600532531738281,88.968063354492188,85.883911132812500,-122.3915170000,47.5359733800
,"6412",,,,"6412",Seattle Parks and Recreation,Thuja plicata,Western Red Cedar,"9",Seattle Parks and Recreation,Gas Works Park,91bf3797-202f-4ad3-8430-4acb3baa54ad,63.419635772705078,88.311691284179673,84.176391601562500,-122.3350110000,47.6461458100
,"20537",,,,"20537",Seattle Parks and Recreation,Thuja plicata,Western Red Cedar,"16",Seattle Parks and Recreation,Volunteer Park,cb3498f5-0576-462f-bbaa-bad76ade4322,60.032001495361328,88.055465698242188,84.246635437011719,-122.3138530000,47.6307944700
,"19072",,,,"19072",Seattle Parks and Recreation,Thuja plicata,Western Red Cedar,"12",Seattle Parks and Recreation,Interbay Golf,4a43a2c3-2b4f-459e-ac60-80f063432b4f,62.014003753662109,88.015739440917969,84.318695068359375,-122.3770280000,47.6444969100
,"21705",,,,"21705",Seattle Parks and Recreation,Thuja plicata,Western Red Cedar,"45",Seattle Parks and Recreation,Belvedere Park,c6b9c06b-d763-43f7-abc9-ee3943de1a3b,61.819934844970703,88.054557800292983,83.496833801269531,-122.3778140000,47.5807461600
,"6390",,,,"6390",Seattle Parks and Recreation,Thuja plicata,Western Red Cedar,"8",Seattle Parks and Recreation,Gas Works Park,14247983-386c-45aa-aac5-f3fd381c904e,63.697826385498047,88.954978942871094,85.110069274902330,-122.3369510000,47.6461114600
,"35987",,,,"35987",Seattle Parks and Recreation,Thuja plicata,Western Red Cedar,"26",Seattle Parks and Recreation,,8da22dad-7788-4d7a-9aca-dcf073fc9856,61.658546447753906,87.636962890624986,83.488891601562500,-122.2912410000,47.5979121700
,"36040",,,,"36040",Seattle Parks and Recreation,Thuja plicata,Western Red Cedar,"32",Seattle Parks and Recreation,Loyal Heights Playfield,55733622-2ac9-40c6-98bc-0b3eda5e8f84,59.780658721923835,83.546195983886719,81.745140075683594,-122.3824680000,47.6848344200
,"34949",,,,"34949",Seattle Parks and Recreation,Thuja plicata,Western Red Cedar,"35",Seattle Parks and Recreation,Jefferson Park,7493cb22-c16a-4cc5-8bcd-df1d5d79bc74,60.592571258544922,89.811416625976562,86.983558654785156,-122.3104940000,47.5671376000
,"34955",,,,"34955",Seattle Parks and Recreation,Thuja plicata,Western Red Cedar,"25",Seattle Parks and Recreation,Jefferson Park,b16f25cd-7b92-48f3-bce4-500eaef55e01,60.652027130126953,89.787605285644531,86.942481994628906,-122.3105840000,47.5671725900
,"34914",,,,"34914",Seattle Parks and Recreation,Thuja plicata,Western Red Cedar,"28",Seattle Parks and Recreation,Hamilton Viewpoint Park,0ca6a55b-b5c6-44c8-9fb4-c58b5349246a,62.384834289550781,88.751480102539062,87.299491882324219,-122.3860940000,47.5946864700
,"34948",,,,"34948",Seattle Parks and Recreation,Thuja plicata,Western Red Cedar,"35",Seattle Parks and Recreation,Jefferson Park,fa9019c4-00e6-4227-ae95-0e5622a27e9d,60.699504852294922,89.884262084960938,87.014297485351562,-122.3102630000,47.5674801900
,"33042",,,,"33042",Seattle Parks and Recreation,Thuja plicata,Western Red Cedar,"18",Seattle Parks and Recreation,Ravenna Park,65d8d95a-d7d6-486a-8e99-1d33cd53df9d,61.632194519042969,87.618095397949219,84.766349792480469,-122.3103210000,47.6733226500
,"33100",,,,"33100",Seattle Parks and Recreation,Thuja plicata,Western Red Cedar,"40",Seattle Parks and Recreation,Discovery Park,8383a713-3320-480a-8857-c76caa8e75f4,54.664207458496094,90.450263977050781,80.586982727050781,-122.4118150000,47.6596834300
,"33157",,,,"33157",Seattle Parks and Recreation,Thuja plicata,Western Red Cedar,"12",Seattle Parks and Recreation,Trolley Hill Park,5285f619-f528-4164-8a2e-7a93ac4a8602,62.503284454345703,88.453216552734375,83.309669494628906,-122.3472400000,47.6353405000
,"33160",,,,"33160",Seattle Parks and Recreation,Thuja plicata,Western Red Cedar,"0",Seattle Parks and Recreation,Montlake Playfield,5937b240-309d-4695-bf2a-c538f6481aa6,62.270271301269531,87.290115356445312,83.394798278808594,-122.3089480000,47.6419483600
,"32406",,,,"32406",Seattle Parks and Recreation,Thuja plicata 'Zebrina',Zebrina Western Red Cedar,"0",Seattle Parks and Recreation,Green Lake Park,4ae81327-7149-4a59-964d-93c54e52864e,63.776947021484375,88.932670593261719,84.674812316894531,-122.3297410000,47.6824650400
,"30432",,,,"30432",Seattle Parks and Recreation,Thuja plicata,Western Red Cedar,"23",Seattle Parks and Recreation,Woodland Park,78eae5e2-622b-4192-a8e6-753b0c61e0e8,61.050846099853509,88.440002441406250,84.784637451171875,-122.3439620000,47.6663108700
,"30646",,,,"30646",Seattle Parks and Recreation,Thuja plicata,Western Red Cedar,"1",Seattle Parks and Recreation,Mineral Springs Park,5c5fac1c-75f1-4425-a36d-d7dbe7d12311,62.449321746826165,88.550315856933594,85.078231811523438,-122.3366730000,47.7052767300
,"18164",,,,"18164",Seattle Parks and Recreation,Thuja plicata,Western Red Cedar,"7",Seattle Parks and Recreation,Mount Claire Park,99a8370e-c7b2-4c87-adcd-a2f2038bea4d,61.076793670654297,88.872161865234375,84.790679931640625,-122.2856350000,47.5795838600
,"4759",,,,"4759",Seattle Parks and Recreation,Thuja plicata,Western Red Cedar,"36",Seattle Parks and Recreation,Volunteer Park,401cdf31-c82b-46c4-879e-6eff30e5ccd3,60.032001495361328,88.055465698242188,84.246635437011719,-122.3138420000,47.6307803800
,"5375",,,,"5375",Seattle Parks and Recreation,Thuja plicata,Western Red Cedar,"0",Seattle Parks and Recreation,Ravenna Park,b70814fc-63a0-4746-9bd7-3d789256f2c1,60.878707885742188,88.788383483886719,85.536918640136719,-122.3036330000,47.6691819700
,"17775",,,,"17775",Seattle Parks and Recreation,Thuja plicata,Western Red Cedar,"17",Seattle Parks and Recreation,Brighton Playfield,1efbbd6b-768b-422e-8a32-c9ce29e9a149,63.294811248779297,89.825645446777344,86.417465209960938,-122.2831850000,47.5491228700
,"6430",,,,"6430",Seattle Parks and Recreation,Thuja plicata,Western Red Cedar,"14",Seattle Parks and Recreation,Gas Works Park,3f92a7be-2200-48d2-80b0-bc3a5761a177,63.689132690429688,88.885688781738281,84.830795288085938,-122.3367070000,47.6460413100
,"17976",,,,"17976",Seattle Parks and Recreation,Thuja plicata,Western Red Cedar,"16",Seattle Parks and Recreation,Gas Works Park,3f6e2410-fadb-443c-83b7-421d1ef5a72d,63.379020690917969,88.427070617675781,84.180480957031250,-122.3355800000,47.6460465100
,"17978",,,,"17978",Seattle Parks and Recreation,Thuja plicata,Western Red Cedar,"12",Seattle Parks and Recreation,Gas Works Park,59fe9d7d-a0f7-4add-8892-8f71e9c94eb5,63.379329681396491,88.353408813476562,84.146850585937500,-122.3354930000,47.6460553000
,"17985",,,,"17985",Seattle Parks and Recreation,Thuja plicata,Western Red Cedar,"20",Seattle Parks and Recreation,Gas Works Park,8d4f7278-e868-4297-95a0-10722b127832,63.522174835205078,88.664299011230469,84.575958251953125,-122.3360390000,47.6460074200
,"17995",,,,"17995",Seattle Parks and Recreation,Thuja plicata,Western Red Cedar,"10",Seattle Parks and Recreation,Gas Works Park,2a6d8a73-6a31-4e49-8ab1-914ea0b15ecc,63.438987731933594,88.624801635742188,84.371215820312500,-122.3358150000,47.6460312900
,"16468",,,,"16468",Seattle Parks and Recreation,Thuja plicata,Western Red Cedar,"9",Seattle Parks and Recreation,Camp Long,26ea9296-b1e9-45fe-ba56-5ee024e1adfc,60.793014526367188,88.454437255859375,82.660621643066406,-122.3738160000,47.5566911500
,"21851",,,,"21851",Seattle Parks and Recreation,Thuja plicata,Western Red Cedar,"45",Seattle Parks and Recreation,Kubota Gardens,ed3a1a8d-333b-4c64-8c46-57ef76bcbbd0,61.881332397460938,88.630371093750000,84.884117126464844,-122.2675750000,47.5137560400
,"13240",,,,"13240",Seattle Parks and Recreation,Thuja plicata,Western Red Cedar,"13",Seattle Parks and Recreation,Discovery Park,ee640391-419f-4bde-9f26-05a2a130f7be,58.798011779785163,89.345573425292983,84.606605529785156,-122.4106150000,47.6658240000
,"19237",,,,"19237",Seattle Parks and Recreation,Thuja plicata,Western Red Cedar,"12",Seattle Parks and Recreation,Meadowbrook Playfield,832d383d-aebd-4ae6-ad7c-2de3ce681cb6,60.094791412353509,89.397735595703125,85.420982360839844,-122.2956120000,47.7058354700
,"6013",,,,"6013",Seattle Parks and Recreation,Thuja plicata,Western Red Cedar,"0",Seattle Parks and Recreation,Woodland Park,f32fb9e6-4094-4cb1-81a6-b202e8c55f00,61.382179260253906,87.018264770507812,83.973899841308594,-122.3458510000,47.6681995100
,"18165",,,,"18165",Seattle Parks and Recreation,Thuja plicata,Western Red Cedar,"7",Seattle Parks and Recreation,Mount Claire Park,f9e46d18-0a62-4e60-bb49-bd502d7e1891,61.076793670654297,88.872161865234375,84.790679931640625,-122.2856060000,47.5795609500
,"3675",,,,"3675",Seattle Parks and Recreation,Thuja plicata,Western Red Cedar,"2",Seattle Parks and Recreation,Van Asselt Playground,2a5e44b8-d7f7-4c79-90d7-88000e2bea6f,62.190631866455078,89.091911315917969,86.351440429687500,-122.2926190000,47.5399568000
,"15931",,,,"15931",Seattle Parks and Recreation,Thuja plicata,Western Red Cedar,"24",Seattle Parks and Recreation,Lincoln Park,870d239e-3cfe-4121-a69e-367c6cc2e3f6,62.683128356933594,88.918701171875014,86.517562866210938,-122.3947390000,47.5367140300
,"6360",,,,"6360",Seattle Parks and Recreation,Thuja plicata,Western Red Cedar,"14",Seattle Parks and Recreation,Gas Works Park,fdb3525e-f4ce-494c-b60d-59457e5ebb3f,63.810348510742188,89.059730529785156,85.059486389160156,-122.3372160000,47.6461437800
,"11098",,,,"11098",Seattle Parks and Recreation,Thuja plicata,Western Red Cedar,"10",Seattle Parks and Recreation,Pendleton Miller Playfield,323be245-e8da-4708-aa95-3dfa9a66e4fb,62.857185363769531,88.809860229492188,85.349006652832031,-122.3068190000,47.6220285700
,"17753",,,,"17753",Seattle Parks and Recreation,Thuja plicata,Western Red Cedar,"17",Seattle Parks and Recreation,Brighton Playfield,b60d1402-7909-4ccf-8002-244ef10d1fe8,63.267757415771491,89.854164123535156,86.508262634277344,-122.2830140000,47.5492020600
,"4273",,,,"4273",Seattle Parks and Recreation,Thuja plicata,Western Red Cedar,"3",Seattle Parks and Recreation,Van Asselt Playground,46729030-4cd3-4c1e-9cfa-db6071267a76,62.292930603027344,88.777137756347670,86.102172851562500,-122.2931040000,47.5399412900
,"12066",,,,"12066",Seattle Parks and Recreation,Thuja plicata,Western Red Cedar,"33",Seattle Parks and Recreation,Interlaken Park,3ef4e3b9-53e0-49bb-8d8b-afd5214339a1,60.382129669189453,88.502586364746094,84.051231384277344,-122.3064860000,47.6331459500
,"15779",,,,"15779",Seattle Parks and Recreation,Thuja plicata,Western Red Cedar,"36",Seattle Parks and Recreation,Lincoln Park,10d7d482-4b84-405d-ac38-4b103f8df81d,61.402416229248047,88.725357055664062,85.539367675781250,-122.3942360000,47.5290342800
,"14982",,,,"14982",Seattle Parks and Recreation,Thuja plicata,Western Red Cedar,"15",Seattle Parks and Recreation,Seward Park,99013f5f-f0da-41e3-abbe-202403b98672,,,,-122.2562040000,47.5522993000
,"15043",,,,"15043",Seattle Parks and Recreation,Thuja plicata,Western Red Cedar,"33",Seattle Parks and Recreation,Seward Park,1ffd8686-49d4-416e-896d-0818d3a27b0f,60.056880950927734,90.126808166503906,82.879768371582031,-122.2503130000,47.5528156100
,"3753",,,,"3753",Seattle Parks and Recreation,Thuja plicata,Western Red Cedar,"4",Seattle Parks and Recreation,Van Asselt Playground,bfc5f3fc-4790-428d-a077-a114af10097d,62.560905456542969,88.927345275878906,86.327102661132812,-122.2938330000,47.5399170000
,"6366",,,,"6366",Seattle Parks and Recreation,Thuja plicata,Western Red Cedar,"15",Seattle Parks and Recreation,Gas Works Park,cda06a1d-2f45-4576-a377-4701f7db2e43,63.729843139648438,88.618049621582031,84.486831665039062,-122.3344290000,47.6463117700
,"12394",,,,"12394",Seattle Parks and Recreation,Thuja plicata,Western Red Cedar,"37",Seattle Parks and Recreation,Schmitz Preserve Park,d6d0cd3e-501a-4b6f-8e79-fb73db6d23ae,61.006549835205078,88.026947021484375,84.083038330078125,-122.4018180000,47.5769260700
,"12689",,,,"12689",Seattle Parks and Recreation,Thuja plicata,Western Red Cedar,"32",Seattle Parks and Recreation,Discovery Park Boulevard,b71af3e0-7fbc-44ad-9aa8-5b2dee0013f9,59.313758850097656,88.297615051269531,83.101806640624986,-122.4052950000,47.6586249600
,"14294",,,,"14294",Seattle Parks and Recreation,Thuja plicata 'Zebrina',Zebrina Western Red Cedar,"38",Seattle Parks and Recreation,Laurelhurst Playfield,3bae7fda-123b-405f-b85b-9e6679360aff,61.485813140869141,88.427520751953125,84.568954467773438,-122.2768510000,47.6601993300
,"4312",,,,"4312",Seattle Parks and Recreation,Thuja plicata,Western Red Cedar,"35",Seattle Parks and Recreation,Mount Baker Boulevard,c67c73cc-dda8-4ba2-98fc-19631c04c0bb,62.431304931640625,89.606170654296875,86.769966125488281,-122.2936210000,47.5762285200
,"19123",,,,"19123",Seattle Parks and Recreation,Thuja plicata,Western Red Cedar,"13",Seattle Parks and Recreation,Woodland Park,b50fc564-4975-42da-a8b2-21228d4690aa,61.515861511230469,86.937011718750000,83.886840820312500,-122.3470290000,47.6685676800
,"7715",,,,"7715",Seattle Parks and Recreation,Thuja plicata,Western Red Cedar,"39",Seattle Parks and Recreation,Bhy Kracke Park,3d2ad6e3-4050-4595-a7ce-393036d867db,62.325710296630859,88.337974548339844,85.043746948242188,-122.3477170000,47.6303697600
,"7724",,,,"7724",Seattle Parks and Recreation,Thuja plicata,Western Red Cedar,"17",Seattle Parks and Recreation,Beer Sheva Park,c2fd2289-f7be-4ec5-81eb-85e50b3e52a6,62.540672302246094,87.415527343750000,82.529212951660156,-122.2638570000,47.5244701900
,"9148",,,,"9148",Seattle Parks and Recreation,Thuja plicata,Western Red Cedar,"44",Seattle Parks and Recreation,Bryant Playground,fd369256-eadd-426a-b90d-d90b345faa85,61.671417236328125,89.304901123046875,85.827865600585938,-122.2846230000,47.6754007700
,"20122",,,,"20122",Seattle Parks and Recreation,Thuja plicata,Western Red Cedar,"25",Seattle Parks and Recreation,Ravenna Park,af9e3a98-3d7f-4ffe-aff0-b964e8d42932,61.171340942382812,87.457870483398438,84.388008117675781,-122.3084690000,47.6720192500
,"20291",,,,"20291",Seattle Parks and Recreation,Thuja plicata,Western Red Cedar,"1",Seattle Parks and Recreation,Duwamish Head Greenbelt,d2fe2a58-e977-4370-9eee-0f208e94fb07,62.493637084960938,88.132102966308594,86.036262512207017,-122.3773760000,47.5861651200
,"20374",,,,"20374",Seattle Parks and Recreation,Thuja plicata,Western Red Cedar,"17",Seattle Parks and Recreation,Brighton Playfield,a8359b22-eac1-4e5b-b05d-6322dc68aa46,63.294811248779297,89.825645446777344,86.417465209960938,-122.2832730000,47.5491347500
,"19074",,,,"19074",Seattle Parks and Recreation,Thuja plicata,Western Red Cedar,"12",Seattle Parks and Recreation,Interbay Golf,7adab79b-6c30-4dfe-89fc-d1cc7672b481,62.004516601562493,88.033027648925781,84.347915649414062,-122.3770310000,47.6446479000
,"15097",,,,"15097",Seattle Parks and Recreation,Thuja plicata,Western Red Cedar,"40",Seattle Parks and Recreation,Seward Park,b89efbc4-baa8-4a4b-a596-f72043fa56a4,60.294254302978509,89.947578430175781,83.629608154296875,-122.2538270000,47.5519640500
,"15101",,,,"15101",Seattle Parks and Recreation,Thuja plicata,Western Red Cedar,"52",Seattle Parks and Recreation,Seward Park,a732fc81-4015-4d25-91ae-bf206a8d608c,60.077323913574219,90.082359313964844,82.936172485351562,-122.2506530000,47.5525268800
,"12513",,,,"12513",Seattle Parks and Recreation,Thuja plicata,Western Red Cedar,"21",Seattle Parks and Recreation,Discovery Park,5f6e3b29-f9d4-4339-834d-f994959e4b7a,59.722110748291016,88.268547058105469,83.614540100097670,-122.4055300000,47.6579958500
,"12682",,,,"12682",Seattle Parks and Recreation,Thuja plicata,Western Red Cedar,"25",Seattle Parks and Recreation,Discovery Park Boulevard,29179c8b-8cae-48e1-bc17-261ae4deedb8,59.763549804687507,88.346389770507812,83.768600463867188,-122.4047690000,47.6584332400
,"11891",,,,"11891",Seattle Parks and Recreation,Thuja plicata,Western Red Cedar,"20",Seattle Parks and Recreation,Interlaken Park,16c72189-7f3f-4be1-974e-f421ad69ad49,60.134109497070312,88.088485717773438,83.746742248535156,-122.3081280000,47.6329585000
,"12161",,,,"12161",Seattle Parks and Recreation,Thuja plicata,Western Red Cedar,"34",Seattle Parks and Recreation,Interlaken Park,70b4ea00-679e-4adf-99fb-561b6251f3db,59.700656890869141,86.341331481933594,83.261505126953125,-122.3081940000,47.6369834800
,"11461",,,,"11461",Seattle Parks and Recreation,Thuja plicata,Western Red Cedar,"16",Private,Carkeek Park,1bb86a51-73eb-42df-aa1c-816224386d48,56.298709869384766,89.638786315917969,81.491180419921875,-122.3709090000,47.7110361700
,"9320",,,,"9320",Seattle Parks and Recreation,Thuja plicata,Western Red Cedar,"19",Seattle Parks and Recreation,Bryant Playground,0763e563-af1a-4511-9133-9cb76364848e,61.905097961425781,89.269462585449219,85.745445251464844,-122.2838410000,47.6748695300
,"8636",,,,"8636",Seattle Parks and Recreation,Thuja plicata,Western Red Cedar,"36",Seattle Parks and Recreation,Discovery Park,cd385933-cc5e-478e-b639-961f7e07c96e,58.727493286132812,90.321304321289062,84.814216613769531,-122.4138810000,47.6542219000
,"9150",,,,"9150",Seattle Parks and Recreation,Thuja plicata,Western Red Cedar,"26",Seattle Parks and Recreation,Bryant Playground,cc0626ae-3b83-4e2f-9eb2-36c11099a3fa,61.744621276855469,89.263175964355469,85.908081054687500,-122.2843290000,47.6752196100
,"8064",,,,"8064",Seattle Parks and Recreation,Thuja plicata,Western Red Cedar,"0",Seattle Parks and Recreation,,ba1a356d-83a9-4df8-acac-325a434315a2,60.931045532226562,89.392578125000000,85.702919006347670,-122.2725040000,47.6949955000
,"7610",,,,"7610",Seattle Parks and Recreation,Thuja plicata,Western Red Cedar,"29",Seattle Parks and Recreation,Lake Washington Boulevard,b5d21ea3-f855-4a89-b396-86d04e52bd94,63.180038452148438,88.870986938476562,86.369651794433594,-122.2889330000,47.5959740200
,"6896",,,,"6896",Seattle Parks and Recreation,Thuja plicata,Western Red Cedar,"27",Seattle Parks and Recreation,Baker Park on Crown Hill,c6636f3b-c498-442d-82a0-c26a154e3ed2,62.586860656738281,89.349678039550781,86.075386047363281,-122.3743030000,47.6901889000
,"6958",,,,"6958",Seattle Parks and Recreation,Thuja plicata,Western Red Cedar,"6",Seattle Parks and Recreation,Puget Boulevard,49765d1c-d359-438d-8e9d-7f29efddd864,58.599330902099609,87.490577697753906,81.354576110839844,-122.3654240000,47.5548674200
,"6006",,,,"6006",Seattle Parks and Recreation,Thuja plicata,Western Red Cedar,"0",Seattle Parks and Recreation,Woodland Park,cfeee16d-6168-4c6d-919f-1cba5a2ac05a,61.250762939453125,86.896110534667969,84.029167175292983,-122.3461870000,47.6691019900
,"6008",,,,"6008",Seattle Parks and Recreation,Thuja plicata,Western Red Cedar,"0",Seattle Parks and Recreation,Woodland Park,fdeac341-e6e9-4d92-af6d-5b8a6e1cdfcd,61.333141326904297,86.873245239257812,83.956367492675781,-122.3463390000,47.6689921800
,"6029",,,,"6029",Seattle Parks and Recreation,Thuja plicata,Western Red Cedar,"0",Seattle Parks and Recreation,Woodland Park,35b7e9a6-a090-4b0b-ad4a-3fe45955f118,60.298290252685547,87.982696533203125,84.779579162597670,-122.3463230000,47.6721581300
,"15114",,,,"15114",Seattle Parks and Recreation,Thuja plicata,Western Red Cedar,"33",Seattle Parks and Recreation,Seward Park,5a3355cb-2820-49b7-90c1-7b93f671e244,61.006401062011719,88.946998596191406,85.307907104492188,-122.2565540000,47.5506430200
,"17755",,,,"17755",Seattle Parks and Recreation,Thuja plicata,Western Red Cedar,"20",Seattle Parks and Recreation,Brighton Playfield,e12d1ebe-d769-4931-a384-4dcb3fe5c0e7,63.337200164794922,89.718490600585938,86.506835937500000,-122.2831140000,47.5492363400
,"30427",,,,"30427",Seattle Parks and Recreation,Thuja plicata,Western Red Cedar,"36",Seattle Parks and Recreation,Woodland Park,45cf253c-18f5-4146-a71b-b4164a903340,61.090454101562493,87.367126464843750,83.942398071289062,-122.3451800000,47.6675606300
,"29222",,,,"29222",Seattle Parks and Recreation,Thuja plicata 'Excelsa',Excelsa Arborvitae,"1",Seattle Parks and Recreation,Woodland Park,71cb3d5d-55cc-4d87-9a46-c332c20491ea,60.109710693359375,88.280380249023438,84.371421813964844,-122.3456030000,47.6721673500
,"27532",,,,"27532",Seattle Parks and Recreation,Thuja plicata,Western Red Cedar,"0",Seattle Parks and Recreation,Frink Park,3e885d8b-2469-482b-b81e-ab04e49b9f4e,61.517959594726562,87.455375671386719,83.722770690917969,-122.2911440000,47.5995424300
,"27526",,,,"27526",Seattle Parks and Recreation,Thuja plicata,Western Red Cedar,"0",Seattle Parks and Recreation,Frink Park,4e6f579b-d806-45b1-bb04-2acfc5a68802,61.557861328125000,87.522674560546875,83.702438354492188,-122.2914170000,47.6000400600
,"28014",,,,"28014",Seattle Parks and Recreation,Thuja plicata,Western Red Cedar,"14",Seattle Parks and Recreation,Daybreak Star,706ba2c6-7328-489a-b115-7e25dee61bbe,57.752910614013672,90.125976562500000,83.245796203613281,-122.4174170000,47.6671407000
,"28012",,,,"28012",Seattle Parks and Recreation,Thuja plicata,Western Red Cedar,"14",Seattle Parks and Recreation,Daybreak Star,60ca502e-de3e-48d0-b16b-7a398db42213,58.810806274414062,89.923316955566406,83.385452270507812,-122.4184110000,47.6674734300
,"26235",,,,"26235",Seattle Parks and Recreation,Thuja plicata,Western Red Cedar,"34",Seattle Parks and Recreation,Warren G. Magnuson Park,fee889bf-0461-4910-bb35-93dde7905fab,61.626434326171875,89.434669494628906,86.232315063476562,-122.2610850000,47.6750552600
,"10827",,,,"10827",Seattle Parks and Recreation,Thuja plicata,Western Red Cedar,"10",Seattle Parks and Recreation,Maple Wood Playfield,20a98578-aef2-40e4-9c96-fc94498422e2,62.350753784179688,90.563598632812500,87.643066406250000,-122.3197320000,47.5605170800
,"25627",,,,"25627",Seattle Parks and Recreation,Thuja plicata,Western Red Cedar,"25",Seattle Parks and Recreation,Carkeek Park,423c5a0b-0104-4246-9084-ee1e9099a79e,56.671760559082031,89.633949279785156,82.519859313964844,-122.3715270000,47.7128897300
,"23252",,,,"23252",Seattle Parks and Recreation,Thuja plicata,Western Red Cedar,"0",Seattle Parks and Recreation,Alice Ball Park,9199a8ee-0f66-49a6-bb4b-e329d21d9f59,62.846714019775391,88.077087402343750,84.797706604003906,-122.3548050000,47.6882992600
,"25105",,,,"25105",Seattle Parks and Recreation,Thuja plicata,Western Red Cedar,"3",Seattle Parks and Recreation,Kingfisher Natural Area on Thornton Creek,aabc90b7-3bb9-462a-ba5c-b942d107ff7e,60.022872924804688,86.119834899902330,82.913665771484375,-122.3077630000,47.7006102000
,"25273",,,,"25273",Seattle Parks and Recreation,Thuja plicata,Western Red Cedar,"30",Seattle Parks and Recreation,Washington Park and Arboretum,d60ac69b-1a79-4011-82bc-0e544d762907,59.688228607177734,88.415992736816406,84.015388488769531,-122.2988820000,47.6382125800
,"25521",,,,"25521",Seattle Parks and Recreation,Thuja plicata,Western Red Cedar,"37",Seattle Parks and Recreation,Woodland Park,a987b99e-9e48-4e42-aed2-75fa924c89ea,61.926620483398438,89.300079345703125,85.309562683105469,-122.3466540000,47.6654092700
,"25649",,,,"25649",Seattle Parks and Recreation,Thuja plicata,Western Red Cedar,"40",Seattle Parks and Recreation,West Seattle Golf Course,ac769b08-fddb-42b6-aeb5-45dca7fa42fd,58.484184265136719,90.126541137695312,83.398696899414062,-122.3679170000,47.5581037600
,"24994",,,,"24994",Seattle Parks and Recreation,Thuja plicata,Western Red Cedar,"38",Seattle Parks and Recreation,Leschi Park,ae5212d5-ca23-4cb9-b028-eb2336e7ab03,62.730621337890625,88.252120971679673,85.557525634765625,-122.2870210000,47.6010284900
,"17993",,,,"17993",Seattle Parks and Recreation,Thuja plicata,Western Red Cedar,"20",Seattle Parks and Recreation,Gas Works Park,769a4d17-d0f8-4b50-bfe7-1cec94f9addb,63.438987731933594,88.624801635742188,84.371215820312500,-122.3358620000,47.6460277500
,"14797",,,,"14797",Seattle Parks and Recreation,Thuja plicata,Western Red Cedar,"27",Seattle Parks and Recreation,Seward Park,cce7dcd5-a2ce-4032-845d-1c9f9f716798,,,,-122.2469360000,47.5540517000
,"14859",,,,"14859",Seattle Parks and Recreation,Thuja plicata,Western Red Cedar,"31",Seattle Parks and Recreation,Seward Park,d5fa6b3f-b56d-49a6-b383-5470a99db7d1,,,,-122.2480460000,47.5579510900
,"14871",,,,"14871",Seattle Parks and Recreation,Thuja plicata,Western Red Cedar,"36",Seattle Parks and Recreation,Seward Park,1f890a53-7027-42e9-8599-7969fa9d074a,,,,-122.2485940000,47.5590748500
,"18160",,,,"18160",Seattle Parks and Recreation,Thuja plicata,Western Red Cedar,"34",Seattle Parks and Recreation,Mount Claire Park,00f2beeb-6aa6-43d5-9960-834c825db1e7,60.920036315917969,88.973487854003906,84.768669128417969,-122.2854590000,47.5796839100
,"13924",,,,"13924",Seattle Parks and Recreation,Thuja plicata,Western Red Cedar,"38",Seattle Parks and Recreation,Woodland Park,0ba878f0-a527-4b56-a63c-f7f58cad3ef1,60.798561096191406,89.238136291503906,85.101264953613281,-122.3470420000,47.6661372200
,"14230",,,,"14230",Seattle Parks and Recreation,Thuja plicata,Western Red Cedar,"31",Seattle Parks and Recreation,Mount Baker Park,befde8b5-45f5-41d3-9354-5df1b1fd898c,61.439067840576165,87.550689697265625,84.250503540039062,-122.2890450000,47.5812449900
,"13241",,,,"13241",Seattle Parks and Recreation,Thuja plicata,Western Red Cedar,"28",Seattle Parks and Recreation,Discovery Park,e5b383aa-2efa-4100-afdb-45a9742918a2,58.826286315917969,89.439254760742188,84.535835266113281,-122.4106030000,47.6657814600
,"13259",,,,"13259",Seattle Parks and Recreation,Thuja plicata,Western Red Cedar,"34",Seattle Parks and Recreation,Discovery Park,d313d318-1cda-4c13-8e39-f068730ba919,58.248805999755859,89.494247436523438,82.624504089355469,-122.4106560000,47.6650744900
,"16643",,,,"16643",Seattle Parks and Recreation,Thuja plicata,Western Red Cedar,"22",Seattle Parks and Recreation,Burke-Gilman Trail,2492ccc9-4c7e-4501-a2ea-0224cb38bde4,,,,-122.2783620000,47.7163732600
,"16722",,,,"16722",Seattle Parks and Recreation,Thuja plicata,Western Red Cedar,"27",Seattle Parks and Recreation,Burke-Gilman Trail,56bcb70e-a18c-4662-b9da-e8f9fb7f4ed0,63.230346679687507,88.582969665527344,86.174049377441406,-122.3596430000,47.6527010600
,"12818",,,,"12818",Seattle Parks and Recreation,Thuja plicata,Western Red Cedar,"27",Seattle Parks and Recreation,Discovery Park,b26eba9e-8323-47c8-8a53-735f131cf256,57.712242126464837,89.638236999511719,81.840438842773438,-122.4112770000,47.6647653800
,"12977",,,,"12977",Seattle Parks and Recreation,Thuja plicata,Western Red Cedar,"24",Seattle Parks and Recreation,Discovery Park,f30bccf1-be4d-4ff9-ac45-51a9be4f3fc7,59.150772094726562,89.423973083496094,84.946762084960938,-122.4103670000,47.6657800100
,"12444",,,,"12444",Seattle Parks and Recreation,Thuja plicata,Western Red Cedar,"28",Seattle Parks and Recreation,Schmitz Preserve Park,78918e13-fa2d-403b-a622-e885d92c88bc,61.801063537597656,88.270576477050781,84.241065979003906,-122.4024830000,47.5775660900
,"12512",,,,"12512",Seattle Parks and Recreation,Thuja plicata,Western Red Cedar,"29",Seattle Parks and Recreation,Discovery Park,04bd6cbf-60c2-4e90-ac22-611f23c59eb9,59.643192291259766,88.326240539550781,83.368743896484375,-122.4056780000,47.6580756200
,"12754",,,,"12754",Seattle Parks and Recreation,Thuja plicata,Western Red Cedar,"40",Seattle Parks and Recreation,Discovery Park,70028fd4-4aaf-45cd-9205-9e55647b079d,56.227172851562493,89.295433044433594,81.628013610839844,-122.4082110000,47.6591159600
,"11892",,,,"11892",Seattle Parks and Recreation,Thuja plicata,Western Red Cedar,"22",Seattle Parks and Recreation,Interlaken Park,7dc7deda-de4b-45e2-ab4f-6055a75f928a,60.134109497070312,88.088485717773438,83.746742248535156,-122.3081310000,47.6329962000
,"11924",,,,"11924",Seattle Parks and Recreation,Thuja plicata,Western Red Cedar,"19",Seattle Parks and Recreation,Interlaken Park,5fb1f2e2-3a59-43c7-95de-4ea02559b53c,59.348022460937507,88.352218627929673,83.635360717773438,-122.3073060000,47.6348214000
,"12076",,,,"12076",Seattle Parks and Recreation,Thuja plicata,Western Red Cedar,"24",Seattle Parks and Recreation,Interlaken Park,de1ff08b-edfc-4bfd-adfb-6fa497304261,59.521167755126953,88.826957702636719,83.912567138671875,-122.3054860000,47.6346805700
,"11391",,,,"11391",Seattle Parks and Recreation,Thuja plicata,Western Red Cedar,"14",Seattle Parks and Recreation,Carkeek Park,2420a65e-15e9-4fd8-badf-b85722d762b1,56.355663299560547,89.532157897949219,81.877265930175781,-122.3684440000,47.7115260100
,"11562",,,,"11562",Seattle Parks and Recreation,Thuja plicata,Western Red Cedar,"36",Seattle Parks and Recreation,Carkeek Park,084ad466-ae6c-4e9e-99d8-5e3722c335a3,57.038318634033203,89.899223327636719,83.430000305175781,-122.3746850000,47.7120554100
,"11564",,,,"11564",Seattle Parks and Recreation,Thuja plicata,Western Red Cedar,"42",Seattle Parks and Recreation,Carkeek Park,5b4dc72f-15d6-4c0d-8a1a-6e856072d46f,57.184230804443359,89.851463317871094,83.644996643066406,-122.3749970000,47.7120373600
,"14811",,,,"14811",Seattle Parks and Recreation,Thuja plicata,Western Red Cedar,"27",Seattle Parks and Recreation,Seward Park,1d2928e2-8b25-4c72-b88f-51be5b49a54f,,,,-122.2475060000,47.5550096100
,"10864",,,,"10864",Seattle Parks and Recreation,Thuja plicata,Western Red Cedar,"35",Seattle Parks and Recreation,Meadowbrook Playfield,8131e663-70a8-47dc-adfd-b067343a9489,58.516208648681641,89.790466308593750,85.469886779785156,-122.2911520000,47.7053648900
,"9697",,,,"9697",Seattle Parks and Recreation,Thuja plicata,Western Red Cedar,"14",Seattle Parks and Recreation,Hiawatha Park,266d15d2-7974-43c3-81a8-131240802be4,62.360397338867188,89.739387512207017,86.875595092773438,-122.3848990000,47.5774683400
,"14201",,,,"14201",Seattle Parks and Recreation,Thuja plicata,Western Red Cedar,"14",Seattle Parks and Recreation,Colman Park,95ce7101-792a-4563-82b8-35e297e7baf0,61.649604797363281,87.446952819824219,83.846221923828125,-122.2908060000,47.5866540600
,"8968",,,,"8968",Seattle Parks and Recreation,Thuja plicata,Western Red Cedar,"34",Seattle Parks and Recreation,Salmon Bay Park,e6f79ff0-30df-415c-bb2f-90cf535df2f3,59.205146789550781,83.585578918457017,80.453605651855469,-122.3818800000,47.6795055300
,"13239",,,,"13239",Seattle Parks and Recreation,Thuja plicata,Western Red Cedar,"26",Seattle Parks and Recreation,Discovery Park,59df6f13-b7ce-4827-b3a2-7aaa425b8cb4,58.798011779785163,89.345573425292983,84.606605529785156,-122.4105610000,47.6658459100
,"13244",,,,"13244",Seattle Parks and Recreation,Thuja plicata,Western Red Cedar,"31",Seattle Parks and Recreation,Discovery Park,db058cdc-1402-4f5f-b1ea-df0c68a6787b,58.721054077148438,89.423454284667969,84.266120910644531,-122.4105790000,47.6656827000
,"9321",,,,"9321",Seattle Parks and Recreation,Thuja plicata,Western Red Cedar,"15",Seattle Parks and Recreation,Bryant Playground,50af033e-c2c8-48e7-8ec6-bdb73cc779bc,61.892654418945312,89.300025939941406,85.809494018554688,-122.2838890000,47.6748750000
,"12791",,,,"12791",Seattle Parks and Recreation,Thuja plicata,Western Red Cedar,"29",Seattle Parks and Recreation,Discovery Park,3398876f-e54f-44b3-9e83-d35a34568fc0,56.894760131835938,89.068649291992188,81.783554077148438,-122.4079600000,47.6588859800
,"12976",,,,"12976",Seattle Parks and Recreation,Thuja plicata,Western Red Cedar,"46",Seattle Parks and Recreation,Discovery Park,52d3e504-4785-447b-b9c0-c14b514be87e,59.150772094726562,89.423973083496094,84.946762084960938,-122.4103610000,47.6657448600
,"12983",,,,"12983",Seattle Parks and Recreation,Thuja plicata,Western Red Cedar,"37",Seattle Parks and Recreation,Discovery Park,84975332-aa29-4bc6-8fad-39b8640872a5,55.204933166503906,89.699249267578125,80.951705932617188,-122.4096380000,47.6605963200
,"26279",,,,"26279",Seattle Parks and Recreation,Thuja plicata,Western Red Cedar,"15",Seattle Parks and Recreation,Pendleton Miller Playfield,1b72a8b2-68a6-44c3-9307-afddb4b4a316,62.770179748535163,88.808746337890625,85.405937194824219,-122.3071900000,47.6222259200
,"26618",,,,"26618",Seattle Parks and Recreation,Thuja plicata,Western Red Cedar,"8",Seattle Parks and Recreation,Crown Hill Glen,4dac5f1e-ceff-48cf-b3c3-72ee4002b707,62.315059661865234,89.934837341308594,87.222686767578125,-122.3813420000,47.6934983800
,"26566",,,,"26566",Seattle Parks and Recreation,Thuja plicata,Western Red Cedar,"30",Seattle Parks and Recreation,Interlaken Park,9ca7e79d-92e1-4a0d-8d95-f0670e5b4a20,59.777973175048835,86.701126098632812,83.143463134765625,-122.3068470000,47.6364529700
,"19016",,,,"19016",Seattle Parks and Recreation,Thuja plicata,Western Red Cedar,"12",Seattle Parks and Recreation,Jackson Park Golf Course,4b9e05d2-9046-4f6c-b04d-7e60f3472df0,59.967651367187507,87.125587463378906,84.219635009765625,-122.3181260000,47.7250271700
,"26080",,,,"26080",Seattle Parks and Recreation,Thuja plicata,Western Red Cedar,"7",Seattle Parks and Recreation,Denny Park,bf927a34-9cf1-49e3-b86c-10cc3a8c2dec,65.175827026367188,90.135185241699219,86.152671813964844,-122.3400220000,47.6191332800
,"25119",,,,"25119",Seattle Parks and Recreation,Thuja plicata,Western Red Cedar,"45",Seattle Parks and Recreation,Kingfisher Natural Area on Thornton Creek,22f8f130-f2cb-46b8-9422-e5db57b173c0,60.154117584228509,85.898719787597670,82.768707275390625,-122.3076860000,47.7003627300
,"25170",,,,"25170",Seattle Parks and Recreation,Thuja plicata,Western Red Cedar,"9",Seattle Parks and Recreation,Longfellow Creek GS: Central,b25b82d2-2c47-4cd2-86a1-016a20b22820,58.690326690673835,86.239151000976562,79.981529235839844,-122.3667550000,47.5534595400
,"25095",,,,"25095",Seattle Parks and Recreation,Thuja plicata,Western Red Cedar,"23",Seattle Parks and Recreation,Thornton Creek Addition: North Branch,273c58cb-1956-4d4c-ad46-1f65bfd732d2,61.467834472656250,87.310600280761719,84.848686218261719,-122.3036640000,47.7202322100
,"24500",,,,"24500",Seattle Parks and Recreation,Thuja plicata,Western Red Cedar,"32",Seattle Parks and Recreation,Carkeek Park,7c062f2c-a27f-4a97-9a00-f11d15d53b6c,56.603275299072266,89.585357666015625,82.347625732421875,-122.3730310000,47.7117281700
,"24919",,,,"24919",Seattle Parks and Recreation,Thuja plicata,Western Red Cedar,"19",Seattle Parks and Recreation,Washington Park and Arboretum,109e9d3e-7075-427c-94f9-e32f983c2980,59.055381774902344,88.962654113769531,83.490547180175781,-122.2988730000,47.6377243700
,"17973",,,,"17973",Seattle Parks and Recreation,Thuja plicata,Western Red Cedar,"24",Seattle Parks and Recreation,Gas Works Park,8db328e8-dce3-4603-87b8-7de6e7eb8d46,63.427711486816406,88.568473815917969,84.326667785644531,-122.3356600000,47.6460532100
,"14992",,,,"14992",Seattle Parks and Recreation,Thuja plicata,Western Red Cedar,"27",Seattle Parks and Recreation,Seward Park,0c7ea56b-88e9-439b-a5ee-e3ae3c0ad8f6,60.594207763671875,89.806221008300781,84.731727600097670,-122.2565530000,47.5514218100
,"18162",,,,"18162",Seattle Parks and Recreation,Thuja plicata,Western Red Cedar,"23",Seattle Parks and Recreation,Mount Claire Park,7c47ec36-df1e-46d1-8d03-7a8f25c23eb1,60.995216369628906,88.952110290527344,84.742309570312500,-122.2856280000,47.5797500000
,"11516",,,,"11516",Seattle Parks and Recreation,Thuja plicata,Western Red Cedar,"26",Seattle Parks and Recreation,Carkeek Park,24256a7c-2bce-4d69-94a5-b4c555006d4f,57.730484008789062,89.873344421386719,83.768783569335938,-122.3753220000,47.7125938500
,"12176",,,,"12176",Seattle Parks and Recreation,Thuja plicata,Western Red Cedar,"28",Seattle Parks and Recreation,Interlaken Park,09e459f4-651a-4076-95ff-2b7b573a0f55,60.194023132324219,88.720062255859375,83.948516845703125,-122.3041270000,47.6361533900
,"4359",,,,"4359",Seattle Parks and Recreation,Thuja plicata,Western Red Cedar,"30",Seattle Parks and Recreation,Mount Baker Boulevard,f664b2e1-a3da-4697-b084-0fa580436e71,62.382007598876953,89.476829528808594,86.628005981445312,-122.2936230000,47.5766009500
,"6014",,,,"6014",Seattle Parks and Recreation,Thuja plicata,Western Red Cedar,"0",Seattle Parks and Recreation,Woodland Park,cec6d371-6bba-4913-8889-3efac4fd1651,61.337223052978509,87.047538757324219,83.886344909667969,-122.3452160000,47.6681911700
,"6359",,,,"6359",Seattle Parks and Recreation,Thuja plicata,Western Red Cedar,"8",Seattle Parks and Recreation,Gas Works Park,33a18485-2bac-4558-a2b4-10ebd237e60c,63.810348510742188,89.059730529785156,85.059486389160156,-122.3371470000,47.6461597400
,"6370",,,,"6370",Seattle Parks and Recreation,Thuja plicata,Western Red Cedar,"8",Seattle Parks and Recreation,Gas Works Park,b542a086-ef65-4a55-8df5-9c1d0d81f7cb,63.810348510742188,89.059730529785156,85.059486389160156,-122.3371550000,47.6461297700
,"6376",,,,"6376",Seattle Parks and Recreation,Thuja plicata,Western Red Cedar,"8",Seattle Parks and Recreation,Gas Works Park,d91691f7-705c-4a43-9862-0a05c46fe548,63.779323577880859,88.988327026367188,85.074676513671875,-122.3370220000,47.6461063300
,"6391",,,,"6391",Seattle Parks and Recreation,Thuja plicata,Western Red Cedar,"10",Seattle Parks and Recreation,Gas Works Park,9f6b365a-6938-4b74-9383-c3b85a4d892b,63.551738739013672,88.413063049316406,84.308891296386719,-122.3346180000,47.6461941700
,"6436",,,,"6436",Seattle Parks and Recreation,Thuja plicata,Western Red Cedar,"6",Seattle Parks and Recreation,Gas Works Park,8a2550b5-dcbc-422d-b03a-256b09148cc8,63.419635772705078,88.311691284179673,84.176391601562500,-122.3350630000,47.6461474300
,"4669",,,,"4669",Seattle Parks and Recreation,Thuja plicata,Western Red Cedar,"13",Seattle Parks and Recreation,Volunteer Park,3466b897-08b6-4cff-958b-f23bb6f84d61,60.258026123046875,89.445098876953125,85.829322814941406,-122.3127720000,47.6322185000
,"4733",,,,"4733",Seattle Parks and Recreation,Thuja plicata,Western Red Cedar,"26",Seattle Parks and Recreation,Volunteer Park,329281ee-19d8-49a3-896a-a14e79babffc,60.371025085449219,89.370857238769531,86.129714965820327,-122.3140540000,47.6322542300
,"4903",,,,"4903",Seattle Parks and Recreation,Thuja plicata,Western Red Cedar,"1",Seattle Parks and Recreation,Lake Washington Boulevard,17d0cfc8-9337-4973-8bb3-f2a0d9c1810b,,,,-122.2617250000,47.5564266800
,"4513",,,,"4513",Seattle Parks and Recreation,Thuja plicata,Western Red Cedar,"23",Seattle Parks and Recreation,Volunteer Park,f8c271f1-955c-415b-9198-4fed0813f660,62.376174926757812,87.359771728515625,83.239883422851562,-122.3139600000,47.6287746500
,"3706",,,,"3706",Seattle Parks and Recreation,Thuja plicata,Western Red Cedar,"4",Seattle Parks and Recreation,Van Asselt Playground,c4a3dc99-6f98-4946-9fc4-e93c6571e66a,62.623554229736328,88.832168579101562,86.252609252929673,-122.2937800000,47.5398955300
,"36364",,,,"36364",Seattle Parks and Recreation,Thuja plicata,Western Red Cedar,"70",Seattle Parks and Recreation,Volunteer Park,240c0d24-5814-4d57-a844-17605ee10db6,61.143932342529297,89.481124877929673,86.039550781250000,-122.3167990000,47.6322911800
,"35918",,,,"35918",Seattle Parks and Recreation,Thuja plicata,Western Red Cedar,"25",Seattle Parks and Recreation,Jefferson Park,0eb4cdc7-cd48-44a3-8112-fe070c324f3c,60.778823852539062,89.855270385742188,87.017387390136719,-122.3099940000,47.5675296500
,"35948",,,,"35948",Seattle Parks and Recreation,Thuja plicata,Western Red Cedar,"9",Seattle Parks and Recreation,Greenwood Park,5c01b69f-4aa5-41aa-8cc1-1bc721a8976e,62.288562774658203,88.623725891113281,84.356719970703125,-122.3501620000,47.6926221900
,"35133",,,,"35133",Seattle Parks and Recreation,Thuja plicata,Western Red Cedar,"30",Seattle Parks and Recreation,Woodland Park,48a56d02-4380-44af-90f6-76094d1229a4,61.370754241943359,88.857765197753906,85.241645812988281,-122.3438760000,47.6659353700
,"34088",,,,"34088",Seattle Parks and Recreation,Thuja plicata 'Zebrina',Zebrina Western Red Cedar,"30",Seattle Parks and Recreation,Cowen Park,ae80f96e-3eb6-424c-b5ea-3bcbf2008241,61.563243865966797,88.314399719238281,85.510658264160156,-122.3126910000,47.6726649600
,"18400",,,,"18400",Seattle Parks and Recreation,Thuja plicata,Western Red Cedar,"12",Seattle Parks and Recreation,,3b2272ac-7b05-441c-a51c-2e914d9094cb,62.622596740722656,88.707687377929673,85.183784484863281,-122.4036880000,47.6647182700
,"17776",,,,"17776",Seattle Parks and Recreation,Thuja plicata,Western Red Cedar,"17",Seattle Parks and Recreation,Brighton Playfield,425a67f9-8bfd-49b6-9197-2915d8915729,63.318489074707031,89.830039978027344,86.490158081054688,-122.2830630000,47.5491459500
,"17778",,,,"17778",Seattle Parks and Recreation,Thuja plicata,Western Red Cedar,"17",Seattle Parks and Recreation,Brighton Playfield,d4e1d84b-05e4-4223-ac81-30e7c77796f8,63.267757415771491,89.854164123535156,86.508262634277344,-122.2829860000,47.5492032200
,"17988",,,,"17988",Seattle Parks and Recreation,Thuja plicata,Western Red Cedar,"12",Seattle Parks and Recreation,Gas Works Park,33fb2440-8d67-4879-9992-ee44c8412643,63.486999511718750,88.649688720703125,84.421447753906250,-122.3359710000,47.6460060900
,"17990",,,,"17990",Seattle Parks and Recreation,Thuja plicata,Western Red Cedar,"10",Seattle Parks and Recreation,Gas Works Park,1297ddc4-eee2-4cb9-9ab8-2bfa32ad107d,63.486999511718750,88.649688720703125,84.421447753906250,-122.3359460000,47.6460230400
,"17992",,,,"17992",Seattle Parks and Recreation,Thuja plicata,Western Red Cedar,"20",Seattle Parks and Recreation,Gas Works Park,b3d5a966-5458-4014-93be-dcfbf86d0a48,63.438987731933594,88.624801635742188,84.371215820312500,-122.3359020000,47.6460024500
,"18177",,,,"18177",Seattle Parks and Recreation,Thuja plicata,Western Red Cedar,"46",Seattle Parks and Recreation,Mount Claire Park,8108db4d-e515-4933-b16f-392c2bf886e6,60.967254638671875,88.987297058105469,84.737686157226562,-122.2856600000,47.5798657300
,"17756",,,,"17756",Seattle Parks and Recreation,Thuja plicata,Western Red Cedar,"20",Seattle Parks and Recreation,Brighton Playfield,36292626-7f15-4d20-8161-f2b63698f148,63.318489074707031,89.830039978027344,86.490158081054688,-122.2830980000,47.5491867500
,"14890",,,,"14890",Seattle Parks and Recreation,Thuja plicata,Western Red Cedar,"38",Seattle Parks and Recreation,Seward Park,1a4818c6-e0fe-4195-80dc-76cd285459c6,,,,-122.2514800000,47.5619043600
,"15025",,,,"15025",Seattle Parks and Recreation,Thuja plicata,Western Red Cedar,"28",Seattle Parks and Recreation,Seward Park,72ff413a-66ca-42dc-a62b-c06c606f0e7d,60.346801757812493,90.093162536621094,84.029060363769531,-122.2544960000,47.5520126900
,"15130",,,,"15130",Seattle Parks and Recreation,Thuja plicata,Western Red Cedar,"22",Seattle Parks and Recreation,Seward Park,cd11819b-5026-445b-a81d-e1265663b76c,,,,-122.2567580000,47.5516139500
,"13996",,,,"13996",Seattle Parks and Recreation,Thuja plicata,Western Red Cedar,"59",Seattle Parks and Recreation,Woodland Park,3ebb3e81-6296-4a9e-90dc-1d391071733c,60.176906585693359,87.539085388183594,84.158874511718750,-122.3445300000,47.6698067400
,"14232",,,,"14232",Seattle Parks and Recreation,Thuja plicata,Western Red Cedar,"33",Seattle Parks and Recreation,Mount Baker Park,303f3a45-aca1-4c91-bfb5-6da490fafeb2,61.483417510986328,87.604049682617188,84.409095764160156,-122.2890330000,47.5815386000
,"14254",,,,"14254",Seattle Parks and Recreation,Thuja plicata,Western Red Cedar,"39",Seattle Parks and Recreation,Mount Baker Park,b23a66e4-f655-422e-ba4c-1f4fca492f95,61.270088195800781,87.609092712402330,84.449981689453125,-122.2887630000,47.5810965900
,"14256",,,,"14256",Seattle Parks and Recreation,Thuja plicata,Western Red Cedar,"29",Seattle Parks and Recreation,Mount Baker Park,3cfc7b48-0a7e-4cd5-85ee-d88c5205e61a,61.483417510986328,87.604049682617188,84.409095764160156,-122.2890700000,47.5814676800
,"14346",,,,"14346",Seattle Parks and Recreation,Thuja plicata,Western Red Cedar,"44",Seattle Parks and Recreation,Laurelhurst Playfield,d40a1744-0c3f-4349-b053-764387a6175c,61.935115814208984,88.515235900878906,84.683532714843750,-122.2768640000,47.6592704900
,"21834",,,,"21834",Seattle Parks and Recreation,Thuja plicata,Western Red Cedar,"26",Seattle Parks and Recreation,Salmon Bay Park,4ff71315-4a7f-4b2c-a4d1-6a88fd734be0,59.578464508056641,83.874290466308594,80.776290893554688,-122.3819820000,47.6796277900
,"32405",,,,"32405",Seattle Parks and Recreation,Thuja plicata 'Zebrina',Zebrina Western Red Cedar,"70",Seattle Parks and Recreation,Green Lake Park,054f6663-cfe8-41d3-90ae-5427087a854d,63.831104278564453,88.998771667480469,84.501335144042983,-122.3295970000,47.6824265000
,"32477",,,,"32477",Seattle Parks and Recreation,Thuja plicata,Western Red Cedar,"30",Seattle Parks and Recreation,Jackson Park Golf Course,d6f32e18-827c-40d9-9611-0560af41e965,59.661235809326165,89.373573303222656,86.225982666015625,-122.3161670000,47.7298687900
,"21121",,,,"21121",Seattle Parks and Recreation,Thuja plicata,Western Red Cedar,"6",Seattle Parks and Recreation,Sturtevant Ravine,cee44cc6-6422-4397-9ddd-ec614bc7ca46,61.869255065917969,90.242988586425781,86.447174072265625,-122.2687240000,47.5184708800
,"32039",,,,"32039",Seattle Parks and Recreation,Thuja plicata,Western Red Cedar,"2",Seattle Parks and Recreation,Langston Hughes Cultural Arts,c7df396d-9cb7-46c7-8965-92d3926bdb48,64.770301818847656,90.799491882324219,87.463470458984375,-122.3095220000,47.6012174900
,"17986",,,,"17986",Seattle Parks and Recreation,Thuja plicata,Western Red Cedar,"12",Seattle Parks and Recreation,Gas Works Park,a1a0fb93-60b5-40f4-a7cc-233be4418774,63.486999511718750,88.649688720703125,84.421447753906250,-122.3359970000,47.6459898100
,"14243",,,,"14243",Seattle Parks and Recreation,Thuja plicata,Western Red Cedar,"31",Seattle Parks and Recreation,Mount Baker Park,0a5b41a4-fa50-4052-a2f7-10d5a1e7b7f0,61.455638885498047,87.542243957519531,84.228569030761719,-122.2890450000,47.5813240900
,"19485",,,,"19485",Seattle Parks and Recreation,Thuja plicata,Western Red Cedar,"36",Seattle Parks and Recreation,Golden Gardens Park,558de468-2db3-4e14-9033-78b97458ed57,61.350986480712891,88.580230712890625,85.314537048339844,-122.4007990000,47.6916997200
,"14218",,,,"14218",Seattle Parks and Recreation,Thuja plicata,Western Red Cedar,"40",Seattle Parks and Recreation,Mount Baker Park,629a4461-ece9-48bb-9de6-e5d5daf4f3a8,61.675365447998047,87.529022216796875,84.086898803710938,-122.2892030000,47.5809410200
,"15024",,,,"15024",Seattle Parks and Recreation,Thuja plicata,Western Red Cedar,"44",Seattle Parks and Recreation,Seward Park,97dbf95d-97d8-4c60-9bd6-3b219644b83c,60.346801757812493,90.093162536621094,84.029060363769531,-122.2545210000,47.5520094000
,"30436",,,,"30436",Seattle Parks and Recreation,Thuja plicata,Western Red Cedar,"24",Seattle Parks and Recreation,Woodland Park,98fa6990-449e-484f-96ed-6ed15e38c331,60.928638458251953,87.820777893066406,83.999008178710938,-122.3445900000,47.6673130500
,"14782",,,,"14782",Seattle Parks and Recreation,Thuja plicata,Western Red Cedar,"22",Seattle Parks and Recreation,Seward Park,2e80d286-800c-4946-84df-378b18b528c4,60.307056427001953,90.516326904296875,82.752754211425781,-122.2479260000,47.5530292300
,"15916",,,,"15916",Seattle Parks and Recreation,Thuja plicata,Western Red Cedar,"34",Seattle Parks and Recreation,Lincoln Park,7bbfdf88-48e4-455e-ad2c-870a87f0e2a9,61.129032135009766,88.747489929199219,85.267532348632812,-122.3936060000,47.5325886700
,"29469",,,,"29469",Seattle Parks and Recreation,Thuja plicata 'Green Giant',Green Giant Arborvitae,"3",Seattle Parks and Recreation,Lake Washington Boulevard,02f48e86-5846-4f20-bdbc-5b3ac7a60cba,,,,-122.2684390000,47.5639038000
,"14764",,,,"14764",Seattle Parks and Recreation,Thuja plicata,Western Red Cedar,"31",Seattle Parks and Recreation,Seward Park,a4aa6592-b3c7-47d3-a746-4a659aea79b7,60.263484954833984,90.461418151855469,82.743583679199219,-122.2487860000,47.5528427700
,"28974",,,,"28974",Seattle Parks and Recreation,Thuja plicata,Western Red Cedar,"40",Seattle Parks and Recreation,Mount Baker Park,88184ee0-2d4b-49b4-a4b5-4d52f6efa48e,62.634391784667969,88.093498229980469,84.478210449218750,-122.2887690000,47.5784795400
,"29097",,,,"29097",Seattle Parks and Recreation,Thuja plicata,Western Red Cedar,"17",Seattle Parks and Recreation,Queen Anne Swimming Pool,ed6db724-8665-4879-badc-d87918294e03,62.207157135009766,88.945915222167969,86.392127990722656,-122.3578060000,47.6365654400
,"13766",,,,"13766",Seattle Parks and Recreation,Thuja plicata,Western Red Cedar,"30",Seattle Parks and Recreation,Volunteer Park,ff359935-c543-41dd-bf38-e4351fc75b66,60.475280761718750,89.340286254882812,85.331459045410156,-122.3169850000,47.6312130600
,"29349",,,,"29349",Seattle Parks and Recreation,Thuja plicata,Western Red Cedar,"25",Seattle Parks and Recreation,Burke-Gilman Trail,93c53743-1218-4747-8aab-71c2d7dd48c4,,,,-122.2766620000,47.7103150600
,"28972",,,,"28972",Seattle Parks and Recreation,Thuja plicata,Western Red Cedar,"28",Seattle Parks and Recreation,Mount Baker Park,637f91ad-81c4-48c8-a300-86109c4d63b8,62.627628326416016,88.072135925292983,84.727882385253906,-122.2887140000,47.5784603900
,"13266",,,,"13266",Seattle Parks and Recreation,Thuja plicata,Western Red Cedar,"38",Seattle Parks and Recreation,Discovery Park,f1e8504c-610a-46f4-bd30-8963d77f9113,58.473926544189453,89.367034912109375,83.585189819335938,-122.4107750000,47.6656552500
,"27544",,,,"27544",Seattle Parks and Recreation,Thuja plicata,Western Red Cedar,"0",Seattle Parks and Recreation,Colman Park,6cdc1844-2c66-4e88-9d57-37efe0440639,61.788192749023438,87.334495544433594,83.414260864257812,-122.2911950000,47.5864053100
,"27534",,,,"27534",Seattle Parks and Recreation,Thuja plicata,Western Red Cedar,"0",Seattle Parks and Recreation,Frink Park,53aefd7f-8c55-4707-94ac-f30826de9bff,61.456813812255859,87.440086364746094,83.803771972656250,-122.2910900000,47.5994745400
,"27616",,,,"27616",Seattle Parks and Recreation,Thuja plicata,Western Red Cedar,"4",Seattle Parks and Recreation,Woodland Park,77205fde-ace4-4a4c-979f-b7b6d13600d0,62.502273559570312,88.886657714843750,85.987617492675781,-122.3467680000,47.6742233800
,"27370",,,,"27370",Seattle Parks and Recreation,Thuja plicata,Western Red Cedar,"28",Seattle Parks and Recreation,David Rodgers Park,d24d62f9-0305-4fa0-b4e2-9a641234521b,61.256977081298835,88.294509887695312,84.778053283691406,-122.3597560000,47.6443927000
,"26229",,,,"26229",Seattle Parks and Recreation,Thuja plicata,Western Red Cedar,"2",Seattle Parks and Recreation,Riverview Playfield,1923dcc2-d83c-44eb-9e17-438f1001f507,61.210044860839837,88.728851318359375,83.527114868164062,-122.3491900000,47.5390676900
,"27428",,,,"27428",Seattle Parks and Recreation,Thuja plicata,Western Red Cedar,"38",Seattle Parks and Recreation,Ravenna Park,78bafc15-d334-4028-88d4-a90c92e90b14,60.905654907226562,87.917282104492188,84.531425476074219,-122.3055830000,47.6705406000
,"27557",,,,"27557",Seattle Parks and Recreation,Thuja plicata,Western Red Cedar,"0",Seattle Parks and Recreation,Cheasty GS: Cheasty Blvd,f8cf2bba-bb38-47e6-8eb2-3ffc2f866f6f,62.191394805908203,89.374877929687500,84.560699462890625,-122.3010180000,47.5622036900
,"25274",,,,"25274",Seattle Parks and Recreation,Thuja plicata,Western Red Cedar,"25",Seattle Parks and Recreation,Washington Park and Arboretum,34264168-ab34-44ae-95d4-b4b7025c1c09,59.505668640136719,88.480842590332031,83.883941650390625,-122.2988330000,47.6382127700
,"24430",,,,"24430",Seattle Parks and Recreation,Thuja plicata,Western Red Cedar,"10",Seattle Parks and Recreation,Carkeek Park,7cb5b4d6-7a4a-49a1-a3a4-55817444f95c,58.639430999755859,89.804679870605469,83.744911193847670,-122.3757770000,47.7129714500
,"23364",,,,"23364",Seattle Parks and Recreation,Thuja plicata,Western Red Cedar,"38",Seattle Parks and Recreation,Volunteer Park,e11f25f3-4bcc-45ec-9070-2a5b09735e01,60.219032287597656,89.264549255371094,85.899543762207017,-122.3134070000,47.6320428600
,"17772",,,,"17772",Seattle Parks and Recreation,Thuja plicata,Western Red Cedar,"17",Seattle Parks and Recreation,Brighton Playfield,80f72af5-b946-45c9-9932-146da306e548,63.304267883300781,89.864700317382812,86.542343139648438,-122.2831840000,47.5490306300
,"14043",,,,"14043",Seattle Parks and Recreation,Thuja plicata,Western Red Cedar,"28",Seattle Parks and Recreation,Woodland Park,ac6d8b9f-d35b-4e7d-b90f-8339707a048a,60.125587463378906,87.599777221679673,84.196731567382812,-122.3470730000,47.6712045300
,"6030",,,,"6030",Seattle Parks and Recreation,Thuja plicata,Western Red Cedar,"0",Seattle Parks and Recreation,Woodland Park,d5e21261-a2f5-4dec-83f6-fd4a009a128f,60.349437713623047,88.104606628417969,84.716110229492188,-122.3461590000,47.6722270800
,"34095",,,,"34095",Seattle Parks and Recreation,Thuja plicata,Western Red Cedar,"0",Seattle Parks and Recreation,Mount Baker Park,bc728d11-49b1-426d-8b1a-049f7960bf24,62.437015533447266,87.795310974121094,84.438552856445312,-122.2888840000,47.5791395300
,"31272",,,,"31272",Seattle Parks and Recreation,Thuja plicata,Western Red Cedar,"2",Seattle Parks and Recreation,Mineral Springs Park,c7cef659-59ea-4b43-b9be-ca2439f15ba3,62.740928649902344,88.493064880371094,85.081390380859375,-122.3364430000,47.7053553800
,"31255",,,,"31255",Seattle Parks and Recreation,Thuja plicata,Western Red Cedar,"2",Seattle Parks and Recreation,Martha Washington Park,d8ec1cb6-77d9-43a1-85ef-d57f63f5b6f4,63.515415191650391,88.300666809082031,85.945564270019531,-122.2608250000,47.5430472200
,"30645",,,,"30645",Seattle Parks and Recreation,Thuja plicata,Western Red Cedar,"2",Seattle Parks and Recreation,Mineral Springs Park,598564a7-3f4f-4748-9545-0a071a612f70,62.712471008300781,88.518562316894531,85.108337402343750,-122.3365910000,47.7053536400
,"29520",,,,"29520",Seattle Parks and Recreation,Thuja plicata,Western Red Cedar,"43",Seattle Parks and Recreation,William Grose Park,f1d54172-5f42-48e4-8da1-0afaa83e0da0,62.339839935302734,88.749824523925781,85.018264770507812,-122.2934890000,47.6179300100
,"29642",,,,"29642",Seattle Parks and Recreation,Thuja plicata,Western Red Cedar,"0",Seattle Parks and Recreation,Longfellow Creek GS: Central,4bd38c9b-329b-47d2-9455-edfc3c88af90,58.683704376220703,86.205993652343750,79.967018127441406,-122.3665980000,47.5534594100
,"29220",,,,"29220",Seattle Parks and Recreation,Thuja plicata 'Excelsa',Excelsa Arborvitae,"1",Seattle Parks and Recreation,Woodland Park,481f6b05-dfd7-45ee-87f0-58bac86057b5,60.069831848144531,88.155479431152330,84.301132202148438,-122.3456750000,47.6721126300
,"29225",,,,"29225",Seattle Parks and Recreation,Thuja plicata 'Green Giant',Green Giant Arborvitae,"3",Seattle Parks and Recreation,Woodland Park,0d63fa13-ffec-4ac9-884b-1b6999877023,60.159549713134766,87.666488647460938,84.177787780761719,-122.3469540000,47.6712991100
,"29236",,,,"29236",Seattle Parks and Recreation,Thuja plicata 'Green Giant',Green Giant Arborvitae,"3",Seattle Parks and Recreation,Green Lake Park,dc484b78-569d-4395-93f0-caaa45e93912,62.197429656982422,88.673377990722656,86.011657714843750,-122.3459720000,47.6749453100
,"29227",,,,"29227",Seattle Parks and Recreation,Thuja plicata 'Green Giant',Green Giant Arborvitae,"3",Seattle Parks and Recreation,Woodland Park,5bbad412-4cea-4b0c-b1ea-004dfa5b540f,60.137996673583984,87.579658508300781,84.174377441406250,-122.3469470000,47.6712153800
,"28400",,,,"28400",Seattle Parks and Recreation,Thuja plicata,Western Red Cedar,"32",Seattle Parks and Recreation,Burke-Gilman Trail,68a1700e-976d-4823-a02b-07da3520de96,60.358592987060547,89.418647766113281,85.534843444824219,-122.2777770000,47.6944329500
,"27521",,,,"27521",Seattle Parks and Recreation,Thuja plicata,Western Red Cedar,"0",Seattle Parks and Recreation,Dr. Jose Rizal Park,f67f6fd1-e59b-42c4-8c13-0f83b0ca0911,63.216644287109375,89.031616210937500,86.063446044921875,-122.3183000000,47.5920342100
,"27533",,,,"27533",Seattle Parks and Recreation,Thuja plicata,Western Red Cedar,"0",Seattle Parks and Recreation,Frink Park,af159889-2490-4be6-90a7-ec954408ca0f,61.442504882812493,87.522445678710938,83.816909790039062,-122.2909130000,47.5996395700
,"27537",,,,"27537",Seattle Parks and Recreation,Thuja plicata,Western Red Cedar,"0",Seattle Parks and Recreation,Frink Park,4ea79c9f-efb5-4480-bda8-f5dee3e339b8,61.517959594726562,87.455375671386719,83.722770690917969,-122.2911930000,47.5995016500
,"27607",,,,"27607",Seattle Parks and Recreation,Thuja plicata,Western Red Cedar,"10",Seattle Parks and Recreation,Sun Park,33469280-65c2-4b84-af7a-91281ac13b13,62.098602294921875,89.032432556152330,85.652854919433594,-122.2770370000,47.6632600800
,"28017",,,,"28017",Seattle Parks and Recreation,Thuja plicata,Western Red Cedar,"14",Seattle Parks and Recreation,Daybreak Star,7077a83f-2668-4def-a5f7-1d053531f4ad,57.592311859130859,90.145812988281250,83.182991027832031,-122.4178710000,47.6669010600
,"6003",,,,"6003",Seattle Parks and Recreation,Thuja plicata,Western Red Cedar,"0",Seattle Parks and Recreation,Woodland Park,71c5d47e-1e8d-4aec-9af0-5d8a28529bc9,60.691062927246094,86.802062988281250,83.936195373535156,-122.3463460000,47.6694477100
,"6005",,,,"6005",Seattle Parks and Recreation,Thuja plicata,Western Red Cedar,"0",Seattle Parks and Recreation,Woodland Park,dfbbbcc8-f278-4cfd-b7b4-6f740ff06fa8,61.250762939453125,86.896110534667969,84.029167175292983,-122.3462200000,47.6691432300
,"11958",,,,"11958",Seattle Parks and Recreation,Thuja plicata,Western Red Cedar,"35",Seattle Parks and Recreation,Interlaken Park,4662b78e-1508-4397-88f7-6eec80c3149d,59.910572052001953,87.078292846679673,83.314453125000000,-122.3106570000,47.6366228500
,"6010",,,,"6010",Seattle Parks and Recreation,Thuja plicata,Western Red Cedar,"0",Seattle Parks and Recreation,Woodland Park,c0e77b2a-c643-4222-9344-42bc52528f1e,61.458774566650391,86.910461425781250,83.899505615234375,-122.3465850000,47.6689276900
,"6011",,,,"6011",Seattle Parks and Recreation,Thuja plicata,Western Red Cedar,"0",Seattle Parks and Recreation,Woodland Park,17884f2b-389f-4e77-bdb8-7e80b685d31f,61.438758850097656,87.101333618164062,83.967994689941406,-122.3460170000,47.6684246000
,"6018",,,,"6018",Seattle Parks and Recreation,Thuja plicata,Western Red Cedar,"0",Seattle Parks and Recreation,Woodland Park,c1561960-af4e-419f-bb1b-2fe5848be84e,61.740062713623047,89.120674133300781,85.731391906738281,-122.3443320000,47.6654626700
,"12729",,,,"12729",Seattle Parks and Recreation,Thuja plicata,Western Red Cedar,"34",Seattle Parks and Recreation,Discovery Park,6324589a-b367-4097-9f0a-4d79974daeda,55.730682373046875,89.681213378906250,81.524566650390625,-122.4086480000,47.6601585000
,"13213",,,,"13213",Seattle Parks and Recreation,Thuja plicata,Western Red Cedar,"25",Seattle Parks and Recreation,Discovery Park,d09de2ad-caa6-4041-b667-1a6a16f436eb,58.808990478515625,89.434463500976562,84.798851013183594,-122.4116290000,47.6672391300
,"12816",,,,"12816",Seattle Parks and Recreation,Thuja plicata,Western Red Cedar,"30",Seattle Parks and Recreation,Discovery Park,34bf5482-6a88-4d7a-9fb8-6fe0b22af90c,57.668720245361328,89.628860473632812,81.821693420410156,-122.4112180000,47.6647193500
,"6171",,,,"6171",Seattle Parks and Recreation,Thuja plicata,Western Red Cedar,"10",Seattle Parks and Recreation,Burke-Gilman Trail,36463a4f-1b7f-4409-bac1-98f9cb3b1487,,,,-122.2761330000,47.7091813300
,"13263",,,,"13263",Seattle Parks and Recreation,Thuja plicata,Western Red Cedar,"30",Seattle Parks and Recreation,Discovery Park,f3350426-7217-4b09-be0c-c7623ad9cacc,58.726821899414062,89.359901428222656,84.052337646484375,-122.4105900000,47.6655344800
,"12018",,,,"12018",Seattle Parks and Recreation,Thuja plicata,Western Red Cedar,"19",Seattle Parks and Recreation,Interlaken Park,04126b0b-a143-4c21-96fc-af6466f86ef0,60.290546417236328,86.953857421875014,83.321266174316406,-122.3098630000,47.6371987700
,"4612",,,,"4612",Seattle Parks and Recreation,Thuja plicata,Western Red Cedar,"18",Seattle Parks and Recreation,Volunteer Park,bf7910e2-5c13-4d15-8bd0-0bfa17373852,60.244251251220703,89.240364074707017,85.480125427246094,-122.3132980000,47.6316929000
,"4731",,,,"4731",Seattle Parks and Recreation,Thuja plicata,Western Red Cedar,"9",Seattle Parks and Recreation,Volunteer Park,df42745a-ddbf-441c-a300-519c8aeba7dd,60.371025085449219,89.370857238769531,86.129714965820327,-122.3140040000,47.6322345600
,"4930",,,,"4930",Seattle Parks and Recreation,Thuja plicata,Western Red Cedar,"22",Seattle Parks and Recreation,Lake Washington Boulevard,fa7fb766-d41b-4932-a4c9-713889d63506,,,,-122.2648040000,47.5610227500
,"11569",,,,"11569",Seattle Parks and Recreation,Thuja plicata,Western Red Cedar,"28",Seattle Parks and Recreation,Carkeek Park,4d1353ce-c04e-4b53-be8f-73ad35ff067d,57.976524353027344,89.860351562500000,83.732894897460938,-122.3755920000,47.7125837600
,"9308",,,,"9308",Seattle Parks and Recreation,Thuja plicata,Western Red Cedar,"13",Seattle Parks and Recreation,Bryant Playground,f257ffc6-2487-44ad-8e0c-e4c90d4bff7d,62.016956329345703,89.294967651367188,85.716430664062500,-122.2832320000,47.6748734700
,"21611",,,,"21611",Seattle Parks and Recreation,Thuja plicata,Western Red Cedar,"22",Seattle Parks and Recreation,Longfellow Creek GS: Central,571bccc9-d452-4cf1-abb0-4933dd010ff9,60.849681854248047,87.867691040039062,83.833709716796875,-122.3652680000,47.5442947700
,"4499",,,,"4499",Seattle Parks and Recreation,Thuja plicata,Western Red Cedar,"16",Seattle Parks and Recreation,Volunteer Park,c1e54684-c6e2-4e0e-a455-568599780510,62.810306549072266,87.417266845703125,83.062950134277344,-122.3137580000,47.6284960100
,"21706",,,,"21706",Seattle Parks and Recreation,Thuja plicata,Western Red Cedar,"87",Seattle Parks and Recreation,Belvedere Park,114cb0af-a7af-4f17-a3bf-94a87c9144a8,61.751689910888672,88.060630798339844,83.562889099121094,-122.3776040000,47.5805086000
,"3959",,,,"3959",Seattle Parks and Recreation,Thuja plicata,Western Red Cedar,"22",Seattle Parks and Recreation,Lake Washington Boulevard,6b28b9c4-a43e-4ca2-9071-bb0791876419,61.813850402832031,88.261291503906250,85.778450012207017,-122.2882890000,47.6005829400
,"9796",,,,"9796",Seattle Parks and Recreation,Thuja plicata,Western Red Cedar,"6",Seattle Parks and Recreation,Hiawatha Park,e96ffbf6-7935-4405-9fab-2e6de4ec9c69,62.365623474121094,89.723930358886719,86.882980346679673,-122.3846980000,47.5774542300
,"21161",,,,"21161",Seattle Parks and Recreation,Thuja plicata,Western Red Cedar,"20",Seattle Parks and Recreation,Lakeridge Playground,af196fdd-ca81-4ba7-97fb-09854ae161aa,62.418392181396491,88.106269836425781,84.725608825683594,-122.2466030000,47.5102593300
,"3626",,,,"3626",Seattle Parks and Recreation,Thuja plicata,Western Red Cedar,"3",Seattle Parks and Recreation,Van Asselt Playground,f12de9fa-ba3f-4e67-a363-9cea21f12a9a,62.346595764160163,88.848342895507812,86.016784667968750,-122.2931650000,47.5399378600
,"3658",,,,"3658",Seattle Parks and Recreation,Thuja plicata,Western Red Cedar,"14",Seattle Parks and Recreation,Madison Park,c7228d08-3d07-4f29-8d2f-6e67f966a7b3,,,,-122.2765010000,47.6364607600
,"9290",,,,"9290",Seattle Parks and Recreation,Thuja plicata,Western Red Cedar,"60",Seattle Parks and Recreation,Othello Park,5ac12c43-cead-47b2-8812-baab858a99ee,63.753318786621094,90.473754882812500,87.191413879394531,-122.2768180000,47.5368888300
,"9305",,,,"9305",Seattle Parks and Recreation,Thuja plicata,Western Red Cedar,"13",Seattle Parks and Recreation,Bryant Playground,1be8af3a-8b53-460e-aec4-6ba52838535c,61.973690032958984,89.229576110839844,85.628494262695312,-122.2833600000,47.6748679500
,"9317",,,,"9317",Seattle Parks and Recreation,Thuja plicata,Western Red Cedar,"11",Seattle Parks and Recreation,Bryant Playground,21983560-5344-4e77-9bb1-ca43fc50335a,62.037330627441406,89.330009460449219,85.788345336914062,-122.2830720000,47.6748747400
,"9322",,,,"9322",Seattle Parks and Recreation,Thuja plicata,Western Red Cedar,"16",Seattle Parks and Recreation,Bryant Playground,e8765217-715b-4a38-bd58-3be3023c8f5b,61.892654418945312,89.300025939941406,85.809494018554688,-122.2839030000,47.6748573000
,"9323",,,,"9323",Seattle Parks and Recreation,Thuja plicata,Western Red Cedar,"15",Seattle Parks and Recreation,Bryant Playground,0f8d69ab-e945-4901-8091-09df337986af,61.894321441650391,89.285072326660156,85.825531005859375,-122.2840450000,47.6748715000
,"9333",,,,"9333",Seattle Parks and Recreation,Thuja plicata,Western Red Cedar,"41",Seattle Parks and Recreation,Brighton Playfield,e4bcdcdb-3e4a-45ff-8955-de5ccb75d219,63.304748535156250,89.628669738769531,86.352935791015625,-122.2832840000,47.5493007700
,"3128",,,,"3128",Seattle Parks and Recreation,Thuja plicata,Western Red Cedar,"1",Seattle Parks and Recreation,Colman Park,e7f3f0c9-f74f-4d1e-93a4-899cb2841771,61.132160186767578,87.875915527343750,84.894798278808594,-122.2894390000,47.5863967600
,"36045",,,,"36045",Seattle Parks and Recreation,Thuja plicata,Western Red Cedar,"20",Seattle Parks and Recreation,Loyal Heights Playfield,34eeac2d-6998-42eb-a88d-e916c72505fd,59.727157592773438,83.418594360351562,81.513679504394531,-122.3829240000,47.6845088400
,"8574",,,,"8574",Seattle Parks and Recreation,Thuja plicata,Western Red Cedar,"30",Seattle Parks and Recreation,Discovery Park,6d1e02b4-24f1-4e84-8ef6-46c6f5a116a3,60.560642242431641,87.874938964843750,84.004371643066406,-122.4053780000,47.6562657900
,"13242",,,,"13242",Seattle Parks and Recreation,Thuja plicata,Western Red Cedar,"21",Seattle Parks and Recreation,Discovery Park,6cabb90a-424e-4090-9d53-32dad0b3abea,58.826286315917969,89.439254760742188,84.535835266113281,-122.4106010000,47.6657827200
,"8754",,,,"8754",Seattle Parks and Recreation,Thuja plicata,Western Red Cedar,"8",Seattle Parks and Recreation,Meadowbrook Playfield,ab710af3-a112-49ff-ad02-2955910f1eb4,58.628593444824219,89.891036987304688,85.608131408691406,-122.2912850000,47.7062115200
,"14295",,,,"14295",Seattle Parks and Recreation,Thuja plicata 'Zebrina',Zebrina Western Red Cedar,"21",Seattle Parks and Recreation,Laurelhurst Playfield,c1b57097-7c2d-4dff-bb26-a823299c9734,61.328311920166016,88.432495117187500,84.566062927246094,-122.2768710000,47.6602072700
,"7719",,,,"7719",Seattle Parks and Recreation,Thuja plicata,Western Red Cedar,"0",Seattle Parks and Recreation,Woodland Park,1f5c1af7-e6d3-49ac-a384-99bacc4ad809,59.993358612060547,87.806945800781250,84.374984741210938,-122.3461860000,47.6718779300
,"8053",,,,"8053",Seattle Parks and Recreation,Thuja plicata,Western Red Cedar,"1",Seattle Parks and Recreation,Matthews Beach Park,862138fd-c94f-4e13-8168-3de96936e1af,,,,-122.2721240000,47.6950400700
,"8065",,,,"8065",Seattle Parks and Recreation,Thuja plicata,Western Red Cedar,"3",Seattle Parks and Recreation,Matthews Beach Park,34b95a89-4997-4b04-90d5-250f5b445599,,,,-122.2716610000,47.6950707700
,"35739",,,,"35739",Seattle Parks and Recreation,Thuja plicata,Western Red Cedar,"22",Seattle Parks and Recreation,Carkeek Park,9f09001f-9fd5-4e54-b450-a758f8aea263,57.408721923828125,89.359863281250000,81.730163574218750,-122.3720290000,47.7088158300
,"6365",,,,"6365",Seattle Parks and Recreation,Thuja plicata,Western Red Cedar,"20",Seattle Parks and Recreation,Gas Works Park,fd6425ac-07aa-4b7f-b0fd-93596a965338,63.729843139648438,88.618049621582031,84.486831665039062,-122.3344330000,47.6463133900
,"9677",,,,"9677",Seattle Parks and Recreation,Thuja plicata,Western Red Cedar,"33",Seattle Parks and Recreation,Othello Park,3e1698b2-70ec-41b2-92ca-9132b3b94b79,63.751304626464837,90.316787719726562,86.926826477050781,-122.2774270000,47.5362993400
,"6361",,,,"6361",Seattle Parks and Recreation,Thuja plicata,Western Red Cedar,"13",Seattle Parks and Recreation,Gas Works Park,9f63dd16-500c-4675-a244-50f10e644002,63.729843139648438,88.618049621582031,84.486831665039062,-122.3343820000,47.6463177300
,"6401",,,,"6401",Seattle Parks and Recreation,Thuja plicata,Western Red Cedar,"16",Seattle Parks and Recreation,Gas Works Park,f2f2c8e3-0210-4c4e-8ab1-9891a7fdd043,63.551738739013672,88.413063049316406,84.308891296386719,-122.3347000000,47.6461672000
,"6426",,,,"6426",Seattle Parks and Recreation,Thuja plicata,Western Red Cedar,"8",Seattle Parks and Recreation,Gas Works Park,90603bb2-ae9f-40e1-984d-0e3241ab0340,63.652111053466797,88.917724609375014,85.089065551757812,-122.3367700000,47.6460830900
,"6434",,,,"6434",Seattle Parks and Recreation,Thuja plicata,Western Red Cedar,"8",Seattle Parks and Recreation,Gas Works Park,35f7bcfa-b0a7-4861-97ae-aa605d7f4d0c,63.666824340820312,88.862800598144531,84.778839111328125,-122.3366520000,47.6460325700
,"6595",,,,"6595",Seattle Parks and Recreation,Thuja plicata,Western Red Cedar,"26",Seattle Parks and Recreation,Warren G. Magnuson Park,a0934c6b-9954-4b53-9286-704633e1bbf6,61.404861450195312,89.475990295410156,86.638946533203125,-122.2612250000,47.6754915200
,"15778",,,,"15778",Seattle Parks and Recreation,Thuja plicata,Western Red Cedar,"34",Seattle Parks and Recreation,Lincoln Park,8f300073-15c5-4ab2-a74c-c190da1a3d5d,61.206146240234375,88.803077697753906,85.459472656250000,-122.3940440000,47.5291711700
,"12086",,,,"12086",Seattle Parks and Recreation,Thuja plicata,Western Red Cedar,"40",Seattle Parks and Recreation,Interlaken Park,0e22b489-8c6b-4f1a-a96a-752660254bd3,59.964439392089837,89.659088134765625,84.632171630859375,-122.3024510000,47.6346926400
,"35788",,,,"35788",Seattle Parks and Recreation,Thuja plicata,Western Red Cedar,"37",Seattle Parks and Recreation,Lincoln Park,4752d068-f244-4b70-82a9-0349309204b2,61.265922546386719,88.793899536132812,85.455490112304688,-122.3933930000,47.5318680200
,"35916",,,,"35916",Seattle Parks and Recreation,Thuja plicata,Western Red Cedar,"32",Seattle Parks and Recreation,Jefferson Park,0f552113-3b37-4533-8feb-df8a5d6ee44a,60.600360870361328,89.848312377929673,87.050285339355469,-122.3101290000,47.5672560200
,"35902",,,,"35902",Seattle Parks and Recreation,Thuja plicata,Western Red Cedar,"32",Seattle Parks and Recreation,Seward Park,af29c8d0-a9b9-4321-bcb0-f487b0521670,,,,-122.2579770000,47.5486448300
,"36207",,,,"36207",Seattle Parks and Recreation,Thuja plicata,Western Red Cedar,"27",Seattle Parks and Recreation,North Park Shops,492f4023-aed2-4112-89aa-3d3e0ef13b56,62.449203491210938,87.356674194335938,84.767852783203125,-122.3389480000,47.6877829200
,"35364",,,,"35364",Seattle Parks and Recreation,Thuja plicata,Western Red Cedar,"25",Seattle Parks and Recreation,Lake Washington Boulevard,8aefe50e-9ee4-4d93-b689-c26e35bce66b,58.823726654052734,89.093589782714844,83.447433471679673,-122.2973200000,47.6377875800
,"34586",,,,"34586",Seattle Parks and Recreation,Thuja plicata,Western Red Cedar,"0",Seattle Parks and Recreation,Hubbard Homestead Park,6feb2252-f7fd-4de3-a5ec-db66aac4d99a,63.944042205810547,89.902046203613281,85.402107238769531,-122.3251750000,47.7097426500
,"33849",,,,"33849",Seattle Parks and Recreation,Thuja plicata,Western Red Cedar,"22",Seattle Parks and Recreation,Peppi's Playground,3ccc1ce1-736a-4fdb-82f8-bfe8538c9923,61.767440795898438,87.935676574707017,83.764480590820327,-122.2906910000,47.6030017700
,"33366",,,,"33366",Seattle Parks and Recreation,Thuja plicata,Western Red Cedar,"0",Seattle Parks and Recreation,Bitter Lake Playfield,3a5a8269-3078-4e97-883a-d35b53310e06,63.583568572998047,89.306686401367188,85.370361328124986,-122.3488970000,47.7233426100
,"32060",,,,"32060",Seattle Parks and Recreation,Thuja plicata,Western Red Cedar,"33",Seattle Parks and Recreation,Mount Baker Park,ecd04d31-8570-46c0-9a84-b430fecc5b87,62.645595550537109,88.068550109863281,84.066093444824219,-122.2890970000,47.5785432000
,"32073",,,,"32073",Seattle Parks and Recreation,Thuja plicata 'Zebrina',Zebrina Western Red Cedar,"32",Seattle Parks and Recreation,Trudys Triangle,363ce6bc-74da-4a68-9111-b9738005031e,62.638263702392578,88.311965942382812,85.970642089843750,-122.2863560000,47.5767398700
,"30160",,,,"30160",Seattle Parks and Recreation,Thuja plicata,Western Red Cedar,"1",Seattle Parks and Recreation,Lakeridge Playground,10bc84f1-b285-4e6c-9d92-118149163c39,62.452922821044922,88.113700866699219,84.472427368164062,-122.2474920000,47.5102065400
,"30428",,,,"30428",Seattle Parks and Recreation,Thuja plicata,Western Red Cedar,"30",Seattle Parks and Recreation,Woodland Park,2ac00076-50c0-4cbe-91c7-f852c637492a,60.867919921875000,89.046318054199219,84.796180725097670,-122.3453500000,47.6660908000
,"30431",,,,"30431",Seattle Parks and Recreation,Thuja plicata,Western Red Cedar,"16",Seattle Parks and Recreation,Woodland Park,7f1ef90a-0e2c-471e-83ff-2d5c1dd3e0cf,61.089660644531250,88.578178405761719,84.812561035156250,-122.3441160000,47.6662156500
,"29923",,,,"29923",Seattle Parks and Recreation,Thuja plicata 'Excelsa',Excelsa Arborvitae,"0",Seattle Parks and Recreation,Pendleton Miller Playfield,2ac7cd7c-19ac-4bb8-aab9-d76920096ba8,62.574542999267578,88.895980834960938,85.671257019042983,-122.3066130000,47.6227024200
,"13388",,,,"13388",Seattle Parks and Recreation,Thuja plicata,Western Red Cedar,"34",Seattle Parks and Recreation,Discovery Park,0f6baef6-ee32-42d2-a578-70e59f19581f,55.899501800537109,90.224571228027344,80.520950317382812,-122.4194640000,47.6627447700
,"7104",,,,"7104",Seattle Parks and Recreation,Thuja plicata,Western Red Cedar,"2",Seattle Parks and Recreation,Woodland Park,c58f34f6-6db9-43a9-96e6-db7aceea402e,59.863430023193359,87.523490905761719,84.031692504882812,-122.3459770000,47.6714428700
,"7138",,,,"7138",Seattle Parks and Recreation,Thuja plicata,Western Red Cedar,"0",Seattle Parks and Recreation,Dahl (Waldo J.) Playfield,4520dcf1-3ea9-4d82-a6b2-516741b233dc,61.856269836425781,88.621444702148438,86.009834289550781,-122.2982410000,47.6863549000
,"6362",,,,"6362",Seattle Parks and Recreation,Thuja plicata,Western Red Cedar,"14",Seattle Parks and Recreation,Gas Works Park,4e94423a-4ce2-4c5a-96a0-54cc6a4a2582,63.729843139648438,88.618049621582031,84.486831665039062,-122.3343910000,47.6462787400
,"6385",,,,"6385",Seattle Parks and Recreation,Thuja plicata,Western Red Cedar,"8",Seattle Parks and Recreation,Gas Works Park,ed78d55a-ddaa-48f8-9275-8cd160296de1,63.697826385498047,88.954978942871094,85.110069274902330,-122.3369100000,47.6460871800
,"6394",,,,"6394",Seattle Parks and Recreation,Thuja plicata,Western Red Cedar,"8",Seattle Parks and Recreation,Gas Works Park,20c9852b-027b-4327-a80e-65c221ae366e,63.729270935058594,88.917449951171875,84.874435424804688,-122.3369280000,47.6460233500
,"6415",,,,"6415",Seattle Parks and Recreation,Thuja plicata,Western Red Cedar,"14",Seattle Parks and Recreation,Gas Works Park,411c92d4-459f-497c-b51c-31d35b5acf48,63.652111053466797,88.917724609375014,85.089065551757812,-122.3368140000,47.6460857800
,"6462",,,,"6462",Seattle Parks and Recreation,Thuja plicata,Western Red Cedar,"7",Seattle Parks and Recreation,Gas Works Park,a00e498a-c3b0-41f3-9b48-0d5d4f0710b4,63.375045776367188,88.262771606445312,84.117095947265625,-122.3353590000,47.6460372400
,"4648",,,,"4648",Seattle Parks and Recreation,Thuja plicata,Western Red Cedar,"22",Seattle Parks and Recreation,Volunteer Park,ead97bde-e2c4-4252-99d1-7ba8ca3850d7,60.215270996093750,88.936103820800781,85.378402709960938,-122.3125940000,47.6316808600
,"4666",,,,"4666",Seattle Parks and Recreation,Thuja plicata,Western Red Cedar,"13",Seattle Parks and Recreation,Volunteer Park,9d0ca608-2ace-44d9-aca6-4e5a0af75299,60.226711273193359,89.582496643066406,85.951293945312500,-122.3127330000,47.6323608300
,"4241",,,,"4241",Seattle Parks and Recreation,Thuja plicata,Western Red Cedar,"19",Seattle Parks and Recreation,,5fe271cf-211a-4f90-990b-eb5bab076251,61.158187866210938,89.169563293457017,86.935447692871094,-122.2612650000,47.6768254900
,"3572",,,,"3572",Seattle Parks and Recreation,Thuja plicata,Western Red Cedar,"13",Seattle Parks and Recreation,,c9d89ffd-b74b-4ad9-a079-7f9abc8eb7b8,61.584060668945312,89.528656005859375,87.442192077636719,-122.2619760000,47.6777227600
,"3649",,,,"3649",Seattle Parks and Recreation,Thuja plicata,Western Red Cedar,"10",Seattle Parks and Recreation,Madison Park,86eb2f11-339d-4c6d-be59-ff51d7e0172a,,,,-122.2768270000,47.6359816500
,"3863",,,,"3863",Seattle Parks and Recreation,Thuja plicata,Western Red Cedar,"26",Seattle Parks and Recreation,Lake Washington Boulevard,0d50c4f9-e7ff-4db5-973a-7a6c037812fa,61.659618377685547,89.160659790039062,86.815246582031250,-122.2813320000,47.6160194300
,"12447",,,,"12447",Seattle Parks and Recreation,Thuja plicata,Western Red Cedar,"29",Seattle Parks and Recreation,Schmitz Preserve Park,f8e250d2-0f4f-4c09-95f3-bd1d9eb8c0d1,61.088607788085938,88.659835815429673,84.213211059570327,-122.4014710000,47.5774737100
,"11178",,,,"11178",Seattle Parks and Recreation,Thuja plicata,Western Red Cedar,"13",Seattle Parks and Recreation,Genesee Park and Playfield,92df0720-519a-4e7a-838e-a27482f178ad,62.699378967285163,89.373382568359375,87.371734619140625,-122.2846370000,47.5612903700
,"12597",,,,"12597",Seattle Parks and Recreation,Thuja plicata,Western Red Cedar,"18",Seattle Parks and Recreation,Discovery Park,c5d12e13-07f1-4ced-a88d-bbab64a3fc0d,59.806632995605469,88.493286132812500,84.084411621093750,-122.4047820000,47.6580767800
,"12622",,,,"12622",Seattle Parks and Recreation,Thuja plicata,Western Red Cedar,"32",Seattle Parks and Recreation,Discovery Park Boulevard,6b7720b7-0368-4746-b759-f7397669c846,60.069519042968750,88.370338439941406,84.241348266601562,-122.4043260000,47.6584066200
,"27308",,,,"27308",Seattle Parks and Recreation,Thuja plicata,Western Red Cedar,"2",Seattle Parks and Recreation,Lakeridge Playground,0b0c07a9-d4b0-4426-b0fe-feed8474c232,62.758983612060547,88.225784301757812,85.435470581054688,-122.2474350000,47.5109432300
,"27515",,,,"27515",Seattle Parks and Recreation,Thuja plicata,Western Red Cedar,"1",Seattle Parks and Recreation,Jefferson Park,b86191a1-2e47-4c53-b2d7-010bcdfc23f0,60.908901214599609,90.122344970703125,87.349937438964844,-122.3125060000,47.5666064900
,"27529",,,,"27529",Seattle Parks and Recreation,Thuja plicata,Western Red Cedar,"0",Seattle Parks and Recreation,Frink Park,b4ac00aa-ce98-4bac-84fd-23ef0fe62397,61.525737762451165,87.468887329101562,83.706474304199219,-122.2911970000,47.5996946900
,"12686",,,,"12686",Seattle Parks and Recreation,Thuja plicata,Western Red Cedar,"32",Seattle Parks and Recreation,Discovery Park Boulevard,580fd3aa-03ab-4dee-8aef-07b4ddff3ae6,59.435192108154297,88.255775451660156,83.245742797851562,-122.4052580000,47.6585258100
,"27586",,,,"27586",Seattle Parks and Recreation,Thuja plicata,Western Red Cedar,"0",Seattle Parks and Recreation,Carkeek Park,07ddbafc-f7c3-4a24-b1d7-79fd40db7e64,56.760631561279297,89.330009460449219,81.506965637207017,-122.3713780000,47.7092958200
,"12702",,,,"12702",Seattle Parks and Recreation,Thuja plicata,Western Red Cedar,"35",Seattle Parks and Recreation,Discovery Park,4c491da5-d220-4ffe-a747-bbbbee0691e8,58.086776733398438,88.491012573242188,82.210510253906250,-122.4066150000,47.6595253100
,"28015",,,,"28015",Seattle Parks and Recreation,Thuja plicata,Western Red Cedar,"14",Seattle Parks and Recreation,Daybreak Star,8d0ab669-3be4-4ba2-8ac3-6dfbed975cb9,58.590499877929688,90.012138366699219,83.274703979492188,-122.4186040000,47.6672954900
,"12083",,,,"12083",Seattle Parks and Recreation,Thuja plicata,Western Red Cedar,"17",Seattle Parks and Recreation,Interlaken Park,254ea7a2-412f-49e3-b8e1-490bd7f75bdb,59.936832427978509,89.568412780761719,84.580398559570327,-122.3027520000,47.6348188900
,"19031",,,,"19031",Seattle Parks and Recreation,Thuja plicata,Western Red Cedar,"36",Seattle Parks and Recreation,Lake Washington Boulevard,8fcf67c0-3cc0-4b9c-a280-668aae70bf39,,,,-122.2647310000,47.5603395500
,"11890",,,,"11890",Seattle Parks and Recreation,Thuja plicata,Western Red Cedar,"26",Seattle Parks and Recreation,Interlaken Park,12318cfb-7600-4a2d-9216-26298f948595,60.217411041259766,87.900604248046875,83.748130798339844,-122.3081150000,47.6328949300
,"10946",,,,"10946",Seattle Parks and Recreation,Thuja plicata,Western Red Cedar,"18",Seattle Parks and Recreation,Martha Washington Park,3501e5a8-cf65-404e-9413-03b13acde0c9,63.389934539794922,88.201988220214844,85.969581604003906,-122.2615610000,47.5422522500
,"11111",,,,"11111",Seattle Parks and Recreation,Thuja plicata,Western Red Cedar,"10",Seattle Parks and Recreation,Pendleton Miller Playfield,caca4b97-c0ca-4ea8-9c52-58384bc6b828,62.842399597167969,88.850242614746094,85.369575500488281,-122.3067910000,47.6220764800
,"11180",,,,"11180",Seattle Parks and Recreation,Thuja plicata,Western Red Cedar,"13",Seattle Parks and Recreation,Genesee Park and Playfield,637ca204-e354-4786-88cb-f8bdc230d717,62.699378967285163,89.373382568359375,87.371734619140625,-122.2846770000,47.5612845900
,"26216",,,,"26216",Seattle Parks and Recreation,Thuja plicata,Western Red Cedar,"26",Seattle Parks and Recreation,Warren G. Magnuson Park,5158dfb0-0694-4a53-9950-799689f3e06a,61.532047271728509,89.438644409179673,86.557998657226562,-122.2611780000,47.6753051600
,"24141",,,,"24141",Seattle Parks and Recreation,Thuja plicata,Western Red Cedar,"14",Seattle Parks and Recreation,Seward Park,d0ce0f3e-dedd-4ca1-9742-abfb7ce4c38b,63.007141113281250,88.668022155761719,86.525901794433594,-122.2580020000,47.5493944700
,"10055",,,,"10055",Seattle Parks and Recreation,Thuja plicata,Western Red Cedar,"19",Seattle Parks and Recreation,Volunteer Park,b5661706-b76c-43b7-8d16-b2682a9c2634,60.970794677734375,88.171455383300781,84.792091369628906,-122.3152880000,47.6295956000
,"25107",,,,"25107",Seattle Parks and Recreation,Thuja plicata,Western Red Cedar,"30",Seattle Parks and Recreation,Kingfisher Natural Area on Thornton Creek,f883be49-2223-4441-ae2e-a6b01a1cfa9e,60.032749176025391,86.111419677734375,82.771423339843750,-122.3075750000,47.7005472600
,"10667",,,,"10667",Seattle Parks and Recreation,Thuja plicata,Western Red Cedar,"35",Seattle Parks and Recreation,Sandel Playground,f6245343-16b2-4b95-999a-1c3a7476dd6e,62.211620330810547,88.261985778808594,84.981605529785156,-122.3589910000,47.6953823500
,"10760",,,,"10760",Seattle Parks and Recreation,Thuja plicata,Western Red Cedar,"24",Seattle Parks and Recreation,Seward Park,1cd04458-e91b-467f-acad-cbdfa497a3f7,,,,-122.2514740000,47.5619553200
,"26412",,,,"26412",Seattle Parks and Recreation,Thuja plicata,Western Red Cedar,"5",Seattle Parks and Recreation,Longfellow Creek GS: Central,9c955591-f372-4d49-8825-6d43a6daeb22,60.758449554443359,88.527252197265625,84.762809753417969,-122.3641180000,47.5455745900
,"17754",,,,"17754",Seattle Parks and Recreation,Thuja plicata,Western Red Cedar,"17",Seattle Parks and Recreation,Brighton Playfield,7da63c23-cea7-4658-bd4d-e0595078ca48,63.267757415771491,89.854164123535156,86.508262634277344,-122.2830340000,47.5492012300
,"17781",,,,"17781",Seattle Parks and Recreation,Thuja plicata,Western Red Cedar,"20",Seattle Parks and Recreation,Brighton Playfield,4da88aea-b083-412f-abcc-09ca5eec08b8,63.337200164794922,89.718490600585938,86.506835937500000,-122.2831230000,47.5492628600
,"9325",,,,"9325",Seattle Parks and Recreation,Thuja plicata,Western Red Cedar,"17",Seattle Parks and Recreation,Bryant Playground,36e99982-57d6-46a8-ac79-6ccb634b33ea,61.832107543945312,89.246543884277344,85.873786926269531,-122.2841490000,47.6748721900
,"17788",,,,"17788",Seattle Parks and Recreation,Thuja plicata,Western Red Cedar,"20",Seattle Parks and Recreation,Brighton Playfield,28c8e9c2-69ab-4cf7-8b97-3d9c44f08fbc,63.318489074707031,89.830039978027344,86.490158081054688,-122.2831410000,47.5491798300
,"9722",,,,"9722",Seattle Parks and Recreation,Thuja plicata,Western Red Cedar,"17",Seattle Parks and Recreation,Beacon Hill Playground,990e261d-8a78-4419-b380-098557c84fdd,65.478233337402344,88.717300415039062,86.642463684082031,-122.3149030000,47.5855936600
,"8888",,,,"8888",Seattle Parks and Recreation,Thuja plicata,Western Red Cedar,"0",Seattle Parks and Recreation,Woodland Park,3cccadd7-df5f-47d3-84bb-df3eade53694,60.151542663574219,87.378128051757812,83.978309631347670,-122.3455500000,47.6700195000
,"25093",,,,"25093",Seattle Parks and Recreation,Thuja plicata,Western Red Cedar,"22",Seattle Parks and Recreation,Thornton Creek Addition: North Branch,6832bc26-e658-4933-99af-d27e53338ec4,61.510719299316406,87.278869628906250,84.883499145507812,-122.3038190000,47.7202300000
,"25118",,,,"25118",Seattle Parks and Recreation,Thuja plicata,Western Red Cedar,"46",Seattle Parks and Recreation,Kingfisher Natural Area on Thornton Creek,569396c9-c4fa-4942-8687-1a5cc819b184,60.173030853271491,85.857498168945312,82.844627380371094,-122.3077930000,47.7003788500
,"25334",,,,"25334",Seattle Parks and Recreation,Thuja plicata,Western Red Cedar,"4",Seattle Parks and Recreation,Pathways Park,709f6bec-77e5-4175-badb-8768a9d9c4fe,62.386146545410163,89.952415466308594,85.935874938964844,-122.2819840000,47.6666592800
,"24429",,,,"24429",Seattle Parks and Recreation,Thuja plicata,Western Red Cedar,"40",Seattle Parks and Recreation,Carkeek Park,502170db-19bb-483e-9e27-a4ea427784e4,57.566635131835938,89.914199829101562,83.728790283203125,-122.3754110000,47.7123367700
,"24658",,,,"24658",Seattle Parks and Recreation,Thuja plicata,Western Red Cedar,"57",Seattle Parks and Recreation,Schmitz Preserve Park,770191ab-d843-42e1-97d4-d5f4f39c69fb,61.279167175292969,87.838287353515625,83.603439331054688,-122.3987310000,47.5741563800
,"7711",,,,"7711",Seattle Parks and Recreation,Thuja plicata,Western Red Cedar,"25",Seattle Parks and Recreation,Beer Sheva Park,92be6ca4-dc0c-45d8-a94b-3936217b7436,62.540672302246094,87.415527343750000,82.529212951660156,-122.2639350000,47.5244711400
,"15071",,,,"15071",Seattle Parks and Recreation,Thuja plicata,Western Red Cedar,"39",Seattle Parks and Recreation,Seward Park,8764800a-dab8-4577-8225-38fab34f31f7,60.156066894531250,90.114814758300781,82.673248291015625,-122.2499980000,47.5530724800
,"14812",,,,"14812",Seattle Parks and Recreation,Thuja plicata,Western Red Cedar,"52",Seattle Parks and Recreation,Seward Park,834d7aef-ed12-456e-914a-afe2385bca77,,,,-122.2475880000,47.5551011500
,"14814",,,,"14814",Seattle Parks and Recreation,Thuja plicata,Western Red Cedar,"21",Seattle Parks and Recreation,Seward Park,5a36db4f-541b-494b-b3bf-d80b63512c5c,,,,-122.2472000000,47.5551114100
,"14897",,,,"14897",Seattle Parks and Recreation,Thuja plicata,Western Red Cedar,"28",Seattle Parks and Recreation,Seward Park,f69952e3-e398-4128-b4bd-6ac92d38a986,,,,-122.2534860000,47.5616036100
,"14916",,,,"14916",Seattle Parks and Recreation,Thuja plicata,Western Red Cedar,"20",Seattle Parks and Recreation,Seward Park,7d4463e5-7f12-4854-824b-e48b8899e1b1,,,,-122.2493090000,47.5597922600
,"14024",,,,"14024",Seattle Parks and Recreation,Thuja plicata,Western Red Cedar,"37",Seattle Parks and Recreation,Woodland Park,b03bcf7a-bdac-4f99-9cef-5b3bcb993075,60.142196655273438,87.800117492675781,84.217277526855469,-122.3442170000,47.6699861800
,"14044",,,,"14044",Seattle Parks and Recreation,Thuja plicata,Western Red Cedar,"12",Seattle Parks and Recreation,Woodland Park,e2e2d1f4-a3dc-433d-84d5-e1742bc4b3a7,60.098396301269531,87.692573547363281,84.305137634277344,-122.3470400000,47.6713490400
,"14250",,,,"14250",Seattle Parks and Recreation,Thuja plicata,Western Red Cedar,"19",Seattle Parks and Recreation,Mount Baker Park,5af41552-8cd3-4f78-b4b0-5ada62c8c479,61.496204376220703,87.555358886718750,84.186820983886719,-122.2891200000,47.5810133900
,"10862",,,,"10862",Seattle Parks and Recreation,Thuja plicata,Western Red Cedar,"18",Seattle Parks and Recreation,Meadowbrook Playfield,5c471a1d-dd30-424d-8af4-cb6de9c6b1b7,58.457149505615234,89.814872741699219,85.476676940917969,-122.2911240000,47.7054602800
,"12172",,,,"12172",Seattle Parks and Recreation,Thuja plicata,Western Red Cedar,"44",Seattle Parks and Recreation,Interlaken Park,75e4d92a-4b09-4cd4-afc1-08994d952d1c,60.029163360595703,88.484519958496094,83.953804016113281,-122.3046600000,47.6362228300
,"12516",,,,"12516",Seattle Parks and Recreation,Thuja plicata,Western Red Cedar,"25",Seattle Parks and Recreation,Discovery Park,1bdd80f1-7e71-431e-9272-ff294bbf3a7c,59.722110748291016,88.268547058105469,83.614540100097670,-122.4054180000,47.6580118400
,"13570",,,,"13570",Seattle Parks and Recreation,Thuja plicata,Western Red Cedar,"40",Seattle Parks and Recreation,Woodland Park,e5888a44-3ce4-4331-bdd3-ec0e3bd36820,60.928176879882812,88.672805786132812,84.696159362792983,-122.3445050000,47.6662264000
,"16274",,,,"16274",Seattle Parks and Recreation,Thuja plicata,Western Red Cedar,"44",Seattle Parks and Recreation,Lincoln Park,584209aa-de8e-406d-bc0d-46125f0d51df,63.403057098388672,89.082725524902330,86.516639709472656,-122.3935080000,47.5261271200
,"11895",,,,"11895",Seattle Parks and Recreation,Thuja plicata,Western Red Cedar,"22",Seattle Parks and Recreation,Interlaken Park,5ecd83c7-a314-436a-b1ef-df035ae02d74,59.920688629150391,88.242446899414062,83.944152832031250,-122.3081920000,47.6331329900
,"12753",,,,"12753",Seattle Parks and Recreation,Thuja plicata,Western Red Cedar,"43",Seattle Parks and Recreation,Discovery Park,8c07b347-caa9-46c7-aa10-a23544f92552,56.639232635498047,89.141296386718750,81.610435485839844,-122.4081550000,47.6588493400
,"19022",,,,"19022",Seattle Parks and Recreation,Thuja plicata,Western Red Cedar,"12",Seattle Parks and Recreation,Jackson Park Golf Course,a7dce336-f0a8-49e5-9f42-193dfabc5e5d,59.897949218750000,87.082237243652330,84.336532592773438,-122.3181090000,47.7255927500
,"15146",,,,"15146",Seattle Parks and Recreation,Thuja plicata,Western Red Cedar,"21",Seattle Parks and Recreation,Seward Park,9c3bfb57-0915-41bf-8b1a-3cfcb6da2f7a,,,,-122.2528540000,47.5492252200
,"13243",,,,"13243",Seattle Parks and Recreation,Thuja plicata,Western Red Cedar,"28",Seattle Parks and Recreation,Discovery Park,50fff147-d90d-48bb-8da0-0004eb500862,58.924381256103509,89.386558532714844,84.748664855957017,-122.4104830000,47.6658013000
,"20340",,,,"20340",Seattle Parks and Recreation,Thuja plicata,Western Red Cedar,"13",Seattle Parks and Recreation,Volunteer Park,c652d874-070f-41c0-a80d-e0d9e6f53741,60.154975891113281,87.899795532226562,84.039382934570327,-122.3131050000,47.6307814700
,"19238",,,,"19238",Seattle Parks and Recreation,Thuja plicata,Western Red Cedar,"12",Seattle Parks and Recreation,Meadowbrook Playfield,7ec1ff04-f4f6-4d02-8df0-ae7cc93bfe3c,60.296318054199219,89.532989501953125,85.544082641601562,-122.2951090000,47.7058763600
,"17884",,,,"17884",Seattle Parks and Recreation,Thuja plicata,Western Red Cedar,"21",Seattle Parks and Recreation,Volunteer Parkway,7652da14-9cbf-4166-a65e-a7517d6a5305,62.614490509033203,87.995933532714844,83.915847778320327,-122.3145210000,47.6274536200
,"17901",,,,"17901",Seattle Parks and Recreation,Thuja plicata,Western Red Cedar,"12",Seattle Parks and Recreation,Carkeek Park,60dc8829-14e7-4828-93ee-aff68ebf38d2,56.697025299072266,89.693153381347670,82.510711669921875,-122.3739300000,47.7107005600
,"17977",,,,"17977",Seattle Parks and Recreation,Thuja plicata,Western Red Cedar,"18",Seattle Parks and Recreation,Gas Works Park,f5cf8026-5030-462b-9337-cc1504491bf1,63.379020690917969,88.427070617675781,84.180480957031250,-122.3355240000,47.6460349600
,"17983",,,,"17983",Seattle Parks and Recreation,Thuja plicata,Western Red Cedar,"10",Seattle Parks and Recreation,Gas Works Park,a0ad4024-f922-487d-8c9e-646a98745201,63.379329681396491,88.353408813476562,84.146850585937500,-122.3354020000,47.6460523600
,"17984",,,,"17984",Seattle Parks and Recreation,Thuja plicata,Western Red Cedar,"12",Seattle Parks and Recreation,Gas Works Park,77d23bbf-5487-4f90-a85a-0e4ae9a523f6,63.522174835205078,88.664299011230469,84.575958251953125,-122.3360420000,47.6459831700
,"17994",,,,"17994",Seattle Parks and Recreation,Thuja plicata,Western Red Cedar,"12",Seattle Parks and Recreation,Gas Works Park,1f22b0e7-7bfa-4c16-8b4e-199886c035ef,63.438987731933594,88.624801635742188,84.371215820312500,-122.3358550000,47.6460114900
,"18065",,,,"18065",Seattle Parks and Recreation,Thuja plicata 'Zebrina',Zebrina Western Red Cedar,"22",Seattle Parks and Recreation,Green Lake Park,40dbeb45-3dd0-423f-a244-482ee814eaa0,63.483501434326165,88.963630676269531,84.696594238281250,-122.3362460000,47.6849286200
,"15938",,,,"15938",Seattle Parks and Recreation,Thuja plicata,Western Red Cedar,"19",Seattle Parks and Recreation,Lincoln Park,ff1f7bc1-3a33-4191-99da-a02ad5b4dc6a,62.532123565673835,88.838211059570327,86.467056274414062,-122.3938950000,47.5360956100
,"15975",,,,"15975",Seattle Parks and Recreation,Thuja plicata,Western Red Cedar,"16",Seattle Parks and Recreation,Lincoln Park,2a0b0be1-b7a7-4a3f-a431-7ba07ca92f7e,62.733314514160163,89.136711120605469,86.554504394531250,-122.3942820000,47.5366792600
,"16319",,,,"16319",Seattle Parks and Recreation,Thuja plicata,Western Red Cedar,"53",Seattle Parks and Recreation,West Seattle Golf Course,e6801309-a13c-4ebc-a97a-ed702ba1f857,61.720710754394531,89.662048339843750,86.164878845214844,-122.3732390000,47.5618275600
,"4057",,,,"4057",Seattle Parks and Recreation,Thuja plicata,Western Red Cedar,"34",Seattle Parks and Recreation,Lake Washington Boulevard,95152d41-11ef-4211-8c1f-bbc1b7025ff0,,,,-122.2688740000,47.5667224800
,"35785",,,,"35785",Seattle Parks and Recreation,Thuja plicata,Western Red Cedar,"21",Seattle Parks and Recreation,Lincoln Park,113557a0-d305-42da-adac-007f06894f66,61.140129089355469,88.772766113281250,85.453216552734375,-122.3938040000,47.5333496900
,"36169",,,,"36169",Seattle Parks and Recreation,Thuja plicata,Western Red Cedar,"37",Seattle Parks and Recreation,Jefferson Park,8f8e6113-721c-47e4-a644-91ee050c2858,60.618469238281250,89.807174682617188,87.046455383300781,-122.3098530000,47.5672510300
,"35214",,,,"35214",Seattle Parks and Recreation,Thuja plicata,Western Red Cedar,"33",Seattle Parks and Recreation,Woodland Park,05f3469e-f3cd-4483-bde3-9a793b1bdc09,60.916519165039062,87.921890258789062,84.166763305664062,-122.3450010000,47.6669045600
,"35638",,,,"35638",Seattle Parks and Recreation,Thuja plicata,Western Red Cedar,"35",Seattle Parks and Recreation,Pipers Creek Natural Area,e191f6f1-20ff-4188-b09b-5485061b463c,60.736099243164062,86.717254638671875,83.824058532714844,-122.3637920000,47.7143933300
,"34900",,,,"34900",Seattle Parks and Recreation,Thuja plicata,Western Red Cedar,"7",Seattle Parks and Recreation,Burke-Gilman Trail,99eb0de8-423f-4dc3-8d59-b962b6dcd7a3,,,,-122.2783680000,47.7164801200
,"30701",,,,"30701",Seattle Parks and Recreation,Thuja plicata,Western Red Cedar,"0",Seattle Parks and Recreation,Othello Park,32db1606-916a-4fe3-b327-f83999fa7bf9,63.256885528564453,90.361915588378906,86.930175781250000,-122.2790290000,47.5357884300
,"24139",,,,"24139",Seattle Parks and Recreation,Thuja plicata,Western Red Cedar,"25",Seattle Parks and Recreation,Seward Park,d9928f3d-f709-4067-9c61-9158254ee0cd,63.073802947998047,88.665298461914062,86.518394470214844,-122.2579660000,47.5492427300
,"10047",,,,"10047",Seattle Parks and Recreation,Thuja plicata,Western Red Cedar,"53",Seattle Parks and Recreation,Volunteer Park,d261a572-59f1-4db3-9633-ac445b0d0b37,60.198642730712891,88.730087280273438,84.773567199707017,-122.3157720000,47.6305101600
,"10758",,,,"10758",Seattle Parks and Recreation,Thuja plicata,Western Red Cedar,"44",Seattle Parks and Recreation,Seward Park,64378a1c-6bfd-4f06-8eb3-84c19eb07a3b,,,,-122.2494350000,47.5597701000
,"10863",,,,"10863",Seattle Parks and Recreation,Thuja plicata,Western Red Cedar,"22",Seattle Parks and Recreation,Meadowbrook Playfield,3e5950ce-6dff-4068-9ef0-a470c2621052,58.457149505615234,89.814872741699219,85.476676940917969,-122.2911480000,47.7054647000
,"23163",,,,"23163",Seattle Parks and Recreation,Thuja plicata,Western Red Cedar,"39",Seattle Parks and Recreation,Lincoln Park,0fefb788-171e-49d3-8932-fdd2bde7dbaa,61.797969818115234,88.786140441894531,86.122596740722656,-122.3933910000,47.5291898300
,"9319",,,,"9319",Seattle Parks and Recreation,Thuja plicata,Western Red Cedar,"14",Seattle Parks and Recreation,Bryant Playground,86886466-f422-4ecc-b9a4-54e85c6bbc56,62.037330627441406,89.330009460449219,85.788345336914062,-122.2831520000,47.6748737300
,"9324",,,,"9324",Seattle Parks and Recreation,Thuja plicata,Western Red Cedar,"13",Seattle Parks and Recreation,Bryant Playground,7d99993d-b80e-4d56-9be0-7334658bb0f8,61.894321441650391,89.285072326660156,85.825531005859375,-122.2841030000,47.6748684700
,"9657",,,,"9657",Seattle Parks and Recreation,Thuja plicata,Western Red Cedar,"17",Seattle Parks and Recreation,Othello Park,d5d29531-375b-4383-bf08-c834f8ab51a0,63.573963165283203,89.985557556152330,86.983116149902330,-122.2778190000,47.5357407200
,"8767",,,,"8767",Seattle Parks and Recreation,Thuja plicata,Western Red Cedar,"8",Seattle Parks and Recreation,Meadowbrook Playfield,a61a3a19-c7ee-4dfc-b25c-72aba28d67cc,58.614822387695312,89.926010131835938,85.561462402343750,-122.2912780000,47.7063349700
,"8772",,,,"8772",Seattle Parks and Recreation,Thuja plicata,Western Red Cedar,"6",Seattle Parks and Recreation,Meadowbrook Playfield,2725a396-e4cd-4718-a687-f8baa9964a58,58.851409912109375,89.555633544921875,85.701972961425781,-122.2916050000,47.7067563100
,"14867",,,,"14867",Seattle Parks and Recreation,Thuja plicata,Western Red Cedar,"38",Seattle Parks and Recreation,Seward Park,6ebd94a7-7004-402e-a58a-4d162b606b09,,,,-122.2484150000,47.5585744800
,"13042",,,,"13042",Seattle Parks and Recreation,Thuja plicata,Western Red Cedar,"38",Seattle Parks and Recreation,Discovery Park,e9f3fb52-cd87-47a5-b759-34f8ad3c4f5d,59.035320281982422,89.165870666503906,84.889411926269531,-122.4114800000,47.6674739400
,"22951",,,,"22951",Seattle Parks and Recreation,Thuja plicata 'Zebrina',Zebrina Western Red Cedar,"1",Seattle Parks and Recreation,Dr. Blanche Lavizzo Park,edbe8684-0077-49af-ad30-71532bb9461e,63.442279815673835,89.482131958007812,86.219818115234375,-122.3042700000,47.6012100100
,"15076",,,,"15076",Seattle Parks and Recreation,Thuja plicata,Western Red Cedar,"52",Seattle Parks and Recreation,Seward Park,ead3e19c-7c07-444e-acfd-781727d8ce07,60.034141540527344,90.086502075195312,83.083755493164062,-122.2512960000,47.5525911100
,"6355",,,,"6355",Seattle Parks and Recreation,Thuja plicata,Western Red Cedar,"32",Seattle Parks and Recreation,Gas Works Park,d0140a02-ba99-4985-8d71-3790e8e2883f,63.714595794677734,88.903694152832031,84.806053161621094,-122.3343330000,47.6463275400
,"7599",,,,"7599",Seattle Parks and Recreation,Thuja plicata,Western Red Cedar,"0",Seattle Parks and Recreation,Dahl (Waldo J.) Playfield,85fbc69a-a48c-428c-a8a8-4495a9a7656a,61.822483062744141,88.608261108398438,85.964050292968750,-122.2983660000,47.6865496100
,"14220",,,,"14220",Seattle Parks and Recreation,Thuja plicata,Western Red Cedar,"49",Seattle Parks and Recreation,Mount Baker Park,2ccc10f8-9ebd-4332-be7a-49a866d944c8,61.305519104003906,87.635406494140625,84.465774536132812,-122.2887280000,47.5812123000
,"14261",,,,"14261",Seattle Parks and Recreation,Thuja plicata,Western Red Cedar,"27",Seattle Parks and Recreation,Mount Baker Park,1436b31a-e3ab-4a16-904b-ef45e0bb912e,61.483417510986328,87.604049682617188,84.409095764160156,-122.2890180000,47.5814698100
,"9307",,,,"9307",Seattle Parks and Recreation,Thuja plicata,Western Red Cedar,"15",Seattle Parks and Recreation,Bryant Playground,0c4740e6-fc43-494e-938a-fef2236a9905,62.016956329345703,89.294967651367188,85.716430664062500,-122.2832860000,47.6748727800
,"14408",,,,"14408",Seattle Parks and Recreation,Thuja plicata,Western Red Cedar,"42",Seattle Parks and Recreation,Laurelhurst Playfield,49a3c026-9a37-4a37-901c-91f0ff5e15e4,61.309993743896491,88.332344055175781,84.642997741699219,-122.2787700000,47.6597066500
,"6364",,,,"6364",Seattle Parks and Recreation,Thuja plicata,Western Red Cedar,"14",Seattle Parks and Recreation,Gas Works Park,fa30f8ac-7745-4c42-91fc-fef3a372b35b,63.810348510742188,89.059730529785156,85.059486389160156,-122.3372070000,47.6461072300
,"6374",,,,"6374",Seattle Parks and Recreation,Thuja plicata,Western Red Cedar,"8",Seattle Parks and Recreation,Gas Works Park,cdb2c6fa-dfda-4cdc-8ce0-72da230009b9,63.779323577880859,88.988327026367188,85.074676513671875,-122.3370380000,47.6461313800
,"6396",,,,"6396",Seattle Parks and Recreation,Thuja plicata,Western Red Cedar,"8",Seattle Parks and Recreation,Gas Works Park,6f31b752-567b-45e3-8993-bdae0f76ad7b,63.779323577880859,88.988327026367188,85.074676513671875,-122.3370080000,47.6460765000
,"6431",,,,"6431",Seattle Parks and Recreation,Thuja plicata,Western Red Cedar,"8",Seattle Parks and Recreation,Gas Works Park,da2c686e-701a-407f-889c-5fa22535ab01,63.419635772705078,88.311691284179673,84.176391601562500,-122.3350250000,47.6461230700
,"20989",,,,"20989",Seattle Parks and Recreation,Thuja plicata,Western Red Cedar,"17",Seattle Parks and Recreation,Baker Park on Crown Hill,59af80ac-26a6-48cf-bca7-3277113643cc,62.487506866455078,89.503036499023438,86.076087951660156,-122.3750160000,47.6900604300
,"14828",,,,"14828",Seattle Parks and Recreation,Thuja plicata,Western Red Cedar,"33",Seattle Parks and Recreation,Seward Park,3c8ee84e-5509-4225-af49-6b999cd2ce7d,,,,-122.2474020000,47.5558693500
,"19025",,,,"19025",Seattle Parks and Recreation,Thuja plicata,Western Red Cedar,"42",Seattle Parks and Recreation,Lake Washington Boulevard,febbf35d-206c-4e9c-a979-734e2a4be117,62.072059631347656,88.932853698730469,86.500152587890625,-122.2648230000,47.5603159200
,"9311",,,,"9311",Seattle Parks and Recreation,Thuja plicata,Western Red Cedar,"16",Seattle Parks and Recreation,Bryant Playground,77ab4aa5-9471-43b1-b0da-42a243a836dc,61.668529510498047,89.282676696777344,85.856712341308594,-122.2843980000,47.6754036400
,"12745",,,,"12745",Seattle Parks and Recreation,Thuja plicata,Western Red Cedar,"52",Seattle Parks and Recreation,Discovery Park,255c0bab-b226-4b16-8b11-d4105b69efa7,55.755218505859375,89.662528991699219,81.448463439941406,-122.4086660000,47.6598880100
,"4584",,,,"4584",Seattle Parks and Recreation,Thuja plicata,Western Red Cedar,"24",Seattle Parks and Recreation,Volunteer Park,b6c220b6-d748-4260-97bc-bc5040f488cf,60.207355499267578,87.809715270996094,83.977691650390625,-122.3130000000,47.6306117200
,"4697",,,,"4697",Seattle Parks and Recreation,Thuja plicata,Western Red Cedar,"38",Seattle Parks and Recreation,Volunteer Park,26fec2be-4c8c-4c64-bf6f-f7c87c7e951a,60.219032287597656,89.264549255371094,85.899543762207017,-122.3134050000,47.6320432100
,"12864",,,,"12864",Seattle Parks and Recreation,Thuja plicata,Western Red Cedar,"32",Seattle Parks and Recreation,Discovery Park,484cbc3b-2f0b-4239-85fa-d2ab76141aed,60.560642242431641,87.874938964843750,84.004371643066406,-122.4053950000,47.6562772300
,"5373",,,,"5373",Seattle Parks and Recreation,Thuja plicata,Western Red Cedar,"0",Seattle Parks and Recreation,Ravenna Park,0909899e-6a98-4b53-aa31-e61ed31eec73,60.787693023681641,88.663391113281250,85.519210815429673,-122.3036420000,47.6692964900
,"12920",,,,"12920",Seattle Parks and Recreation,Thuja plicata,Western Red Cedar,"16",Seattle Parks and Recreation,Discovery Park,a98790cf-7c36-4a2d-9d0f-cf21c1fb150b,57.886093139648438,88.726455688476562,82.229629516601562,-122.4069050000,47.6593354800
,"12693",,,,"12693",Seattle Parks and Recreation,Thuja plicata,Western Red Cedar,"36",Seattle Parks and Recreation,Discovery Park Boulevard,b3d6ab1f-4c8b-496f-951a-c49e8379e239,58.997768402099609,88.469223022460938,82.762748718261719,-122.4060120000,47.6589921300
,"15997",,,,"15997",Seattle Parks and Recreation,Thuja plicata,Western Red Cedar,"38",Seattle Parks and Recreation,Lincoln Park,7aade523-9a0f-4711-8c13-67cc65547702,61.465663909912109,88.728042602539062,85.449218750000000,-122.3931520000,47.5327871500
,"13102",,,,"13102",Seattle Parks and Recreation,Thuja plicata,Western Red Cedar,"33",Seattle Parks and Recreation,Daybreak Star,47e5cf6d-18fb-40fb-a650-a59c62b2b84c,59.934013366699219,90.029716491699219,83.840499877929673,-122.4176150000,47.6686492200
,"12529",,,,"12529",Seattle Parks and Recreation,Thuja plicata,Western Red Cedar,"46",Seattle Parks and Recreation,Discovery Park,1b19b608-66b2-474b-a344-f3f40bf80ca2,59.790000915527344,88.403099060058594,83.789230346679673,-122.4051320000,47.6581058300
,"12533",,,,"12533",Seattle Parks and Recreation,Thuja plicata,Western Red Cedar,"28",Seattle Parks and Recreation,Discovery Park,f93beb2f-6660-4a06-816e-652422b0a7ee,59.805458068847656,88.343643188476562,83.953125000000000,-122.4048870000,47.6580867600
,"12688",,,,"12688",Seattle Parks and Recreation,Thuja plicata,Western Red Cedar,"27",Seattle Parks and Recreation,Discovery Park Boulevard,ff42e165-679f-4a8f-bd2e-5465126ac66f,59.575878143310547,88.272399902343750,83.296257019042983,-122.4052510000,47.6585843100
,"11894",,,,"11894",Seattle Parks and Recreation,Thuja plicata,Western Red Cedar,"30",Seattle Parks and Recreation,Interlaken Park,2da8f647-3f93-4722-8a55-f2ad9d7f3975,60.103538513183594,88.160278320312500,83.869918823242188,-122.3081740000,47.6330835500
,"12070",,,,"12070",Seattle Parks and Recreation,Thuja plicata,Western Red Cedar,"28",Seattle Parks and Recreation,Interlaken Park,b8b36651-9af5-41a9-9b4f-3c887b4bc66b,60.335498809814453,88.540161132812500,84.142265319824219,-122.3061900000,47.6333491900
,"12084",,,,"12084",Seattle Parks and Recreation,Thuja plicata,Western Red Cedar,"23",Seattle Parks and Recreation,Interlaken Park,a7b11c40-158c-4732-8318-d4c661700c47,59.942600250244141,89.578498840332031,84.624130249023438,-122.3026960000,47.6347778000
,"12089",,,,"12089",Seattle Parks and Recreation,Thuja plicata,Western Red Cedar,"42",Seattle Parks and Recreation,Interlaken Park,f88d44db-eb90-4961-87d4-d9d2aac2cd3c,59.908405303955078,89.819969177246094,84.789512634277344,-122.3021040000,47.6344946700
,"10945",,,,"10945",Seattle Parks and Recreation,Thuja plicata,Western Red Cedar,"10",Seattle Parks and Recreation,Martha Washington Park,6b47297f-da2e-462e-94ea-2247d7df5d10,63.389934539794922,88.201988220214844,85.969581604003906,-122.2615130000,47.5422302800
,"11112",,,,"11112",Seattle Parks and Recreation,Thuja plicata,Western Red Cedar,"15",Seattle Parks and Recreation,Pendleton Miller Playfield,d62d7b8e-8af8-4d4c-8d3c-675cb5214e65,62.851070404052734,88.848136901855469,85.385063171386719,-122.3068340000,47.6221170700
,"11179",,,,"11179",Seattle Parks and Recreation,Thuja plicata,Western Red Cedar,"13",Seattle Parks and Recreation,Genesee Park and Playfield,3b00dd14-0b44-4682-b53f-1b31fc6004b5,62.742668151855469,89.300460815429673,87.434356689453125,-122.2846320000,47.5612614500
,"29925",,,,"29925",Seattle Parks and Recreation,Thuja plicata 'Excelsa',Excelsa Arborvitae,"0",Seattle Parks and Recreation,Pendleton Miller Playfield,f12c3596-91f5-4025-a400-ae9f5b7a6872,62.557968139648438,88.891662597656250,85.802070617675781,-122.3064340000,47.6227171200
,"30127",,,,"30127",Seattle Parks and Recreation,Thuja plicata,Western Red Cedar,"2",Seattle Parks and Recreation,Sandel Playground,acc565c1-0a8a-48fe-a5fc-8fabcf5ad45b,62.577781677246094,88.859825134277344,85.143829345703125,-122.3582730000,47.6945807600
,"30201",,,,"30201",Seattle Parks and Recreation,Thuja plicata,Western Red Cedar,"42",Seattle Parks and Recreation,York Playground,a4eb52c0-a4e6-4994-ac80-948e24d0e2ad,62.879219055175781,88.900283813476562,85.682441711425781,-122.2900990000,47.5725874100
,"29223",,,,"29223",Seattle Parks and Recreation,Thuja plicata 'Excelsa',Excelsa Arborvitae,"1",Seattle Parks and Recreation,Woodland Park,53d9bd5b-4deb-413c-a5f4-e17648d07304,60.244670867919922,87.830917358398438,84.723670959472656,-122.3463670000,47.6720770600
,"29522",,,,"29522",Seattle Parks and Recreation,Thuja plicata,Western Red Cedar,"15",Seattle Parks and Recreation,Seward Park,168082eb-0025-4169-ac76-27aa984cd5fd,,,,-122.2564830000,47.5521968500
,"28018",,,,"28018",Seattle Parks and Recreation,Thuja plicata,Western Red Cedar,"14",Seattle Parks and Recreation,Daybreak Star,453f3985-8f8e-427a-96ba-7ad7c0494d79,57.613815307617188,90.117462158203125,83.195564270019531,-122.4180880000,47.6669272900
,"28137",,,,"28137",Seattle Parks and Recreation,Thuja plicata,Western Red Cedar,"30",Seattle Parks and Recreation,Seward Park,7e1f83d0-9d1b-4976-a7e6-d022ffeec915,,,,-122.2508010000,47.5610959700
,"27310",,,,"27310",Seattle Parks and Recreation,Thuja plicata,Western Red Cedar,"2",Seattle Parks and Recreation,Lakeridge Playground,e691334e-fed1-479a-936a-f81776edffec,62.485122680664062,88.171173095703125,84.561401367187500,-122.2474050000,47.5101734800
,"27517",,,,"27517",Seattle Parks and Recreation,Thuja plicata,Western Red Cedar,"0",Seattle Parks and Recreation,Dr. Jose Rizal Park,c491865a-dc7c-4271-af56-c194cf130702,63.205448150634766,89.039459228515625,85.873825073242188,-122.3182290000,47.5921794200
,"27519",,,,"27519",Seattle Parks and Recreation,Thuja plicata,Western Red Cedar,"0",Seattle Parks and Recreation,Dr. Jose Rizal Park,a48393db-e4ab-4270-81f7-177d7421de69,63.218341827392578,89.054290771484375,86.069602966308594,-122.3183000000,47.5921392800
TRE-1163361,,,,,TRE-1163361,Seattle Department of Transportation,Thuja plicata,Western Red Cedar,"45",Private,410 NE 73RD ST,b20db8c6-1e66-469a-9514-f5f52c578027,63.248077392578125,89.449180603027344,85.047805786132812,-122.3245560000,47.6813900200
TRE-1161932,,,,,TRE-1161932,Seattle Department of Transportation,Thuja plicata,Western Red Cedar,"60",Private,930 N 82ND ST,b630c3f7-b4ba-491a-8387-c5ce5267b67e,62.436344146728509,87.366439819335938,84.777702331542983,-122.3459970000,47.6884753700
TRE-1161956,,,,,TRE-1161956,Seattle Department of Transportation,Thuja plicata,Western Red Cedar,"1",Private,8211 LINDEN AVE N,8d6efc79-bc1a-4e6a-ade7-e1abbfc2c115,62.019199371337891,87.382911682128906,83.968452453613281,-122.3473130000,47.6887850600
TRE-1162519,,,,,TRE-1162519,Seattle Department of Transportation,Thuja plicata,Western Red Cedar,"1",Private,8222 BAGLEY AVE N,61375aa6-058d-4ee8-8575-a8b777e70a05,61.914123535156250,86.703666687011719,83.239547729492188,-122.3320470000,47.6893727500
TRE-1162520,,,,,TRE-1162520,Seattle Department of Transportation,Thuja plicata,Western Red Cedar,"1",Private,8222 BAGLEY AVE N,d47592e9-beb0-4829-b360-f08957718ff9,61.907833099365234,86.582862854003906,83.251312255859375,-122.3320470000,47.6893138900
TRE-1161643,,,,,TRE-1161643,Seattle Department of Transportation,Thuja plicata,Western Red Cedar,"8",Private,502 N 75TH ST,c2866af8-bdbf-40d8-9a7e-425bd4b9c394,61.164806365966797,86.156471252441406,82.522018432617188,-122.3521430000,47.6833525800
TRE-1161596,,,,,TRE-1161596,Seattle Department of Transportation,Thuja plicata,Western Red Cedar,"50",Private,504 N 76TH ST,1f109c93-887e-4b0f-83f8-d178bce26707,60.986793518066406,86.191154479980469,82.594215393066406,-122.3523270000,47.6842170000
TRE-1161597,,,,,TRE-1161597,Seattle Department of Transportation,Thuja plicata,Western Red Cedar,"48",Private,504 N 76TH ST,7bea01cb-8031-448b-bb20-0a5753392dbc,60.971862792968750,86.261711120605469,82.535003662109375,-122.3523320000,47.6841199300
TRE-1161599,,,,,TRE-1161599,Seattle Department of Transportation,Thuja plicata,Western Red Cedar,"38",Private,504 N 76TH ST,aa358154-763a-4970-a4f1-726268b22936,60.909645080566406,86.204795837402330,82.536003112792983,-122.3521400000,47.6840974200
TRE-1161600,,,,,TRE-1161600,Seattle Department of Transportation,Thuja plicata,Western Red Cedar,"36",Private,504 N 76TH ST,bb4155dd-74ef-4b89-ad1e-047df39ff57f,60.909645080566406,86.204795837402330,82.536003112792983,-122.3521960000,47.6840978700
TRE-1148555,,,,,TRE-1148555,Seattle Department of Transportation,Thuja plicata,Western Red Cedar,"10",Private,4033 48TH AVE S,0e2fafb4-7c71-44ce-bf92-8f7460fae879,62.667579650878906,89.424201965332031,86.555618286132812,-122.2737930000,47.5665455000
TRE-1148573,,,,,TRE-1148573,Seattle Department of Transportation,Thuja plicata,Western Red Cedar,"13",Private,4016 50TH AVE S,5c1c89ae-ac37-4de8-a35f-9def41a3d4f8,,,,-122.2706880000,47.5673084600
TRE-1148952,,,,,TRE-1148952,Seattle Department of Transportation,Thuja plicata,Western Red Cedar,"4",Private,175 LAKE WASHINGTON BLVD,fc2a2373-5607-4b9f-85df-e531d37d718d,62.092189788818359,89.378425598144531,87.054008483886719,-122.2852830000,47.6030185200
TRE-1148965,,,,,TRE-1148965,Seattle Department of Transportation,Thuja plicata,Western Red Cedar,"30",Private,214 EUCLID AVE,d97735bb-c08c-4e35-8a64-5cc9af5aa495,62.307518005371094,88.549880981445312,86.154884338378906,-122.2880250000,47.6034545900
TRE-1148974,,,,,TRE-1148974,Seattle Department of Transportation,Thuja plicata,Western Red Cedar,"32",Private,3527 E SPRUCE ST,a4dc735d-dab0-4825-84cb-970b21272958,62.616271972656250,88.425109863281250,85.875602722167969,-122.2869930000,47.6036233500
TRE-1149462,,,,,TRE-1149462,Seattle Department of Transportation,Thuja plicata,Western Red Cedar,"18",Private,1440 MADRONA DR,04e0ac06-f6f7-442c-b1fe-7bd67989e7b0,62.012550354003906,89.006813049316406,86.705596923828125,-122.2824470000,47.6134392400
TRE-1149464,,,,,TRE-1149464,Seattle Department of Transportation,Thuja plicata,Western Red Cedar,"20",Private,1442 MADRONA DR,4571cda5-d7ec-4b83-b45c-fc33ef4da728,62.052162170410163,89.022544860839844,86.765090942382812,-122.2824890000,47.6135234500
TRE-1149472,,,,,TRE-1149472,Seattle Department of Transportation,Thuja plicata,Western Red Cedar,"19",Private,3714 E UNION ST,a1a4f52d-3ea0-471c-b995-b0b17e86e5e7,62.650623321533203,88.671264648437500,86.716903686523438,-122.2850120000,47.6130832800
TRE-1149513,,,,,TRE-1149513,Seattle Department of Transportation,Thuja plicata,Western Red Cedar,"35",Private,1602 GRAND AVE,d20d23dd-331b-4f62-8919-d2b84ee4f455,62.371002197265625,88.622596740722656,86.455886840820327,-122.2844840000,47.6152827300
TRE-1149516,,,,,TRE-1149516,Seattle Department of Transportation,Thuja plicata,Western Red Cedar,"40",Private,1538 GRAND AVE,fc524c74-fd48-4af1-9a5d-a851d01e7c44,62.100738525390625,88.636070251464844,86.482925415039062,-122.2837850000,47.6142762500
TRE-1149538,,,,,TRE-1149538,Seattle Department of Transportation,Thuja plicata,Western Red Cedar,"21",Private,1523 GRAND AVE,a4ff059d-f729-42ae-8bfd-bafcefc32ad6,62.194854736328125,88.682441711425781,86.466712951660156,-122.2839170000,47.6138701600
TRE-1149541,,,,,TRE-1149541,Seattle Department of Transportation,Thuja plicata,Western Red Cedar,"24",Private,1523 GRAND AVE,aa4ff8b2-e3ee-43f0-8381-2a46ceebdbdb,62.204372406005859,88.689239501953125,86.488769531250000,-122.2839500000,47.6137816800
TRE-1149640,,,,,TRE-1149640,Seattle Department of Transportation,Thuja plicata,Western Red Cedar,"8",Private,1612 26TH AVE,969df6b7-8963-4581-8010-fa77e7f7b52c,61.576206207275391,87.012542724609375,83.709129333496094,-122.2987210000,47.6157123300
TRE-1149687,,,,,TRE-1149687,Seattle Department of Transportation,Thuja plicata,Western Red Cedar,"10",Private,2615 E PIKE ST,5e4f5811-f618-45bd-8ea1-2a8dd2001c94,61.815639495849609,87.584487915039062,84.671340942382812,-122.2980840000,47.6140929600
TRE-1148989,,,,,TRE-1148989,Seattle Department of Transportation,Thuja plicata,Western Red Cedar,"28",Private,E SPRUCE ST,3ff40cca-ca66-4233-a7d6-04bde9b779b8,62.616271972656250,88.425109863281250,85.875602722167969,-122.2870480000,47.6036115600
TRE-1149005,,,,,TRE-1149005,Seattle Department of Transportation,Thuja plicata,Western Red Cedar,"23",Private,3804 E TERRACE ST,519f5242-93f4-41ef-a06d-f27b4833e270,62.070770263671875,89.316139221191406,87.237983703613281,-122.2841300000,47.6050716700
TRE-1149036,,,,,TRE-1149036,Seattle Department of Transportation,Thuja plicata,Western Red Cedar,"17",Private,235 E ALDER ST,4a894737-875e-496f-afab-c93f5181fecd,61.528118133544922,87.826766967773438,84.036277770996094,-122.2905240000,47.6044752400
TRE-1149066,,,,,TRE-1149066,Seattle Department of Transportation,Thuja plicata,Western Red Cedar,"5",Private,827 38TH AVE,72eb90c7-dbfc-49db-b065-2a8cde7dfa63,62.008575439453125,88.285728454589844,85.586563110351562,-122.2848100000,47.6100004500
TRE-1149084,,,,,TRE-1149084,Seattle Department of Transportation,Thuja plicata,Western Red Cedar,"20",Private,3701 E MARION ST,cccba297-bed1-4d52-9acd-f497f171dd87,62.042690277099609,88.265144348144531,85.988609313964844,-122.2856790000,47.6103347000
TRE-1149119,,,,,TRE-1149119,Seattle Department of Transportation,Thuja plicata,Western Red Cedar,"37",Private,3616 E CHERRY ST,76c3fb07-0636-4540-87e7-085a6691328e,62.650386810302734,88.406265258789062,86.252548217773438,-122.2861910000,47.6081349600
TRE-1149143,,,,,TRE-1149143,Seattle Department of Transportation,Thuja plicata,Western Red Cedar,"38",Private,603 36TH AVE,5083d2ff-b4ca-4a34-b113-d904aa02d087,62.345340728759766,88.583839416503906,86.335861206054688,-122.2873330000,47.6068898000
TRE-1150084,,,,,TRE-1150084,Seattle Department of Transportation,Thuja plicata,Western Red Cedar,"40",Private,1526 36TH AVE,b55534bf-fc8d-43ac-b7e6-6fc04b84cbd3,62.355960845947266,89.146537780761719,86.243644714355469,-122.2869740000,47.6147159100
TRE-1150085,,,,,TRE-1150085,Seattle Department of Transportation,Thuja plicata,Western Red Cedar,"19",Private,1526 36TH AVE,02823c23-a039-43da-b2e8-61bea1a5b413,62.311508178710938,89.166625976562500,86.224746704101562,-122.2869740000,47.6147461000
TRE-1150086,,,,,TRE-1150086,Seattle Department of Transportation,Thuja plicata,Western Red Cedar,"23",Private,1526 36TH AVE,aa6ca900-1eb1-4dee-959c-e53750796a97,62.311508178710938,89.166625976562500,86.224746704101562,-122.2869690000,47.6147770300
TRE-1149261,,,,,TRE-1149261,Seattle Department of Transportation,Thuja plicata,Western Red Cedar,"39",Private,3203 E JAMES ST,7605f730-17da-4ef2-846a-b8c09d7fd633,62.205440521240234,87.419334411621094,84.368598937988281,-122.2912820000,47.6067395800
TRE-1149262,,,,,TRE-1149262,Seattle Department of Transportation,Thuja plicata,Western Red Cedar,"39",Private,3203 E JAMES ST,acabcaf8-bf15-4644-8cff-b75b7ca5c802,62.043109893798835,87.239440917968750,84.346252441406250,-122.2913560000,47.6067391300
TRE-1150244,,,,,TRE-1150244,Seattle Department of Transportation,Thuja plicata,Western Red Cedar,"3",Private,1630 36TH AVE,03b25d86-b27d-4501-a9a7-5a23fea73dd3,62.339073181152344,89.126029968261719,86.211875915527344,-122.2869700000,47.6160851800
TRE-1150245,,,,,TRE-1150245,Seattle Department of Transportation,Thuja plicata,Western Red Cedar,"3",Private,1630 36TH AVE,b3a49feb-6d82-43c7-8734-7969b3315277,62.306190490722656,89.121635437011719,86.232101440429673,-122.2869760000,47.6160527300
TRE-1149355,,,,,TRE-1149355,Seattle Department of Transportation,Thuja plicata,Western Red Cedar,"14",Private,3700 E MARION ST,51694a75-9bcd-491e-b895-9cb34d92e656,62.023227691650391,88.258514404296875,85.941802978515625,-122.2856970000,47.6104555200
TRE-1150712,,,,,TRE-1150712,Seattle Department of Transportation,Thuja plicata,Western Red Cedar,"24",Private,137 25TH AVE E,c111da5d-0c7f-43a2-9dff-e917b1f8288f,62.123733520507812,88.990661621093750,86.356407165527344,-122.3004510000,47.6201142700
TRE-1149381,,,,,TRE-1149381,Seattle Department of Transportation,Thuja plicata,Western Red Cedar,"20",Private,1400 38TH AVE,9d014331-ed0f-4ef3-97c9-1a24f9e3e0b6,62.696479797363281,88.584938049316406,86.712181091308594,-122.2848800000,47.6128373700
TRE-1149389,,,,,TRE-1149389,Seattle Department of Transportation,Thuja plicata,Western Red Cedar,"40",Private,1126 36TH AVE,cdffd47f-59cf-456a-9313-3e9da51ce87e,62.643150329589837,89.019691467285156,86.477081298828125,-122.2870120000,47.6124186900
TRE-1149390,,,,,TRE-1149390,Seattle Department of Transportation,Thuja plicata,Western Red Cedar,"34",Private,1122 36TH AVE,c46e34db-f1c9-403e-8393-c69c5ae692ce,62.565891265869141,89.007812500000000,86.411308288574219,-122.2870210000,47.6122974800
TRE-1149391,,,,,TRE-1149391,Seattle Department of Transportation,Thuja plicata,Western Red Cedar,"40",Private,1118 36TH AVE,7712625f-ebdb-4233-bd20-4bc16f89d455,62.582778930664062,89.001907348632812,86.537155151367188,-122.2870250000,47.6121090200
TRE-1152146,,,,,TRE-1152146,Seattle Department of Transportation,Thuja plicata,Western Red Cedar,"5",Private,3303 E FORD PL,2d9d5fd1-1612-44d8-972f-c05050eb0a60,61.034893035888672,89.061058044433594,85.451782226562500,-122.2885880000,47.6241374100
TRE-1152147,,,,,TRE-1152147,Seattle Department of Transportation,Thuja plicata,Western Red Cedar,"5",Private,3303 E FORD PL,26f44eff-48ce-4b02-b009-faf4288c6427,61.034893035888672,89.061058044433594,85.451782226562500,-122.2886040000,47.6241414000
TRE-1152152,,,,,TRE-1152152,Seattle Department of Transportation,Thuja plicata,Western Red Cedar,"26",Private,3303 E FORD PL,cb13ba2f-7f7b-4c0b-b851-1bce9b3afa81,61.075275421142578,89.148704528808594,85.571777343750000,-122.2887760000,47.6241736700
TRE-1151814,,,,,TRE-1151814,Seattle Department of Transportation,Thuja plicata,Western Red Cedar,"39",Private,631 36TH AVE E,cf81418b-6e77-4e8f-93a6-005d4db63a25,60.119949340820312,89.333152770996094,85.411804199218750,-122.2870200000,47.6261193700
TRE-1151892,,,,,TRE-1151892,Seattle Department of Transportation,Thuja plicata,Western Red Cedar,"5",Private,3303 E FORD PL,4de62285-8fbf-4a06-8403-fe404a06a738,60.863616943359375,89.199516296386719,85.615905761718750,-122.2885400000,47.6243634600
TRE-1151893,,,,,TRE-1151893,Seattle Department of Transportation,Thuja plicata,Western Red Cedar,"5",Private,3303 E FORD PL,4fbeb2d5-5539-4c19-a521-f541dec57b1a,60.863616943359375,89.199516296386719,85.615905761718750,-122.2885740000,47.6243626600
TRE-1151913,,,,,TRE-1151913,Seattle Department of Transportation,Thuja plicata,Western Red Cedar,"26",Private,825 HILLSIDE DR E,b158480f-1902-435e-a6df-b38522e412d4,61.468578338623047,88.698303222656250,85.756912231445312,-122.2840720000,47.6268822500
TRE-1151923,,,,,TRE-1151923,Seattle Department of Transportation,Thuja plicata,Western Red Cedar,"14",Private,610 HILLSIDE DR E,8f823714-1ca1-4f5c-b9d4-29d699ad6744,61.115940093994141,88.917137145996094,86.005111694335938,-122.2851980000,47.6252240100
TRE-1151994,,,,,TRE-1151994,Seattle Department of Transportation,Thuja plicata,Western Red Cedar,"24",Private,405 LAKE WASHINGTON BLVD E,3d7c677a-039b-4bfb-9778-af8eb9cb5437,61.562011718750000,88.798355102539062,86.143859863281250,-122.2856190000,47.6234473600
TRE-1151996,,,,,TRE-1151996,Seattle Department of Transportation,Thuja plicata,Western Red Cedar,"16",Private,439 MCGILVRA BLVD E,6832a5e9-4377-497b-a91c-2708170a801f,61.631706237792969,88.815551757812500,86.015846252441406,-122.2852810000,47.6235458500
TRE-1152065,,,,,TRE-1152065,Seattle Department of Transportation,Thuja plicata,Western Red Cedar,"14",Private,310 39TH AVE E,f09a212c-c9c2-4960-9001-7606e5186660,61.033969879150391,89.388664245605469,85.252388000488281,-122.2817570000,47.6213984200
TRE-1152077,,,,,TRE-1152077,Seattle Department of Transportation,Thuja plicata,Western Red Cedar,"15",Private,MCGILVRA BLVD E,49ee3597-61d6-49da-ad44-8821b93372cc,61.410812377929688,88.777709960937500,86.081115722656250,-122.2832280000,47.6219881300
TRE-1152081,,,,,TRE-1152081,Seattle Department of Transportation,Thuja plicata,Western Red Cedar,"18",Private,3718 E HIGH LN,ee86390c-bb5f-40a9-8199-9341cce91ebb,61.716037750244141,88.627067565917969,86.084793090820327,-122.2848230000,47.6208396700
TRE-1152087,,,,,TRE-1152087,Seattle Department of Transportation,Thuja plicata,Western Red Cedar,"15",Private,3700 E HIGH LN,e4c0b098-aee8-485f-b7c7-e2edcf10c528,61.656230926513672,88.752670288085938,86.090972900390625,-122.2853600000,47.6211614900
TRE-1152135,,,,,TRE-1152135,Seattle Department of Transportation,Thuja plicata,Western Red Cedar,"28",Private,490 LAKE WASHINGTON BLVD E,0f6dac26-7c79-4f7e-853c-98ad02c7cfdb,61.054668426513672,89.127456665039062,85.325462341308594,-122.2878370000,47.6239524400
TRE-1152137,,,,,TRE-1152137,Seattle Department of Transportation,Thuja plicata,Western Red Cedar,"24",Private,502 LAKE WASHINGTON BLVD E,167da033-5131-420d-a4a0-b89d232faa9a,60.952926635742188,89.137588500976562,85.236778259277344,-122.2880290000,47.6240149000
TRE-1152139,,,,,TRE-1152139,Seattle Department of Transportation,Thuja plicata,Western Red Cedar,"28",Private,502 LAKE WASHINGTON BLVD E,9d689ae9-b123-4698-a459-f38cffe47f74,60.934284210205078,89.037139892578125,85.189437866210938,-122.2881490000,47.6240694200
TRE-1152218,,,,,TRE-1152218,Seattle Department of Transportation,Thuja plicata,Western Red Cedar,"41",Private,441 26TH AVE E,ce824b88-db71-4a97-a77c-e330ab70929b,62.967163085937507,88.439735412597670,83.887222290039062,-122.2986610000,47.6238045200
TRE-1151300,,,,,TRE-1151300,Seattle Department of Transportation,Thuja plicata,Western Red Cedar,"32",Private,3401 34TH AV E,94a28e1c-459f-4904-bf44-7857b2992c7f,60.723056793212891,88.445327758789062,84.228057861328125,-122.2889850000,47.6200674600
TRE-1151301,,,,,TRE-1151301,Seattle Department of Transportation,Thuja plicata,Western Red Cedar,"32",Private,3401 34TH AV E,1cc469c2-2595-422c-8207-0ae4c662288b,60.832527160644531,88.356613159179673,84.199157714843750,-122.2889770000,47.6200084600
TRE-1151302,,,,,TRE-1151302,Seattle Department of Transportation,Thuja plicata,Western Red Cedar,"16",Private,3401 34TH AV E,5ce5dddd-20af-4676-8526-b06ad5245dac,60.917892456054688,88.299926757812500,84.182609558105469,-122.2889760000,47.6198914200
TRE-1151306,,,,,TRE-1151306,Seattle Department of Transportation,Thuja plicata,Western Red Cedar,"7",Private,190 34TH AV E,58e8819e-19d9-4263-b79d-181f573f4b26,60.992298126220703,88.319984436035156,84.175163269042983,-122.2889740000,47.6197890300
TRE-1152274,,,,,TRE-1152274,Seattle Department of Transportation,Thuja plicata,Western Red Cedar,"62",Private,449 24TH AVE E,e32b0db4-f149-4cfa-9e35-a1e04f4e72d2,62.559825897216797,88.499702453613281,84.900733947753906,-122.3012790000,47.6240948300
TRE-1152314,,,,,TRE-1152314,Seattle Department of Transportation,Thuja plicata,Western Red Cedar,"32",Private,438 25TH AVE E,2a9dfbe5-86bf-4f83-b291-b9cbfa40acd7,62.622993469238281,88.450782775878906,84.649841308593750,-122.2997460000,47.6237070300
TRE-1151490,,,,,TRE-1151490,Seattle Department of Transportation,Thuja plicata,Western Red Cedar,"40",Private,1702 LAKE WASHINGTON BLVD,bd51ea0d-4ea1-476d-9fe0-32aa48fb671b,61.867443084716797,89.020133972167969,86.809448242187500,-122.2814820000,47.6165457300
TRE-1152451,,,,,TRE-1152451,Seattle Department of Transportation,Thuja plicata,Western Red Cedar,"32",Private,1207 MCGILVRA BLVD E,f3725ae7-736c-4f43-9a91-003e752b5311,62.685806274414062,88.553588867187500,86.409851074218750,-122.2814940000,47.6298606400
TRE-1152588,,,,,TRE-1152588,Seattle Department of Transportation,Thuja plicata,Western Red Cedar,"24",Private,1234 MCGILVRA BLVD E,3d931a71-cf53-472b-b2f0-2d808c408594,62.900547027587891,88.784278869628906,86.670631408691406,-122.2810800000,47.6308791100
TRE-1154559,,,,,TRE-1154559,Seattle Department of Transportation,Thuja plicata,Western Red Cedar,"40",Private,3810 E LEE ST,3b8755a7-4979-49f5-9dac-3f72ff3bce52,61.302684783935547,89.355918884277344,85.984184265136719,-122.2834810000,47.6310698400
TRE-1154568,,,,,TRE-1154568,Seattle Department of Transportation,Thuja plicata,Western Red Cedar,"34",Private,3814 E LEE ST,0f2975c6-13e1-4a19-b028-cb3f8bcf197b,61.424316406250000,89.339691162109375,86.237945556640625,-122.2831790000,47.6310678500
TRE-1154603,,,,,TRE-1154603,Seattle Department of Transportation,Thuja plicata,Western Red Cedar,"40",Private,1403 MCGILVRA BLVD E,45f99634-6b6f-49ba-b2ea-f8d1c4b658e0,62.904632568359375,89.088836669921875,86.828117370605469,-122.2818600000,47.6310571500
TRE-1154697,,,,,TRE-1154697,Seattle Department of Transportation,Thuja plicata,Western Red Cedar,"22",Private,1406 42ND AVE E,95f36356-552a-4ac2-8456-dbd96c7ed420,62.754589080810547,88.590118408203125,87.020713806152330,-122.2784180000,47.6321327200
TRE-1154915,,,,,TRE-1154915,Seattle Department of Transportation,Thuja plicata,Western Red Cedar,"8",Private,2321 43RD AVE E,d8624602-aa86-429a-b29e-032485ff0cef,,,,-122.2772520000,47.6398504400
TRE-1154916,,,,,TRE-1154916,Seattle Department of Transportation,Thuja plicata,Western Red Cedar,"6",Private,2321 43RD AVE E,02154b85-8e3d-47df-be1f-99823d67c5ad,,,,-122.2772500000,47.6397558100
TRE-1155191,,,,,TRE-1155191,Seattle Department of Transportation,Thuja plicata,Western Red Cedar,"18",Private,3820 E MCGILVRA ST,c27fa469-cf07-4be6-8ce9-78d05f48a319,62.166740417480469,88.959403991699219,85.984138488769531,-122.2835900000,47.6409830100
TRE-1155253,,,,,TRE-1155253,Seattle Department of Transportation,Thuja plicata,Western Red Cedar,"23",Private,3710 37th AVE E,725da151-8490-45b6-90d6-4e9bea524c80,61.457145690917969,88.744819641113281,85.298660278320327,-122.2848790000,47.6413494300
TRE-1155294,,,,,TRE-1155294,Seattle Department of Transportation,Thuja plicata,Western Red Cedar,"17",Private,2520 37th AVE E,98fca58d-5c20-423a-87c7-2abc5f6b8379,61.107734680175781,88.798095703124986,85.427116394042983,-122.2852280000,47.6418631300
TRE-1154292,,,,,TRE-1154292,Seattle Department of Transportation,Thuja plicata,Western Red Cedar,"30",Private,1000 32ND AVE E,b5cf56f0-b091-4f58-86ce-94c08d7057ec,60.987945556640625,87.742240905761719,84.576934814453125,-122.2908110000,47.6272940900
TRE-1154348,,,,,TRE-1154348,Seattle Department of Transportation,Thuja plicata,Western Red Cedar,"28",Private,1016 WASHINGTON PL E,16dab099-41c2-4698-9270-39471bbf0d65,60.549434661865234,88.203231811523438,84.623908996582031,-122.2928480000,47.6279417000
TRE-1154376,,,,,TRE-1154376,Seattle Department of Transportation,Thuja plicata,Western Red Cedar,"22",Private,3141 E MADISON ST,7278cb5d-ae9d-4481-b9bb-02e94c555d26,60.852813720703125,87.855232238769531,84.545249938964844,-122.2910700000,47.6267177500
TRE-1154377,,,,,TRE-1154377,Seattle Department of Transportation,Thuja plicata,Western Red Cedar,"40",Private,3141 E MADISON ST,45c9196b-6418-40de-a0b3-c9384db972c3,60.849956512451165,87.836189270019531,84.441154479980469,-122.2910870000,47.6267532900
TRE-1154378,,,,,TRE-1154378,Seattle Department of Transportation,Thuja plicata,Western Red Cedar,"38",Private,3141 E MADISON ST,4f9942cb-756a-4d08-927c-2eb5085b022e,60.849956512451165,87.836189270019531,84.441154479980469,-122.2911040000,47.6267821400
TRE-1154410,,,,,TRE-1154410,Seattle Department of Transportation,Thuja plicata,Western Red Cedar,"15",Private,1123 33RD AVE E,bd1c6458-5b36-493c-b2b1-91c6e06945c8,60.954284667968750,88.544013977050781,85.021499633789062,-122.2896430000,47.6286418900
TRE-1154436,,,,,TRE-1154436,Seattle Department of Transportation,Thuja plicata,Western Red Cedar,"15",Private,3719 E HIGHLAND DR,ec676b03-acc4-4d37-81ce-aaf2c2ae7e5f,60.672927856445312,89.199676513671875,85.888031005859375,-122.2843260000,47.6296852900
TRE-1154437,,,,,TRE-1154437,Seattle Department of Transportation,Thuja plicata,Western Red Cedar,"13",Private,3719 E HIGHLAND DR,3555d5ef-dc3d-4996-87ed-dbfa4ddedbf5,60.489727020263672,89.205528259277344,85.890480041503906,-122.2843770000,47.6296859400
TRE-1154447,,,,,TRE-1154447,Seattle Department of Transportation,Thuja plicata,Western Red Cedar,"30",Private,3719 38TH AVE E,5d757cfe-67f9-40d3-86f1-0210e7384ea4,60.706779479980469,89.162857055664062,85.972030639648438,-122.2842660000,47.6293586600
TRE-1157426,,,,,TRE-1157426,Seattle Department of Transportation,Thuja plicata,Western Red Cedar,"1",Private,2400 E PROSPECT ST,3613df16-8300-41a9-80d5-2e36e1c63cb9,62.828552246093750,88.462882995605469,84.259902954101562,-122.3013770000,47.6293347300
TRE-1157509,,,,,TRE-1157509,Seattle Department of Transportation,Thuja plicata,Western Red Cedar,"16",Private,1126 25TH AVE E,ef1eecd7-e096-4130-8468-c1eb7b18d3d7,61.413230895996094,88.803497314453125,84.815872192382812,-122.2997080000,47.6302609600
TRE-1155913,,,,,TRE-1155913,Seattle Department of Transportation,Thuja plicata,Western Red Cedar,"3",Private,2415 E ROANOKE ST,3ca5873d-bc3a-44e4-9000-4772974676a7,62.274696350097656,89.834014892578125,85.973175048828125,-122.3011480000,47.6431299000
TRE-1155937,,,,,TRE-1155937,Seattle Department of Transportation,Thuja plicata,Western Red Cedar,"4",Seattle Parks and Recreation,2463 LAKE WASHINGTON BV E,0d2c89bc-93b9-44ca-98cb-6b272f70a039,61.941726684570312,89.819694519042983,86.107933044433594,-122.2984200000,47.6413735900
TRE-1156090,,,,,TRE-1156090,Seattle Department of Transportation,Thuja plicata,Western Red Cedar,"4",Private,19TH AVE E,da6901f7-7e8e-4372-b5bb-384ef9701ba2,62.166660308837891,87.320747375488281,84.020782470703125,-122.3073760000,47.6413511400
TRE-1156828,,,,,TRE-1156828,Seattle Department of Transportation,Thuja plicata,Western Red Cedar,"55",Private,1606 BOYER AVE E,4a53cf7c-f362-411c-ad67-4f674c44fe57,57.796428680419922,89.001701354980469,82.840431213378906,-122.2994670000,47.6341365900
TRE-1156954,,,,,TRE-1156954,Seattle Department of Transportation,Thuja plicata,Western Red Cedar,"26",Private,1604 22ND AVE E,ebd6216e-eae6-4cb7-8aeb-26ad00e26c30,60.761421203613281,89.274208068847670,84.616447448730469,-122.3034970000,47.6333624100
TRE-1156986,,,,,TRE-1156986,Seattle Department of Transportation,Thuja plicata,Western Red Cedar,"28",Private,2543 E INTERLAKEN BLVD,d30086ef-a7ec-4f42-b714-0452dfb5d461,59.098602294921875,89.063987731933594,84.076568603515625,-122.3002280000,47.6333227900
TRE-1157002,,,,,TRE-1157002,Seattle Department of Transportation,Thuja plicata,Western Red Cedar,"18",Private,1617 E INTERLAKEN BLVD,8aff1813-0553-4f64-b94d-213da75f2fca,58.942081451416016,89.045387268066406,84.014572143554688,-122.3002970000,47.6335757000
TRE-1157006,,,,,TRE-1157006,Seattle Department of Transportation,Thuja plicata,Western Red Cedar,"14",Private,1617 E INTERLAKEN BLVD,7065c056-4755-4801-90ce-c94b90e21902,58.747165679931641,89.031959533691406,83.894546508789062,-122.3002420000,47.6335406200
TRE-1157102,,,,,TRE-1157102,Seattle Department of Transportation,Thuja plicata,Western Red Cedar,"2",Private,1400 25TH AVE E,faae7ff9-60cf-48f7-8405-53df6f24e62b,61.080127716064453,89.282432556152330,84.688934326171875,-122.3001960000,47.6314910200
TRE-1157116,,,,,TRE-1157116,Seattle Department of Transportation,Thuja plicata,Western Red Cedar,"38",Private,1226 25TH AVE E,1e78757b-ae35-4dd0-b41e-6f66be4d93d9,61.090320587158203,89.338432312011719,84.747581481933594,-122.2999080000,47.6312027300
TRE-1157154,,,,,TRE-1157154,Seattle Department of Transportation,Thuja plicata,Western Red Cedar,"20",Private,1709 E GALER ST,6e2d8065-b77f-465b-ade3-792369098385,60.556556701660163,87.967414855957017,83.617904663085938,-122.3092980000,47.6322446500
TRE-1157181,,,,,TRE-1157181,Seattle Department of Transportation,Thuja plicata,Western Red Cedar,"10",Private,1553 17TH AVE E,e6c437b5-5482-4baa-ae6b-762fee571dae,60.249660491943359,88.909332275390625,84.945747375488281,-122.3105060000,47.6338606300
TRE-1157215,,,,,TRE-1157215,Seattle Department of Transportation,Thuja plicata,Western Red Cedar,"1",Private,1231 23RD AVE E,7a15b91a-f884-4cb5-aa84-848776136018,62.000541687011719,89.080673217773438,84.212791442871094,-122.3024250000,47.6312172900
TRE-1157217,,,,,TRE-1157217,Seattle Department of Transportation,Thuja plicata,Western Red Cedar,"43",Private,2214 E HIGHLAND DR,b0987e1b-9451-4841-b47f-785daf4806f0,62.248134613037109,88.802658081054688,84.314819335937500,-122.3026510000,47.6304631200
TRE-1156369,,,,,TRE-1156369,Seattle Department of Transportation,Thuja plicata,Western Red Cedar,"20",Private,2235 22ND AVE E,ea32f5fa-7baf-4451-88ce-b93e885c541e,62.381439208984375,88.678833007812500,85.207138061523438,-122.3042050000,47.6394583900
TRE-1155424,,,,,TRE-1155424,Seattle Department of Transportation,Thuja plicata,Western Red Cedar,"70",Private,1501 38TH AVE E,a2ef1013-df4d-473d-bad2-bf002ef3993e,60.511596679687507,89.288360595703125,85.520721435546875,-122.2843000000,47.6322664700
TRE-1155425,,,,,TRE-1155425,Seattle Department of Transportation,Thuja plicata,Western Red Cedar,"30",Private,1501 38TH AVE E,cc618535-2df4-4360-b279-4b0d6eede2e1,60.394832611083984,89.272514343261719,85.480682373046875,-122.2843240000,47.6322753600
TRE-1156438,,,,,TRE-1156438,Seattle Department of Transportation,Thuja plicata,Western Red Cedar,"4",Private,1814 E LYNN ST,dd4510dd-3ec3-434e-ade6-0373a194f5d6,62.006366729736328,89.093238830566406,84.570892333984375,-122.3083210000,47.6396374200
TRE-1156596,,,,,TRE-1156596,Seattle Department of Transportation,Thuja plicata,Western Red Cedar,"8",Private,2315 BOYER AVE E,847d8b1a-7840-479f-ac6b-bcf08309824c,63.337287902832031,88.400489807128906,81.572761535644531,-122.3117480000,47.6396526300
TRE-1156609,,,,,TRE-1156609,Seattle Department of Transportation,Thuja plicata,Western Red Cedar,"12",Private,2330 14TH AVE E,0fb86c96-ae86-4983-ab0b-5ea373d4637a,63.927501678466797,88.512893676757812,82.240348815917969,-122.3127920000,47.6404429900
TRE-1156614,,,,,TRE-1156614,Seattle Department of Transportation,Thuja plicata,Western Red Cedar,"12",Private,2340 14TH AVE E,3a5d4c81-bd75-4899-9a31-494a821a8086,63.937602996826165,88.431861877441406,82.315452575683594,-122.3129990000,47.6405907000
TRE-1156617,,,,,TRE-1156617,Seattle Department of Transportation,Thuja plicata,Western Red Cedar,"25",Private,2340 14TH AVE E,125598f8-d713-42f8-85c4-47f748cccb4c,63.962276458740234,88.406661987304688,82.346588134765625,-122.3131800000,47.6406918000
TRE-1156622,,,,,TRE-1156622,Seattle Department of Transportation,Thuja plicata,Western Red Cedar,"50",Private,2340 14TH AVE E,2605c135-066b-4cd2-b1c7-1b8bd9929fc3,63.962276458740234,88.406661987304688,82.346588134765625,-122.3130810000,47.6406424600
TRE-1156632,,,,,TRE-1156632,Seattle Department of Transportation,Thuja plicata,Western Red Cedar,"30",Private,2145 BOYER AVE E,3b6329b5-e3c0-4af6-b272-8175fb102e6a,61.573650360107422,88.467658996582031,84.392593383789062,-122.3089370000,47.6385860700
TRE-1156695,,,,,TRE-1156695,Seattle Department of Transportation,Thuja plicata,Western Red Cedar,"15",Private,1904 21ST AVE E,9a1e56c7-6ee9-4b94-adbf-edaa4a496d8f,60.019035339355469,85.874565124511719,82.906791687011719,-122.3066470000,47.6366810800
TRE-1159208,,,,,TRE-1159208,Seattle Department of Transportation,Thuja plicata,Western Red Cedar,"1",Seattle Parks and Recreation,CAL ANDERSON PARK ON NAGLE PL,1bc29b5c-bc25-447c-9bdf-535731faf5cd,65.400604248046875,89.961135864257812,86.444572448730469,-122.3199990000,47.6171195500
TRE-1159000,,,,,TRE-1159000,Seattle Department of Transportation,Thuja plicata,Western Red Cedar,"32",Private,425 17TH AVE E,11bfde79-9b10-49aa-ba78-fa4dfa37cd26,62.705841064453125,88.918952941894531,85.291679382324219,-122.3101190000,47.6228557500
TRE-1159528,,,,,TRE-1159528,Seattle Department of Transportation,Thuja plicata,Western Red Cedar,"2",Private,2033 10TH AVE E,4d934dee-1055-42aa-ac09-d1bd0cb17c83,63.445674896240234,89.087341308593750,84.440505981445312,-122.3203180000,47.6383637800
TRE-1148463,,,,,TRE-1148463,Seattle Department of Transportation,Thuja plicata,Western Red Cedar,"35",Private,4203 47TH AVE S,0df6acac-d533-4413-b1af-0b54684350d2,62.648700714111328,89.517898559570327,86.163665771484375,-122.2748730000,47.5652026400
TRE-1148232,,,,,TRE-1148232,Seattle Department of Transportation,Thuja plicata,Western Red Cedar,"12",Private,4410 46TH AVE S,dfba4108-f212-433e-ae58-e81fd6455d50,62.035526275634766,89.110939025878906,86.237098693847670,-122.2756350000,47.5637246700
TRE-1148233,,,,,TRE-1148233,Seattle Department of Transportation,Thuja plicata,Western Red Cedar,"10",Private,4410 46TH AVE S,f3d28292-ff34-4a56-8dbe-dcb432ed9182,62.016632080078125,89.110466003417969,86.277595520019531,-122.2756360000,47.5637552500
TRE-1148234,,,,,TRE-1148234,Seattle Department of Transportation,Thuja plicata,Western Red Cedar,"22",Private,4410 46TH AVE S,3e541ab2-5423-4ad2-9433-fdfe711f47f2,62.016632080078125,89.110466003417969,86.277595520019531,-122.2756380000,47.5637908400
TRE-1148235,,,,,TRE-1148235,Seattle Department of Transportation,Thuja plicata,Western Red Cedar,"12",Private,4410 46TH AVE S,4b3e6449-79fc-40d4-82a9-a73207f2914f,62.016632080078125,89.110466003417969,86.277595520019531,-122.2756400000,47.5638226400
TRE-1148236,,,,,TRE-1148236,Seattle Department of Transportation,Thuja plicata,Western Red Cedar,"28",Private,4400 46TH AVE S,addc785e-3a98-4ff6-a77e-13aec7e65485,62.046798706054688,89.174018859863281,86.197090148925781,-122.2756430000,47.5639196400
TRE-1148247,,,,,TRE-1148247,Seattle Department of Transportation,Thuja plicata,Western Red Cedar,"44",Private,4430 46TH AVE S,c9752d5b-716b-4ff0-86db-a0399a46f645,61.796127319335938,89.066780090332031,86.065864562988281,-122.2756430000,47.5632152500
TRE-1148139,,,,,TRE-1148139,Seattle Department of Transportation,Thuja plicata,Western Red Cedar,"32",Private,4819 S OREGON ST,d1daa077-8199-4dc5-a6f2-1b822a392239,62.355651855468750,89.271827697753906,85.593124389648438,-122.2722850000,47.5628517700
TRE-1148148,,,,,TRE-1148148,Seattle Department of Transportation,Thuja plicata,Western Red Cedar,"30",Private,4503 48TH AVE S,012ffa76-a071-44fd-b54d-58300f1b6124,62.167022705078125,89.196197509765625,85.349693298339844,-122.2735130000,47.5628570100
TRE-1160464,,,,,TRE-1160464,Seattle Department of Transportation,Thuja plicata,Western Red Cedar,"20",Private,1300 E SHELBY ST,1d663902-875e-4382-b7e3-2eec35d2e1ea,63.740474700927734,88.560852050781250,84.409637451171875,-122.3163530000,47.6468199400
TRE-1148100,,,,,TRE-1148100,Seattle Department of Transportation,Thuja plicata,Western Red Cedar,"18",Private,4628 44TH AVE S,fa72c5bf-caa5-40c5-8e0d-750290096f5b,61.911819458007812,88.808021545410156,86.909866333007812,-122.2781130000,47.5608555100
TRE-1148063,,,,,TRE-1148063,Seattle Department of Transportation,Thuja plicata,Western Red Cedar,"25",Private,4601 S SNOQUALMIE ST,cd04ff37-4556-46be-8a1a-09d30128cafb,61.760490417480469,89.076438903808594,86.031242370605469,-122.2756480000,47.5614766600
TRE-1148064,,,,,TRE-1148064,Seattle Department of Transportation,Thuja plicata,Western Red Cedar,"20",Private,4601 S SNOQUALMIE ST,a5021bf6-19f9-44c6-bfc7-5f697fc1de7e,61.760490417480469,89.076438903808594,86.031242370605469,-122.2756450000,47.5614480700
TRE-1148065,,,,,TRE-1148065,Seattle Department of Transportation,Thuja plicata,Western Red Cedar,"25",Private,4601 S SNOQUALMIE ST,10b950eb-835e-4aa8-aa91-65d2272de7d9,61.760490417480469,89.076438903808594,86.031242370605469,-122.2756180000,47.5614316400
TRE-1147812,,,,,TRE-1147812,Seattle Department of Transportation,Thuja plicata,Western Red Cedar,"3",Private,3601 38TH AVE S,0c3c31ee-d3ed-455f-beae-b3f6f5b6bb0e,63.214611053466797,87.930999755859375,83.605300903320327,-122.2841020000,47.5715178600
TRE-1161223,,,,,TRE-1161223,Seattle Department of Transportation,Thuja plicata,Western Red Cedar,"2",Private,745 N 72ND ST,5ccdcbd6-2092-456c-9446-87343de30cca,63.633686065673835,91.117492675781250,86.488975524902330,-122.3479120000,47.6810040900
TRE-1160822,,,,,TRE-1160822,Seattle Department of Transportation,Thuja plicata,Western Red Cedar,"27",Private,1018 E ROANOKE ST,55f39066-fa12-4e28-a4d6-56e892caf869,64.698135375976562,89.192665100097670,84.989776611328125,-122.3186820000,47.6432808300
TRE-1160823,,,,,TRE-1160823,Seattle Department of Transportation,Thuja plicata,Western Red Cedar,"11",Private,1018 E ROANOKE ST,f3510cd8-bcb5-45e6-a885-f4a4d413c380,64.698135375976562,89.192665100097670,84.989776611328125,-122.3187080000,47.6432816400
TRE-1160824,,,,,TRE-1160824,Seattle Department of Transportation,Thuja plicata,Western Red Cedar,"9",Private,1018 E ROANOKE ST,705f0e90-d91e-40ca-b1a9-1fd0b8df71f6,64.698135375976562,89.192665100097670,84.989776611328125,-122.3187310000,47.6432818400
TRE-1161225,,,,,TRE-1161225,Seattle Department of Transportation,Thuja plicata,Western Red Cedar,"40",Private,742 N 72ND ST,9fba8f58-2cd6-4264-80aa-130e7abdad19,63.582283020019531,90.796028137207017,86.463333129882812,-122.3479000000,47.6811242200
TRE-1160827,,,,,TRE-1160827,Seattle Department of Transportation,Thuja plicata,Western Red Cedar,"9",Private,1018 E ROANOKE ST,b670f559-1b56-4a63-8393-778484edeef1,64.688720703125000,89.129051208496094,84.994415283203125,-122.3188160000,47.6432758100
TRE-1147661,,,,,TRE-1147661,Seattle Department of Transportation,Thuja plicata,Western Red Cedar,"18",Private,2520 CASCADIA AVE S,3411a524-d234-41da-b15b-9521b457f07d,61.484222412109375,88.314323425292983,84.791442871093750,-122.2872750000,47.5805668700
TRE-1147662,,,,,TRE-1147662,Seattle Department of Transportation,Thuja plicata,Western Red Cedar,"18",Private,2520 CASCADIA AVE S,e4d7ad82-e3c0-496b-9e4c-7cc4e673ada8,61.514415740966797,88.273292541503906,84.897277832031250,-122.2873110000,47.5804977400
TRE-1147612,,,,,TRE-1147612,Seattle Department of Transportation,Thuja plicata,Western Red Cedar,"28",Private,2646 SHORELAND DR S,eaa600e8-9c7c-4ce8-a536-2a4a1de2ef2c,60.795680999755859,89.317848205566406,84.768424987792983,-122.2848370000,47.5788407300
TRE-1147614,,,,,TRE-1147614,Seattle Department of Transportation,Thuja plicata,Western Red Cedar,"3",Private,2810 SHORELAND DR S,ec8da601-41a9-452d-9acb-7e5b6493a656,60.819213867187507,89.265388488769531,84.728088378906250,-122.2848550000,47.5787476800
TRE-1147615,,,,,TRE-1147615,Seattle Department of Transportation,Thuja plicata,Western Red Cedar,"3",Private,2810 SHORELAND DR S,9cb1d30d-dc39-4a3c-a134-31f9db353736,60.898311614990234,89.156867980957017,84.835983276367188,-122.2848520000,47.5787266300
TRE-1147617,,,,,TRE-1147617,Seattle Department of Transportation,Thuja plicata,Western Red Cedar,"3",Private,2810 SHORELAND DR S,d7d15ea8-870e-4899-a657-7a2d500cc6fd,60.898311614990234,89.156867980957017,84.835983276367188,-122.2848520000,47.5786749500
TRE-1147618,,,,,TRE-1147618,Seattle Department of Transportation,Thuja plicata,Western Red Cedar,"3",Private,2810 SHORELAND DR S,4f6e198e-cd0c-407a-bbc4-63ffc84e063c,60.898311614990234,89.156867980957017,84.835983276367188,-122.2848590000,47.5786873500
TRE-1147580,,,,,TRE-1147580,Seattle Department of Transportation,Thuja plicata,Western Red Cedar,"3",Private,2838 MT ADAMS PL S,111c0403-eee7-419b-8787-05e1381ca2c9,62.495151519775391,88.414604187011719,85.987899780273438,-122.2857020000,47.5773321700
TRE-1147532,,,,,TRE-1147532,Seattle Department of Transportation,Thuja plicata,Western Red Cedar,"32",Private,3339 37TH AVE S,1eb1bc92-5d6e-4935-88db-2d870fd204d2,62.916049957275391,87.455574035644531,83.398262023925781,-122.2859780000,47.5725482100
TRE-1147531,,,,,TRE-1147531,Seattle Department of Transportation,Thuja plicata,Western Red Cedar,"39",Private,3339 37TH AVE S,391ac2e0-e798-423c-8fa4-25d5d8ae8cb6,62.864696502685547,87.585113525390625,83.513473510742188,-122.2859730000,47.5726426700
TRE-1147323,,,,,TRE-1147323,Seattle Department of Transportation,Thuja plicata,Western Red Cedar,"1",Private,8337 38TH AVE S,89987b1a-b48f-470e-9c16-67b2029ca3a3,61.718341827392578,89.048057556152330,87.630714416503906,-122.2854020000,47.5284286600
TRE-1147275,,,,,TRE-1147275,Seattle Department of Transportation,Thuja plicata,Western Red Cedar,"1",Private,2619 SW ADAMS ST,7812ae18-99bf-44b5-91e0-dc5d5d4e8c64,62.052188873291016,90.026023864746094,85.794731140136719,-122.3662120000,47.5661700500
TRE-1146110,,,,,TRE-1146110,Seattle Department of Transportation,Thuja plicata,Western Red Cedar,"15",Private,4461 34TH AVE S,ed231b33-327d-45bb-85ae-d1fd92960381,62.000514984130859,89.227989196777344,87.068847656250000,-122.2904360000,47.5628914900
TRE-1147037,,,,,TRE-1147037,Seattle Department of Transportation,Thuja plicata,Western Red Cedar,"32",Seattle Parks and Recreation,S MT BAKER BLVD MEDIAN,f431b3ac-eccc-4245-9f97-d81bd4e6ae2f,62.401718139648438,89.403419494628906,86.562515258789062,-122.2936720000,47.5766474800
TRE-1146061,,,,,TRE-1146061,Seattle Department of Transportation,Thuja plicata,Western Red Cedar,"1",Private,4413 LETITIA AVE S,a1703e9c-9bfd-45f2-9a9a-4b21f5d63e36,62.333732604980469,89.096504211425781,87.178504943847670,-122.2893200000,47.5636755300
TRE-1146064,,,,,TRE-1146064,Seattle Department of Transportation,Thuja plicata,Western Red Cedar,"30",Private,4425 LETITIA AVE S,75e5b4de-7aa3-4634-b13c-5ddcac0098ca,62.305530548095703,88.985740661621094,87.190895080566406,-122.2892550000,47.5634660600
TRE-1146065,,,,,TRE-1146065,Seattle Department of Transportation,Thuja plicata,Western Red Cedar,"20",Private,4425 LETITIA AVE S,acb0e430-0174-42e6-894f-db3b659cacb9,62.287887573242188,89.001121520996094,87.197654724121094,-122.2892310000,47.5633474100
TRE-1146006,,,,,TRE-1146006,Seattle Department of Transportation,Thuja plicata,Western Red Cedar,"50",Private,4402 33RD AVE S,5b49a1d6-121a-45ba-9975-a6aa00a295a5,62.071754455566406,89.549438476562500,86.898200988769531,-122.2914150000,47.5645027500
TRE-1145578,,,,,TRE-1145578,Seattle Department of Transportation,Thuja plicata,Western Red Cedar,"37",Private,3300 S HORTON ST,d6624ef6-d964-4c3f-8b83-9aeb40b97211,62.221290588378906,89.498443603515625,86.454322814941406,-122.3012650000,47.5740029100
TRE-1145579,,,,,TRE-1145579,Seattle Department of Transportation,Thuja plicata,Western Red Cedar,"30",Private,3300 S HORTON ST,a641e84c-b36a-48ab-98e3-bb25464803c7,62.202213287353509,89.562713623046875,86.501884460449219,-122.3013590000,47.5740010200
TRE-1145580,,,,,TRE-1145580,Seattle Department of Transportation,Thuja plicata,Western Red Cedar,"25",Private,3300 S HORTON ST,9d2b5bbc-ad46-4e68-83e0-4c5f0d9e9ea7,62.202213287353509,89.562713623046875,86.501884460449219,-122.3014230000,47.5740009400
TRE-1145595,,,,,TRE-1145595,Seattle Department of Transportation,Thuja plicata,Western Red Cedar,"29",Private,3300 S HORTON ST,58f48cfa-dac4-4026-91d9-ffae48ee2e1d,62.213706970214837,89.584205627441406,86.768959045410156,-122.3015190000,47.5740030100
TRE-1145596,,,,,TRE-1145596,Seattle Department of Transportation,Thuja plicata,Western Red Cedar,"33",Private,3300 S HORTON ST,0cd9a5ae-6951-487e-953a-84a192904c35,62.213706970214837,89.584205627441406,86.768959045410156,-122.3015800000,47.5740024700
TRE-1145532,,,,,TRE-1145532,Seattle Department of Transportation,Thuja plicata,Western Red Cedar,"18",Private,3401 25TH AVE S,fa72c8bc-37b4-4201-980a-ca23108eaabf,62.552539825439453,89.061302185058594,85.991020202636719,-122.3010190000,47.5730604000
TRE-1146000,,,,,TRE-1146000,Seattle Department of Transportation,Thuja plicata,Western Red Cedar,"35",Private,4402 33RD AVE S,2e6c1f58-ba9a-428a-8b36-1e8ffb6e4949,61.999855041503906,89.517845153808594,86.807563781738281,-122.2912820000,47.5645165600
TRE-1145882,,,,,TRE-1145882,Seattle Department of Transportation,Thuja plicata,Western Red Cedar,"15",Private,3037 S NEVADA ST,ae7c2625-49e5-4aa1-b11d-b68f14cf191e,62.352806091308594,90.234512329101562,87.056098937988281,-122.2938300000,47.5647485600
TRE-1146354,,,,,TRE-1146354,Seattle Department of Transportation,Thuja plicata,Western Red Cedar,"35",Private,3805 B RENTON AVE S,06635d27-09e7-4ac8-9124-a74674f512b2,62.436660766601562,89.879051208496094,86.185806274414062,-122.2954580000,47.5696046400
TRE-1146355,,,,,TRE-1146355,Seattle Department of Transportation,Thuja plicata,Western Red Cedar,"35",Private,3805 RENTON AVE S,16ea52cd-1775-418e-988b-c1d93e9b5fea,62.350994110107422,89.840927124023438,86.284996032714844,-122.2955890000,47.5697333100
TRE-1144258,,,,,TRE-1144258,Seattle Department of Transportation,Thuja plicata,Western Red Cedar,"34",Private,5110 COLUMBIA DR S,62a507c3-7a3b-409f-8e3e-f03175b20c4b,61.845573425292969,87.676536560058594,86.726043701171875,-122.3057590000,47.5560697500
TRE-1144259,,,,,TRE-1144259,Seattle Department of Transportation,Thuja plicata,Western Red Cedar,"30",Private,5110 COLUMBIA DR S,d3913dd5-1908-4b4d-a27d-d4746c362a35,61.824615478515625,87.712318420410156,86.579208374023438,-122.3057800000,47.5561992700
TRE-1144197,,,,,TRE-1144197,Seattle Department of Transportation,Thuja plicata,Western Red Cedar,"14",Private,20th,5ad12bd6-1ccd-4d42-873d-0cdb45b6079f,61.905387878417969,87.668533325195312,86.532653808593750,-122.3072780000,47.5531700000
TRE-1144198,,,,,TRE-1144198,Seattle Department of Transportation,Thuja plicata,Western Red Cedar,"13",Private,20th,5c81726b-7bae-4ff1-82a8-4a761b74bace,61.905387878417969,87.668533325195312,86.532653808593750,-122.3072790000,47.5531460500
TRE-1144199,,,,,TRE-1144199,Seattle Department of Transportation,Thuja plicata,Western Red Cedar,"14",Private,20th,57574e8f-c931-4e33-93f8-bd430620de5f,61.905387878417969,87.668533325195312,86.532653808593750,-122.3072790000,47.5531346100
TRE-1144169,,,,,TRE-1144169,Seattle Department of Transportation,Thuja plicata,Western Red Cedar,"32",Private,5401 21st AVE S,a47ff7a6-258c-4107-9cc9-a7dadee4dd70,61.884372711181641,87.269798278808594,86.401039123535156,-122.3063320000,47.5538193400
TRE-1144171,,,,,TRE-1144171,Seattle Department of Transportation,Thuja plicata,Western Red Cedar,"20",Private,2015 21ST AVE S,610b677f-f16b-45ec-9bd3-ad50275a0181,61.885616302490234,87.253295898437500,86.378051757812500,-122.3063360000,47.5539178900
TRE-1144906,,,,,TRE-1144906,Seattle Department of Transportation,Thuja plicata,Western Red Cedar,"60",Private,11039 40th AVE NE,32d10b48-27a7-47cc-ada4-3494039ae72b,60.308403015136719,87.593032836914062,84.378929138183594,-122.2856780000,47.7094912300
TRE-1143472,,,,,TRE-1143472,Seattle Department of Transportation,Thuja plicata,Western Red Cedar,"8",Private,2700 3RD AVE N,f59418c8-0f85-4d99-b2d0-7fcfb56b8da0,62.461837768554688,87.485786437988281,83.730895996093750,-122.3513850000,47.6446285600
TRE-1144850,,,,,TRE-1144850,Seattle Department of Transportation,Thuja plicata,Western Red Cedar,"23",Private,1660 S ALASKA ST,71152bdc-f5ea-49ea-a61e-c46aa2fd3a89,61.558929443359375,89.798507690429673,87.575050354003906,-122.3059180000,47.5612039900
TRE-1144853,,,,,TRE-1144853,Seattle Department of Transportation,Thuja plicata,Western Red Cedar,"23",Private,1660 S ALASKA ST,64ee13b5-a2d0-40e1-8c2e-4e02d86d986a,61.630939483642578,89.861770629882812,87.664855957031250,-122.3062620000,47.5612083200
TRE-1144855,,,,,TRE-1144855,Seattle Department of Transportation,Thuja plicata,Western Red Cedar,"23",Private,1660 S ALASKA ST,36a665b8-6a2f-4732-958a-51f6a3ae2bcc,61.817192077636719,89.959678649902330,87.468101501464844,-122.3064370000,47.5612195000
TRE-1144857,,,,,TRE-1144857,Seattle Department of Transportation,Thuja plicata,Western Red Cedar,"21",Private,1660 S ALASKA ST,2b4531bc-c679-4ecb-8420-43bdc05d8ba6,61.928108215332031,89.966316223144531,87.359237670898438,-122.3067630000,47.5612199500
TRE-1144860,,,,,TRE-1144860,Seattle Department of Transportation,Thuja plicata,Western Red Cedar,"6",Private,1751 S FERDINAND ST,8090bee6-d451-4c9e-917e-7da8f4fd372a,62.111091613769531,89.588104248046875,87.350631713867188,-122.3083900000,47.5589790400
TRE-1143876,,,,,TRE-1143876,Seattle Department of Transportation,Thuja plicata,Western Red Cedar,"25",Private,1050 W NICKERSON ST,72332156-3d1c-400f-bccb-bbf69d2b6cbd,63.559749603271491,87.249923706054688,82.552787780761719,-122.3711700000,47.6546417100
TRE-1143285,,,,,TRE-1143285,Seattle Department of Transportation,Thuja plicata,Western Red Cedar,"18",Private,655 AURORA AVE N,467d2316-56a9-4ab9-b6ed-ba094ff6e108,62.983596801757812,90.635154724121094,85.070747375488281,-122.3441480000,47.6374616400
TRE-1143295,,,,,TRE-1143295,Seattle Department of Transportation,Thuja plicata,Western Red Cedar,"33",Private,2101 DEXTER WY N,be825c32-3620-4094-81d3-4663a9bed7a8,62.986179351806641,90.736877441406250,85.583312988281250,-122.3440310000,47.6378253200
TRE-1143296,,,,,TRE-1143296,Seattle Department of Transportation,Thuja plicata,Western Red Cedar,"20",Private,2101 DEXTER WY N,fa9ac469-b1c8-44a8-9020-746e0957374c,62.968086242675781,90.727012634277344,85.653160095214844,-122.3440380000,47.6378396600
TRE-1143298,,,,,TRE-1143298,Seattle Department of Transportation,Thuja plicata,Western Red Cedar,"9",Private,2101 DEXTER AVE N,185ee32a-ed12-4318-92ec-0b79cf6a8d5e,63.051357269287109,91.175872802734375,86.093627929687500,-122.3436900000,47.6377486900
TRE-1143213,,,,,TRE-1143213,Seattle Department of Transportation,Thuja plicata,Western Red Cedar,"14",Private,1515 DEXTER AVE N,2344162b-b9c4-483b-9bf8-6f8b9940716a,63.040100097656250,91.107398986816406,85.712165832519531,-122.3425240000,47.6333600700
TRE-1143214,,,,,TRE-1143214,Seattle Department of Transportation,Thuja plicata,Western Red Cedar,"12",Private,1515 DEXTER AVE N,eb7a3549-9ea2-4cc3-b8d4-723714e74bf3,63.040100097656250,91.107398986816406,85.712165832519531,-122.3425740000,47.6333616200
TRE-1143215,,,,,TRE-1143215,Seattle Department of Transportation,Thuja plicata,Western Red Cedar,"13",Private,1515 DEXTER AVE N,ad085fa6-6fcb-4dd2-997c-f9f04a93c20e,63.087882995605469,91.053443908691406,85.798591613769531,-122.3426750000,47.6333626200
TRE-1143216,,,,,TRE-1143216,Seattle Department of Transportation,Thuja plicata,Western Red Cedar,"9",Private,1515 DEXTER AVE N,cf7bd64f-6908-431a-8308-6e7151b6986b,63.087882995605469,91.053443908691406,85.798591613769531,-122.3427140000,47.6333616900
TRE-1143217,,,,,TRE-1143217,Seattle Department of Transportation,Thuja plicata,Western Red Cedar,"9",Private,1515 DEXTER AVE N,7479b237-89e1-447d-8070-b4b24343c5b7,63.199790954589837,91.228492736816406,85.773986816406250,-122.3427760000,47.6333617100
TRE-1143218,,,,,TRE-1143218,Seattle Department of Transportation,Thuja plicata,Western Red Cedar,"10",Private,1515 DEXTER AVE N,62216283-35a8-4ede-b6bf-ecff2b02192b,63.199790954589837,91.228492736816406,85.773986816406250,-122.3427950000,47.6333623200
TRE-1143219,,,,,TRE-1143219,Seattle Department of Transportation,Thuja plicata,Western Red Cedar,"15",Private,1515 DEXTER AVE N,88fb9ae5-97ab-4153-9eb3-46a78727a5cc,63.199790954589837,91.228492736816406,85.773986816406250,-122.3428110000,47.6333616300
TRE-1143163,,,,,TRE-1143163,Seattle Department of Transportation,Thuja plicata,Western Red Cedar,"8",Private,1319 DEXTER AVE N,d377ab7a-cfb2-4e54-b24b-4ac3bbcad7c5,62.861484527587891,88.743324279785156,85.162467956542983,-122.3430200000,47.6306469800
TRE-1144508,,,,,TRE-1144508,Seattle Department of Transportation,Thuja plicata,Western Red Cedar,"36",Private,5532 18TH AVE S,782fee4f-5532-42a5-a7d6-c4e51642b7d8,61.958366394042969,89.438972473144531,87.018920898437500,-122.3097720000,47.5523834900
TRE-1142322,,,,,TRE-1142322,Seattle Department of Transportation,Thuja plicata,Western Red Cedar,"2",Seattle Department of Transportation,4108 E PROSPECT ST,f70c486e-1e14-4e52-aca7-0588fc1e94f4,,,,-122.2795190000,47.6285098000
TRE-1142342,,,,,TRE-1142342,Seattle Department of Transportation,Thuja plicata,Western Red Cedar,"2",Seattle Department of Transportation,4108 E PROSPECT ST,fa978e96-74f3-40ba-a850-d7988af22b44,,,,-122.2792880000,47.6285594400
TRE-1142343,,,,,TRE-1142343,Seattle Department of Transportation,Thuja plicata,Western Red Cedar,"2",Seattle Department of Transportation,4108 E PROSPECT ST,285611b6-c68b-488a-9aca-4915ddfc5f8d,,,,-122.2795440000,47.6285808900
TRE-1142278,,,,,TRE-1142278,Seattle Department of Transportation,Thuja plicata,Western Red Cedar,"1",Seattle Department of Transportation,8838 39TH AVE S,0d37adad-479f-4be4-b759-96c8f189134b,62.304054260253906,89.613319396972656,85.355972290039062,-122.2829130000,47.5230811200
TRE-1142283,,,,,TRE-1142283,Seattle Department of Transportation,Thuja plicata,Western Red Cedar,"1",Seattle Department of Transportation,8838 39TH AVE S,519a98bf-0970-4160-b455-b354c598f2bc,62.178062438964837,89.671684265136719,85.460830688476562,-122.2830620000,47.5230774300
TRE-1142284,,,,,TRE-1142284,Seattle Department of Transportation,Thuja plicata,Western Red Cedar,"1",Seattle Department of Transportation,8838 39TH AVE S,a52818b9-c9ee-40f1-8ce0-8704363d0f4d,62.178062438964837,89.671684265136719,85.460830688476562,-122.2831220000,47.5230796900
TRE-1142208,,,,,TRE-1142208,Seattle Department of Transportation,Thuja plicata,Western Red Cedar,"6",Private,7505 23rd Ave NE,d2279670-eba1-433d-bc9a-0c008e1ea3dd,61.797019958496094,87.469131469726562,84.957809448242188,-122.3030080000,47.6833045600
TRE-1142227,,,,,TRE-1142227,Seattle Department of Transportation,Thuja plicata,Western Red Cedar,"2",Seattle Department of Transportation,4108 E PROSPECT ST,2fbe9bbb-6163-45cb-a621-1fe5f1e5376b,,,,-122.2793800000,47.6285083600
TRE-1142230,,,,,TRE-1142230,Seattle Department of Transportation,Thuja plicata,Western Red Cedar,"2",Seattle Department of Transportation,4108 E PROSPECT ST,c9f44ff4-de62-4bba-b146-f6e69622f1e2,,,,-122.2794890000,47.6285189000
TRE-1142234,,,,,TRE-1142234,Seattle Department of Transportation,Thuja plicata,Western Red Cedar,"2",Seattle Department of Transportation,4108 E PROSPECT ST,4512e95b-44c4-45b1-8e13-43a919b8b7e6,,,,-122.2796130000,47.6285979100
TRE-1142236,,,,,TRE-1142236,Seattle Department of Transportation,Thuja plicata,Western Red Cedar,"2",Seattle Department of Transportation,4108 E PROSPECT ST,fe4bb1f2-6e71-4b50-83c2-f6dad91c88de,61.955589294433594,89.301803588867188,86.866279602050781,-122.2798270000,47.6284997100
TRE-1142237,,,,,TRE-1142237,Seattle Department of Transportation,Thuja plicata,Western Red Cedar,"2",Seattle Department of Transportation,4108 E PROSPECT ST,2707426a-f88b-41f1-9b47-c9c6b74e0c9f,61.994148254394531,89.259445190429673,87.121826171875014,-122.2799260000,47.6285112000
TRE-1142174,,,,,TRE-1142174,Seattle Department of Transportation,Thuja plicata `Hogan`,Hogan Western Red Cedar,"7",Private,2466 NOB HILL AVE N,b84d2f7c-b31b-4680-8b31-95bf74fdbb9a,62.373489379882812,87.525268554687500,84.053764343261719,-122.3506030000,47.6413736500
TRE-1142199,,,,,TRE-1142199,Seattle Department of Transportation,Thuja plicata,Western Red Cedar,"6",Private,7505 23rd Ave NE,a5dc52bf-bd20-446e-a5f5-9173169c085a,61.799961090087891,87.458038330078125,84.954231262207017,-122.3030100000,47.6832169400
TRE-1142142,,,,,TRE-1142142,Seattle Department of Transportation,Thuja plicata,Western Red Cedar,"4",Seattle Department of Transportation,2701 1ST AVE S,294eae5c-ee70-4d5d-a5cb-7803664b3af4,64.234291076660156,84.558853149414062,89.622695922851562,-122.3352310000,47.5922825000
TRE-1142143,,,,,TRE-1142143,Seattle Department of Transportation,Thuja plicata,Western Red Cedar,"4",Seattle Department of Transportation,2701 1ST AVE S,8c322844-cdc5-4504-9f08-a47e29301b64,64.234291076660156,84.558853149414062,89.622695922851562,-122.3352420000,47.5923186100
TRE-1142745,,,,,TRE-1142745,Seattle Department of Transportation,Thuja plicata,Western Red Cedar,"3",Private,410 PROSPECT ST,f0f45f32-b2e7-4646-8cf1-09a8ba105f67,63.405048370361328,89.014373779296875,85.767662048339844,-122.3482200000,47.6290082600
TRE-1184965,,,,,TRE-1184965,Seattle Department of Transportation,Thuja plicata,Western Red Cedar,"8",Private,600 Evanston Ave N,4fa2ff33-abdf-48d7-9712-fb10bc651f96,62.306690216064453,89.589294433593750,84.775146484375014,-122.3511530000,47.7016937100
TRE-1184966,,,,,TRE-1184966,Seattle Department of Transportation,Thuja plicata,Western Red Cedar,"8",Private,600 Evanston Ave N,cb5f337a-3e46-4d30-ae16-beb9bfda6921,62.306690216064453,89.589294433593750,84.775146484375014,-122.3511540000,47.7016751500
TRE-1184968,,,,,TRE-1184968,Seattle Department of Transportation,Thuja plicata,Western Red Cedar,"20",Private,600 Evanston Ave N,993ea37a-a9cc-4df4-96c6-7ffbd29f3c36,62.277732849121094,89.486106872558594,84.692878723144531,-122.3511620000,47.7016506400
TRE-1184970,,,,,TRE-1184970,Seattle Department of Transportation,Thuja plicata,Western Red Cedar,"25",Private,600 Evanston Ave N,65471553-3437-4895-a288-493bd6b5c8a3,62.277732849121094,89.486106872558594,84.692878723144531,-122.3511690000,47.7016165800
TRE-1184972,,,,,TRE-1184972,Seattle Department of Transportation,Thuja plicata,Western Red Cedar,"18",Private,600 Evanston Ave N,78ff2c59-52a3-4b7a-8e49-dc8a0379271a,62.277732849121094,89.486106872558594,84.692878723144531,-122.3511570000,47.7015984500
TRE-1184973,,,,,TRE-1184973,Seattle Department of Transportation,Thuja plicata,Western Red Cedar,"10",Private,600 Evanston Ave N,66422448-f747-4b58-be5c-262b53d28470,62.277732849121094,89.486106872558594,84.692878723144531,-122.3511730000,47.7015903500
TRE-1184974,,,,,TRE-1184974,Seattle Department of Transportation,Thuja plicata,Western Red Cedar,"10",Private,600 Evanston Ave N,86b2b72e-33cd-409a-968e-1db9beed2870,62.277732849121094,89.486106872558594,84.692878723144531,-122.3511630000,47.7015844700
TRE-1184975,,,,,TRE-1184975,Seattle Department of Transportation,Thuja plicata,Western Red Cedar,"10",Private,600 Evanston Ave N,8344ffd1-14de-4294-8037-91766b668d7d,62.277732849121094,89.486106872558594,84.692878723144531,-122.3511660000,47.7015825900
TRE-1184976,,,,,TRE-1184976,Seattle Department of Transportation,Thuja plicata,Western Red Cedar,"8",Private,600 Evanston Ave N,244caeb6-bbe7-4974-b3c5-7c2702aaccf6,62.277732849121094,89.486106872558594,84.692878723144531,-122.3511650000,47.7016400400
TRE-1184978,,,,,TRE-1184978,Seattle Department of Transportation,Thuja plicata,Western Red Cedar,"10",Private,600 Evanston Ave N,1707b881-5025-45e5-864b-2276b030724d,62.277732849121094,89.486106872558594,84.692878723144531,-122.3511630000,47.7015899800
TRE-1184979,,,,,TRE-1184979,Seattle Department of Transportation,Thuja plicata,Western Red Cedar,"15",Private,600 Evanston Ave N,f228a8b4-c14d-4e4b-9732-5845a3a37496,62.277732849121094,89.486106872558594,84.692878723144531,-122.3511730000,47.7015789300
TRE-1184980,,,,,TRE-1184980,Seattle Department of Transportation,Thuja plicata,Western Red Cedar,"8",Private,600 Evanston Ave N,80ee7155-48e5-42fd-afb8-adc36edfaeec,62.277732849121094,89.486106872558594,84.692878723144531,-122.3511680000,47.7015779600
TRE-1184981,,,,,TRE-1184981,Seattle Department of Transportation,Thuja plicata,Western Red Cedar,"10",Private,600 Evanston Ave N,169f61da-358c-4abb-9cc1-9f1bbe608275,62.256038665771491,89.468070983886719,84.696632385253906,-122.3511780000,47.7015714300
TRE-1184983,,,,,TRE-1184983,Seattle Department of Transportation,Thuja plicata,Western Red Cedar,"40",Private,600 Evanston Ave N,db2a6cdf-5eb2-4e3a-aa9b-c350f0f2176c,62.256038665771491,89.468070983886719,84.696632385253906,-122.3511710000,47.7015505600
TRE-1184809,,,,,TRE-1184809,Seattle Department of Transportation,Thuja plicata,Western Red Cedar,"30",Private,9543 Evanston Ave N,58d3affa-d57e-4a4c-b94b-3236ed55ebc8,62.304367065429688,88.402053833007812,83.913116455078125,-122.3513730000,47.6989291600
TRE-1143060,,,,,TRE-1143060,Seattle Department of Transportation,Thuja plicata,Western Red Cedar,"11",Private,2600 3RD AVE N,acaa213e-c905-4436-93c8-23f18d8b5045,62.458557128906250,87.180686950683594,83.576400756835938,-122.3516380000,47.6434861600
TRE-1060599,,,,,TRE-1060599,Seattle Department of Transportation,Thuja plicata,Western Red Cedar,"12",Seattle Department of Transportation,TC CLOVERDALE AND 17TH,072cd473-c06a-4d29-9a5a-05553976064b,62.591995239257812,88.829627990722656,86.435646057128906,-122.3564220000,47.5265145600
TRE-1142955,,,,,TRE-1142955,Seattle Department of Transportation,Thuja plicata,Western Red Cedar,"38",Private,5805 16TH AVE NE,322ac0f0-0053-499a-95b1-3b3e1cf99663,60.950874328613281,88.121231079101562,84.444023132324219,-122.3109650000,47.6716293800
TRE-1142960,,,,,TRE-1142960,Seattle Department of Transportation,Thuja plicata,Western Red Cedar,"1",Private,3018 NW 56th St,7d871763-5704-4e31-866c-bfac2b397aee,61.652706146240234,87.441146850585938,84.846069335937500,-122.3966570000,47.6695172400
TRE-1142875,,,,,TRE-1142875,Seattle Department of Transportation,Thuja plicata,Western Red Cedar,"22",Private,2500 2ND AVE N,1943c63e-0d68-4c02-82fb-f7fd18ba6af0,61.850624084472656,87.574546813964844,84.266387939453125,-122.3533570000,47.6414562600
TRE-73260,,,,,TRE-73260,Seattle Department of Transportation,Thuja plicata,Western Red Cedar,"14",Private,2133 44TH AV SW,5378818f-e074-40f8-a060-07397242d15e,62.131401062011719,89.584938049316406,86.302955627441406,-122.3879620000,47.5845495500
TRE-72523,,,,,TRE-72523,Seattle Department of Transportation,Thuja plicata,Western Red Cedar,"37",Private,2802 WALNUT AV SW,d55df550-2d0a-4f5c-83b8-4cbd2eb16f13,61.865547180175781,89.009117126464844,85.698143005371094,-122.3832330000,47.5781675400
TRE-48014,,,,,TRE-48014,Seattle Department of Transportation,Thuja plicata,Western Red Cedar,"22",Private,323 16TH AVE E,6b740083-19d7-472e-8aa8-552d5e973f3f,63.192836761474609,88.792678833007812,86.245849609375014,-122.3114500000,47.6211306200
TRE-59981,,,,,TRE-59981,Seattle Department of Transportation,Thuja plicata,Western Red Cedar,"61",Private,1136 35TH AVE,3bcc16f2-3358-4983-8680-8d3a96f2a57d,62.427921295166016,89.171249389648438,85.983100891113281,-122.2880600000,47.6128331400
TRE-57222,,,,,TRE-57222,Seattle Department of Transportation,Thuja plicata,Western Red Cedar,"53",Private,805 27TH AVE,812ceda1-4ec4-4692-b940-1bc265b28103,61.418617248535163,87.650604248046875,84.396759033203125,-122.2976250000,47.6091952400
TRE-56947,,,,,TRE-56947,Seattle Department of Transportation,Thuja plicata,Western Red Cedar,"40",Private,1103 30TH AVE,bd4f411f-04e7-4216-87ea-556b065f3486,61.986518859863281,88.018745422363281,84.481079101562500,-122.2937800000,47.6118769600
,"19081",,,,"19081",Seattle Parks and Recreation,Thuja plicata,Western Red Cedar,"12",Seattle Parks and Recreation,Interbay Golf,e8002c08-e018-427e-ab7c-e48558df47a8,62.014003753662109,88.015739440917969,84.318695068359375,-122.3770280000,47.6445278200
,"23602",,,,"23602",Seattle Parks and Recreation,Thuja plicata,Western Red Cedar,"24",Seattle Parks and Recreation,Washington Park - Japanese Gdn,6650221a-fa0c-4d7e-8120-40f632765a68,59.287860870361328,89.076873779296875,84.496307373046875,-122.2965070000,47.6296384100
,"26079",,,,"26079",Seattle Parks and Recreation,Thuja plicata,Western Red Cedar,"7",Seattle Parks and Recreation,Denny Park,9ab4f74b-010a-4ebd-ad55-6704095e32f5,65.105476379394531,90.146514892578125,85.905876159667969,-122.3401150000,47.6192072800
,"26220",,,,"26220",Seattle Parks and Recreation,Thuja plicata,Western Red Cedar,"23",Seattle Parks and Recreation,Warren G. Magnuson Park,27c267b4-db67-4e87-ae12-cf13b2dca9a7,61.593120574951165,89.417274475097670,86.271400451660156,-122.2611170000,47.6751694500
,"26236",,,,"26236",Seattle Parks and Recreation,Thuja plicata,Western Red Cedar,"25",Seattle Parks and Recreation,Warren G. Magnuson Park,81293f29-9b97-40ed-a6f9-5ff056f50eb9,61.662906646728509,89.389343261718750,86.252525329589844,-122.2610550000,47.6750444400
,"25002",,,,"25002",Seattle Parks and Recreation,Thuja plicata,Western Red Cedar,"0",Seattle Parks and Recreation,Leschi Park,92356658-2189-41eb-978e-e618f8da16ea,62.776988983154297,88.269714355468750,85.500358581542983,-122.2868960000,47.6010525100
,"25094",,,,"25094",Seattle Parks and Recreation,Thuja plicata,Western Red Cedar,"22",Seattle Parks and Recreation,Thornton Creek Addition: North Branch,8f71325c-ef84-407b-b15e-1224fb55d16c,61.510719299316406,87.278869628906250,84.883499145507812,-122.3037640000,47.7202105300
,"24431",,,,"24431",Seattle Parks and Recreation,Thuja plicata,Western Red Cedar,"8",Seattle Parks and Recreation,Carkeek Park,1bc53f6b-9047-4b0e-a777-e88e272eeb43,58.639430999755859,89.804679870605469,83.744911193847670,-122.3758240000,47.7129668800
,"24580",,,,"24580",Seattle Parks and Recreation,Thuja plicata,Western Red Cedar,"19",Seattle Parks and Recreation,Mount Claire Park,d1521f02-ab46-4f90-9c20-e7023bf270af,61.093410491943359,88.944862365722656,84.487899780273438,-122.2864970000,47.5811424100
,"24680",,,,"24680",Seattle Parks and Recreation,Thuja plicata,Western Red Cedar,"4",Seattle Parks and Recreation,Jimi Hendrix Park,30e58a74-636f-47eb-8f8b-98078eb2ce0d,61.521595001220703,89.275123596191406,86.827919006347670,-122.3012580000,47.5893992800
,"24172",,,,"24172",Seattle Parks and Recreation,Thuja plicata,Western Red Cedar,"8",Seattle Parks and Recreation,Seward Park,f62a5c74-6bdf-4476-88cc-df78528901aa,63.073802947998047,88.665298461914062,86.518394470214844,-122.2579830000,47.5492710600
,"23159",,,,"23159",Seattle Parks and Recreation,Thuja plicata,Western Red Cedar,"57",Seattle Parks and Recreation,Lincoln Park,a37b965b-4f0d-4458-a248-618f0420e1b9,61.037010192871094,88.818939208984375,85.128791809082031,-122.3938480000,47.5298234200
,"15820",,,,"15820",Seattle Parks and Recreation,Thuja plicata,Western Red Cedar,"18",Seattle Parks and Recreation,Lincoln Park,5f231f60-d24e-4bb4-850b-71c2d7123634,62.876857757568359,88.746177673339844,86.476181030273438,-122.3940540000,47.5270795300
,"17996",,,,"17996",Seattle Parks and Recreation,Thuja plicata,Western Red Cedar,"10",Seattle Parks and Recreation,Gas Works Park,0c901652-4f8f-4a01-9ed6-2738255830ed,63.438987731933594,88.624801635742188,84.371215820312500,-122.3357710000,47.6460380700
TRE-79303,,,,,TRE-79303,Seattle Department of Transportation,Thuja plicata,Western Red Cedar,"20",Private,4113 37TH AV S,049833dd-b37b-479e-a5bb-114868e42db0,63.254760742187507,90.251899719238281,87.589973449707017,-122.2861700000,47.5657446000
TRE-19249,,,,,TRE-19249,Seattle Department of Transportation,Thuja plicata,Western Red Cedar,"38",Private,11822 31ST PL NE,9afb5746-dbc9-45e7-b508-62173cfdd296,62.140892028808594,87.586585998535156,83.970695495605469,-122.2953650000,47.7146171300
TRE-48882,,,,,TRE-48882,Seattle Department of Transportation,Thuja plicata,Western Red Cedar,"43",Private,1118 37TH AV,b2d9e460-00e5-48e5-8810-82f10ee967fa,60.353191375732422,89.409370422363281,85.723274230957017,-122.2854210000,47.6292474300
,"8598",,,,"8598",Seattle Parks and Recreation,Thuja plicata,Western Red Cedar,"7",Seattle Parks and Recreation,"John C. Little, Sr. Park",0c05c56b-65ce-4286-b606-c06538b43aa6,62.686149597167969,88.927139282226562,86.820114135742188,-122.2859930000,47.5383514800
,"20433",,,,"20433",Seattle Parks and Recreation,Thuja plicata,Western Red Cedar,"10",Seattle Parks and Recreation,Volunteer Park,b99822c2-e142-4da3-9c27-077cb8982ce5,60.264171600341797,89.415367126464844,86.192291259765625,-122.3136580000,47.6322877500
,"12531",,,,"12531",Seattle Parks and Recreation,Thuja plicata,Western Red Cedar,"35",Seattle Parks and Recreation,Discovery Park,98722a42-0de7-409a-ae7a-e54f0d30da45,59.839424133300781,88.450370788574219,83.932159423828125,-122.4050500000,47.6581530700
,"14842",,,,"14842",Seattle Parks and Recreation,Thuja plicata,Western Red Cedar,"36",Seattle Parks and Recreation,Seward Park,30d43f83-1e91-480f-a98c-9e760d49a98a,,,,-122.2480260000,47.5566888900
,"21072",,,,"21072",Seattle Parks and Recreation,Thuja plicata,Western Red Cedar,"21",Seattle Parks and Recreation,Mount Baker Park,960c0753-e2b3-4d54-9291-42007ef13287,61.142883300781250,87.924247741699219,84.484954833984375,-122.2886890000,47.5818481300
,"26218",,,,"26218",Seattle Parks and Recreation,Thuja plicata,Western Red Cedar,"26",Seattle Parks and Recreation,Warren G. Magnuson Park,a8d6c874-11ad-4a71-bed3-eaedd3195b46,61.577499389648438,89.465881347656250,86.363845825195312,-122.2611390000,47.6752685800
,"27583",,,,"27583",Seattle Parks and Recreation,Thuja plicata,Western Red Cedar,"0",Seattle Parks and Recreation,Beaver Pond Natural Area on Thornton Creek,51b3c223-da94-41c4-955b-5b6577cc3c6f,63.403392791748047,89.549888610839844,85.850654602050781,-122.3190540000,47.7068392200
,"34362",,,,"34362",Seattle Parks and Recreation,Thuja plicata,Western Red Cedar,"0",Seattle Parks and Recreation,Cowen Park,aef28766-34cd-405d-9a40-a387b1f61ac1,61.581554412841797,88.247344970703125,85.486228942871094,-122.3137230000,47.6715252000
,"35029",,,,"35029",Seattle Parks and Recreation,Thuja plicata,Western Red Cedar,"38",Seattle Parks and Recreation,Highland Park Playground,1e9814e3-4f03-4db4-ae27-eb0187626da2,62.615905761718750,89.356651306152330,86.274848937988281,-122.3496410000,47.5282211400
,"3103",,,,"3103",Seattle Parks and Recreation,Thuja plicata,Western Red Cedar,"1",Seattle Parks and Recreation,Colman Park,ef5fcb4e-e3f8-41c9-8f22-b10385391c11,61.152687072753906,88.914520263671875,84.824539184570327,-122.2871310000,47.5862646400
,"6377",,,,"6377",Seattle Parks and Recreation,Thuja plicata,Western Red Cedar,"16",Seattle Parks and Recreation,Gas Works Park,54ee8b01-1d9b-4ae1-8df7-65d89f465b78,63.622173309326165,88.635963439941406,84.638122558593750,-122.3344980000,47.6463083600
,"9304",,,,"9304",Seattle Parks and Recreation,Thuja plicata,Western Red Cedar,"18",Seattle Parks and Recreation,Bryant Playground,288f9e5e-b733-4c6e-b486-e8b3680049d5,61.973690032958984,89.229576110839844,85.628494262695312,-122.2834130000,47.6748698100
,"12812",,,,"12812",Seattle Parks and Recreation,Thuja plicata,Western Red Cedar,"28",Seattle Parks and Recreation,Discovery Park,a4617ec4-c6e7-42e0-a2ab-236332b57af9,56.307369232177734,89.526565551757812,80.760101318359375,-122.4107920000,47.6633923800
,"14844",,,,"14844",Seattle Parks and Recreation,Thuja plicata,Western Red Cedar,"19",Seattle Parks and Recreation,Seward Park,88a0e9b6-318f-4e34-9906-20206b692fc8,,,,-122.2478440000,47.5568934600
,"17974",,,,"17974",Seattle Parks and Recreation,Thuja plicata,Western Red Cedar,"20",Seattle Parks and Recreation,Gas Works Park,bb9deb8e-7423-45e5-9480-5ff1b07d2969,63.427711486816406,88.568473815917969,84.326667785644531,-122.3356430000,47.6460380300
,"12681",,,,"12681",Seattle Parks and Recreation,Thuja plicata,Western Red Cedar,"68",Seattle Parks and Recreation,Discovery Park Boulevard,d3a2f0e1-0fff-4ebe-9d0b-4ed94060b40e,59.763549804687507,88.346389770507812,83.768600463867188,-122.4047630000,47.6584943000
,"23835",,,,"23835",Seattle Parks and Recreation,Thuja plicata,Western Red Cedar,"68",Seattle Parks and Recreation,Green Lake Park,016f3a9b-daf6-46d2-b4d8-e0f1c6397185,,,,-122.3433760000,47.6721394900
,"25335",,,,"25335",Seattle Parks and Recreation,Thuja plicata,Western Red Cedar,"3",Seattle Parks and Recreation,Pathways Park,4e7e0c15-5912-498f-bcef-cc664bb20442,62.402328491210938,89.920921325683594,85.848014831542983,-122.2819380000,47.6666667200
,"26219",,,,"26219",Seattle Parks and Recreation,Thuja plicata,Western Red Cedar,"25",Seattle Parks and Recreation,Warren G. Magnuson Park,5d778787-e9b6-4980-a2c2-f1c65cc86d9d,61.577499389648438,89.465881347656250,86.363845825195312,-122.2611380000,47.6752239700
TRE-19573,,,,,TRE-19573,Seattle Department of Transportation,Thuja plicata,Western Red Cedar,"36",Private,11502 20TH AV NE,08a30362-ea15-4005-9899-9b8ce33797c8,61.309368133544922,86.194061279296875,82.571754455566406,-122.3065690000,47.7121538500
TRE-26052,,,,,TRE-26052,Seattle Department of Transportation,Thuja plicata,Western Red Cedar,"20",Private,4003 NE 105TH ST,3b87ebdb-5b2b-4702-8cfe-908ac2473713,60.702445983886719,89.105712890624986,84.975090026855469,-122.2854140000,47.7045832200
,"9306",,,,"9306",Seattle Parks and Recreation,Thuja plicata,Western Red Cedar,"14",Seattle Parks and Recreation,Bryant Playground,e7280ca6-091d-47c6-a5f4-edeb67da707a,61.973690032958984,89.229576110839844,85.628494262695312,-122.2833190000,47.6748704500
,"22646",,,,"22646",Seattle Parks and Recreation,Thuja plicata,Western Red Cedar,"68",Seattle Parks and Recreation,Lake Washington Boulevard,2a7b8f98-261b-467e-a05d-ffd8a00dd14c,,,,-122.2826880000,47.6115028100
,"21800",,,,"21800",Seattle Parks and Recreation,Thuja plicata,Western Red Cedar,"29",Seattle Parks and Recreation,Woodland Park,d272ba2e-7d66-4a2d-b0a0-2ee4388b6490,61.208763122558594,88.855026245117188,85.095947265624986,-122.3442400000,47.6659716300
,"22031",,,,"22031",Seattle Parks and Recreation,Thuja plicata,Western Red Cedar,"29",Seattle Parks and Recreation,North Beach Park,b47eb42f-ffa9-4015-902d-9fb1bead29d7,61.657020568847656,88.112022399902330,84.598289489746094,-122.3908590000,47.6952219200
,"21068",,,,"21068",Seattle Parks and Recreation,Thuja plicata,Western Red Cedar,"34",Seattle Parks and Recreation,Fauntleroy Park,d87f8d1c-f530-4b4e-a7ba-235513aad5e6,61.309047698974609,86.879417419433594,83.937454223632812,-122.3856540000,47.5197631500
,"11658",,,,"11658",Seattle Parks and Recreation,Thuja plicata,Western Red Cedar,"34",Seattle Parks and Recreation,Carkeek Park,eb595b4e-038c-45bb-9ebc-81eeca1c3e9a,,,,-122.3780330000,47.7134353500
,"6393",,,,"6393",Seattle Parks and Recreation,Thuja plicata,Western Red Cedar,"8",Seattle Parks and Recreation,Gas Works Park,41e7b3c1-07bb-410b-aa05-4ccc1678ea65,63.779323577880859,88.988327026367188,85.074676513671875,-122.3369770000,47.6461356800
,"8997",,,,"8997",Seattle Parks and Recreation,Thuja plicata,Western Red Cedar,"9",Seattle Parks and Recreation,Wallingford Playfield,db51ff11-0c12-4713-a6be-6f1394102b31,62.311950683593750,87.805564880371094,84.147216796875014,-122.3384680000,47.6588108200
TRE-75912,,,,,TRE-75912,Seattle Department of Transportation,Thuja plicata,Western Red Cedar,"33",Private,3400 WALNUT AV SW,cc1a2e0d-e618-4630-ab42-6a8d489490f5,62.394264221191406,90.212127685546875,86.469566345214844,-122.3833380000,47.5731234800
TRE-65240,,,,,TRE-65240,Seattle Department of Transportation,Thuja plicata,Western Red Cedar,"11",Private,2019 NE 80TH ST,e91dfe20-7ee7-44c7-9a37-a6d51a6f4bff,61.925708770751953,88.075805664062500,85.089866638183594,-122.3055000000,47.6862222200
TRE-32880,,,,,TRE-32880,Seattle Department of Transportation,Thuja plicata,Western Red Cedar,"29",Private,1965 12TH AV W,63a71968-4ee2-41bc-abe3-c05c7f7b9e5c,62.449131011962891,88.011070251464844,84.477310180664062,-122.3728030000,47.6379811800
TRE-96265,,,,,TRE-96265,Seattle Department of Transportation,Thuja plicata,Western Red Cedar,"2",Private,2302 NE 89 ST,177fc466-b825-4c9b-8030-0757bf27f2a3,61.739162445068359,88.950988769531250,83.794471740722656,-122.3040520000,47.6934174800
,"4729",,,,"4729",Seattle Parks and Recreation,Thuja plicata,Western Red Cedar,"18",Seattle Parks and Recreation,Volunteer Park,91a40516-634d-437e-80b5-6d9a307175ad,60.248622894287109,89.383926391601562,86.047584533691406,-122.3139460000,47.6322267100
,"6597",,,,"6597",Seattle Parks and Recreation,Thuja plicata,Western Red Cedar,"17",Seattle Parks and Recreation,Warren G. Magnuson Park,a09f898b-0299-4f16-85e3-a296a3669b23,61.524246215820312,89.481460571289062,86.610130310058594,-122.2612260000,47.6754616500
,"8283",,,,"8283",Seattle Parks and Recreation,Thuja plicata,Western Red Cedar,"1",Seattle Parks and Recreation,Van Asselt Playground,58f0dcfe-3357-4902-a51d-d5229e87c43b,62.350952148437507,88.756202697753906,86.107742309570327,-122.2930210000,47.5398385000
,"12392",,,,"12392",Seattle Parks and Recreation,Thuja plicata,Western Red Cedar,"62",Seattle Parks and Recreation,Schmitz Preserve Park,be9181bf-e38b-4bc4-aa5a-f2d8accac952,61.079132080078125,87.960197448730469,84.060287475585938,-122.4020500000,47.5769485600
,"12697",,,,"12697",Seattle Parks and Recreation,Thuja plicata,Western Red Cedar,"28",Seattle Parks and Recreation,Discovery Park Boulevard,e72ba83c-5e19-4d2a-9e97-fe6af65d90c3,58.566757202148438,88.415000915527344,82.434921264648438,-122.4063830000,47.6593553600
,"14235",,,,"14235",Seattle Parks and Recreation,Thuja plicata,Western Red Cedar,"22",Seattle Parks and Recreation,Mount Baker Park,7d855a9e-e760-4c36-9d7a-f607c51c9294,61.334774017333984,87.676795959472656,84.327430725097670,-122.2889510000,47.5818799200
,"15802",,,,"15802",Seattle Parks and Recreation,Thuja plicata,Western Red Cedar,"36",Seattle Parks and Recreation,Lincoln Park,aaa28b9d-5305-46be-9d62-9ea758e436ac,61.262935638427734,88.649032592773438,84.988746643066406,-122.3945630000,47.5289927800
,"17774",,,,"17774",Seattle Parks and Recreation,Thuja plicata,Western Red Cedar,"17",Seattle Parks and Recreation,Brighton Playfield,ccd65757-2961-45d4-ba78-d1d9cc6f5633,63.304267883300781,89.864700317382812,86.542343139648438,-122.2832510000,47.5490681700
,"17997",,,,"17997",Seattle Parks and Recreation,Thuja plicata,Western Red Cedar,"24",Seattle Parks and Recreation,Gas Works Park,da3eb5da-1e54-4baa-9384-d1a0403555f9,63.427711486816406,88.568473815917969,84.326667785644531,-122.3357520000,47.6460199300
TRE-1040968,,,,,TRE-1040968,Seattle Department of Transportation,Thuja plicata,Western Red Cedar,"17",Seattle Center,500 BROAD ST,4fe41e1c-c77d-4dd8-8a10-b5d9420a2f93,63.447315216064453,90.637535095214844,87.570480346679673,-122.3488140000,47.6203216700
,"12972",,,,"12972",Seattle Parks and Recreation,Thuja plicata,Western Red Cedar,"68",Seattle Parks and Recreation,Discovery Park,401f05a5-6f87-4db1-bd5e-2d10b0fceee5,59.358848571777344,89.485000610351562,85.155090332031250,-122.4100900000,47.6659297700
,"12526",,,,"12526",Seattle Parks and Recreation,Thuja plicata,Western Red Cedar,"39",Seattle Parks and Recreation,Discovery Park,964fc9fc-8765-4865-b764-215aa3f822d3,59.786365509033203,88.285667419433594,83.851119995117188,-122.4051800000,47.6580348400
,"29922",,,,"29922",Seattle Parks and Recreation,Thuja plicata 'Excelsa',Excelsa Arborvitae,"0",Seattle Parks and Recreation,Pendleton Miller Playfield,a8c605bf-8ff0-4267-890f-ede185315e6f,62.530555725097656,88.901138305664062,85.648414611816406,-122.3067010000,47.6227017500
TRE-6965,,,,,TRE-6965,Seattle Department of Transportation,Thuja plicata,Western Red Cedar,"39",Private,4540 8TH AVE NE,4a463ca0-dd60-4ff4-b282-95c969ce244f,63.511825561523438,88.520591735839844,85.923767089843750,-122.3195000000,47.6626932100
,"35950",,,,"35950",Seattle Parks and Recreation,Thuja plicata,Western Red Cedar,"22",Seattle Parks and Recreation,Greenwood Park,6d4879b0-b182-4941-a197-6dfd8ccb8f44,62.224800109863281,88.566879272460938,84.318405151367188,-122.3500780000,47.6927155600
,"3393",,,,"3393",Seattle Parks and Recreation,Thuja plicata,Western Red Cedar,"30",Seattle Parks and Recreation,Colman Park,8f695835-f83f-49cd-b779-83e894c9a3c9,61.290439605712891,88.852218627929673,84.998847961425781,-122.2870890000,47.5864097900
,"12028",,,,"12028",Seattle Parks and Recreation,Thuja plicata,Western Red Cedar,"34",Seattle Parks and Recreation,Interlaken Park,c6f7c946-c058-4614-9c05-f668d3efee8c,60.062534332275391,87.038894653320327,83.375549316406250,-122.3110240000,47.6364262800
,"14892",,,,"14892",Seattle Parks and Recreation,Thuja plicata,Western Red Cedar,"32",Seattle Parks and Recreation,Seward Park,dc793177-c2a8-4d65-b268-f70888503d50,,,,-122.2524540000,47.5617375400
,"17981",,,,"17981",Seattle Parks and Recreation,Thuja plicata,Western Red Cedar,"10",Seattle Parks and Recreation,Gas Works Park,36c61aa3-1e6e-44c8-a01a-3007db569dd1,63.379329681396491,88.353408813476562,84.146850585937500,-122.3354200000,47.6460446100
,"4284",,,,"4284",Seattle Parks and Recreation,Thuja plicata,Western Red Cedar,"25",Seattle Parks and Recreation,Warren G. Magnuson Park,6cc1d322-b107-46a0-a8f2-6cb31d658de8,61.171173095703125,89.459785461425781,87.004562377929673,-122.2613050000,47.6763174500
TRE-25956,,,,,TRE-25956,Seattle Department of Transportation,Thuja plicata,Western Red Cedar,"40",Private,2312 NE 92ND ST,cbf61fdf-dc90-4cc5-a064-c9de81badb6a,61.303543090820312,89.109077453613281,84.259246826171875,-122.3034690000,47.6957831100
TRE-85788,,,,,TRE-85788,Seattle Department of Transportation,Thuja plicata,Western Red Cedar,"30",Private,7712 46TH AVE S,d3cfc73b-5c4a-43e2-b3b6-6d9ca3ef1a25,63.337406158447266,89.212493896484375,86.640022277832031,-122.2752540000,47.5334983900
TRE-19898,,,,,TRE-19898,Seattle Department of Transportation,Thuja plicata,Western Red Cedar,"30",Private,3928 NE 105TH ST,e3fdea47-fc3f-4f95-a46c-4a6a2bb97085,60.305709838867188,89.282341003417969,85.036048889160156,-122.2855870000,47.7047866700
TRE-84305,,,,,TRE-84305,Seattle Department of Transportation,Thuja plicata,Western Red Cedar,"3",Private,6360 BEACH DR SW,597de867-5128-4675-953d-ba40c9173164,62.801239013671875,88.266166687011719,86.847053527832031,-122.3981000000,47.5450729500
,"4583",,,,"4583",Seattle Parks and Recreation,Thuja plicata,Western Red Cedar,"35",Seattle Parks and Recreation,Volunteer Park,c90a280e-0011-4bca-a366-81037ead5590,60.207355499267578,87.809715270996094,83.977691650390625,-122.3130350000,47.6306339800
,"20339",,,,"20339",Seattle Parks and Recreation,Thuja plicata,Western Red Cedar,"6",Seattle Parks and Recreation,Madison Park,c90b350d-f8d6-4460-bb1e-0a82a23df766,,,,-122.2765010000,47.6365289700
,"4574",,,,"4574",Seattle Parks and Recreation,Thuja plicata,Western Red Cedar,"34",Seattle Parks and Recreation,Volunteer Park,9356ad92-9c51-4660-a48a-302f739c08fa,60.234260559082031,87.980049133300781,84.095428466796875,-122.3131200000,47.6308351100
,"7103",,,,"7103",Seattle Parks and Recreation,Thuja plicata,Western Red Cedar,"19",Seattle Parks and Recreation,Woodland Park,1d928665-2519-4807-bb09-5808371704f0,59.863803863525391,87.518577575683594,84.128715515136719,-122.3461600000,47.6715516000
,"3432",,,,"3432",Seattle Parks and Recreation,Thuja plicata,Western Red Cedar,"12",Seattle Parks and Recreation,Colman Park,800031d6-c38a-4b29-af77-7cb601d90ba0,61.681926727294922,87.909118652343750,85.466796875000000,-122.2894830000,47.5872492700
,"26015",,,,"26015",Seattle Parks and Recreation,Thuja plicata,Western Red Cedar,"41",Seattle Parks and Recreation,Interlaken Park,199ba616-3c37-4d1e-a359-671f986448b9,59.857383728027344,86.825416564941406,83.498802185058594,-122.3063060000,47.6364392700
,"26230",,,,"26230",Seattle Parks and Recreation,Thuja plicata,Western Red Cedar,"2",Seattle Parks and Recreation,Riverview Playfield,8bba29b4-c35d-4b6d-a921-5ba869d50785,61.210044860839837,88.728851318359375,83.527114868164062,-122.3491320000,47.5390686400
,"27531",,,,"27531",Seattle Parks and Recreation,Thuja plicata,Western Red Cedar,"0",Seattle Parks and Recreation,Frink Park,bf5c9b26-2cba-4af9-81fa-58bee1d412ff,61.474273681640625,87.442611694335938,83.805259704589844,-122.2911030000,47.5996276900
,"13216",,,,"13216",Seattle Parks and Recreation,Thuja plicata,Western Red Cedar,"40",Seattle Parks and Recreation,Discovery Park,de3dff04-7da2-464b-9593-124198747b74,58.678104400634766,89.401168823242188,84.563499450683594,-122.4113660000,47.6668384800
,"34950",,,,"34950",Seattle Parks and Recreation,Thuja plicata,Western Red Cedar,"30",Seattle Parks and Recreation,Jefferson Park,36d0bb09-cbcf-413a-be49-ac8074510014,60.652027130126953,89.787605285644531,86.942481994628906,-122.3106260000,47.5671115100
,"35221",,,,"35221",Seattle Parks and Recreation,Thuja plicata,Western Red Cedar,"13",Seattle Parks and Recreation,Lincoln Park,461f076b-4793-49d3-b261-5859c39203b2,62.770797729492188,89.172569274902330,86.520874023437500,-122.3942640000,47.5366903600
,"35819",,,,"35819",Seattle Parks and Recreation,Thuja plicata,Western Red Cedar,"30",Seattle Parks and Recreation,Camp Long,acea65fd-f58a-4a20-8afc-d94e91609fbc,61.051681518554688,88.459457397460938,83.311401367187500,-122.3742120000,47.5561005600
,"4651",,,,"4651",Seattle Parks and Recreation,Thuja plicata,Western Red Cedar,"20",Seattle Parks and Recreation,Volunteer Park,0317ab28-c0e5-406c-8f17-d6bd2a76759a,60.227306365966797,88.964050292968750,85.489662170410156,-122.3126250000,47.6317508400
,"6409",,,,"6409",Seattle Parks and Recreation,Thuja plicata,Western Red Cedar,"8",Seattle Parks and Recreation,Gas Works Park,569609ff-98b6-45f5-8b30-267c53b764af,63.424770355224609,88.527305603027344,84.408187866210938,-122.3349700000,47.6461686100
,"12060",,,,"12060",Seattle Parks and Recreation,Thuja plicata,Western Red Cedar,"31",Seattle Parks and Recreation,Interlaken Park,e627dd55-2ce5-4f77-921e-43cebc0c528d,62.204841613769531,88.097785949707017,83.643173217773438,-122.3154510000,47.6400551700
,"13812",,,,"13812",Seattle Parks and Recreation,Thuja plicata,Western Red Cedar,"36",Seattle Parks and Recreation,Woodland Park,4de709ea-fd2a-4cac-9099-766cb41045e2,60.983444213867188,87.745132446289062,84.141365051269531,-122.3452770000,47.6670146400
,"14225",,,,"14225",Seattle Parks and Recreation,Thuja plicata,Western Red Cedar,"14",Seattle Parks and Recreation,Mount Baker Park,7e0b558e-2465-4674-baf5-b55f3c9b7b3e,61.637790679931641,87.502418518066406,84.112960815429673,-122.2891550000,47.5810439000
,"14889",,,,"14889",Seattle Parks and Recreation,Thuja plicata,Western Red Cedar,"36",Seattle Parks and Recreation,Seward Park,97742f39-a52c-44f3-849b-87c26744ce7d,,,,-122.2514760000,47.5618882600
,"15032",,,,"15032",Seattle Parks and Recreation,Thuja plicata,Western Red Cedar,"28",Seattle Parks and Recreation,Seward Park,52411f44-6f56-45e2-93b4-2567cf3060b4,60.411926269531250,90.067329406738281,83.739341735839844,-122.2539740000,47.5513454800
,"15865",,,,"15865",Seattle Parks and Recreation,Thuja plicata,Western Red Cedar,"35",Seattle Parks and Recreation,Lincoln Park,7200d390-16ad-449b-a33b-8421dbb42d96,60.583938598632812,90.045166015624986,83.810218811035156,-122.3971240000,47.5326875200
,"17980",,,,"17980",Seattle Parks and Recreation,Thuja plicata,Western Red Cedar,"10",Seattle Parks and Recreation,Gas Works Park,915c085a-799b-4ed3-b324-acfe087f91f6,63.379329681396491,88.353408813476562,84.146850585937500,-122.3354460000,47.6460601800
,"28010",,,,"28010",Seattle Parks and Recreation,Thuja plicata,Western Red Cedar,"14",Seattle Parks and Recreation,Daybreak Star,7aafcc33-9bc4-4c1f-beff-ab8903c63275,58.598167419433594,89.942779541015625,83.371772766113281,-122.4176810000,47.6674371900
,"8860",,,,"8860",Seattle Parks and Recreation,Thuja plicata,Western Red Cedar,"20",Seattle Parks and Recreation,Camp Long,8568d017-4482-464e-b2aa-dbc6cff30db3,61.257240295410163,88.506446838378906,84.223922729492188,-122.3741910000,47.5544844100
,"6383",,,,"6383",Seattle Parks and Recreation,Thuja plicata,Western Red Cedar,"32",Seattle Parks and Recreation,Gas Works Park,2055781d-eb25-44bd-9aa3-0991910b383a,63.553890228271491,88.643913269042983,84.537216186523438,-122.3345840000,47.6462852100
,"9159",,,,"9159",Seattle Parks and Recreation,Thuja plicata,Western Red Cedar,"32",Seattle Parks and Recreation,Bryant Playground,de096773-9b28-4393-b5a3-f970e1191b8d,61.905097961425781,89.269462585449219,85.745445251464844,-122.2837860000,47.6748808900
,"35365",,,,"35365",Seattle Parks and Recreation,Thuja plicata,Western Red Cedar,"36",Seattle Parks and Recreation,Lake Washington Boulevard,81850ef4-2c4c-4c6c-a5d3-832293228428,58.823726654052734,89.093589782714844,83.447433471679673,-122.2973820000,47.6378103500
,"24401",,,,"24401",Seattle Parks and Recreation,Thuja plicata,Western Red Cedar,"20",Seattle Parks and Recreation,Laurelhurst Playfield,d1187b51-f4bb-47fa-8826-88eab811ce27,62.084846496582031,88.646041870117188,85.128562927246094,-122.2777930000,47.6586465900
,"25250",,,,"25250",Seattle Parks and Recreation,Thuja plicata,Western Red Cedar,"3",Seattle Parks and Recreation,Kingfisher Natural Area on Thornton Creek,86a14846-391e-4a50-82c7-d258212cc8e4,60.086551666259766,86.018920898437500,82.845832824707017,-122.3077880000,47.7005489100
,"14219",,,,"14219",Seattle Parks and Recreation,Thuja plicata,Western Red Cedar,"24",Seattle Parks and Recreation,Mount Baker Park,8bf7dc1b-5e81-45ae-9d8e-6f0899f0feed,61.270088195800781,87.609092712402330,84.449981689453125,-122.2887680000,47.5811766700
,"23696",,,,"23696",Seattle Parks and Recreation,Thuja plicata,Western Red Cedar,"7",Seattle Parks and Recreation,Washington Park and Arboretum,3adb49b7-f717-4a6e-8a81-c0ce6bda92e8,59.510066986083984,88.627815246582031,84.374801635742188,-122.2971150000,47.6294418100
,"4771",,,,"4771",Seattle Parks and Recreation,Thuja plicata,Western Red Cedar,"2",Seattle Parks and Recreation,Colman Park,f9dce56c-46e6-41bb-8163-aecc61aa80f7,61.843322753906250,88.364578247070327,85.163169860839844,-122.2880820000,47.5864757300
,"5372",,,,"5372",Seattle Parks and Recreation,Thuja plicata,Western Red Cedar,"0",Seattle Parks and Recreation,Ravenna Park,da4377a4-f6fc-4ce4-bf44-a3ab2278f83b,60.640029907226562,88.727134704589844,85.584274291992188,-122.3035840000,47.6694382900
,"26702",,,,"26702",Seattle Parks and Recreation,Thuja plicata 'Zebrina',Zebrina Western Red Cedar,"30",Seattle Parks and Recreation,Warren G. Magnuson Park,f57eed19-79d3-4dfc-80fc-d42d5e2100af,62.454944610595703,89.930519104003906,87.475769042968750,-122.2615070000,47.6831287800
,"6444",,,,"6444",Seattle Parks and Recreation,Thuja plicata,Western Red Cedar,"5",Seattle Parks and Recreation,Gas Works Park,3e2e387a-843b-45a5-9eb4-461ee099e79e,63.419635772705078,88.311691284179673,84.176391601562500,-122.3350650000,47.6461433700
,"8067",,,,"8067",Seattle Parks and Recreation,Thuja plicata,Western Red Cedar,"1",Seattle Parks and Recreation,Matthews Beach Park,c0188435-0758-4840-a5c3-940174a87761,,,,-122.2718300000,47.6952925500
,"18790",,,,"18790",Seattle Parks and Recreation,Thuja plicata,Western Red Cedar,"30",Seattle Parks and Recreation,Discovery Park,99e94a4d-5c18-4bc7-909c-382d8d63184c,58.691455841064453,89.310424804687500,84.604606628417969,-122.4107390000,47.6660796200
,"8996",,,,"8996",Seattle Parks and Recreation,Thuja plicata,Western Red Cedar,"12",Seattle Parks and Recreation,Wallingford Playfield,1cc3d403-ff26-4e88-9980-84123b0df8d6,62.317214965820312,87.806365966796875,84.137924194335938,-122.3384730000,47.6588728000
,"11113",,,,"11113",Seattle Parks and Recreation,Thuja plicata,Western Red Cedar,"35",Seattle Parks and Recreation,Pendleton Miller Playfield,672d018f-059c-4a82-b4f0-48fc28568e08,62.624629974365234,88.695106506347670,85.451110839843750,-122.3071860000,47.6224264800
,"11514",,,,"11514",Seattle Parks and Recreation,Thuja plicata,Western Red Cedar,"41",Seattle Parks and Recreation,Carkeek Park,668bdb2c-b5a3-4d72-b4ce-622a50b46dff,57.516883850097656,89.899078369140625,83.753898620605469,-122.3753140000,47.7124209600
,"32423",,,,"32423",Seattle Parks and Recreation,Thuja plicata,Western Red Cedar,"33",Seattle Parks and Recreation,McGilvra Boulevard,aae93311-1c31-47a9-81dd-e9d9f378750b,62.128604888916016,89.071601867675781,86.638786315917969,-122.2816190000,47.6270836400
,"18150",,,,"18150",Seattle Parks and Recreation,Thuja plicata,Western Red Cedar,"7",Seattle Parks and Recreation,Mount Claire Park,eff17336-ff24-49ae-a32b-835ce7c36cd1,61.076793670654297,88.872161865234375,84.790679931640625,-122.2856620000,47.5796062000
,"11656",,,,"11656",Seattle Parks and Recreation,Thuja plicata,Western Red Cedar,"20",Seattle Parks and Recreation,Carkeek Park,d3882edd-7911-405e-9905-04ef7327b0cb,,,,-122.3779940000,47.7134837100
,"35062",,,,"35062",Seattle Parks and Recreation,Thuja plicata,Western Red Cedar,"29",Seattle Parks and Recreation,Kiwanis Memorial Preserve Park,fa18b2ad-f2f9-4cc0-b2aa-e4cfc1974edf,61.372592926025391,89.109947204589844,84.728828430175781,-122.4001120000,47.6604219700
,"19023",,,,"19023",Seattle Parks and Recreation,Thuja plicata,Western Red Cedar,"12",Seattle Parks and Recreation,Jackson Park Golf Course,83c6a114-cb40-449e-8ffa-e8982d07fe67,60.045486450195312,87.062026977539062,84.433921813964844,-122.3180850000,47.7253389200
,"14818",,,,"14818",Seattle Parks and Recreation,Thuja plicata,Western Red Cedar,"32",Seattle Parks and Recreation,Seward Park,78fb0e09-e875-477e-9d9b-59e613ae57ae,,,,-122.2474710000,47.5552491600
,"36208",,,,"36208",Seattle Parks and Recreation,Thuja plicata 'Zebrina',Zebrina Western Red Cedar,"12",Seattle Parks and Recreation,North Park Shops,fcdb63ad-183e-4c46-ae19-24d822238264,62.449203491210938,87.356674194335938,84.767852783203125,-122.3389450000,47.6877442500
,"5374",,,,"5374",Seattle Parks and Recreation,Thuja plicata,Western Red Cedar,"0",Seattle Parks and Recreation,Ravenna Park,7e013afa-2336-4ac0-8b86-5ea41fe08c0c,60.887516021728509,88.775535583496094,85.440422058105469,-122.3036500000,47.6692420000
,"7074",,,,"7074",Seattle Parks and Recreation,Thuja plicata,Western Red Cedar,"38",Seattle Parks and Recreation,Woodland Park,b12fc566-d0e8-4766-9f9e-ce18889ea25c,60.074420928955078,87.529685974121094,84.175300598144531,-122.3467070000,47.6710142500
,"13264",,,,"13264",Seattle Parks and Recreation,Thuja plicata,Western Red Cedar,"18",Seattle Parks and Recreation,Discovery Park,2a2be00e-7db6-4fa6-b424-ecb84c4f769a,58.924381256103509,89.386558532714844,84.748664855957017,-122.4104420000,47.6657870800
,"22745",,,,"22745",Seattle Parks and Recreation,Thuja plicata,Western Red Cedar,"20",Seattle Parks and Recreation,Oxbow Park,87d50993-552f-4f04-a89d-d2550bbbcef7,64.694709777832031,91.390495300292983,85.608474731445312,-122.3219730000,47.5452217700
,"19010",,,,"19010",Seattle Parks and Recreation,Thuja plicata,Western Red Cedar,"12",Seattle Parks and Recreation,Jackson Park Golf Course,75a6682e-1cd7-4362-b7a8-2b5f7552a122,59.975196838378906,87.089469909667969,84.218566894531250,-122.3181060000,47.7251753600
,"6363",,,,"6363",Seattle Parks and Recreation,Thuja plicata,Western Red Cedar,"15",Seattle Parks and Recreation,Gas Works Park,1536fdba-b4c2-403b-bf44-d92e6abc338f,63.622173309326165,88.635963439941406,84.638122558593750,-122.3344350000,47.6462982400
,"17998",,,,"17998",Seattle Parks and Recreation,Thuja plicata,Western Red Cedar,"13",Seattle Parks and Recreation,Gas Works Park,6258014c-8113-47c9-8fea-ce2e131ef8e5,63.427711486816406,88.568473815917969,84.326667785644531,-122.3357340000,47.6460423400
,"11960",,,,"11960",Seattle Parks and Recreation,Thuja plicata,Western Red Cedar,"44",Seattle Parks and Recreation,Interlaken Park,5aaa7683-edf0-4728-8ad8-ec14b0147059,60.181274414062493,87.000923156738281,83.314231872558594,-122.3109650000,47.6366810700
,"25076",,,,"25076",Seattle Parks and Recreation,Thuja plicata,Western Red Cedar,"21",Seattle Parks and Recreation,Thornton Creek Addition: North Branch,cc44b85a-dc3a-4ed8-8ad4-526f052b73d5,61.619174957275391,87.287300109863281,84.746154785156250,-122.3040120000,47.7197330400
,"8284",,,,"8284",Seattle Parks and Recreation,Thuja plicata,Western Red Cedar,"1",Seattle Parks and Recreation,Van Asselt Playground,85815f57-b3f0-4df4-91c7-df27fda3f1f4,62.350952148437507,88.756202697753906,86.107742309570327,-122.2930600000,47.5398389600
,"25629",,,,"25629",Seattle Parks and Recreation,Thuja plicata,Western Red Cedar,"17",Seattle Parks and Recreation,Carkeek Park,c99c7c41-ffcc-4900-92f4-ad0ca26776a5,56.915966033935547,89.432945251464844,82.858642578124986,-122.3716410000,47.7134499600
,"26237",,,,"26237",Seattle Parks and Recreation,Thuja plicata,Western Red Cedar,"40",Seattle Parks and Recreation,Warren G. Magnuson Park,dda638e9-8856-4939-aa46-093eabc4a07b,61.619682312011719,89.401657104492188,86.254920959472656,-122.2610300000,47.6750202300
,"15818",,,,"15818",Seattle Parks and Recreation,Thuja plicata,Western Red Cedar,"21",Seattle Parks and Recreation,Lincoln Park,1116705b-66ae-4a65-aeb2-44bb6812d5ce,62.876857757568359,88.746177673339844,86.476181030273438,-122.3940290000,47.5270607100
,"32383",,,,"32383",Seattle Parks and Recreation,Thuja plicata,Western Red Cedar,"18",Seattle Parks and Recreation,Lincoln Park,80041dcc-ca61-42f6-a01b-4e37095390be,60.433143615722656,89.996414184570327,83.770973205566406,-122.3979780000,47.5318406100
,"27561",,,,"27561",Seattle Parks and Recreation,Thuja plicata,Western Red Cedar,"0",Seattle Parks and Recreation,Dr. Jose Rizal Park,93fc4a00-c341-461e-9a62-76c2a8b61235,63.240192413330078,89.177124023437500,86.420143127441406,-122.3189720000,47.5919359300
,"21700",,,,"21700",Seattle Parks and Recreation,Thuja plicata,Western Red Cedar,"27",Seattle Parks and Recreation,Woodland Park,e618ab81-6e0b-4c61-849b-a1b3febea3ae,61.260276794433594,88.823814392089844,85.177932739257812,-122.3441040000,47.6659920300
,"13260",,,,"13260",Seattle Parks and Recreation,Thuja plicata,Western Red Cedar,"16",Seattle Parks and Recreation,Discovery Park,40b37bc5-82fe-446f-9735-24670909edc6,58.574420928955078,89.355697631835938,83.273483276367188,-122.4106650000,47.6653783000
,"6004",,,,"6004",Seattle Parks and Recreation,Thuja plicata,Western Red Cedar,"0",Seattle Parks and Recreation,Woodland Park,b7082b1f-3979-41fa-b7c5-dc0f8c46605c,61.293045043945312,86.895721435546875,84.017272949218750,-122.3463900000,47.6691581200
,"18360",,,,"18360",Seattle Parks and Recreation,Thuja plicata,Western Red Cedar,"10",Seattle Parks and Recreation,,cb6dd4dd-692f-482d-9d1f-6ecc37a378d6,61.396503448486328,87.622856140136719,84.710067749023438,-122.4036620000,47.6621531200
,"21001",,,,"21001",Seattle Parks and Recreation,Thuja plicata 'Zebrina',Zebrina Western Red Cedar,"36",Seattle Parks and Recreation,Colman Playground,c58d4f29-19c8-420f-9b5a-f941e970aa82,62.394165039062493,90.005783081054688,87.372131347656250,-122.3024720000,47.5870415500
,"32941",,,,"32941",Seattle Parks and Recreation,Thuja plicata,Western Red Cedar,"9",Seattle Parks and Recreation,Camp Long,12be9dae-f5f0-4793-a849-fc906f68d5a1,61.547897338867188,88.684768676757812,82.913482666015625,-122.3739980000,47.5582837200
,"5999",,,,"5999",Seattle Parks and Recreation,Thuja plicata,Western Red Cedar,"0",Seattle Parks and Recreation,Woodland Park,326d1388-4bc7-4a11-b70e-28739433d452,60.833744049072266,86.691040039062500,83.928016662597670,-122.3466710000,47.6695663900
,"6438",,,,"6438",Seattle Parks and Recreation,Thuja plicata,Western Red Cedar,"7",Seattle Parks and Recreation,Gas Works Park,8cd6574f-3f90-4882-96b5-e9abb5245e1f,63.419635772705078,88.311691284179673,84.176391601562500,-122.3350720000,47.6461079100
,"28020",,,,"28020",Seattle Parks and Recreation,Thuja plicata,Western Red Cedar,"14",Seattle Parks and Recreation,Daybreak Star,975aa4e7-1535-4a9c-9065-ee0bdbffa981,58.003417968750000,90.119758605957017,83.330116271972656,-122.4185450000,47.6670798500
,"18397",,,,"18397",Seattle Parks and Recreation,Thuja plicata,Western Red Cedar,"15",Seattle Parks and Recreation,,29213a55-30bb-499b-94b4-dc6193663bd8,62.732685089111328,88.636848449707017,85.168014526367188,-122.4037050000,47.6642755500
,"11893",,,,"11893",Seattle Parks and Recreation,Thuja plicata,Western Red Cedar,"37",Seattle Parks and Recreation,Interlaken Park,e31919a1-026c-46ad-b8a1-6031f715b8ab,60.103538513183594,88.160278320312500,83.869918823242188,-122.3081260000,47.6330665200
,"13918",,,,"13918",Seattle Parks and Recreation,Thuja plicata,Western Red Cedar,"40",Seattle Parks and Recreation,Woodland Park,3b20b814-35e4-466b-8b8e-82ec1dd037f2,61.150844573974609,89.011619567871094,85.110557556152330,-122.3448300000,47.6658687400
TRE-45930,,,,,TRE-45930,Seattle Department of Transportation,Thuja plicata,Western Red Cedar,"23",Private,433 31ST AVE E,0e8f72f6-14ec-48ec-b09f-92f1a74abdc1,60.773090362548835,87.793937683105469,84.906211853027344,-122.2923730000,47.6236117200
TRE-56654,,,,,TRE-56654,Seattle Department of Transportation,Thuja plicata,Western Red Cedar,"28",Private,1503 31ST AVE,cfc9727d-6294-44d7-bbd3-af94744ea3c8,62.114421844482422,88.320098876953125,84.830390930175781,-122.2929310000,47.6141691800
TRE-80657,,,,,TRE-80657,Seattle Department of Transportation,Thuja plicata,Western Red Cedar,"21",Private,5446 45TH AV SW,4ec754de-e7e4-4c50-88ee-e5d3325c2ff7,63.075630187988281,88.642738342285156,85.880775451660156,-122.3897530000,47.5525444900
,"12685",,,,"12685",Seattle Parks and Recreation,Thuja plicata,Western Red Cedar,"21",Seattle Parks and Recreation,Discovery Park Boulevard,a3c8e6a1-a3b4-468d-b53c-225ef1f19fc5,59.746452331542969,88.314781188964844,83.698402404785156,-122.4048650000,47.6584396000
,"24184",,,,"24184",Seattle Parks and Recreation,Thuja plicata,Western Red Cedar,"38",Seattle Parks and Recreation,Ravenna Park,f08bee15-ead2-44bf-b722-3b9fb554fba0,60.938838958740234,87.954849243164062,84.495193481445312,-122.3056820000,47.6705676400
,"28009",,,,"28009",Seattle Parks and Recreation,Thuja plicata,Western Red Cedar,"12",Seattle Parks and Recreation,Daybreak Star,8692055d-f44d-4fc4-b0fb-09cca71f7906,58.790870666503906,89.980888366699219,83.340965270996094,-122.4179150000,47.6674753800
,"32478",,,,"32478",Seattle Parks and Recreation,Thuja plicata,Western Red Cedar,"32",Seattle Parks and Recreation,Jackson Park Golf Course,9961c0fa-1a7f-44aa-945e-78003242ceb3,59.683742523193359,89.360893249511719,86.358551025390625,-122.3160680000,47.7293707400
,"33631",,,,"33631",Seattle Parks and Recreation,Thuja plicata,Western Red Cedar,"9",Seattle Parks and Recreation,Carkeek Park,509ed2cb-49f1-4528-b924-a9297b5a187d,56.786792755126953,89.329063415527344,82.041946411132812,-122.3667140000,47.7111326200
,"13830",,,,"13830",Seattle Parks and Recreation,Thuja plicata,Western Red Cedar,"17",Seattle Parks and Recreation,Woodland Park,d75291e8-8dd2-4f83-8450-dfcf6d8f7931,61.048290252685547,87.379653930664062,84.132949829101562,-122.3445870000,47.6690147700
,"34611",,,,"34611",Seattle Parks and Recreation,Thuja plicata,Western Red Cedar,"20",Seattle Parks and Recreation,Ravenna Park,b10f6499-41f7-466f-bee9-b0b06a2cfd1a,61.629146575927734,87.722000122070327,85.221260070800781,-122.3106640000,47.6735031600
,"9314",,,,"9314",Seattle Parks and Recreation,Thuja plicata,Western Red Cedar,"9",Seattle Parks and Recreation,Bryant Playground,9df352b9-b008-4c8f-9ee0-ad1361dbb7c3,61.799839019775391,89.220939636230469,85.820747375488281,-122.2843010000,47.6750255500
,"12403",,,,"12403",Seattle Parks and Recreation,Thuja plicata,Western Red Cedar,"78",Seattle Parks and Recreation,Schmitz Preserve Park,53e0c65e-7932-403e-b118-88182c4eb4cb,61.050426483154297,87.699684143066406,84.094223022460938,-122.4019750000,47.5762807800
,"2656",,,,"2656",Seattle Parks and Recreation,Thuja plicata,Western Red Cedar,"16",Seattle Parks and Recreation,Lincoln Park,42f3adc6-b18c-42a6-8ac4-405642c6b632,60.450187683105469,89.865051269531250,83.845024108886719,-122.3988460000,47.5299027300
,"11406",,,,"11406",Seattle Parks and Recreation,Thuja plicata,Western Red Cedar,"32",Seattle Parks and Recreation,Carkeek Park,e01f1ae1-6eb8-4168-a8c9-120bd53eaac3,56.478050231933594,89.560432434082031,82.276885986328125,-122.3683730000,47.7118317700
,"12087",,,,"12087",Seattle Parks and Recreation,Thuja plicata,Western Red Cedar,"17",Seattle Parks and Recreation,Interlaken Park,850ab9c5-af4a-4aa0-b6ba-d6c032203215,59.904960632324219,89.645523071289062,84.635696411132812,-122.3024660000,47.6347244000
,"29679",,,,"29679",Seattle Parks and Recreation,Thuja plicata,Western Red Cedar,"2",Seattle Parks and Recreation,Langston Hughes Cultural Arts,0e99e370-1db9-412b-b343-03e80ec8ca48,64.466331481933594,90.709518432617188,87.398582458496094,-122.3091440000,47.6011144600
,"30702",,,,"30702",Seattle Parks and Recreation,Thuja plicata,Western Red Cedar,"0",Seattle Parks and Recreation,Othello Park,18056199-1eee-4e8a-8fa7-78161f8bd7b2,63.230865478515625,90.311050415039062,86.900100708007812,-122.2790400000,47.5357700100
,"34902",,,,"34902",Seattle Parks and Recreation,Thuja plicata,Western Red Cedar,"15",Seattle Parks and Recreation,Burke-Gilman Trail,5741f2a9-91d2-4372-a159-77b0ea1e5375,,,,-122.2784030000,47.7166924900
,"6033",,,,"6033",Seattle Parks and Recreation,Thuja plicata,Western Red Cedar,"0",Seattle Parks and Recreation,Woodland Park,252ca20a-b1f1-4d16-b835-b44fbbabdb8f,59.840370178222656,87.719009399414062,84.038810729980469,-122.3455230000,47.6714617700
,"6975",,,,"6975",Seattle Parks and Recreation,Thuja plicata,Western Red Cedar,"8",Seattle Parks and Recreation,Carkeek Park,00b6a644-194e-4b8c-b15c-f282d7dcd30b,56.536430358886719,89.541091918945312,81.468185424804688,-122.3708950000,47.7119849200
,"12515",,,,"12515",Seattle Parks and Recreation,Thuja plicata,Western Red Cedar,"19",Seattle Parks and Recreation,Discovery Park,433b5898-5a12-4405-95ba-6e210395f10d,59.722110748291016,88.268547058105469,83.614540100097670,-122.4054000000,47.6580210400
,"27559",,,,"27559",Seattle Parks and Recreation,Thuja plicata,Western Red Cedar,"0",Seattle Parks and Recreation,Cheasty GS: Cheasty Blvd,f4fcf009-db7e-4df1-a025-1d89dfb5d64e,62.143051147460938,89.127655029296875,84.573623657226562,-122.3009880000,47.5621295900
,"12385",,,,"12385",Seattle Parks and Recreation,Thuja plicata,Western Red Cedar,"33",Seattle Parks and Recreation,Schmitz Preserve Park,c3a43d1b-f60c-4e6a-86cd-9455a597ef87,61.154953002929688,87.954521179199219,84.122230529785156,-122.4025980000,47.5761780800
,"17752",,,,"17752",Seattle Parks and Recreation,Thuja plicata,Western Red Cedar,"17",Seattle Parks and Recreation,Brighton Playfield,1828e4e7-e92f-47ce-8554-3ef92801b472,63.318489074707031,89.830039978027344,86.490158081054688,-122.2831130000,47.5491294400
TRE-16113,,,,,TRE-16113,Seattle Department of Transportation,Thuja plicata,Western Red Cedar,"24",Private,4012 NW 41ST ST,5af5d303-19da-4f04-9573-b51f38ca1a19,61.634048461914062,87.157760620117188,83.748016357421875,-122.3562490000,47.6563069500
TRE-48566,,,,,TRE-48566,Seattle Department of Transportation,Thuja plicata,Western Red Cedar,"12",Seattle Department of Transportation,16TH AVE E AND E HARRISON ST,a529626c-bf5d-4da0-9005-a16ce05f6832,63.305202484130859,88.931709289550781,85.850028991699219,-122.3113920000,47.6220981600
,"30429",,,,"30429",Seattle Parks and Recreation,Thuja plicata,Western Red Cedar,"22",Seattle Parks and Recreation,Woodland Park,2f96977e-f34f-45ed-968e-a947d6ed2045,60.784862518310547,88.994873046875014,84.779449462890625,-122.3451390000,47.6661821900
,"7097",,,,"7097",Seattle Parks and Recreation,Thuja plicata,Western Red Cedar,"2",Seattle Parks and Recreation,Woodland Park,339fc665-3ff6-4946-9148-4ebe574d4454,59.863430023193359,87.523490905761719,84.031692504882812,-122.3460310000,47.6714821400
,"11923",,,,"11923",Seattle Parks and Recreation,Thuja plicata,Western Red Cedar,"23",Seattle Parks and Recreation,Interlaken Park,537fdbf5-af35-452d-ab10-33230a68bb1a,59.340351104736328,88.393463134765625,83.539588928222656,-122.3072640000,47.6347324200
,"6433",,,,"6433",Seattle Parks and Recreation,Thuja plicata,Western Red Cedar,"5",Seattle Parks and Recreation,Gas Works Park,adfaaed9-c16b-4a25-90a7-c064e8c31eeb,63.419635772705078,88.311691284179673,84.176391601562500,-122.3350520000,47.6461485200
,"28019",,,,"28019",Seattle Parks and Recreation,Thuja plicata,Western Red Cedar,"14",Seattle Parks and Recreation,Daybreak Star,a5d904a6-8a62-431e-9455-1a0b133acb58,57.739933013916016,90.111915588378906,83.276908874511719,-122.4182830000,47.6669602800
,"6392",,,,"6392",Seattle Parks and Recreation,Thuja plicata,Western Red Cedar,"7",Seattle Parks and Recreation,Gas Works Park,cecc648e-4699-4d07-98b4-c2ba7249b338,63.551738739013672,88.413063049316406,84.308891296386719,-122.3346510000,47.6462185800
,"26214",,,,"26214",Seattle Parks and Recreation,Thuja plicata,Western Red Cedar,"18",Seattle Parks and Recreation,Warren G. Magnuson Park,5d2b9335-46b9-4ba4-90be-21c1242b6ecf,61.338722229003906,89.501571655273438,86.719444274902330,-122.2612240000,47.6756404000
TRE-16068,,,,,TRE-16068,Seattle Department of Transportation,Thuja plicata,Western Red Cedar,"32",Private,206 N 41ST ST,4440514e-ee39-48c9-8c25-c3704b612ca4,61.622619628906250,87.025085449218750,83.775352478027344,-122.3561010000,47.6564103700
TRE-46666,,,,,TRE-46666,Seattle Department of Transportation,Thuja plicata,Western Red Cedar,"23",Private,1508 E PROSPECT ST,f74a831c-c3b9-4dcf-a37d-9a515d2d6454,62.420211791992188,87.177383422851562,83.527679443359375,-122.3121130000,47.6287529800
TRE-9981,,,,,TRE-9981,Seattle Department of Transportation,Thuja plicata,Western Red Cedar,"28",Private,1611 NE 63RD ST,1d125585-2e83-4232-aa1d-4e20a14da0d8,62.058105468750000,87.928672790527344,85.081047058105469,-122.3102460000,47.6747138000
TRE-19852,,,,,TRE-19852,Seattle Department of Transportation,Thuja plicata,Western Red Cedar,"12",Private,11039 40TH AV NE,35611929-b517-4301-9a8d-88cb79e5ebb4,60.057613372802734,87.788261413574219,84.754745483398438,-122.2854540000,47.7094908300
TRE-66895,,,,,TRE-66895,Seattle Department of Transportation,Thuja plicata,Western Red Cedar,"31",Private,7711 44TH AV NE,ecec2088-34fd-46d8-b7b4-2d5608719d4f,62.199966430664062,89.587768554687500,85.423324584960938,-122.2811430000,47.6852902200
TRE-15839,,,,,TRE-15839,Seattle Department of Transportation,Thuja plicata,Western Red Cedar,"34",Private,4320 PALATINE AV N,3717a717-bda0-41ce-a70b-f660c8e3001f,62.356113433837891,87.736480712890625,84.552841186523438,-122.3560570000,47.6602854500
TRE-44873,,,,,TRE-44873,Seattle Department of Transportation,Thuja plicata,Western Red Cedar,"26",Private,735 BELMONT AVE E,94298f13-4338-4a8e-956f-911166262574,63.361183166503906,88.831161499023438,85.261726379394531,-122.3252650000,47.6261154100
,"24426",,,,"24426",Seattle Parks and Recreation,Thuja plicata,Western Red Cedar,"13",Seattle Parks and Recreation,Genesee Park and Playfield,ad3d5e74-9d9c-43e9-9707-ce7506597bd6,62.615295410156250,88.656692504882812,86.879760742187500,-122.2826180000,47.5609066600
,"30437",,,,"30437",Seattle Parks and Recreation,Thuja plicata,Western Red Cedar,"26",Seattle Parks and Recreation,Woodland Park,5a613e9f-7012-45ed-be15-30f27301a578,60.963657379150391,87.801086425781250,84.079841613769531,-122.3448960000,47.6671919800
,"13268",,,,"13268",Seattle Parks and Recreation,Thuja plicata,Western Red Cedar,"39",Seattle Parks and Recreation,Discovery Park,085b198d-21e8-400e-b216-86300d0cbf74,58.606197357177734,89.420097351074219,84.087348937988281,-122.4107530000,47.6657328400
,"33302",,,,"33302",Seattle Parks and Recreation,Thuja plicata,Western Red Cedar,"14",Seattle Parks and Recreation,Camp Long,36a2e743-79ea-47ed-a706-077c08a03a95,61.230693817138672,88.506759643554688,83.596679687500000,-122.3745110000,47.5566517800
,"17771",,,,"17771",Seattle Parks and Recreation,Thuja plicata,Western Red Cedar,"17",Seattle Parks and Recreation,Brighton Playfield,8df6f1b6-8eb6-4ffc-84b0-05a83aa8bb5f,63.328094482421875,89.819313049316406,86.540199279785156,-122.2832410000,47.5490039400
,"19948",,,,"19948",Seattle Parks and Recreation,Thuja plicata,Western Red Cedar,"12",Seattle Parks and Recreation,Interlaken Park,e000206c-02c6-4927-9be9-f5c2d50dd36f,60.388446807861328,89.341361999511719,84.268463134765625,-122.3033520000,47.6358941200
,"27514",,,,"27514",Seattle Parks and Recreation,Thuja plicata,Western Red Cedar,"2",Seattle Parks and Recreation,Jefferson Park,9e1d9219-6986-46d9-a06f-28a9e3d206fb,60.877231597900391,90.160049438476562,87.401824951171875,-122.3125210000,47.5665447400
,"36331",,,,"36331",Seattle Parks and Recreation,Thuja plicata,Western Red Cedar,"25",Seattle Parks and Recreation,Hamilton Viewpoint Park,d1afe5fc-5491-45f7-850c-b43be4949c36,62.453727722167969,88.716308593750000,87.037750244140625,-122.3871770000,47.5944762000
TRE-84313,,,,,TRE-84313,Seattle Department of Transportation,Thuja plicata,Western Red Cedar,"2",Private,6360 BEACH DR SW,669e8e94-51ab-4a9c-99d5-0051f82b5e2b,62.813304901123047,88.264991760253906,86.800178527832031,-122.3981130000,47.5451111600
TRE-1040966,,,,,TRE-1040966,Seattle Department of Transportation,Thuja plicata,Western Red Cedar,"16",Seattle Center,500 BROAD ST,012c72bd-41a4-4315-8d47-f5c43a01be0c,63.446731567382812,90.645431518554688,87.479278564453125,-122.3489140000,47.6203246700
TRE-57258,,,,,TRE-57258,Seattle Department of Transportation,Thuja plicata,Western Red Cedar,"36",Private,800 M L KING JR WAY,1b64f2eb-2439-472e-a4fe-b959fca46a75,61.727161407470703,87.618820190429673,84.698944091796875,-122.2960020000,47.6090618600
TRE-45921,,,,,TRE-45921,Seattle Department of Transportation,Thuja plicata,Western Red Cedar,"30",Private,433 21ST AVE E,c0f68ebe-9bf2-4a0f-809e-ef54c6008f8f,60.785858154296875,87.794151306152330,84.917564392089844,-122.2924550000,47.6236114400
TRE-18146,,,,,TRE-18146,Seattle Department of Transportation,Thuja plicata,Western Red Cedar,"26",Private,420 NW PUGET DR,57524c2c-0a89-4b32-85cd-5bcf3ec6a189,60.024955749511719,87.628631591796875,84.510742187500000,-122.3628260000,47.7089952200
TRE-52157,,,,,TRE-52157,Seattle Department of Transportation,Thuja plicata,Western Red Cedar,"33",Private,202 NW 70TH ST,4be61ec4-8d5c-40c2-8756-dafedd5e75f6,61.487060546875000,86.180625915527344,82.980712890624986,-122.3597370000,47.6796140700
TRE-64884,,,,,TRE-64884,Seattle Department of Transportation,Thuja plicata,Western Red Cedar,"45",Private,8311 21ST AV NE,eba2f527-d205-46d6-a29a-d6cd895aff7a,62.318191528320312,87.905731201171875,85.189521789550781,-122.3058030000,47.6901705500
TRE-73557,,,,,TRE-73557,Seattle Department of Transportation,Thuja plicata,Western Red Cedar,"21",Private,2619 46TH AV SW,8a608184-d654-45fb-ba5b-288c23669756,62.432312011718750,89.332191467285156,86.801765441894531,-122.3893700000,47.5805351200
TRE-61488,,,,,TRE-61488,Seattle Department of Transportation,Thuja plicata,Western Red Cedar,"52",Private,7719 LINDEN AVE N,45d44073-50a2-4a19-9c00-54f96cb509ce,62.430339813232422,87.279136657714844,83.424827575683594,-122.3473140000,47.6853543400
TRE-72739,,,,,TRE-72739,Seattle Department of Transportation,Thuja plicata,Western Red Cedar,"21",Private,2201 WALNUT AV SW,dac1ccec-b79f-4c64-81d4-8f4a2f71f9cc,61.638195037841797,88.455551147460938,84.537376403808594,-122.3827850000,47.5839429100
TRE-48550,,,,,TRE-48550,Seattle Department of Transportation,Thuja plicata,Western Red Cedar,"20",Seattle Department of Transportation,E MERCER ST AND 16TH AVE E,5cdce42f-5dc9-4842-98b2-51c857c5b362,62.485507965087891,88.580848693847670,85.693199157714844,-122.3113220000,47.6244477000
TRE-60234,,,,,TRE-60234,Seattle Department of Transportation,Thuja plicata,Western Red Cedar,"32",Private,627 35TH AV,6a347a60-e124-4dbf-aeb7-2f6bc14a91d7,62.687271118164062,88.864875793457017,85.955375671386719,-122.2884140000,47.6076545000
TRE-13439,,,,,TRE-13439,Seattle Department of Transportation,Thuja plicata,Western Red Cedar,"9",Seattle Department of Transportation,5800 SAND POINT WY NE,afe1a1f8-50c5-481d-8773-e084529e2b18,62.463855743408203,88.422012329101562,85.480781555175781,-122.2689630000,47.6715343500
TRE-42324,,,,,TRE-42324,Seattle Department of Transportation,Thuja plicata,Western Red Cedar,"29",Private,1244 3RD AV N,dd516f61-78e3-4914-8faa-0185932515c4,63.249591827392578,89.044548034667969,85.071426391601562,-122.3512720000,47.6311029300
TRE-48544,,,,,TRE-48544,Seattle Department of Transportation,Thuja plicata,Western Red Cedar,"11",Private,16TH AVE E AND E ROY ST,6c8cefad-88c9-488f-be0d-ca2e3e4d03ee,62.134532928466797,88.269386291503906,84.511878967285156,-122.3113050000,47.6252545500
TRE-21779,,,,,TRE-21779,Seattle Department of Transportation,Thuja plicata,Western Red Cedar,"9",Private,3927 WOODLAND PARK AVE N,0b371f81-19a6-442f-9c98-b048246134e6,61.945503234863281,87.907325744628906,85.513740539550781,-122.3447670000,47.6548914800
TRE-96266,,,,,TRE-96266,Seattle Department of Transportation,Thuja plicata,Western Red Cedar,"2",Private,2302 NE 89 ST,e22039e9-bad3-4a47-b1e1-232705ae0b55,61.641925811767578,88.920890808105469,83.752883911132812,-122.3040350000,47.6935136800
TRE-73522,,,,,TRE-73522,Seattle Department of Transportation,Thuja plicata,Western Red Cedar,"20",Private,2619 46TH AV SW,db5789f9-50ef-4bba-a4bd-5dd0b1b05a53,62.451698303222656,89.376655578613281,86.772323608398438,-122.3893650000,47.5806366500
TRE-96263,,,,,TRE-96263,Seattle Department of Transportation,Thuja plicata,Western Red Cedar,"2",Private,2302 NE 89 ST,08181e20-82f4-442d-a54d-9f2adb675cc3,61.896366119384766,88.968078613281250,83.879386901855469,-122.3040430000,47.6932475900
TRE-59526,,,,,TRE-59526,Seattle Department of Transportation,Thuja plicata,Western Red Cedar,"13",Private,316 20TH AVE,bff5e614-fc14-4045-b0ce-46e18835eafa,62.399600982666016,88.603607177734375,84.875679016113281,-122.3062790000,47.6049349100
TRE-61287,,,,,TRE-61287,Seattle Department of Transportation,Thuja plicata,Western Red Cedar,"39",Private,914 N 81ST ST,e09ffac1-0784-4c9c-bb25-34eeea0dbe8c,62.193645477294922,87.433654785156250,84.253921508789062,-122.3462860000,47.6877178900
TRE-22987,,,,,TRE-22987,Seattle Department of Transportation,Thuja plicata,Western Red Cedar,"20",Private,9000 2ND AV NW,24ede9fa-9d4e-4181-8a04-15e339b1a6d1,62.447124481201165,88.616195678710938,85.236526489257812,-122.3592970000,47.6948875500
TRE-48701,,,,,TRE-48701,Seattle Department of Transportation,Thuja plicata,Western Red Cedar,"45",Private,1403 38TH AV E,034c164d-eae1-4a6d-b282-8d0d0c98375b,60.542060852050781,89.383209228515625,85.870536804199219,-122.2843320000,47.6310682800
TRE-6002,,,,,TRE-6002,Seattle Department of Transportation,Thuja plicata,Western Red Cedar,"42",Private,6403 9TH AV NE,9fb76834-f688-4277-9028-897417656c2a,63.217658996582031,88.045257568359375,86.000022888183594,-122.3187960000,47.6751455600
TRE-64778,,,,,TRE-64778,Seattle Department of Transportation,Thuja plicata,Western Red Cedar,"11",Private,3100 NE 82ND ST,209432fc-011e-451a-bb8d-9ba2d7c1869b,62.016212463378906,88.112937927246094,84.757972717285156,-122.2947790000,47.6881849300
TRE-25675,,,,,TRE-25675,Seattle Department of Transportation,Thuja plicata,Western Red Cedar,"24",Private,2328 NE 104TH ST,cc1ba64b-dc21-4b85-b4ea-5adde97f52cc,61.625331878662109,88.664810180664062,84.375053405761719,-122.3029220000,47.7043148700
TRE-84307,,,,,TRE-84307,Seattle Department of Transportation,Thuja plicata,Western Red Cedar,"2",Private,6360 BEACH DR SW,dad5996b-48c6-4a9f-b7ca-4ea28459a054,62.801239013671875,88.266166687011719,86.847053527832031,-122.3981040000,47.5450811200
TRE-75913,,,,,TRE-75913,Seattle Department of Transportation,Thuja plicata,Western Red Cedar,"25",Private,3400 WALNUT AV SW,ed5dca64-156d-4aac-b1af-851bf5fc5762,62.432762145996094,90.280464172363281,86.482353210449219,-122.3831970000,47.5731226700
TRE-79305,,,,,TRE-79305,Seattle Department of Transportation,Thuja plicata,Western Red Cedar,"26",Private,4113 37TH AV S,7c52dd9b-e8b2-4f10-9200-6dd28541c1a3,63.167400360107422,90.278945922851562,87.576095581054688,-122.2861680000,47.5656623700
TRE-71927,,,,,TRE-71927,Seattle Department of Transportation,Thuja plicata,Western Red Cedar,"15",Private,1544 PALM AV SW,054bc5e0-4844-4a1e-9baa-2fceca9ff6c7,62.676181793212891,88.941436767578125,85.338760375976562,-122.3835570000,47.5894411700
TRE-57112,,,,,TRE-57112,Seattle Department of Transportation,Thuja plicata,Western Red Cedar,"28",Private,932 27TH AVE,4422e9b9-19a1-480f-b0d5-e2ae8f2ff51e,61.646240234375000,87.583267211914062,84.592445373535156,-122.2974820000,47.6110205000
TRE-15835,,,,,TRE-15835,Seattle Department of Transportation,Thuja plicata,Western Red Cedar,"36",Private,4317 PALATINE AV N,f901c560-19b0-48fc-8f74-71c1864886df,62.299484252929688,87.730712890624986,84.554931640624986,-122.3561910000,47.6600632800
TRE-17763,,,,,TRE-17763,Seattle Department of Transportation,Thuja plicata,Western Red Cedar,"60",Private,13563 22ND AV NE,e0dacbf4-f4b3-4497-abe3-85b4a46b179c,60.924625396728509,86.795104980468750,84.442916870117188,-122.3061420000,47.7283096300
TRE-48543,,,,,TRE-48543,Seattle Department of Transportation,Thuja plicata,Western Red Cedar,"20",Private,16TH AVE E AND E ROY ST,2feb6d2a-0e3b-4fda-81c4-4e9e40465935,62.134532928466797,88.269386291503906,84.511878967285156,-122.3113230000,47.6252751900
TRE-8981,,,,,TRE-8981,Seattle Department of Transportation,Thuja plicata,Western Red Cedar,"38",Private,2701 NE 62ND ST,9a374f80-d12e-42aa-a4a1-9858a9d2933f,61.894664764404297,88.128646850585938,84.677055358886719,-122.2981060000,47.6739270700
TRE-19664,,,,,TRE-19664,Seattle Department of Transportation,Thuja plicata,Western Red Cedar,"38",Private,12303 38TH AV NE,41ee5ff1-facf-4eb0-a550-013e0f6f826c,62.387882232666016,86.406982421875014,83.649009704589844,-122.2877600000,47.7174049300
TRE-73486,,,,,TRE-73486,Seattle Department of Transportation,Thuja plicata,Western Red Cedar,"21",Private,2649 49TH AV SW,173a10e0-d2fd-4a62-9840-11d1fb0663e2,61.263278961181641,88.316902160644531,85.621475219726562,-122.3942230000,47.5797858500
TRE-1040974,,,,,TRE-1040974,Seattle Department of Transportation,Thuja plicata,Western Red Cedar,"17",Seattle Center,500 BROAD ST,f7280971-dfda-4ecd-a8e9-e82050011c4c,63.410816192626953,90.767265319824219,87.721359252929673,-122.3486140000,47.6205146700
TRE-11572,,,,,TRE-11572,Seattle Department of Transportation,Thuja plicata,Western Red Cedar,"13",Seattle Department of Transportation,5500 SAND POINT WY NE,ffae6ff9-6ffd-4101-9eb2-5249c3ff2042,62.308155059814453,88.725341796875014,85.126121520996094,-122.2729050000,47.6687552300
TRE-25508,,,,,TRE-25508,Seattle Department of Transportation,Thuja plicata,Western Red Cedar,"20",Private,3203 NE 104TH ST,a532a977-e0a1-433d-a34e-d9efb98d6907,60.055950164794922,89.212867736816406,84.498146057128906,-122.2940530000,47.7036263000
TRE-19344,,,,,TRE-19344,Seattle Department of Transportation,Thuja plicata,Western Red Cedar,"32",Private,11038 28TH AV NE,931813b7-13ae-4a24-8d28-37d6ebb67b48,61.219554901123047,87.464942932128906,84.857231140136719,-122.2978720000,47.7094636000
TRE-25292,,,,,TRE-25292,Seattle Department of Transportation,Thuja plicata,Western Red Cedar,"35",Private,2701 NE 94TH ST,ea161a5d-5842-4903-aa43-0e74c5268570,61.978015899658203,88.221611022949219,84.185173034667969,-122.2984810000,47.6965609800
TRE-46277,,,,,TRE-46277,Seattle Department of Transportation,Thuja plicata,Western Red Cedar,"56",Private,1812 30TH AVE,c3f10d1c-b886-4120-b369-04ca2f986755,62.306331634521491,88.801933288574219,85.088371276855469,-122.2934600000,47.6181245600
TRE-46584,,,,,TRE-46584,Seattle Department of Transportation,Thuja plicata,Western Red Cedar,"43",Private,1203 20TH AVE E,444e2ef3-1fa0-42db-a5e1-8cf788ff9a1a,61.843917846679688,88.292480468750000,84.077812194824219,-122.3064490000,47.6306569000
TRE-48542,,,,,TRE-48542,Seattle Department of Transportation,Thuja plicata,Western Red Cedar,"18",Private,16TH AVE E AND E ROY ST,62ac62b9-aef5-4c59-8d9f-4d767a298235,62.134532928466797,88.269386291503906,84.511878967285156,-122.3113400000,47.6252602900
TRE-11579,,,,,TRE-11579,Seattle Department of Transportation,Thuja plicata,Western Red Cedar,"10",Seattle Department of Transportation,5500 SAND POINT WY NE,4eb9e27b-dcc9-432d-878f-3b9e4da0059c,62.180648803710938,88.797088623046875,85.128936767578125,-122.2723010000,47.6691616400
TRE-61723,,,,,TRE-61723,Seattle Department of Transportation,Thuja plicata,Western Red Cedar,"56",Private,514 N 74TH ST,c9f5218b-08aa-41b1-b009-18c8b348d1ce,61.774578094482422,86.367378234863281,82.900039672851562,-122.3518810000,47.6826062400
TRE-72142,,,,,TRE-72142,Seattle Department of Transportation,Thuja plicata,Western Red Cedar,"23",Private,2106 42ND AV SW,58037186-e4a7-4a90-bb0a-9dc2e26c8fbd,62.342163085937507,88.816192626953125,85.518798828124986,-122.3849510000,47.5850869800
TRE-19792,,,,,TRE-19792,Seattle Department of Transportation,Thuja plicata,Western Red Cedar,"24",Private,11308 SAND POINT WY NE,fc0e7db4-6ae7-4679-b1f8-205b2f12ba7d,62.284080505371094,89.044921875000000,86.717964172363281,-122.2810840000,47.7110023900
TRE-48570,,,,,TRE-48570,Seattle Department of Transportation,Thuja plicata,Western Red Cedar,"22",Seattle Department of Transportation,E HARRISON ST AND 18TH AVE E,8f444d3e-1d1e-4bfe-8637-dca120466842,62.785560607910163,88.780738830566406,85.292098999023438,-122.3087190000,47.6220736600
TRE-61896,,,,,TRE-61896,Seattle Department of Transportation,Thuja plicata,Western Red Cedar,"5",Private,739 N 72ND ST,3b47ebdf-22e0-491b-84da-dfa601e7a64b,63.358562469482422,90.280403137207017,86.515762329101562,-122.3481820000,47.6810104200
TRE-21780,,,,,TRE-21780,Seattle Department of Transportation,Thuja plicata,Western Red Cedar,"6",Private,3915 WOODLAND PARK AVE N,fafa3108-668b-4316-9b0f-d31ef466781e,62.463279724121094,87.981880187988281,85.620910644531250,-122.3447670000,47.6546172700
TRE-25874,,,,,TRE-25874,Seattle Department of Transportation,Thuja plicata,Western Red Cedar,"20",Private,2337 NE 86TH ST,54cfaa43-d7f8-4ad5-99e7-51e796c08804,62.437183380126953,88.729522705078125,84.162239074707017,-122.3022930000,47.6911229900
TRE-4165,,,,,TRE-4165,Seattle Department of Transportation,Thuja plicata,Western Red Cedar,"34",Private,5707 KIRKWOOD PL N,0f078c77-60b0-4cae-89d6-125d932afae5,63.818798065185547,88.999748229980469,86.411987304687500,-122.3327770000,47.6704573000
TRE-1041044,,,,,TRE-1041044,Seattle Department of Transportation,Thuja plicata,Western Red Cedar,"30",Seattle Center,500 WARREN AVE N,864a0388-3622-4326-a2ba-a968e8775a1f,62.699443817138672,90.741584777832031,87.838783264160156,-122.3530140000,47.6234766700
TRE-25957,,,,,TRE-25957,Seattle Department of Transportation,Thuja plicata,Western Red Cedar,"37",Private,2308 NE 92ND ST,f889062e-7fb4-46fd-a3ef-51c6ec560ebd,61.227302551269531,89.348670959472656,84.254020690917969,-122.3035830000,47.6957843800
TRE-19857,,,,,TRE-19857,Seattle Department of Transportation,Thuja plicata,Western Red Cedar,"8",Private,11039 40TH AV NE,ebc22831-2877-42d8-9991-97941a2d4ece,60.069507598876953,87.642127990722656,84.647811889648438,-122.2854560000,47.7093975900
TRE-16069,,,,,TRE-16069,Seattle Department of Transportation,Thuja plicata,Western Red Cedar,"46",Private,200 N 41ST ST,8a2fa9b0-a8bb-4150-8d12-96732ef19ad1,61.567539215087891,87.098487854003906,83.785194396972656,-122.3563000000,47.6564104600
TRE-17290,,,,,TRE-17290,Seattle Department of Transportation,Thuja plicata,Western Red Cedar,"35",Private,2312 N 140TH ST,04bcca23-f841-4bfd-8d61-627dbb138cdd,61.392757415771491,88.078834533691406,84.716728210449219,-122.3309210000,47.7305219700
TRE-25586,,,,,TRE-25586,Seattle Department of Transportation,Thuja plicata,Western Red Cedar,"25",Private,2744 NE 98TH ST,a8dd6e22-2395-4249-a5b4-95cca07e7d79,60.190376281738281,88.009696960449219,83.959655761718750,-122.2968280000,47.7002796900
TRE-22996,,,,,TRE-22996,Seattle Department of Transportation,Thuja plicata,Western Red Cedar,"18",Private,9000 2ND AVE NW,76ac497c-2f84-4828-af6d-6430a16d92e6,62.201736450195312,88.400123596191406,85.107437133789062,-122.3593020000,47.6953985100
TRE-19859,,,,,TRE-19859,Seattle Department of Transportation,Thuja plicata,Western Red Cedar,"28",Private,4015 NE 113TH ST,c68ea844-e645-4519-b937-9074be5728a4,60.324493408203125,88.364913940429673,85.543334960937500,-122.2843040000,47.7100429100
TRE-25329,,,,,TRE-25329,Seattle Department of Transportation,Thuja plicata,Western Red Cedar,"38",Private,3233 NE 92ND ST,3148954f-0cd9-4c1c-bf5b-853aee1b4824,62.452476501464837,89.192611694335938,84.800094604492188,-122.2917870000,47.6955931900
TRE-32227,,,,,TRE-32227,Seattle Department of Transportation,Thuja plicata,Western Red Cedar,"41",Private,2582 WESTVIEW DR W,b8bbb582-b9ba-4302-8318-72f813814c51,61.723934173583984,89.587631225585938,85.420433044433594,-122.3708050000,47.6430415100
TRE-25239,,,,,TRE-25239,Seattle Department of Transportation,Thuja plicata,Western Red Cedar,"20",Private,2726 NE 103RD ST,1eab2cc9-462e-43a1-8380-3175db047c18,60.063549041748047,89.256118774414062,84.678085327148438,-122.2972800000,47.7031454700
TRE-5545,,,,,TRE-5545,Seattle Department of Transportation,Thuja plicata,Western Red Cedar,"47",Private,4916 WHITMAN AVE N,f93a6b32-ece0-46c4-be01-d90dca17bdf1,61.669963836669922,89.001777648925781,85.923645019531250,-122.3460100000,47.6648136100
TRE-74993,,,,,TRE-74993,Seattle Department of Transportation,Thuja plicata,Western Red Cedar,"20",Private,1908 S WALKER ST,8c4ec850-6cb0-4b5e-b4df-013bab952115,62.453685760498047,89.985038757324219,88.100250244140625,-122.3075880000,47.5837305700
TRE-31634,,,,,TRE-31634,Seattle Department of Transportation,Thuja plicata,Western Red Cedar,"38",Private,4 BLAINE ST,5c5b1729-72f8-4828-96ef-02bfc7e51a7b,62.331672668457031,88.988128662109375,86.185852050781250,-122.3571870000,47.6347963800
TRE-25506,,,,,TRE-25506,Seattle Department of Transportation,Thuja plicata,Western Red Cedar,"25",Private,3203 NE 104TH ST,def95382-85b9-41a7-977d-4699bdd716d3,60.055950164794922,89.212867736816406,84.498146057128906,-122.2940520000,47.7035781500
TRE-25271,,,,,TRE-25271,Seattle Department of Transportation,Thuja plicata,Western Red Cedar,"12",Private,9403 27TH AV NE,da36a656-7300-4b43-9c1e-88227ba24a02,61.640922546386719,88.546585083007812,84.156044006347670,-122.2991940000,47.6966854500
TRE-44217,,,,,TRE-44217,Seattle Department of Transportation,Thuja plicata,Western Red Cedar,"31",Private,231 HARVARD AVE E,65c01a97-9706-435b-bba0-03f26ccf517d,65.793525695800781,89.828788757324219,86.732116699218750,-122.3223030000,47.6208630100
TRE-48760,,,,,TRE-48760,Seattle Department of Transportation,Thuja plicata,Western Red Cedar,"29",Private,3711 E MADISON ST,1fd0f92f-8799-4376-b7ec-d1bba0413d09,60.725532531738281,89.302520751953125,85.869247436523438,-122.2841790000,47.6305283200
TRE-84315,,,,,TRE-84315,Seattle Department of Transportation,Thuja plicata,Western Red Cedar,"2",Private,6360 BEACH DR SW,e66238d6-66ee-48d2-ac21-c33e17e1a8aa,62.813304901123047,88.264991760253906,86.800178527832031,-122.3981220000,47.5451274900
TRE-19851,,,,,TRE-19851,Seattle Department of Transportation,Thuja plicata,Western Red Cedar,"15",Private,11039 40TH AV NE,474de509-37b9-4618-954a-2e33c86421ea,60.057613372802734,87.788261413574219,84.754745483398438,-122.2854550000,47.7095100200
TRE-20174,,,,,TRE-20174,Seattle Department of Transportation,Thuja plicata,Western Red Cedar,"31",Private,4233 ASHWORTH AVE N,8731029c-721e-4936-9ded-2cdbb7ea9bf2,62.566261291503906,88.317100524902330,84.404136657714844,-122.3398860000,47.6591294900
