field_1,id,latitude,longitude,place_town_name,place_county_name,kc_af1,kc_am1,kc_pm1,pc_af1,pc_am1,pc_pm1,po_af1,po_am1,po_pm1,tac_af1,tac_am1,tac_pm1
1,4601133,47.7103004456,-122.3679733276,,King,89.4525756835938,56.1064453125,81.3859786987305,,,,,,,,,
2,6913373,48.0243496245,-122.6784553527,,Jefferson,,,,,,,,,,,,
3,8254344,48.018843,-122.671725,,Jefferson,,,,,,,,,,,,
4,12363639,47.6226150776,-117.0557749808,,Spokane,,,,,,,,,,,,
5,12563075,46.2137060812,-115.537214935,,Idaho,,,,,,,,,,,,
6,12969530,47.002998477,-116.677039665,,Latah,,,,,,,,,,,,
7,19006459,45.487538793,-122.5718280809,Portland,Multnomah,,,,,,,31.6608505249023,14.3227643966675,28.9978637695312,,,
8,19184654,47.7430914414,-122.3109349687,,King,88.6370620727539,61.8254165649414,85.6419830322266,,,,,,,,,
9,20544675,48.4761422127,-123.3113130648,"Saanich, British Columbia",Capital,,,,,,,,,,,,
10,25981751,48.4574580791,-123.335596862,"Saanich, British Columbia",Capital,,,,,,,,,,,,
11,26204238,48.4959589876,-123.3322602239,"Saanich, British Columbia",Capital,,,,,,,,,,,,
12,26884358,48.4566683189,-123.324836362,"Saanich, British Columbia",Capital,,,,,,,,,,,,
13,27216264,48.0204805556,-122.6987,,Jefferson,,,,,,,,,,,,
14,27742079,48.7738250189,-123.9218526706,,Cowichan Valley,,,,,,,,,,,,
15,28711929,48.4595301194,-123.3357877623,"Saanich, British Columbia",Capital,,,,,,,,,,,,
16,29603942,48.4579203438,-123.3131297868,Oak Bay,Capital,,,,,,,,,,,,
17,32015164,48.4377004757,-123.3262594284,"Saanich, British Columbia",Capital,,,,,,,,,,,,
18,37020791,48.4522189778,-123.3339328835,"Saanich, British Columbia",Capital,,,,,,,,,,,,
19,37281634,48.4656098637,-123.3000747462,"Saanich, British Columbia",Capital,,,,,,,,,,,,
20,48715992,49.2104824,-122.5237505,,Greater Vancouver,,,,,,,,,,,,
21,49543580,45.4021694444,-121.5705472222,,Hood River,,,,,,,,,,,,
22,50208705,45.47232,-122.653725,Portland,Multnomah,,,,,,,31.4891414642334,15.7451267242432,29.5503311157227,,,
23,51552951,49.3392528,-122.9737917,,Greater Vancouver,,,,,,,,,,,,
24,51656142,49.319717218,-122.9689331866,,Greater Vancouver,,,,,,,,,,,,
25,51849686,45.5162883333,-122.5966416667,Portland,Multnomah,,,,,,,29.8238716125488,16.2033710479736,27.4810848236084,,,
26,52964145,47.6509785313,-122.3072987795,,King,89.101432800293,62.9499931335449,85.4209976196289,,,,,,,,,
27,52996969,45.5276366667,-122.73137,Portland,Multnomah,,,,,,,27.2292518615723,15.0997753143311,27.3571033477783,,,
28,53230757,49.2409174,-122.8086868,,Greater Vancouver,,,,,,,,,,,,
29,53539955,49.1915136,-122.6040854,,Greater Vancouver,,,,,,,,,,,,
30,53766205,48.4625312452,-123.3567977925,"Saanich, British Columbia",Capital,,,,,,,,,,,,
31,55095755,45.3880116667,-122.8368616667,,Washington,,,,,,,,,,,,
32,57555960,49.1847692967,-122.7737085567,,Greater Vancouver,,,,,,,,,,,,
33,57676245,44.8503555556,-121.8456972222,,Marion,,,,,,,,,,,,
34,57888423,49.3440217133,-123.0047542833,,Greater Vancouver,,,,,,,,,,,,
35,58576022,49.77567643,-123.1109970667,,Squamish-Lillooet,,,,,,,,,,,,
36,58862868,49.3902320967,-123.3506584733,,Greater Vancouver,,,,,,,,,,,,
37,60516594,49.3768795717,-123.331412925,,Greater Vancouver,,,,,,,,,,,,
38,61398540,47.6614026155,-122.2832440962,,King,90.1729888916016,62.0761566162109,86.2933197021484,,,,,,,,,
39,61399467,48.1705133577,-122.1901978925,,Snohomish,,,,,,,,,,,,
40,61400313,47.6751263319,-122.2610672191,,King,89.3848495483398,61.6151962280273,86.3546829223633,,,,,,,,,
41,61401102,47.6761844239,-122.2620814294,,King,89.4487533569336,61.665901184082,86.7745513916016,,,,,,,,,
42,61401305,47.6761706532,-122.2624612972,,King,89.4259490966797,61.7218589782715,86.6414260864258,,,,,,,,,
43,61401534,48.4179449564,-122.5708103925,,Skagit,,,,,,,,,,,,
44,61423931,47.6654002946,-122.2830562674,,King,90.2546615600586,62.0443801879883,86.7913513183594,,,,,,,,,
45,61537163,49.5516249567,-123.2381864917,,Squamish-Lillooet,,,,,,,,,,,,
46,61624246,47.7494723567,-122.2079986731,Bothell City Limits,King,89.7990646362305,55.5203247070312,82.2874603271484,,,,,,,,,
47,61624408,47.750082372,-122.2083493488,Bothell City Limits,King,89.8868560791016,55.5798301696777,82.6870269775391,,,,,,,,,
48,61624619,47.750931613,-122.2077266787,Bothell City Limits,King,89.5859909057617,56.0115737915039,81.8041000366211,,,,,,,,,
49,61923541,49.6453608117,-123.2046451717,,Squamish-Lillooet,,,,,,,,,,,,
50,62133383,47.1098824501,-121.8078283388,,King,,,,,,,,,,,,
51,62139519,47.188739637,-122.3279077002,"Puyallup, WA",Pierce,,,,84.8000030517578,56.9000015258789,81.5999984741211,,,,32.8370475769043,15.850040435791,29.0879592895508
52,62243128,48.4605392581,-122.603415996,,Skagit,,,,,,,,,,,,
53,62250074,48.4631052101,-122.6036728175,,Skagit,,,,,,,,,,,,
54,62264694,48.4735473851,-122.6052082983,,Skagit,,,,,,,,,,,,
55,63186072,47.5499451813,-122.2555292119,,King,89.1352081298828,60.8780174255371,84.7744827270508,,,,,,,,,
56,63253840,47.4873686833,-121.7194069,,King,89.6058654785156,55.8402366638184,82.5390701293945,,,,,,,,,
57,63255638,47.4874740833,-121.719034,,King,89.5604858398438,55.8341407775879,82.5092391967773,,,,,,,,,
58,63298788,47.30351667,-122.516525,Tacoma,Pierce,,,,,,,,,,28.1734867095947,15.5540399551392,27.6034030914307
59,63298939,47.49236667,-122.06390283,,King,90.2146377563477,54.9836769104004,80.1078414916992,,,,,,,,,
60,63522352,48.77449167,-122.48045333,"Bellingham, Washington, USA",Whatcom,,,,,,,,,,,,
61,63842953,46.9126149119,-122.928994596,,Thurston,,,,,,,,,,,,
62,63843211,46.9305018039,-122.9364521429,,Thurston,,,,,,,,,,,,
63,64575034,48.73001167,-122.30381667,"Bellingham, Washington, USA",Whatcom,,,,,,,,,,,,
64,64707952,49.3241004942,-122.9444732664,,Greater Vancouver,,,,,,,,,,,,
65,65241620,46.7251093693,-117.0099777327,,Latah,,,,,,,,,,,,
66,65344987,47.0751628056,-122.9717604071,,Thurston,,,,,,,,,,,,
67,65345686,47.0734039722,-122.974052,,Thurston,,,,,,,,,,,,
68,65346596,47.073191,-122.973572,,Thurston,,,,,,,,,,,,
69,65827522,47.24783333,-122.48095833,Tacoma,Pierce,,,,,,,,,,31.7911205291748,16.6633129119873,29.3069667816162
70,65827983,47.24966333,-122.48195,Tacoma,Pierce,,,,,,,,,,31.7800769805908,16.7045631408691,29.3201465606689
71,65828255,47.667575,-122.28566667,,King,90.1919097900391,61.605583190918,86.3781661987305,,,,,,,,,
72,65988466,47.869898,-117.15701,,Spokane,,,,,,,,,,,,
73,66016390,49.213897705,-122.9076461792,,Greater Vancouver,,,,,,,,,,,,
74,66054060,47.7240478,-122.24479483,,King,89.8729858398438,56.2750473022461,83.9516143798828,,,,,,,,,
75,66054151,47.72321235,-122.24449684,,King,89.8039855957031,56.0853843688965,83.9022827148438,,,,,,,,,
76,66062190,47.7237474,-122.2460907,,King,90.0167236328125,56.0334205627441,83.6963729858398,,,,,,,,,
77,66197132,47.54998579,-122.25541078,,King,89.1746673583984,60.8200759887695,84.7123870849609,,,,,,,,,
78,66312732,47.337491,-122.78079,,Pierce,,,,,,,,,,,,
79,66362924,48.7561284146,-122.4399149046,"Bellingham, Washington, USA",Whatcom,,,,,,,,,,,,
80,66390991,47.5853700039,-121.7307021417,,King,,,,,,,,,,,,
81,66585862,47.302145,-122.52431333,Tacoma,Pierce,,,,,,,,,,29.6719036102295,15.2098369598389,26.4912338256836
82,66835176,47.7725805394,-123.4725164625,,Jefferson,,,,,,,,,,,,
83,66837428,48.0279406462,-122.7745359278,,Jefferson,,,,,,,,,,,,
84,66966170,47.35965333,-122.59307833,,Pierce,,,,79.3000030517578,56.9000015258789,78.0999984741211,,,,,,
85,66966372,47.35971167,-122.59216333,,Pierce,,,,79.3000030517578,56.9000015258789,78,,,,,,
86,67182029,47.7023001324,-122.3092648925,,King,86.0356369018555,59.6723556518555,82.8757934570312,,,,,,,,,
87,67207257,46.72489167,-117.01312222,,Latah,,,,,,,,,,,,
88,67542612,47.6252466667,-122.2997966667,,King,88.4495391845703,62.7309036254883,83.7000274658203,,,,,,,,,
89,67542762,47.635475,-122.3067633333,,King,88.2584381103516,59.3642120361328,83.6413803100586,,,,,,,,,
90,67548524,47.6256466667,-122.32447,,King,88.9844512939453,63.5888900756836,85.8361740112305,,,,,,,,,
91,67558333,47.6307916667,-122.3163216667,,King,89.1101684570312,60.1824073791504,85.1061019897461,,,,,,,,,
92,67590491,47.4658932933,-122.4595996596,,King,,,,,,,,,,,,
93,67689415,47.5519633333,-122.2535333333,,King,89.9491806030273,60.2508544921875,83.3305206298828,,,,,,,,,
94,67725403,48.0160669965,-122.6740913852,,Jefferson,,,,,,,,,,,,
95,67737614,47.5526916667,-122.2513966667,,King,90.0497894287109,60.0117607116699,83.1130523681641,,,,,,,,,
96,67810237,49.1400721667,-123.9437333333,,Nanaimo,,,,,,,,,,,,
97,67839053,47.5305116731,-121.9771116667,,King,90.6533279418945,54.9596138000488,80.2557144165039,,,,,,,,,
98,67931089,45.4870293878,-122.572003305,Portland,Multnomah,,,,,,,31.6164951324463,14.3636054992676,28.9604206085205,,,
99,68079062,47.4666169515,-122.4585582124,,King,,,,,,,,,,,,
100,68228219,47.5487655278,-122.2830995545,,King,89.7821426391602,63.2602691650391,86.6194763183594,,,,,,,,,
101,68245512,45.7996305556,-122.6816666667,,Clark,,,,,,,,,,,,
102,68245540,45.7996305556,-122.6816666667,,Clark,,,,,,,,,,,,
103,68262877,48.5230966667,-123.3922416667,"Saanich, British Columbia",Capital,,,,,,,,,,,,
104,68280669,47.494947,-122.069072,,King,90.7133026123047,54.9223518371582,80.0466918945312,,,,,,,,,
105,68283750,47.37774577,-121.98251864,,King,89.8625793457031,55.7762794494629,81.7097854614258,,,,,,,,,
106,68284552,47.3764328664,-121.9804870337,,King,89.9994430541992,55.645824432373,80.7737350463867,,,,,,,,,
107,68317487,46.7521083333,-121.8123222222,,Pierce,,,,,,,,,,,,
108,68317528,46.7498861111,-121.8134277778,,Pierce,,,,,,,,,,,,
109,68378273,47.2452264559,-122.4858716225,Tacoma,Pierce,,,,,,,,,,31.8525867462158,16.404613494873,29.0879936218262
110,68382043,49.3051834106,-123.0087814331,,Greater Vancouver,,,,,,,,,,,,
111,68382155,49.3054275511,-123.0087966917,,Greater Vancouver,,,,,,,,,,,,
112,68398550,48.4676371887,-122.6294711666,,Skagit,,,,,,,,,,,,
113,68431464,47.6176083333,-122.3131866667,,King,87.4399566650391,62.6884651184082,84.7286605834961,,,,,,,,,
114,68431725,47.46565,-120.324845,,Chelan,,,,,,,,,,,,
115,68439913,49.40448,-123.559975,,Sunshine Coast,,,,,,,,,,,,
116,68441859,49.4056783333,-123.5576383333,,Sunshine Coast,,,,,,,,,,,,
117,68471695,49.3424606322,-123.135772705,,Greater Vancouver,,,,,,,,,,,,
118,68476388,49.38953,-123.5527033333,,Sunshine Coast,,,,,,,,,,,,
119,68499123,47.37513916,-122.06213208,,King,89.2385635375977,55.6118354797363,81.3567123413086,,,,,,,,,
120,68500224,47.37402186,-122.06353545,,King,89.4841232299805,56.0027236938477,81.6814346313477,,,,,,,,,
121,68502979,47.37528402,-122.06636817,,King,89.1768417358398,55.846004486084,81.7593154907227,,,,,,,,,
122,68516263,49.1191833333,-123.987695,,Nanaimo,,,,,,,,,,,,
123,68522616,49.3299179075,-122.9988174436,,Greater Vancouver,,,,,,,,,,,,
124,68522813,49.3309783933,-122.9989929197,,Greater Vancouver,,,,,,,,,,,,
125,68523103,49.3142318725,-122.9924468992,,Greater Vancouver,,,,,,,,,,,,
126,68570665,49.13985,-123.9508833333,,Nanaimo,,,,,,,,,,,,
127,68571073,49.1434833333,-123.9441966667,,Nanaimo,,,,,,,,,,,,
128,68579641,49.3167686461,-122.9893341064,,Greater Vancouver,,,,,,,,,,,,
129,68579840,49.3151702881,-122.9834060667,,Greater Vancouver,,,,,,,,,,,,
130,68579958,49.3361167906,-123.1038208006,,Greater Vancouver,,,,,,,,,,,,
132,68580064,49.3348503111,-123.1087951658,,Greater Vancouver,,,,,,,,,,,,
134,68580149,49.3354492186,-123.1105957031,,Greater Vancouver,,,,,,,,,,,,
135,68580268,49.3347854614,-123.1087722778,,Greater Vancouver,,,,,,,,,,,,
136,68615753,48.78845078,-123.25926273,,Capital,,,,,,,,,,,,
137,68615871,48.78860374,-123.25902646,,Capital,,,,,,,,,,,,
138,68622048,49.3167648314,-122.9522476194,,Greater Vancouver,,,,,,,,,,,,
139,68622120,49.3166275022,-122.9518203733,,Greater Vancouver,,,,,,,,,,,,
140,68628574,48.78857688,-123.25877383,,Capital,,,,,,,,,,,,
141,68628652,48.78858687,-123.2584036,,Capital,,,,,,,,,,,,
142,68629089,48.78602822,-123.25561992,,Capital,,,,,,,,,,,,
143,68646417,48.4652533333,-123.3159116667,Oak Bay,Capital,,,,,,,,,,,,
144,68658537,49.2908333333,-123.0491666667,,Greater Vancouver,,,,,,,,,,,,
145,68658762,49.2920875547,-123.0506973264,,Greater Vancouver,,,,,,,,,,,,
146,68658879,49.2918205261,-123.0500946044,,Greater Vancouver,,,,,,,,,,,,
147,68699666,49.3158912658,-123.0074920653,,Greater Vancouver,,,,,,,,,,,,
148,68699838,49.3199043272,-123.0372772217,,Greater Vancouver,,,,,,,,,,,,
149,68699970,49.3182293388,-123.0107101053,,Greater Vancouver,,,,,,,,,,,,
150,68700424,49.3166666667,-123.0105555556,,Greater Vancouver,,,,,,,,,,,,
151,68710615,48.74760947,-123.18361577,,Capital,,,,,,,,,,,,
152,68710668,48.74747218,-123.18347626,,Capital,,,,,,,,,,,,
153,68729584,47.3788803997,-121.9730033,,King,89.8239364624023,55.641056060791,82.3561782836914,,,,,,,,,
154,68730344,47.450698,-122.073259,East Renton Highlands City Limits,King,90.9382019042969,54.4920921325684,81.6272277832031,,,,,,,,,
155,68737226,47.4225318,-122.0737244,,King,90.0175704956055,55.471248626709,80.1387405395508,,,,,,,,,
156,68742200,49.3134727478,-122.9989166258,,Greater Vancouver,,,,,,,,,,,,
157,68742288,49.33297348,-123.0438461303,,Greater Vancouver,,,,,,,,,,,,
158,68742508,49.3332939147,-123.0440216064,,Greater Vancouver,,,,,,,,,,,,
159,68745750,47.6363666667,-122.3068616667,,King,86.908088684082,59.7184219360352,83.2189712524414,,,,,,,,,
160,68746053,47.6358866667,-122.307045,,King,87.4812850952148,59.2989921569824,83.4623184204102,,,,,,,,,
161,68769712,47.6368033333,-122.3067633333,,King,85.8061370849609,60.1297760009766,83.0592880249023,,,,,,,,,
162,68770643,47.6346133333,-122.3060833333,,King,88.7249069213867,59.5014991760254,83.7581024169922,,,,,,,,,
163,68782040,49.13295,-123.95398,,Nanaimo,,,,,,,,,,,,
164,68782322,49.1394778333,-123.9482416667,,Nanaimo,,,,,,,,,,,,
165,68824430,48.4619973456,-123.3271415207,"Saanich, British Columbia",Capital,,,,,,,,,,,,
166,68826674,48.4620358716,-123.3270326412,"Saanich, British Columbia",Capital,,,,,,,,,,,,
167,68828161,48.460970658,-123.3274957437,"Saanich, British Columbia",Capital,,,,,,,,,,,,
168,68870055,47.74183872,-122.13816869,,King,89.8714370727539,56.1542434692383,83.8394927978516,,,,,,,,,
169,68887396,49.3236808775,-123.0997695922,,Greater Vancouver,,,,,,,,,,,,
170,68937551,47.619858,-122.293119,,King,88.8393325805664,62.1232566833496,85.2429351806641,,,,,,,,,
171,68982233,49.2102777778,-123.1444444444,,Greater Vancouver,,,,,,,,,,,,
172,68982848,45.4782466667,-122.6722033333,Portland,Multnomah,,,,,,,32.5370140075684,16.8788204193115,29.7098274230957,,,
173,68983264,49.2099342344,-123.14503479,,Greater Vancouver,,,,,,,,,,,,
174,68985916,49.2124328611,-123.1475677489,,Greater Vancouver,,,,,,,,,,,,
175,68986033,49.2130737303,-123.141693115,,Greater Vancouver,,,,,,,,,,,,
176,68987311,49.2078633333,-124.0411528333,,Nanaimo,,,,,,,,,,,,
177,69031450,48.4592050362,-123.3358310346,"Saanich, British Columbia",Capital,,,,,,,,,,,,
178,69079934,47.6706215786,-122.3097227422,,King,88.2068786621094,61.2052230834961,84.1051254272461,,,,,,,,,
179,69100155,47.6795021335,-122.3936154372,,King,82.8918304443359,58.767879486084,80.9615325927734,,,,,,,,,
180,69100473,47.679485106,-122.3922885117,,King,82.864990234375,58.8685340881348,80.9041595458984,,,,,,,,,
181,69100576,47.6795331343,-122.3918578495,,King,82.8073883056641,58.9184837341309,80.8830947875977,,,,,,,,,
182,69120460,47.62587,-122.2941133333,,King,87.8088531494141,60.3628883361816,84.3626098632812,,,,,,,,,
183,69162815,48.4615312504,-123.3188999709,Oak Bay,Capital,,,,,,,,,,,,
184,69178256,49.3041534422,-122.9611053467,,Greater Vancouver,,,,,,,,,,,,
185,69232120,48.4616259784,-123.3413791243,"Saanich, British Columbia",Capital,,,,,,,,,,,,
186,69232770,49.3159065244,-123.0062561033,,Greater Vancouver,,,,,,,,,,,,
187,69232973,49.3081665039,-123.0038146972,,Greater Vancouver,,,,,,,,,,,,
188,69236663,47.3700916667,-122.320305,Des Moines City Limits,King,89.6828689575195,60.4899635314941,85.7893142700195,,,,,,,,,
189,69267891,49.1887092589,-122.7954635619,,Greater Vancouver,,,,,,,,,,,,
190,69268074,49.1900138853,-122.7938842772,,Greater Vancouver,,,,,,,,,,,,
191,69268876,49.2076759336,-122.7697525022,,Greater Vancouver,,,,,,,,,,,,
192,69269086,49.2054443358,-122.7647171019,,Greater Vancouver,,,,,,,,,,,,
193,69269145,49.2060279844,-122.7766036986,,Greater Vancouver,,,,,,,,,,,,
194,69377380,46.9596633333,-123.1019666667,,Thurston,,,,,,,,,,,,
195,69382016,48.81577454,-123.30467988,,Capital,,,,,,,,,,,,
196,69438855,47.5662033333,-122.3074416667,,King,90.2412109375,60.3637084960938,87.1226959228516,,,,,,,,,
197,69463782,47.7123031667,-122.3725999722,,King,89.6394577026367,56.5878677368164,82.6356887817383,,,,,,,,,
198,69478668,49.3262634275,-123.0171051025,,Greater Vancouver,,,,,,,,,,,,
199,69534281,47.631695,-122.2963033333,,King,89.7409286499023,57.905445098877,83.2335357666016,,,,,,,,,
200,69595055,49.3157424925,-123.1018371581,,Greater Vancouver,,,,,,,,,,,,
201,69595290,49.3275947569,-123.0863189697,,Greater Vancouver,,,,,,,,,,,,
202,69595515,49.3274345397,-123.0735549925,,Greater Vancouver,,,,,,,,,,,,
203,69689185,49.3091354369,-122.9911499022,,Greater Vancouver,,,,,,,,,,,,
204,69721399,49.2868232725,-122.9521636961,,Greater Vancouver,,,,,,,,,,,,
205,69721567,49.2869148253,-122.9809341431,,Greater Vancouver,,,,,,,,,,,,
206,69770286,49.3178138731,-122.9447402953,,Greater Vancouver,,,,,,,,,,,,
207,69784473,49.2404022217,-122.9594345092,,Greater Vancouver,,,,,,,,,,,,
208,69964682,47.21985,-122.3960333333,Tacoma,Pierce,,,,,,,,,,31.2298374176025,15.9247436523438,29.8525772094727
209,69964977,47.1719924371,-122.3142673662,"Puyallup, WA",Pierce,,,,82.5999984741211,57.0999984741211,78.4000015258789,,,,31.1085262298584,15.8114566802979,27.6639099121094
210,69965459,47.1795583333,-122.3205633333,"Puyallup, WA",Pierce,,,,83.4000015258789,57.0999984741211,79.3000030517578,,,,31.0868892669678,15.8327169418335,27.576976776123
211,69971033,47.7549833333,-122.3626333333,,King,86.211799621582,58.5453338623047,82.546257019043,,,,,,,,,
212,69971407,47.7476913109,-122.3608824232,,King,90.3086624145508,59.5473136901855,87.2262802124023,,,,,,,,,
213,69972018,47.753895,-122.3621966667,,King,87.4831237792969,58.7756843566895,82.9545822143555,,,,,,,,,
214,70014534,47.4895343664,-122.4733704329,,King,,,,,,,,,,,,
215,70014877,47.489842706,-122.4727122858,,King,,,,,,,,,,,,
216,70015042,47.4894727435,-122.4711368233,,King,,,,,,,,,,,,
217,70015240,47.48921739,-122.47082916,,King,,,,,,,,,,,,
218,70015410,47.4891528473,-122.470806241,,King,,,,,,,,,,,,
219,70025028,47.5676333333,-122.0942,Issaquah City Limits,King,88.8177261352539,59.9538612365723,84.900520324707,,,,,,,,,
220,70046682,47.37766452,-122.05853367,,King,89.552619934082,55.9020500183105,81.8038940429688,,,,,,,,,
221,70064801,45.47808,-122.6536633333,Portland,Multnomah,,,,,,,31.4485187530518,16.167366027832,29.3214778900146,,,
222,70100910,48.4617837097,-123.3459513337,"Saanich, British Columbia",Capital,,,,,,,,,,,,
223,70133946,45.4824362791,-122.7157948539,Portland,Multnomah,,,,,,,30.470251083374,14.9768924713135,27.2094402313232,,,
224,70145725,49.0138932997,-122.6571849997,,Greater Vancouver,,,,,,,,,,,,
225,70155662,49.0329014,-122.6865643,,Greater Vancouver,,,,,,,,,,,,
226,70155782,49.0324251997,-122.6867404,,Greater Vancouver,,,,,,,,,,,,
227,70156012,49.0372702,-122.6856743997,,Greater Vancouver,,,,,,,,,,,,
228,70156131,49.0374951,-122.6855776,,Greater Vancouver,,,,,,,,,,,,
229,70156277,49.0379219,-122.6863326997,,Greater Vancouver,,,,,,,,,,,,
230,70156394,49.0356754,-122.684178,,Greater Vancouver,,,,,,,,,,,,
231,70158471,49.035713,-122.6847570997,,Greater Vancouver,,,,,,,,,,,,
232,70173063,46.745,-116.990286,,Latah,,,,,,,,,,,,
233,70173315,46.745,-116.990286,,Latah,,,,,,,,,,,,
234,70209008,47.7121569722,-122.3705740278,,King,89.5793685913086,56.4779052734375,81.357177734375,,,,,,,,,
235,70261548,49.1637805,-124.045775,,Nanaimo,,,,,,,,,,,,
236,70271934,48.4940500651,-121.5473778361,,Skagit,,,,,,,,,,,,
237,70272155,48.49388754,-121.5470406321,,Skagit,,,,,,,,,,,,
238,70284424,45.8516911744,-122.7428368014,,Clark,,,,,,,,,,,,
239,70287841,49.1624666667,-124.0346611667,,Nanaimo,,,,,,,,,,,,
240,70328851,48.7704949,-122.35530228,"Bellingham, Washington, USA",Whatcom,,,,,,,,,,,,
241,70328892,48.77053196,-122.35532627,"Bellingham, Washington, USA",Whatcom,,,,,,,,,,,,
242,70346309,48.5862865811,-123.4267072286,,Capital,,,,,,,,,,,,
243,70346863,48.5852277372,-123.4269705042,,Capital,,,,,,,,,,,,
244,70347039,48.5850626556,-123.4262385126,,Capital,,,,,,,,,,,,
245,70347299,48.5847627511,-123.425984541,,Capital,,,,,,,,,,,,
246,70347495,48.5847854661,-123.4260540269,,Capital,,,,,,,,,,,,
247,70347646,48.582434,-123.426837,,Capital,,,,,,,,,,,,
248,70378160,47.866675,-121.671395,,Snohomish,,,,,,,,,,,,
249,70378415,47.8735783333,-121.65162,,Snohomish,,,,,,,,,,,,
250,70380081,45.4903102778,-122.7481347222,,Washington,,,,,,,,,,,,
251,70453730,47.64144254,-117.4659364,,Spokane,,,,,,,,,,,,
252,70475459,47.2888498,-122.27639101,,King,90.8425369262695,57.4472961425781,86.0363159179688,,,,,,,,,
253,70478984,49.3264007567,-122.9494476317,,Greater Vancouver,,,,,,,,,,,,
254,70523478,47.4661026944,-122.1446225833,Renton City Limits,King,91.3489685058594,55.516227722168,85.4363174438477,,,,,,,,,
255,70528957,45.8532296727,-122.742680479,,Clark,,,,,,,,,,,,
256,70569043,45.8622805453,-122.7444118239,,Clark,,,,,,,,,,,,
257,70573673,45.861050209,-122.7463806898,,Clark,,,,,,,,,,,,
258,70594617,46.9788383333,-122.3696216667,,Pierce,,,,,,,,,,,,
259,70594726,46.977305,-122.3704083333,,Pierce,,,,,,,,,,,,
260,70594778,46.9773216667,-122.3704533333,,Pierce,,,,,,,,,,,,
261,70594904,46.9776533333,-122.370255,,Pierce,,,,,,,,,,,,
262,70595016,46.914405,-122.2751216667,,Pierce,,,,,,,,,,,,
263,70642957,49.3077201842,-123.0621871947,,Greater Vancouver,,,,,,,,,,,,
264,70691696,49.309703756,-123.0392146111,,Greater Vancouver,,,,,,,,,,,,
265,70820202,45.8489773315,-122.7544119642,,Clark,,,,,,,,,,,,
266,70832153,48.4939340004,-123.3704023944,"Saanich, British Columbia",Capital,,,,,,,,,,,,
267,70855690,47.680208,-122.256595,,King,89.1363830566406,61.2192611694336,85.8712310791016,,,,,,,,,
268,70856332,47.680208,-122.256595,,King,89.1363830566406,61.2192611694336,85.8712310791016,,,,,,,,,
269,70858087,47.67082,-122.307245,,King,87.954719543457,61.1147193908691,84.3008270263672,,,,,,,,,
270,70985842,45.4733722222,-122.5517944444,Portland,Multnomah,,,,,,,31.4821548461914,16.2537631988525,29.1711387634277,,,
271,71137792,49.0173482,-122.6633489,,Greater Vancouver,,,,,,,,,,,,
272,71158602,49.3108290444,-123.0735740438,,Greater Vancouver,,,,,,,,,,,,
273,71162633,47.0315861667,-122.8867833333,,Thurston,,,,,,,,,,,,
274,71167547,46.9485358336,-122.8650806566,,Thurston,,,,,,,,,,,,
275,71169344,46.948282,-122.863655,,Thurston,,,,,,,,,,,,
276,71178383,49.5010216667,-123.82978,,Sunshine Coast,,,,,,,,,,,,
277,71182969,49.5017583333,-123.830375,,Sunshine Coast,,,,,,,,,,,,
278,71183091,49.5021466667,-123.8318633333,,Sunshine Coast,,,,,,,,,,,,
279,71185996,48.4927015496,-123.3687003313,"Saanich, British Columbia",Capital,,,,,,,,,,,,
280,71262651,46.7302283333,-116.9976583333,,Latah,,,,,,,,,,,,
281,71265935,49.3939883333,-123.5014883333,,Sunshine Coast,,,,,,,,,,,,
282,71266241,49.3937033333,-123.5025333333,,Sunshine Coast,,,,,,,,,,,,
283,71271392,47.7692916667,-122.2832633333,,King,89.2279815673828,58.9196548461914,84.8663177490234,,,,,,,,,
284,71345061,47.2701116667,-121.9392866667,,King,89.8930358886719,56.3114967346191,82.3562164306641,,,,,,,,,
285,71346055,49.4295216667,-123.6400833333,,Sunshine Coast,,,,,,,,,,,,
286,71346187,49.4297716667,-123.6401666667,,Sunshine Coast,,,,,,,,,,,,
287,71347153,47.3164133333,-121.9079666667,,King,89.4195175170898,55.2216987609863,82.610237121582,,,,,,,,,
288,71363926,49.4272033333,-123.63948,,Sunshine Coast,,,,,,,,,,,,
289,71383170,47.210242,-122.469824,Tacoma,Pierce,,,,,,,,,,31.3089866638184,16.8037109375,29.7429141998291
290,71383174,47.210676,-122.470536,Tacoma,Pierce,,,,,,,,,,31.3843231201172,17.0920429229736,29.7498474121094
291,71396943,49.1839742,-121.7439143,Chilliwack,Fraser Valley,,,,,,,,,,,,
292,71501927,47.3178416667,-122.5401616667,Tacoma,Pierce,,,,,,,,,,25.5262928009033,16.8003730773926,25.3880424499512
293,71508181,49.2836154,-122.9375808,,Greater Vancouver,,,,,,,,,,,,
294,71552775,47.956676106,-122.8009181105,,Jefferson,,,,,,,,,,,,
296,71565664,47.620767,-122.294641,,King,88.6343765258789,62.241138458252,85.248161315918,,,,,,,,,
297,71612477,49.1764216667,-123.9665833333,,Nanaimo,,,,,,,,,,,,
298,71666134,49.2910451997,-123.0413693997,,Greater Vancouver,,,,,,,,,,,,
299,71715930,47.2045966667,-122.3959883333,Tacoma,Pierce,,,,,,,,,,31.0536499023438,15.5520496368408,28.3514060974121
300,71720072,45.457253,-122.674974,Portland,Multnomah,,,,,,,27.0800399780273,15.0295028686523,27.3818473815918,,,
301,71806396,47.20335,-122.396645,Tacoma,Pierce,,,,,,,,,,31.3234004974365,15.5108499526978,28.493013381958
302,71806938,47.025325,-122.926705,,Thurston,,,,,,,,,,,,
303,71825898,45.5487888889,-122.4908416667,,Multnomah,,,,,,,,,,,,
304,71829263,49.1963471997,-123.0079067,,Greater Vancouver,,,,,,,,,,,,
305,71855239,47.0249361667,-122.9316716667,,Thurston,,,,,,,,,,,,
306,71964402,47.6690001414,-122.3064531294,,King,87.9904403686523,61.7047653198242,84.779182434082,,,,,,,,,
307,71965329,47.6671937155,-122.3063763512,,King,88.9058532714844,62.3005828857422,85.8823547363281,,,,,,,,,
308,71965523,47.6659960673,-122.3064768502,,King,90.0562362670898,62.8379669189453,86.1680145263672,,,,,,,,,
309,71979089,45.336908,-122.69333,,Clackamas,,,,,,,,,,,,
310,72022600,45.447609,-122.689683,Portland,Multnomah,,,,,,,28.0991744995117,14.7897186279297,26.7989597320557,,,
311,72065430,45.3711388889,-122.6151611111,,Clackamas,,,,,,,,,,,,
312,72065774,46.7211133333,-116.97767,,Latah,,,,,,,,,,,,
313,72065878,45.3716305556,-122.6156833333,,Clackamas,,,,,,,,,,,,
314,72066160,46.7338716667,-116.9890966667,,Latah,,,,,,,,,,,,
315,72072083,45.3722361111,-122.6171166667,,Clackamas,,,,,,,,,,,,
316,72122740,48.5264266306,-123.3742944907,"Saanich, British Columbia",Capital,,,,,,,,,,,,
317,72123614,48.5264286225,-123.3745040472,"Saanich, British Columbia",Capital,,,,,,,,,,,,
318,72127519,48.5264106016,-123.3735360785,"Saanich, British Columbia",Capital,,,,,,,,,,,,
319,72197393,49.3150212997,-123.0400278997,,Greater Vancouver,,,,,,,,,,,,
320,72216210,45.835125,-122.7500916667,,Clark,,,,,,,,,,,,
321,72225862,49.5231083333,-123.76085,,Sunshine Coast,,,,,,,,,,,,
322,72231921,45.460528,-122.738275,Portland,Multnomah,,,,,,,30.5256786346436,15.002251625061,27.0663528442383,,,
323,72288005,45.5510289722,-122.6162419722,Portland,Multnomah,,,,,,,31.7899780273438,15.1640949249268,29.3346385955811,,,
324,72340913,45.2968220454,-121.7846876448,,Clackamas,,,,,,,,,,,,
325,72340914,45.2968220454,-121.7846876448,,Clackamas,,,,,,,,,,,,
326,72383195,48.0966333333,-123.4551916667,,Clallam,,,,,,,,,,,,
327,72407726,45.4585916667,-122.7203472222,Portland,Multnomah,,,,,,,30.0627841949463,14.6201944351196,26.8748836517334,,,
328,72415023,48.0416555,-123.5904,,Clallam,,,,,,,,,,,,
329,72428716,45.4576027778,-122.7227305556,Portland,Multnomah,,,,,,,29.6469497680664,14.9178495407104,26.9224262237549,,,
330,72455259,48.459907,-122.399951,,Skagit,,,,,,,,,,,,
331,72496632,40.8759729119,-124.07726537,,Humboldt,,,,,,,,,,,,
332,72544980,45.4732509284,-122.424381897,,Multnomah,,,,,,,,,,,,
333,72559419,48.7763774194,-123.3025827259,,Capital,,,,,,,,,,,,
334,72581876,48.0412361667,-123.5904083333,,Clallam,,,,,,,,,,,,
335,72586545,48.0974471667,-123.4549783333,,Clallam,,,,,,,,,,,,
336,72587008,48.1138888333,-123.4246216667,,Clallam,,,,,,,,,,,,
337,72609584,46.9219655342,-122.9079936326,,Thurston,,,,,,,,,,,,
338,72652403,49.4968033333,-123.7826083333,,Sunshine Coast,,,,,,,,,,,,
339,72728549,45.4814840055,-122.4600563462,,Multnomah,,,,,,,,,,,,
340,72729701,45.4785892837,-122.4576019507,,Multnomah,,,,,,,,,,,,
341,72758141,45.5212916667,-122.6245944444,Portland,Multnomah,,,,,,,31.2899150848389,15.7474460601807,28.896656036377,,,
342,72860248,45.5956055556,-122.7867694444,Portland,Multnomah,,,,,,,27.7214279174805,16.7456874847412,27.5116996765137,,,
343,72905217,45.507138829,-122.6276432512,Portland,Multnomah,,,,,,,31.1332664489746,15.777455329895,29.5304374694824,,,
344,72963654,40.8800163416,-124.072517383,,Humboldt,,,,,,,,,,,,
345,72973074,47.617,-122.3180616667,,King,89.5300827026367,65.1302871704102,85.7971115112305,,,,,,,,,
346,73016070,46.8722890138,-123.0240059064,,Thurston,,,,,,,,,,,,
347,73044020,47.00305744,-122.99857279,,Thurston,,,,,,,,,,,,
348,73044199,47.00246792,-123.00066241,,Thurston,,,,,,,,,,,,
349,73044358,47.00243177,-123.00116383,,Thurston,,,,,,,,,,,,
350,73051714,45.4778379048,-122.4578558673,,Multnomah,,,,,,,,,,,,
351,73075398,47.6571783333,-122.2870633333,,King,87.9770889282227,61.9892044067383,84.3139877319336,,,,,,,,,
352,73075666,47.6539116667,-122.3080833333,,King,88.644905090332,62.2428855895996,85.0292663574219,,,,,,,,,
353,73076517,47.3749311,-122.95905226,,Mason,,,,,,,,,,,,
354,73140023,45.5401669303,-122.7231626307,Portland,Multnomah,,,,,,,28.0974578857422,16.5180015563965,27.3457412719727,,,
355,73149192,49.3173189997,-123.0108385997,,Greater Vancouver,,,,,,,,,,,,
356,73166229,48.4855044564,-123.3288446632,"Saanich, British Columbia",Capital,,,,,,,,,,,,
357,73166488,48.4855109478,-123.3286067203,"Saanich, British Columbia",Capital,,,,,,,,,,,,
358,73167293,48.4857309219,-123.3285137748,"Saanich, British Columbia",Capital,,,,,,,,,,,,
359,73231509,48.975968,-123.029366,,Whatcom,,,,,,,,,,,,
360,73412138,47.0304053178,-123.0928886046,,Thurston,,,,,,,,,,,,
361,73420038,47.0708833333,-122.97632,,Thurston,,,,,,,,,,,,
362,73427478,47.3174747412,-122.2985423525,,King,89.6498260498047,63.0819969177246,85.9919509887695,,,,,,,,,
363,73458585,45.3377916667,-122.5918416667,,Clackamas,,,,,,,,,,,,
364,73648037,45.5305315757,-122.7239389467,Portland,Multnomah,,,,,,,27.2404460906982,14.8017854690552,27.4171352386475,,,
365,73648884,45.530548003,-122.72394704,Portland,Multnomah,,,,,,,27.2404460906982,14.8033599853516,27.4171352386475,,,
366,73649028,45.5312833945,-122.7269503479,,Multnomah,,,,,,,27.4857139587402,15.1303901672363,27.3791770935059,,,
367,73651917,45.5323106877,-122.7289356719,,Multnomah,,,,,,,,,,,,
368,73652878,45.5365970925,-122.719349636,Portland,Multnomah,,,,,,,28.1168537139893,16.5339183807373,27.4216613769531,,,
369,73685073,47.6659263298,-122.3067141419,,King,90.0475006103516,62.8818130493164,86.1587753295898,,,,,,,,,
370,73685232,47.6655803249,-122.3066579831,,King,90.1659469604492,62.8455390930176,86.0156936645508,,,,,,,,,
371,73685339,47.665534895,-122.3063529656,,King,90.1006164550781,62.8358612060547,85.9866104125977,,,,,,,,,
372,73692747,48.5031355188,-123.3724722498,"Saanich, British Columbia",Capital,,,,,,,,,,,,
373,73775302,45.5029340438,-122.5055471581,Portland,Multnomah,,,,,,,31.5692691802979,13.8984775543213,29.4452495574951,,,
374,73780982,47.645255,-122.530175,,Kitsap,,,,,,,,,,,,
375,73805528,45.5008972222,-122.50115,Portland,Multnomah,,,,,,,31.3234901428223,14.4045944213867,29.5868663787842,,,
376,73811111,47.6306116667,-122.2943116667,,King,89.5633010864258,58.4185218811035,83.4603271484375,,,,,,,,,
377,73816352,45.3656944444,-122.594025,,Clackamas,,,,,,,,,,,,
378,73817066,45.3514638889,-122.5965111111,,Clackamas,,,,,,,,,,,,
379,73817579,45.3514611111,-122.5964361111,,Clackamas,,,,,,,,,,,,
380,73956266,47.03231119,-123.09495145,,Thurston,,,,,,,,,,,,
381,73956371,47.02887894,-123.09284637,,Thurston,,,,,,,,,,,,
382,73956438,47.02858471,-123.09311972,,Thurston,,,,,,,,,,,,
383,74067486,49.4231133333,-123.4895333333,,Sunshine Coast,,,,,,,,,,,,
384,74110440,48.4882166667,-124.2905883333,,Capital,,,,,,,,,,,,
385,74111027,48.4882166667,-124.2906583333,,Capital,,,,,,,,,,,,
386,74116396,44.6132207519,-121.9475018111,,Linn,,,,,,,,,,,,
387,74171790,45.4761720216,-122.6842602064,Portland,Multnomah,,,,,,,29.3992767333984,15.7010345458984,27.2354526519775,,,
388,74173604,47.43163503,-121.75977463,,King,,,,,,,,,,,,
389,74182596,48.80703317,-123.28180188,,Capital,,,,,,,,,,,,
390,74182740,47.43098299,-121.74289186,,King,,,,,,,,,,,,
391,74182835,47.43101293,-121.74289305,,King,,,,,,,,,,,,
392,74198582,45.7195722222,-123.931375,"Manzanita, Oregon, US",Tillamook,,,,,,,,,,,,
393,74202666,47.56667279,-123.35965555,,Mason,,,,,,,,,,,,
394,74202711,47.56558488,-123.3683759,,Mason,,,,,,,,,,,,
395,74203159,47.53146465,-123.36108681,,Mason,,,,,,,,,,,,
396,74258933,48.5078903055,-123.3717292362,"Saanich, British Columbia",Capital,,,,,,,,,,,,
397,74265847,48.508582,-123.37185,"Saanich, British Columbia",Capital,,,,,,,,,,,,
398,74266354,48.504326,-123.370267,"Saanich, British Columbia",Capital,,,,,,,,,,,,
399,74266893,48.504326,-123.370267,"Saanich, British Columbia",Capital,,,,,,,,,,,,
400,74274529,45.3677083333,-122.5765472222,,Clackamas,,,,,,,,,,,,
401,74292996,48.36163769,-122.5278773,,Skagit,,,,,,,,,,,,
402,74297110,45.5170136374,-122.7135728031,Portland,Multnomah,,,,,,,27.5963497161865,15.858832359314,27.4279804229736,,,
403,74307649,45.6488055556,-122.6608333333,,Clark,,,,,,,,,,,,
404,74313531,45.6488055556,-122.6608333333,,Clark,,,,,,,,,,,,
405,74314977,45.6491694444,-122.6600527778,,Clark,,,,,,,,,,,,
406,74333715,45.5695694444,-122.6061194444,Portland,Multnomah,,,,,,,31.8570785522461,16.6154670715332,29.9150848388672,,,
407,74336075,45.65075,-122.6548888889,,Clark,,,,,,,,,,,,
408,74340220,45.65075,-122.6548888889,,Clark,,,,,,,,,,,,
409,74341621,45.657025,-122.5866722222,,Clark,,,,,,,,,,,,
410,74342017,45.6819,-122.5903611111,,Clark,,,,,,,,,,,,
411,74342450,45.6819,-122.5903611111,,Clark,,,,,,,,,,,,
412,74342956,45.6819,-122.5903611111,,Clark,,,,,,,,,,,,
413,74342998,44.357005,-122.2288133333,,Linn,,,,,,,,,,,,
414,74384874,47.836662,-122.622727,,Kitsap,,,,,,,,,,,,
415,74411465,48.4895968196,-123.3905461208,"Saanich, British Columbia",Capital,,,,,,,,,,,,
416,74414285,47.1239821581,-116.6092360765,,Benewah,,,,,,,,,,,,
417,74414352,47.12408551,-116.60920204,,Benewah,,,,,,,,,,,,
418,74437654,48.4697749722,-123.3563919722,"Saanich, British Columbia",Capital,,,,,,,,,,,,
419,74438022,48.469799,-123.356385,"Saanich, British Columbia",Capital,,,,,,,,,,,,
420,74438978,48.4450169722,-123.378219,,Capital,,,,,,,,,,,,
421,74452160,47.12418186,-116.60946031,,Benewah,,,,,,,,,,,,
422,74452280,47.12420239,-116.60931331,,Benewah,,,,,,,,,,,,
423,74452392,47.12421263,-116.60938472,,Benewah,,,,,,,,,,,,
424,74452550,47.12415099,-116.60945287,,Benewah,,,,,,,,,,,,
425,74457766,45.3354166667,-122.5735861111,,Clackamas,,,,,,,,,,,,
426,74457795,45.3354166667,-122.5735861111,,Clackamas,,,,,,,,,,,,
427,74457826,45.3354166667,-122.5735861111,,Clackamas,,,,,,,,,,,,
428,74457894,45.3354166667,-122.5735861111,,Clackamas,,,,,,,,,,,,
429,74457907,45.3353944444,-122.5737777778,,Clackamas,,,,,,,,,,,,
430,74457923,45.3353944444,-122.5737777778,,Clackamas,,,,,,,,,,,,
431,74457978,45.3353944444,-122.5737777778,,Clackamas,,,,,,,,,,,,
432,74458002,45.5792722222,-122.5738333333,Portland,Multnomah,,,,,,,32.1294136047363,16.8449802398682,29.9925537109375,,,
433,74458044,45.5792722222,-122.5738333333,Portland,Multnomah,,,,,,,32.1294136047363,16.8449802398682,29.9925537109375,,,
434,74458088,45.5792722222,-122.5738333333,Portland,Multnomah,,,,,,,32.1294136047363,16.8449802398682,29.9925537109375,,,
435,74458168,45.5792722222,-122.5738333333,Portland,Multnomah,,,,,,,32.1294136047363,16.8449802398682,29.9925537109375,,,
436,74458213,45.5792722222,-122.5738333333,Portland,Multnomah,,,,,,,32.1294136047363,16.8449802398682,29.9925537109375,,,
437,74469758,45.5273833333,-121.5210944444,,Hood River,,,,,,,,,,,,
438,74490570,45.5792722222,-122.5738333333,Portland,Multnomah,,,,,,,32.1294136047363,16.8449802398682,29.9925537109375,,,
439,74490884,45.5792722222,-122.5738333333,Portland,Multnomah,,,,,,,32.1294136047363,16.8449802398682,29.9925537109375,,,
440,74491137,47.12401164,-116.60965673,,Benewah,,,,,,,,,,,,
441,74491170,47.12403789,-116.60962786,,Benewah,,,,,,,,,,,,
442,74491214,47.1240182021,-116.6097852588,,Benewah,,,,,,,,,,,,
443,74491218,45.5792722222,-122.5738333333,Portland,Multnomah,,,,,,,32.1294136047363,16.8449802398682,29.9925537109375,,,
444,74491261,47.1240022333,-116.6097912937,,Benewah,,,,,,,,,,,,
445,74493312,45.5792722222,-122.5738333333,Portland,Multnomah,,,,,,,32.1294136047363,16.8449802398682,29.9925537109375,,,
446,74532123,48.6695953577,-122.9585015774,,San Juan,,,,,,,,,,,,
447,74532422,48.6703027782,-122.9675453156,,San Juan,,,,,,,,,,,,
448,74548406,45.4727783333,-122.5028333333,Portland,Multnomah,,,,,,,29.6419506072998,16.3694686889648,26.2996215820312,,,
449,74576827,47.5259083333,-122.276575,,King,89.2756958007812,61.543830871582,88.1669387817383,,,,,,,,,
450,74583964,47.5589850901,-123.376060836,,Mason,,,,,,,,,,,,
451,74595969,48.4291809722,-123.350153,,Capital,,,,,,,,,,,,
452,74596128,48.432298,-123.349726,,Capital,,,,,,,,,,,,
453,74596443,48.4114319722,-123.3573669722,,Capital,,,,,,,,,,,,
454,74687478,47.03130335,-122.90982385,,Thurston,,,,,,,,,,,,
455,74698866,47.5771,-122.40358,,King,88.2223968505859,61.9895401000977,84.6011276245117,,,,,,,,,
456,74699359,47.57293,-122.3991466667,,King,88.4365005493164,61.3865356445312,83.9027481079102,,,,,,,,,
457,74699598,47.5744666667,-122.3996666667,,King,87.7829360961914,61.3457717895508,83.7760925292969,,,,,,,,,
458,74699945,47.575425,-122.4012083333,,King,87.4866790771484,61.3040733337402,83.5837249755859,,,,,,,,,
459,74700267,47.5720466667,-123.5634916667,,Jefferson,,,,,,,,,,,,
460,74707714,48.4461299722,-123.3580079722,,Capital,,,,,,,,,,,,
461,74735203,45.4971461482,-122.6717274863,Portland,Multnomah,,,,,,,32.3486213684082,16.9312610626221,28.1483478546143,,,
462,74744777,49.3779202414,-123.3251195673,,Greater Vancouver,,,,,,,,,,,,
463,74780439,47.4636369339,-121.8466407807,,King,,,,,,,,,,,,
464,74783046,47.01057731,-116.67737639,,Latah,,,,,,,,,,,,
465,74786490,45.4774004167,-122.458059765,,Multnomah,,,,,,,,,,,,
466,74791479,47.01028628,-116.67643465,,Latah,,,,,,,,,,,,
467,74791553,47.01138595,-116.6748866,,Latah,,,,,,,,,,,,
468,74791625,47.01147865,-116.67545603,,Latah,,,,,,,,,,,,
469,74791681,47.01215263,-116.67482198,,Latah,,,,,,,,,,,,
470,74791735,47.01326753,-116.67323197,,Latah,,,,,,,,,,,,
471,74791794,47.01332833,-116.67269418,,Latah,,,,,,,,,,,,
472,74791886,47.013493,-116.672216,,Latah,,,,,,,,,,,,
473,74803282,45.5778783333,-122.77842,Portland,Multnomah,,,,,,,27.7270622253418,14.6756887435913,27.3879699707031,,,
474,74803766,45.5757916667,-122.7706616667,Portland,Multnomah,,,,,,,27.7507152557373,15.4324817657471,27.4114360809326,,,
475,74844221,49.015246,-122.6688719,,Greater Vancouver,,,,,,,,,,,,
476,74845160,49.0298722,-122.6927718,,Greater Vancouver,,,,,,,,,,,,
477,74847379,49.0583118,-122.6776531,,Greater Vancouver,,,,,,,,,,,,
478,74847510,49.0528627,-122.6792565,,Greater Vancouver,,,,,,,,,,,,
479,74848913,49.0225226,-122.6714960997,,Greater Vancouver,,,,,,,,,,,,
480,74895710,48.5496466667,-122.6236333333,,Skagit,,,,,,,,,,,,
481,74905203,46.8186416667,-116.9709383333,,Latah,,,,,,,,,,,,
482,74941340,45.4798194444,-122.5152833333,Portland,Multnomah,,,,,,,28.7405967712402,15.08141040802,25.6192684173584,,,
483,74964390,49.1885396875,-121.7510743961,Chilliwack,Fraser Valley,,,,,,,,,,,,
484,74979676,48.413025,-123.4975055556,,Capital,,,,,,,,,,,,
485,74980244,48.4330944444,-123.4705666667,,Capital,,,,,,,,,,,,
486,74984092,45.3273638889,-122.5697166667,,Clackamas,,,,,,,,,,,,
487,75106787,47.3546199718,-122.6024551689,,Pierce,,,,79.4000015258789,57.2000007629395,77.9000015258789,,,,,,
488,75182060,48.0887124235,-118.0031314865,,Stevens,,,,,,,,,,,,
489,75247959,47.3808566714,-122.2323468794,Kent City Limits,King,91.91552734375,63.195987701416,89.8975524902344,,,,,,,,,
490,75279361,49.3162026997,-123.0567788,,Greater Vancouver,,,,,,,,,,,,
491,75288018,45.3678694444,-122.5778,,Clackamas,,,,,,,,,,,,
492,75288248,45.370975,-122.5780361111,,Clackamas,,,,,,,,,,,,
493,75288741,45.370975,-122.5780361111,,Clackamas,,,,,,,,,,,,
494,75289130,45.3672583333,-122.5823916667,,Clackamas,,,,,,,,,,,,
495,75318152,47.21188,-122.535325,,Pierce,,,,,,,,,,30.1169033050537,15.9010133743286,29.3241157531738
496,75328214,48.5411462219,-122.1721506491,,Skagit,,,,,,,,,,,,
497,75331496,47.12512815,-116.6127457,,Benewah,,,,,,,,,,,,
498,75349356,45.3658027778,-122.5810638889,,Clackamas,,,,,,,,,,,,
499,75364667,48.4759829722,-123.3335679722,"Saanich, British Columbia",Capital,,,,,,,,,,,,
500,75366277,45.3844472222,-122.4195972222,,Clackamas,,,,,,,,,,,,
501,75400898,45.5457583333,-122.5661805556,Portland,Multnomah,,,,,,,29.5241661071777,14.8109903335571,26.8303279876709,,,
502,75402641,45.3839583333,-122.4197555556,,Clackamas,,,,,,,,,,,,
503,75457035,48.5360709355,-123.4302126025,"Saanich, British Columbia",Capital,,,,,,,,,,,,
504,75463849,48.5368670557,-123.4305381018,"Saanich, British Columbia",Capital,,,,,,,,,,,,
505,75466278,48.5372102877,-123.430482321,"Saanich, British Columbia",Capital,,,,,,,,,,,,
506,75511114,45.6492861111,-122.7620833333,Portland,Multnomah,,,,,,,31.5101146697998,15.0203409194946,28.9463062286377,,,
507,75512119,45.6483083333,-122.7636,Portland,Multnomah,,,,,,,31.7602577209473,15.2679071426392,28.6656532287598,,,
508,75518626,47.4657904722,-122.1329766944,,King,89.8760604858398,56.267017364502,84.1591796875,,,,,,,,,
509,75560764,47.3132763133,-122.1864293797,Auburn City Limits,King,89.0354614257812,59.2994346618652,85.1816864013672,,,,,,,,,
510,75565908,45.4714091773,-122.721484024,Portland,Multnomah,,,,,,,29.9845561981201,15.3426113128662,24.6096839904785,,,
511,75566490,47.3120585131,-122.1762637329,Auburn City Limits,King,89.4989929199219,59.4997634887695,85.8816299438477,,,,,,,,,
512,75567911,45.4712550453,-122.7220161565,Portland,Multnomah,,,,,,,29.9575901031494,15.3123435974121,24.2744197845459,,,
513,75568638,45.4715251786,-122.7225284912,Portland,Multnomah,,,,,,,29.8739814758301,15.3424453735352,24.3349494934082,,,
514,75569027,45.4715810533,-122.720990733,Portland,Multnomah,,,,,,,30.1287689208984,15.1760272979736,24.6667423248291,,,
515,75569183,45.4714747083,-122.7224794407,Portland,Multnomah,,,,,,,29.9128913879395,15.3215045928955,24.3591423034668,,,
516,75569298,45.4714437976,-122.722758686,Portland,Multnomah,,,,,,,29.8984031677246,15.3337478637695,24.191312789917,,,
517,75569485,45.4715431156,-122.7214778681,Portland,Multnomah,,,,,,,30.0187129974365,15.4123849868774,24.6239910125732,,,
518,75569831,45.4715002422,-122.7216917743,Portland,Multnomah,,,,,,,29.9663925170898,15.4417037963867,24.4004325866699,,,
519,75569925,48.4144444444,-123.5048666667,,Capital,,,,,,,,,,,,
520,75570154,45.4711944284,-122.7220900824,Portland,Multnomah,,,,,,,29.9868698120117,15.3071641921997,24.2658519744873,,,
521,75570844,45.4718017392,-122.7210073919,Portland,Multnomah,,,,,,,30.2507514953613,15.4897537231445,24.6503238677979,,,
523,75571653,45.4709691231,-122.7219081143,Portland,Multnomah,,,,,,,29.9661998748779,14.8877325057983,24.5888843536377,,,
524,75571770,45.4713502061,-122.7228506563,Portland,Multnomah,,,,,,,29.9300098419189,15.2780141830444,24.1489944458008,,,
525,75572036,45.4712310993,-122.7219676228,Portland,Multnomah,,,,,,,29.9639492034912,15.3127784729004,24.3166275024414,,,
526,75584154,45.4713134766,-122.7219157388,Portland,Multnomah,,,,,,,29.910364151001,15.3320217132568,24.3315048217773,,,
527,75586671,45.47124686,-122.72188448,Portland,Multnomah,,,,,,,29.9225425720215,15.3051490783691,24.6689929962158,,,
528,75599170,45.5909277778,-122.7545555556,Portland,Multnomah,,,,,,,31.6326541900635,15.782247543335,29.7862224578857,,,
529,75674889,45.517061,-122.704894,Portland,Multnomah,,,,,,,27.4408569335938,16.3762474060059,27.3526306152344,,,
530,75868865,45.52096159,-122.70200332,Portland,Multnomah,,,,,,,28.5381717681885,16.6554565429688,27.6410369873047,,,
531,75872644,45.5210192688,-122.7017770429,Portland,Multnomah,,,,,,,28.5853939056396,16.7351112365723,27.6478672027588,,,
532,75874917,45.52110358,-122.70148249,Portland,Multnomah,,,,,,,28.6164531707764,16.7308559417725,27.8301753997803,,,
533,75876301,47.12470234,-116.61254897,,Benewah,,,,,,,,,,,,
534,75983648,45.5726354057,-122.6117502899,Portland,Multnomah,,,,,,,31.7559185028076,16.544189453125,29.1924266815186,,,
535,76047406,45.296525,-122.3610833333,,Clackamas,,,,,,,,,,,,
536,76049215,45.296525,-122.3610833333,,Clackamas,,,,,,,,,,,,
537,76051057,45.2956833333,-122.3643666667,,Clackamas,,,,,,,,,,,,
538,76051796,45.2951333333,-122.3640361111,,Clackamas,,,,,,,,,,,,
539,76052738,45.2954176374,-122.3622099683,,Clackamas,,,,,,,,,,,,
540,76053291,45.297275,-122.3488722222,,Clackamas,,,,,,,,,,,,
541,76054693,45.2992277778,-122.3586166667,,Clackamas,,,,,,,,,,,,
542,76164481,47.2105833333,-122.5343466667,,Pierce,,,,,,,,,,30.0890598297119,15.6227531433105,29.3788757324219
543,76168739,47.0708833333,-122.97632,,Thurston,,,,,,,,,,,,
544,76187737,48.6729083333,-123.4267583333,,Capital,,,,,,,,,,,,
545,76193417,49.1681195351,-123.9926426201,,Nanaimo,,,,,,,,,,,,
546,76207008,49.1996737634,-122.4023231426,,Fraser Valley,,,,,,,,,,,,
547,76299392,45.2949980578,-122.3649766669,,Clackamas,,,,,,,,,,,,
548,76308690,47.5630141622,-122.3514437654,,King,88.9363861083984,62.6125030517578,84.7073440551758,,,,,,,,,
549,76318112,45.6572007539,-121.8677334386,,Hood River,,,,,,,,,,,,
550,76342430,45.299425,-122.3543277778,,Clackamas,,,,,,,,,,,,
551,76351038,48.5333106596,-123.4391660219,"Saanich, British Columbia",Capital,,,,,,,,,,,,
552,76386517,45.2993388889,-122.3520416667,,Clackamas,,,,,,,,,,,,
553,76389103,45.2978416667,-122.3496805556,,Clackamas,,,,,,,,,,,,
554,76439466,45.2980361111,-122.3728472222,,Clackamas,,,,,,,,,,,,
555,76443010,45.3075027778,-122.3655861111,,Clackamas,,,,,,,,,,,,
556,76444995,45.3076972222,-122.365125,,Clackamas,,,,,,,,,,,,
557,76447094,45.3065333333,-122.3663833333,,Clackamas,,,,,,,,,,,,
558,76605285,45.4555833333,-122.6732222222,Portland,Multnomah,,,,,,,26.8419303894043,16.4349231719971,27.4242763519287,,,
559,76624870,45.4559138889,-122.6704611111,Portland,Multnomah,,,,,,,27.2424869537354,16.4861602783203,27.4637870788574,,,
560,76629311,45.4566555556,-122.6703138889,Portland,Multnomah,,,,,,,27.129114151001,16.3209934234619,27.4030132293701,,,
561,76631592,45.4566527778,-122.6710166667,Portland,Multnomah,,,,,,,27.1140213012695,16.3382873535156,27.3262767791748,,,
562,76640463,45.4566944444,-122.6720722222,Portland,Multnomah,,,,,,,27.1418762207031,16.3997917175293,27.2598686218262,,,
563,76666696,45.4554611111,-122.6745638889,Portland,Multnomah,,,,,,,26.8716487884521,16.3617286682129,27.4268169403076,,,
564,76667766,45.4554805556,-122.6745472222,Portland,Multnomah,,,,,,,26.8681259155273,16.3599452972412,27.4262790679932,,,
565,76690954,47.3778633333,-122.9755333333,,Mason,,,,,,,,,,,,
566,76696107,45.4555361111,-122.6752611111,Portland,Multnomah,,,,,,,27.3033962249756,15.8093490600586,27.4818706512451,,,
567,76700302,45.3810972222,-122.6280083333,,Clackamas,,,,,,,,,,,,
568,76709504,45.5228880141,-122.7029508447,Portland,Multnomah,,,,,,,28.5746803283691,16.3600807189941,27.6927299499512,,,
569,76722420,45.52352564,-122.70367434,Portland,Multnomah,,,,,,,28.4196586608887,16.3821086883545,27.6636085510254,,,
570,76729758,45.52336763,-122.70390359,Portland,Multnomah,,,,,,,28.7325534820557,16.353271484375,27.6481056213379,,,
571,76733660,45.3816333333,-122.62775,,Clackamas,,,,,,,,,,,,
572,76734896,47.50143,-122.459145,,King,,,,,,,,,,,,
573,76754963,45.52332255,-122.70148982,Portland,Multnomah,,,,,,,28.4720039367676,16.6410675048828,28.3266201019287,,,
574,76771331,45.3824805556,-122.6253,,Clackamas,,,,,,,,,,,,
575,76774849,47.59325,-122.1843633333,Bellevue City Limits,King,88.4323272705078,60.197452545166,82.2491760253906,,,,,,,,,
576,76776436,47.5331283333,-122.1279611667,,King,90.5567398071289,55.3654937744141,81.5283813476562,,,,,,,,,
577,76833856,47.526795,-122.1256333333,,King,89.7836685180664,56.1074523925781,81.2730331420898,,,,,,,,,
578,76838542,45.3813861111,-122.626075,,Clackamas,,,,,,,,,,,,
579,76844604,45.3803972222,-122.6263833333,,Clackamas,,,,,,,,,,,,
580,76846077,45.3802222222,-122.6267277778,,Clackamas,,,,,,,,,,,,
581,76849887,45.303025,-121.8624888889,,Clackamas,,,,,,,,,,,,
582,76851330,45.303025,-121.8624888889,,Clackamas,,,,,,,,,,,,
583,76936569,47.73401047,-123.15418854,,Jefferson,,,,,,,,,,,,
584,76998196,47.3638533333,-123.1645805,,Mason,,,,,,,,,,,,
585,77000399,47.3602633333,-123.1567611667,,Mason,,,,,,,,,,,,
586,77001270,47.3624083333,-123.1640778333,,Mason,,,,,,,,,,,,
587,77001984,47.363455,-123.1600583333,,Mason,,,,,,,,,,,,
588,77003271,47.3634533333,-123.1620945,,Mason,,,,,,,,,,,,
589,77029607,45.3067194444,-121.7890277778,,Clackamas,,,,,,,,,,,,
590,77043715,49.1091229509,-122.8386877167,,Greater Vancouver,,,,,,,,,,,,
591,77141304,45.2151055556,-121.5205361111,,Wasco,,,,,,,,,,,,
592,77271971,49.1612445,-123.1962283333,,Greater Vancouver,,,,,,,,,,,,
593,77392708,49.3305184997,-122.9914559997,,Greater Vancouver,,,,,,,,,,,,
594,77494290,47.5393676758,-122.3720645719,,King,88.724235534668,61.6691780090332,86.5590362548828,,,,,,,,,
595,77842743,49.2459958997,-122.9333301,,Greater Vancouver,,,,,,,,,,,,
596,77842848,49.2464091,-122.9339274,,Greater Vancouver,,,,,,,,,,,,
597,77848962,48.495877319,-123.3343011746,"Saanich, British Columbia",Capital,,,,,,,,,,,,
598,77931046,45.594787083,-122.7148089169,Portland,Multnomah,,,,,,,31.786865234375,14.9786281585693,29.4888496398926,,,
599,77949430,49.3101612,-123.0459756,,Greater Vancouver,,,,,,,,,,,,
600,78079304,47.525695,-122.26385,,King,86.9992294311523,62.250602722168,82.4723281860352,,,,,,,,,
601,78177706,46.9425666667,-122.976045,,Thurston,,,,,,,,,,,,
602,78178298,46.95845,-122.9926616667,,Thurston,,,,,,,,,,,,
603,78250182,49.1832134053,-121.9166852663,Chilliwack,Fraser Valley,,,,,,,,,,,,
604,78274636,49.2323832,-123.0869792,,Greater Vancouver,,,,,,,,,,,,
605,78310109,48.4090583333,-123.5079722222,,Capital,,,,,,,,,,,,
606,78311298,48.4440277778,-123.4615388889,,Capital,,,,,,,,,,,,
607,78385648,45.4284966784,-123.2315582504,,Yamhill,,,,,,,,,,,,
608,78386574,45.4285346065,-123.2313730103,,Yamhill,,,,,,,,,,,,
609,78403242,46.9218883333,-122.2623883333,,Pierce,,,,,,,,,,,,
610,78404025,46.9219799526,-122.2655187641,,Pierce,,,,,,,,,,,,
611,78405805,45.4282787489,-123.2315444202,,Yamhill,,,,,,,,,,,,
612,78405834,45.4282627395,-123.232085053,,Yamhill,,,,,,,,,,,,
613,78414054,47.57589743,-122.54718148,,Kitsap,,,,,,,,,,,,
614,78470567,48.444386,-123.3865519722,,Capital,,,,,,,,,,,,
615,78474264,49.1847667692,-122.6163391836,,Greater Vancouver,,,,,,,,,,,,
616,78489829,47.3814305803,-122.3192108051,Des Moines City Limits,King,88.6790466308594,59.9166030883789,84.7346801757812,,,,,,,,,
617,78497841,48.7309837118,-122.4527995661,"Bellingham, Washington, USA",Whatcom,,,,,,,,,,,,
618,78530805,48.5064472222,-123.3847277778,,Capital,,,,,,,,,,,,
619,78530807,48.6818722222,-123.40815,,Capital,,,,,,,,,,,,
620,78532491,48.439953,-123.378713,,Capital,,,,,,,,,,,,
621,78535759,54.3182946,-130.3039703,,Skeena-Queen Charlotte,,,,,,,,,,,,
622,78538515,47.13475368,-116.63154169,,Benewah,,,,,,,,,,,,
623,78542679,47.8247799722,-123.012994,,Jefferson,,,,,,,,,,,,
624,78549301,46.1813861111,-123.8374833333,,Clatsop,,,,,,,,,,,,
625,78568346,49.1990049133,-122.5238031106,,Greater Vancouver,,,,,,,,,,,,
626,78600923,47.3815871962,-122.3188506347,Des Moines City Limits,King,88.2874374389648,59.7914428710938,84.5631866455078,,,,,,,,,
627,78602504,54.2663243786,-130.2638121508,,Skeena-Queen Charlotte,,,,,,,,,,,,
628,78604035,47.3815188418,-122.3187657261,Des Moines City Limits,King,88.2386093139648,59.674861907959,84.4739151000977,,,,,,,,,
629,78604361,47.3815242062,-122.3187210505,Des Moines City Limits,King,88.2386093139648,59.674861907959,84.4739151000977,,,,,,,,,
630,78609155,46.2487916667,-123.8630027778,,Pacific,,,,,,,,,,,,
631,78614205,45.8456,-123.7599333333,,Clatsop,,,,,,,,,,,,
632,78620270,45.7809388889,-123.417025,,Clatsop,,,,,,,,,,,,
633,78624632,45.7820055556,-123.4057277778,,Clatsop,,,,,,,,,,,,
634,78625146,47.3819896114,-122.3216067721,Des Moines City Limits,King,89.3030014038086,62.8194808959961,86.0995712280273,,,,,,,,,
635,78625631,47.3817737743,-122.3214492793,Des Moines City Limits,King,89.3480682373047,62.7368469238281,86.0955429077148,,,,,,,,,
636,78626609,47.3819594365,-122.3212611024,Des Moines City Limits,King,89.3255996704102,62.6960830688477,85.9887161254883,,,,,,,,,
637,78626989,47.382038394,-122.3212665507,Des Moines City Limits,King,89.331184387207,62.6457061767578,85.9446563720703,,,,,,,,,
638,78627216,47.3819753202,-122.3213478551,Des Moines City Limits,King,89.3528823852539,62.7855606079102,86.0462799072266,,,,,,,,,
639,78627334,47.3819353804,-122.3213517946,Des Moines City Limits,King,89.3528823852539,62.7855606079102,86.0462799072266,,,,,,,,,
640,78627406,47.3819497973,-122.3214962987,Des Moines City Limits,King,89.3030014038086,62.8194808959961,86.0995712280273,,,,,,,,,
641,78627829,47.3818164412,-122.3213363719,Des Moines City Limits,King,89.3584518432617,62.6795043945312,85.9753341674805,,,,,,,,,
642,78627899,47.3818710074,-122.3213637808,Des Moines City Limits,King,89.3679962158203,62.7375373840332,86.0146560668945,,,,,,,,,
643,78628293,47.3818702531,-122.321416922,Des Moines City Limits,King,89.3679962158203,62.7375373840332,86.0146560668945,,,,,,,,,
644,78628463,47.3818681995,-122.3213486095,Des Moines City Limits,King,89.3679962158203,62.7375373840332,86.0146560668945,,,,,,,,,
645,78629139,47.3818644695,-122.3213473522,Des Moines City Limits,King,89.3679962158203,62.7375373840332,86.0146560668945,,,,,,,,,
646,78629438,47.381819333,-122.3213439157,Des Moines City Limits,King,89.3584518432617,62.6795043945312,85.9753341674805,,,,,,,,,
647,78629611,47.3818266672,-122.3213388027,Des Moines City Limits,King,89.3584518432617,62.6795043945312,85.9753341674805,,,,,,,,,
648,78629848,47.3818492564,-122.3213621044,Des Moines City Limits,King,89.3679962158203,62.7375373840332,86.0146560668945,,,,,,,,,
649,78632126,47.3818456941,-122.3212929537,Des Moines City Limits,King,89.3584518432617,62.6795043945312,85.9753341674805,,,,,,,,,
650,78632275,47.3819081393,-122.3212785368,Des Moines City Limits,King,89.3255996704102,62.6960830688477,85.9887161254883,,,,,,,,,
651,78632335,47.3819007632,-122.3212536426,Des Moines City Limits,King,89.3255996704102,62.6960830688477,85.9887161254883,,,,,,,,,
652,78632829,47.3819246516,-122.3217543774,Des Moines City Limits,King,89.2105255126953,62.8898582458496,86.2522659301758,,,,,,,,,
653,78632926,47.3819043674,-122.3217081932,Des Moines City Limits,King,89.2973937988281,62.8797264099121,86.2246246337891,,,,,,,,,
654,78633395,47.3819080554,-122.3217864801,Des Moines City Limits,King,89.2105255126953,62.8898582458496,86.2522659301758,,,,,,,,,
655,78633614,47.3819236877,-122.3217979633,Des Moines City Limits,King,89.2105255126953,62.8898582458496,86.2522659301758,,,,,,,,,
656,78633693,47.3818822811,-122.3219274637,Des Moines City Limits,King,89.2475128173828,62.9013137817383,86.2977294921875,,,,,,,,,
657,78634103,47.3818918784,-122.3219549564,Des Moines City Limits,King,89.2475128173828,62.9013137817383,86.2977294921875,,,,,,,,,
658,78780019,47.6261633333,-122.325425,,King,88.7879486083984,63.1751708984375,85.2821731567383,,,,,,,,,
659,78781760,47.63093,-122.3245783333,,King,89.1240463256836,62.6889572143555,84.9043045043945,,,,,,,,,
660,78785211,47.0317877876,-122.8870602698,,Thurston,,,,,,,,,,,,
661,78799651,47.0234305,-122.371925,,Pierce,,,,,,,,,,,,
662,78799751,46.9999283333,-122.3595283333,,Pierce,,,,,,,,,,,,
663,78799864,46.9986283333,-122.3590866667,,Pierce,,,,,,,,,,,,
664,78799974,46.9818333333,-122.357925,,Pierce,,,,,,,,,,,,
665,78800052,46.9826283333,-122.2825783333,,Pierce,,,,,,,,,,,,
666,78800152,46.974525,-122.2426616667,,Pierce,,,,,,,,,,,,
667,78844909,45.3949606798,-122.7738870969,,Washington,,,,,,,,,,,,
668,78890579,45.7175888889,-123.9161833333,,Tillamook,,,,,,,,,,,,
669,78891107,45.7187611111,-123.9342222222,"Manzanita, Oregon, US",Tillamook,,,,,,,,,,,,
670,78927843,49.3113097997,-123.0173972,,Greater Vancouver,,,,,,,,,,,,
671,78928189,49.3075648,-123.0206368,,Greater Vancouver,,,,,,,,,,,,
672,78943497,45.7879527778,-123.4462333333,,Clatsop,,,,,,,,,,,,
673,79043177,54.2492406769,-130.2002631593,,Skeena-Queen Charlotte,,,,,,,,,,,,
674,79152102,48.6205736263,-122.9297278449,,San Juan,,,,,,,,,,,,
675,79177881,48.3927466667,-122.4460133333,,Skagit,,,,,,,,,,,,
676,79241066,47.541343307,-122.1400124207,Bellevue City Limits,King,90.3889617919922,54.2388076782227,81.4454879760742,,,,,,,,,
677,79312199,47.4908116667,-121.7264716667,,King,89.5038757324219,55.7898979187012,82.5665435791016,,,,,,,,,
678,79313397,47.5042716667,-121.7404333333,,King,90.0769577026367,55.377613067627,82.2089920043945,,,,,,,,,
679,79314214,47.4965833333,-121.7326666667,,King,89.8419342041016,56.3821830749512,82.4280090332031,,,,,,,,,
680,79321969,45.8363553659,-122.7493919805,,Clark,,,,,,,,,,,,
681,79330359,47.645845,-122.5385883333,,Kitsap,,,,,,,,,,,,
682,79403269,45.4887771064,-122.4955972023,Portland,Multnomah,,,,,,,30.7859363555908,14.858943939209,28.9635696411133,,,
683,79603325,48.4546479722,-123.352856,"Saanich, British Columbia",Capital,,,,,,,,,,,,
684,79687164,47.761247973,-122.4773598836,,Kitsap,,,,,,,,,,,,
685,79689651,47.7612289042,-122.4775213191,,Kitsap,,,,,,,,,,,,
686,79693489,47.7609568792,-122.477128593,,Kitsap,,,,,,,,,,,,
687,79730671,49.3379563,-123.2509091,,Greater Vancouver,,,,,,,,,,,,
688,79734615,45.4341972222,-122.5579833333,,Clackamas,,,,,,,,,,,,
689,79734782,45.4341639126,-122.5578345358,,Clackamas,,,,,,,,,,,,
690,79795380,45.51483,-122.7184133333,Portland,Multnomah,,,,,,,27.0299682617188,15.4213781356812,27.3592796325684,,,
691,79798662,45.5146951808,-122.7183352306,Portland,Multnomah,,,,,,,26.9688148498535,15.4473791122437,27.3561992645264,,,
692,79802035,45.5148046847,-122.7181148242,Portland,Multnomah,,,,,,,27.0301303863525,15.4176721572876,27.3438091278076,,,
693,79805855,45.5143433314,-122.7156651009,Portland,Multnomah,,,,,,,27.5004291534424,15.229772567749,27.4240398406982,,,
694,79809971,45.5135813552,-122.7194119562,Portland,Multnomah,,,,,,,26.4330215454102,15.7428064346313,27.3530025482178,,,
695,79812540,45.5136650787,-122.7195340483,Portland,Multnomah,,,,,,,26.4102840423584,15.7608699798584,27.3848934173584,,,
696,79852049,48.4852292833,-123.3961022236,"Saanich, British Columbia",Capital,,,,,,,,,,,,
697,79859050,48.4852907005,-123.395706075,"Saanich, British Columbia",Capital,,,,,,,,,,,,
698,79874164,48.4634,-123.4097799722,"Saanich, British Columbia",Capital,,,,,,,,,,,,
699,80027083,48.5420481261,-122.1011530561,,Skagit,,,,,,,,,,,,
700,80028063,48.5418935698,-122.1014352868,,Skagit,,,,,,,,,,,,
701,80029654,48.5416747047,-122.1012114064,,Skagit,,,,,,,,,,,,
702,80036061,48.542944693,-122.0992625589,,Skagit,,,,,,,,,,,,
703,80037345,48.5427481569,-122.1006682877,,Skagit,,,,,,,,,,,,
704,80068595,47.4594416667,-121.6123883333,,King,,,,,,,,,,,,
705,80068716,47.4754116667,-121.6247633333,,King,,,,,,,,,,,,
706,80069068,47.4897883333,-121.638145,,King,,,,,,,,,,,,
707,80150464,47.123375,-122.2958666667,,Pierce,,,,84.3000030517578,57.7999992370605,79.8000030517578,,,,,,
708,80156061,46.9037966667,-122.2977616667,,Pierce,,,,,,,,,,,,
709,80157099,46.8715283333,-122.335755,,Pierce,,,,,,,,,,,,
710,80157966,46.8682216667,-122.33985,,Pierce,,,,,,,,,,,,
711,80158765,46.8594466667,-122.3521333333,,Pierce,,,,,,,,,,,,
712,80159296,48.4644759722,-123.3468809722,"Saanich, British Columbia",Capital,,,,,,,,,,,,
713,80161723,46.8729666667,-122.332175,,Pierce,,,,,,,,,,,,
714,80190018,49.5581491,-123.2352118,,Squamish-Lillooet,,,,,,,,,,,,
715,80190343,49.5519165997,-123.2363358,,Squamish-Lillooet,,,,,,,,,,,,
716,80256420,47.3090906037,-122.1802914596,Auburn City Limits,King,89.5582046508789,56.2614097595215,83.3912811279297,,,,,,,,,
717,80258047,47.2024805556,-122.4519111111,Tacoma,Pierce,,,,,,,,,,30.5473098754883,15.9744634628296,29.5967102050781
718,80279776,45.2101972222,-122.2737222222,,Clackamas,,,,,,,,,,,,
719,80280181,45.210625,-122.2711055556,,Clackamas,,,,,,,,,,,,
720,80289561,45.34315,-121.9416916667,,Clackamas,,,,,,,,,,,,
721,80291683,47.766039907,-122.4788183348,,Kitsap,,,,,,,,,,,,
722,80297041,47.7517263495,-122.4783269081,,Kitsap,,,,,,,,,,,,
723,80305174,48.553098,-123.571088,,Cowichan Valley,,,,,,,,,,,,
724,80306022,48.506245,-123.556819,,Capital,,,,,,,,,,,,
725,80356718,47.6678019444,-122.3259425,,King,87.1168365478516,61.6815757751465,83.2361373901367,,,,,,,,,
726,80366005,47.6339383333,-122.2941666667,,King,89.5479354858398,56.4780311584473,81.7455749511719,,,,,,,,,
727,80366709,47.6282466667,-122.29403,,King,88.5685272216797,59.6786308288574,84.5840148925781,,,,,,,,,
728,80392535,49.3380296997,-123.0402698,,Greater Vancouver,,,,,,,,,,,,
729,80392698,49.339488,-123.03981,,Greater Vancouver,,,,,,,,,,,,
730,80392816,49.3380969997,-123.0405664,,Greater Vancouver,,,,,,,,,,,,
731,80425190,49.3318471997,-123.0440978997,,Greater Vancouver,,,,,,,,,,,,
732,80436016,45.490249889,-122.2874362675,,Multnomah,,,,,,,,,,,,
733,80528576,45.3430194444,-121.9414111111,,Clackamas,,,,,,,,,,,,
734,80529761,45.1727895308,-121.697967276,,Wasco,,,,,,,,,,,,
735,80623868,49.044227,-122.85979,,Greater Vancouver,,,,,,,,,,,,
736,80637139,54.3119290145,-130.4020970408,,Skeena-Queen Charlotte,,,,,,,,,,,,
737,80647843,47.64359717,-122.32025392,,King,90.9501800537109,64.2311706542969,84.9896240234375,,,,,,,,,
738,80653580,45.5183492555,-122.7153005732,Portland,Multnomah,,,,,,,27.5672168731689,15.8274936676025,27.4525947570801,,,
739,80654989,45.5174792139,-122.7150939592,Portland,Multnomah,,,,,,,27.4927749633789,15.8595876693726,27.4141845703125,,,
740,80685865,48.4566927225,-123.3247789829,"Saanich, British Columbia",Capital,,,,,,,,,,,,
741,80755067,45.5144452132,-122.7186296986,Portland,Multnomah,,,,,,,26.669319152832,15.5384311676025,27.3356056213379,,,
742,80801854,47.66698347,-122.33171099,,King,86.2030258178711,61.7492179870605,83.2472457885742,,,,,,,,,
743,80802252,47.66687783,-122.32897739,,King,85.9143142700195,61.537483215332,82.7412796020508,,,,,,,,,
744,80985118,47.55221,-122.25647,,King,,,,,,,,,,,,
745,80985866,47.55221,-122.25647,,King,,,,,,,,,,,,
746,80987370,47.55373,-122.25378,,King,,,,,,,,,,,,
747,80995127,49.0647998785,-123.8002065942,,Nanaimo,,,,,,,,,,,,
748,80995249,49.06450456,-123.79973982,,Nanaimo,,,,,,,,,,,,
749,81097087,45.9808667398,-122.4593215473,,Clark,,,,,,,,,,,,
750,81097775,45.9131529522,-122.5852600925,,Clark,,,,,,,,,,,,
751,81139901,49.3220883997,-123.0443432,,Greater Vancouver,,,,,,,,,,,,
752,81140152,49.3229804997,-123.0448530997,,Greater Vancouver,,,,,,,,,,,,
753,81140215,49.3220707997,-123.0441112997,,Greater Vancouver,,,,,,,,,,,,
754,81140255,49.3214560997,-123.0443652,,Greater Vancouver,,,,,,,,,,,,
755,81228254,49.3224378997,-122.9710012997,,Greater Vancouver,,,,,,,,,,,,
756,81358872,47.7607675642,-122.4782242255,,Kitsap,,,,,,,,,,,,
757,81363664,47.7627423243,-122.4745063293,,Kitsap,,,,,,,,,,,,
758,81459253,47.7321323836,-122.5525919289,,Kitsap,,,,,,,,,,,,
759,81481815,45.5628666667,-122.8961888889,,Washington,,,,,,,,,,,,
760,81482516,45.4983722222,-122.8394138889,,Washington,,,,,,,,,,,,
761,81487639,45.4997694444,-122.8448972222,,Washington,,,,,,,,,,,,
762,81515211,48.9126446386,-121.9975892252,,Whatcom,,,,,,,,,,,,
763,81615404,46.9792116667,-122.36982,,Pierce,,,,,,,,,,,,
764,81714595,46.7546383333,-122.9866416667,,Lewis,,,,,,,,,,,,
765,81714821,46.5511866667,-122.876725,,Lewis,,,,,,,,,,,,
766,81715045,46.4939616667,-122.8769216667,,Lewis,,,,,,,,,,,,
767,81715657,45.9559166667,-122.5815666667,,Cowlitz,,,,,,,,,,,,
768,81755200,46.976745,-122.3704133333,,Pierce,,,,,,,,,,,,
769,81910497,45.5102233887,-122.716386357,Portland,Multnomah,,,,,,,27.5601539611816,14.8950777053833,27.2560024261475,,,
770,81933770,48.5164431962,-123.3661628077,"Saanich, British Columbia",Capital,,,,,,,,,,,,
771,81934378,48.5165568622,-123.3661171321,"Saanich, British Columbia",Capital,,,,,,,,,,,,
772,82037896,45.2788743212,-121.6152060404,,Hood River,,,,,,,,,,,,
773,82096280,45.5000583333,-122.8452,,Washington,,,,,,,,,,,,
774,82096361,45.5029416667,-122.842475,,Washington,,,,,,,,,,,,
775,82099053,45.5757194444,-122.1118083333,,Multnomah,,,,,,,,,,,,
776,82109949,45.5744916667,-122.1077166667,,Multnomah,,,,,,,,,,,,
777,82112404,47.598295,-121.992675,,King,89.4152145385742,55.5008163452148,81.6003494262695,,,,,,,,,
778,82113245,47.5961916667,-121.995675,,King,89.5070724487305,55.3270454406738,82.6064987182617,,,,,,,,,
779,82113818,47.598355,-121.9929666667,,King,89.3757705688477,55.5589141845703,81.6072463989258,,,,,,,,,
780,82185786,47.7116069058,-122.5793471934,,Kitsap,,,,,,,,,,,,
781,82203093,47.7615898289,-122.4773970154,,Kitsap,,,,,,,,,,,,
782,82220359,47.7613908236,-122.4768622281,,Kitsap,,,,,,,,,,,,
783,82230061,45.4729172867,-122.5040527248,Portland,Multnomah,,,,,,,29.5129318237305,16.3750591278076,25.551477432251,,,
784,82316681,45.4995888379,-122.8443682195,,Washington,,,,,,,,,,,,
785,82319512,45.51400254,-122.71962108,Portland,Multnomah,,,,,,,26.3837928771973,15.7342147827148,27.3631763458252,,,
786,82327258,45.51279488,-122.71597708,Portland,Multnomah,,,,,,,26.9009323120117,14.9962997436523,27.3102493286133,,,
787,82335470,45.5131859,-122.71408798,Portland,Multnomah,,,,,,,27.4134311676025,15.0578680038452,27.3569049835205,,,
788,82336309,45.51308712,-122.71432504,Portland,Multnomah,,,,,,,27.4100818634033,15.1147403717041,27.3581771850586,,,
789,82338709,45.5129284691,-122.7107568273,Portland,Multnomah,,,,,,,27.4196586608887,15.5297994613647,27.3549880981445,,,
790,82345498,45.511869751,-122.7149916162,Portland,Multnomah,,,,,,,27.2492733001709,14.9430932998657,27.3628215789795,,,
791,82350037,45.512407953,-122.715653116,Portland,Multnomah,,,,,,,27.222599029541,14.9673662185669,27.3616580963135,,,
792,82371091,45.5115514482,-122.7180225124,Portland,Multnomah,,,,,,,27.490062713623,14.9638576507568,27.3057174682617,,,
793,82371404,45.511552915,-122.7182631568,Portland,Multnomah,,,,,,,27.4774532318115,14.9698524475098,27.3107891082764,,,
794,82383912,45.57565,-122.1143916667,,Multnomah,,,,,,,,,,,,
795,82387275,45.5758638889,-122.1150777778,,Multnomah,,,,,,,,,,,,
796,82395029,45.5769388889,-122.1168027778,,Multnomah,,,,,,,,,,,,
797,82444197,48.4923823233,-123.3657886304,"Saanich, British Columbia",Capital,,,,,,,,,,,,
798,82445420,45.5170283333,-122.7139116667,Portland,Multnomah,,,,,,,27.6387920379639,15.8897848129272,27.424129486084,,,
799,82447728,47.31803,-122.5431133333,Tacoma,Pierce,,,,,,,,,,25.4901599884033,16.817253112793,25.4602603912354
800,82448623,47.28328,-122.3219833333,,King,89.3221664428711,60.8423118591309,85.5028839111328,,,,,,,32.1888427734375,16.2402935028076,29.0773868560791
801,82448925,45.5172713375,-122.7130117085,Portland,Multnomah,,,,,,,27.719165802002,16.0535869598389,27.4673538208008,,,
802,82448987,45.5200605831,-122.7077576404,Portland,Multnomah,,,,,,,28.0731468200684,16.4797344207764,27.4389266967773,,,
803,82449489,45.5168133333,-122.7132783333,Portland,Multnomah,,,,,,,27.6469974517822,15.7674531936646,27.4179210662842,,,
804,82486150,49.3408256,-123.2262912,,Greater Vancouver,,,,,,,,,,,,
805,82492592,45.5165995899,-122.713982787,Portland,Multnomah,,,,,,,27.6068878173828,15.4577960968018,27.4170932769775,,,
806,82494077,45.516205,-122.71435,Portland,Multnomah,,,,,,,27.6340274810791,15.3017597198486,27.421480178833,,,
807,82693780,45.51645,-122.7148616667,Portland,Multnomah,,,,,,,27.5055828094482,15.2891626358032,27.4165363311768,,,
808,82696271,45.5164983181,-122.7148997428,Portland,Multnomah,,,,,,,27.4863090515137,15.2884893417358,27.4127082824707,,,
809,82745879,47.7608205203,-122.477416649,,Kitsap,,,,,,,,,,,,
810,82752477,45.5179226585,-122.7133889963,Portland,Multnomah,,,,,,,27.6666316986084,16.0956611633301,27.494197845459,,,
811,82892092,46.9332716667,-122.2665416667,,Pierce,,,,,,,,,,,,
812,82894831,46.9220866667,-122.2622216667,,Pierce,,,,,,,,,,,,
813,83022098,47.5344543457,-122.3953664304,,King,89.034065246582,61.2601089477539,84.5029754638672,,,,,,,,,
814,83096820,45.5254529622,-122.7157519385,Portland,Multnomah,,,,,,,28.1456680297852,16.3784599304199,27.5447521209717,,,
815,83167574,47.862850721,-122.5146925451,,Kitsap,,,,,,,,,,,,
816,83168797,47.8718109336,-122.5412038342,,Kitsap,,,,,,,,,,,,
817,83196980,47.3112033333,-122.5389333333,Tacoma,Pierce,,,,,,,,,,26.0412502288818,15.89954662323,25.0479526519775
818,83337382,50.21876491,-125.06637234,,Comox-Strathcona,,,,,,,,,,,,
819,83348427,47.7047427476,-122.0918460697,,King,90.6354064941406,55.2394218444824,81.5062942504883,,,,,,,,,
820,83348870,47.7190948239,-122.0511452577,,King,90.3259658813477,55.1921005249023,82.5325317382812,,,,,,,,,
821,83350322,45.5080638889,-122.7157166667,Portland,Multnomah,,,,,,,27.5432147979736,15.0605945587158,27.2956523895264,,,
822,83415556,47.55218,-122.25359,,King,89.986701965332,60.1636924743652,83.3375930786133,,,,,,,,,
823,83416123,45.4648849508,-122.3935955857,,Multnomah,,,,,,,,,,,,
824,83443772,50.22302605,-125.06740439,,Comox-Strathcona,,,,,,,,,,,,
825,83452082,50.22266156,-125.06764866,,Comox-Strathcona,,,,,,,,,,,,
826,83472951,45.5110972222,-122.7153444444,Portland,Multnomah,,,,,,,27.2933483123779,14.9103059768677,27.3174896240234,,,
827,83473193,45.5182737383,-122.7175647765,Portland,Multnomah,,,,,,,27.3524703979492,15.630163192749,27.4684162139893,,,
828,83473813,45.508175,-122.7132222222,Portland,Multnomah,,,,,,,27.26926612854,15.0710897445679,27.3503456115723,,,
829,83562291,45.5115426239,-122.7116828907,Portland,Multnomah,,,,,,,27.2163734436035,15.1941213607788,27.3435173034668,,,
830,83563381,45.5113445539,-122.7121949884,Portland,Multnomah,,,,,,,27.1615734100342,15.0759878158569,27.3377532958984,,,
831,83566783,45.5110283884,-122.71904321,Portland,Multnomah,,,,,,,27.3686618804932,15.0611772537231,27.2977333068848,,,
832,83732062,48.5167539341,-123.3677906068,"Saanich, British Columbia",Capital,,,,,,,,,,,,
833,83800854,50.0874376,-125.3144324,,Comox-Strathcona,,,,,,,,,,,,
834,83809392,45.517306,-122.718998,Portland,Multnomah,,,,,,,27.4341239929199,15.3258113861084,27.3707408905029,,,
835,83810196,45.517306,-122.718998,Portland,Multnomah,,,,,,,27.4341239929199,15.3258113861084,27.3707408905029,,,
836,83891414,49.2857816667,-124.37188,,Nanaimo,,,,,,,,,,,,
837,83895855,49.2864416667,-124.3712366667,,Nanaimo,,,,,,,,,,,,
838,83895856,49.2864566667,-124.3712516667,,Nanaimo,,,,,,,,,,,,
839,83897208,49.2859562099,-124.3714820418,,Nanaimo,,,,,,,,,,,,
840,83897209,49.2861233333,-124.3717433333,,Nanaimo,,,,,,,,,,,,
841,84069353,48.6847490073,-122.9240437412,,San Juan,,,,,,,,,,,,
842,84087144,48.6234672731,-122.8547254704,,San Juan,,,,,,,,,,,,
843,84142481,49.3240659,-122.93885,,Greater Vancouver,,,,,,,,,,,,
844,84264013,47.7612003638,-122.4776887895,,Kitsap,,,,,,,,,,,,
845,84320891,45.5113843969,-122.7195812949,Portland,Multnomah,,,,,,,26.9703998565674,15.0817852020264,27.2962207794189,,,
846,84321788,45.5112442933,-122.7196410579,Portland,Multnomah,,,,,,,27.0122299194336,15.0945653915405,27.303186416626,,,
847,84365621,45.5373633333,-123.00249445,,Washington,,,,,,,,,,,,
848,84613520,49.109674,-122.760646,,Greater Vancouver,,,,,,,,,,,,
849,84620183,45.351016,-121.968278,,Clackamas,,,,,,,,,,,,
851,84733991,48.4723731287,-122.4458573386,,Skagit,,,,,,,,,,,,
852,84769737,54.3168503232,-130.3200381249,,Skeena-Queen Charlotte,,,,,,,,,,,,
853,84932614,49.3537686,-123.2678987,,Greater Vancouver,,,,,,,,,,,,
854,84940086,45.570525,-122.1253444444,,Multnomah,,,,,,,,,,,,
855,84968283,45.778175,-122.6704033333,,Clark,,,,,,,,,,,,
856,85000753,47.631705,-122.3130716667,,King,89.1344375610352,60.2395095825195,85.5429382324219,,,,,,,,,
857,85035731,47.1332083333,-122.8002383333,,Thurston,,,,,,,,,,,,
858,85039935,47.24763,-122.49292,Tacoma,Pierce,,,,,,,,,,31.174409866333,15.9059734344482,28.5013294219971
859,85054388,48.77419488,-122.33345074,"Bellingham, Washington, USA",Whatcom,,,,,,,,,,,,
860,85298626,48.9724433333,-125.6077666667,,Alberni-Clayoquot,,,,,,,,,,,,
861,85409524,49.07611,-125.8455666667,,Alberni-Clayoquot,,,,,,,,,,,,
862,85418178,49.63255944,-125.52924102,,Comox-Strathcona,,,,,,,,,,,,
863,85418346,49.87408824,-126.16391271,,Comox-Strathcona,,,,,,,,,,,,
864,85418435,50.27450204,-125.42484272,,Comox-Strathcona,,,,,,,,,,,,
865,85418556,50.27416385,-125.42346533,,Comox-Strathcona,,,,,,,,,,,,
866,85669427,49.115794,-122.770745,,Greater Vancouver,,,,,,,,,,,,
867,85693634,47.672925,-122.2943116667,,King,88.8421783447266,61.2360572814941,85.1694717407227,,,,,,,,,
868,85694678,47.67402,-122.298425,,King,88.2220687866211,61.9397430419922,84.7882766723633,,,,,,,,,
869,85830468,48.4147482505,-123.7046259083,,Capital,,,,,,,,,,,,
870,85830816,48.4145874856,-123.7042446155,,Capital,,,,,,,,,,,,
871,85830934,48.4154140251,-123.698448278,,Capital,,,,,,,,,,,,
872,85831032,48.4173541004,-123.6907006335,,Capital,,,,,,,,,,,,
873,85831701,48.4176237881,-123.6903554667,,Capital,,,,,,,,,,,,
874,85870718,49.2837416667,-124.2302033333,,Nanaimo,,,,,,,,,,,,
875,85951101,45.51662688,-122.71450219,Portland,Multnomah,,,,,,,27.558277130127,15.2771196365356,27.4175128936768,,,
876,85988471,49.275425,-124.1196183333,,Nanaimo,,,,,,,,,,,,
877,85989702,49.276675,-124.9263033333,,Alberni-Clayoquot,,,,,,,,,,,,
878,85990724,49.269185,-124.924005,,Alberni-Clayoquot,,,,,,,,,,,,
879,85993500,45.51671999,-122.7180051,Portland,Multnomah,,,,,,,27.4481678009033,15.4699659347534,27.3817481994629,,,
880,86002017,45.4465797125,-122.8711571173,,Washington,,,,,,,,,,,,
881,86341189,46.731155,-117.1742783333,,Whitman,,,,,,,,,,,,
882,86350419,47.6340780321,-122.2991664306,,King,88.894660949707,57.8274269104004,82.7833023071289,,,,,,,,,
883,86364022,45.51075,-122.4915694444,Portland,Multnomah,,,,,,,31.8575401306152,14.0802345275879,29.5178279876709,,,
884,86443651,47.0810347768,-122.7813376986,,Thurston,,,,,,,,,,,,
885,86499162,49.117175,-122.769273,,Greater Vancouver,,,,,,,,,,,,
886,86567573,50.2833265967,-125.1980270818,,Comox-Strathcona,,,,,,,,,,,,
887,86581975,45.5159155789,-122.7185351365,Portland,Multnomah,,,,,,,27.4202880859375,15.2134504318237,27.3699855804443,,,
888,86585445,45.5159219648,-122.7190091377,Portland,Multnomah,,,,,,,27.3383293151855,15.4945297241211,27.3718357086182,,,
889,86730250,45.513346016,-122.7195829207,Portland,Multnomah,,,,,,,26.4281635284424,15.7602910995483,27.3411254882812,,,
890,86733691,45.5133719137,-122.7195891503,Portland,Multnomah,,,,,,,26.4270401000977,15.75865650177,27.342493057251,,,
891,86735676,45.5135385243,-122.7194133521,Portland,Multnomah,,,,,,,26.419319152832,15.7547435760498,27.3476028442383,,,
892,86737269,45.5136622377,-122.7193925957,Portland,Multnomah,,,,,,,26.4410724639893,15.7531280517578,27.3791770935059,,,
893,86796350,43.5638338641,-123.3908069506,,Douglas,,,,,,,,,,,,
894,86808849,49.2729466715,-124.7871085529,,Alberni-Clayoquot,,,,,,,,,,,,
895,86808859,49.2730333333,-124.7873816667,,Alberni-Clayoquot,,,,,,,,,,,,
896,86898029,49.2735383333,-124.7919983333,,Alberni-Clayoquot,,,,,,,,,,,,
897,86907436,49.273585,-124.793965,,Alberni-Clayoquot,,,,,,,,,,,,
898,86907438,49.2739533333,-124.79358,,Alberni-Clayoquot,,,,,,,,,,,,
899,86923184,45.2848444444,-121.878625,,Clackamas,,,,,,,,,,,,
900,86994138,47.7296033333,-122.5563883333,,Kitsap,,,,,,,,,,,,
901,87029308,49.320287,-122.9941271,,Greater Vancouver,,,,,,,,,,,,
902,87195425,49.3188659722,-122.9743739722,,Greater Vancouver,,,,,,,,,,,,
903,87621560,47.30458,-122.5161533333,Tacoma,Pierce,,,,,,,,,,27.9071865081787,15.8931303024292,26.4790992736816
904,87625497,47.3724466667,-122.2552033333,Kent City Limits,King,90.8498916625977,59.0661125183105,85.9974594116211,,,,,,,,,
905,87674507,49.2925483333,-124.5010883333,,Nanaimo,,,,,,,,,,,,
906,87733728,47.6204866667,-122.3300866667,,King,89.6348876953125,65.0613021850586,86.8289947509766,,,,,,,,,
907,87779139,45.293005,-121.880355,,Clackamas,,,,,,,,,,,,
908,87813195,49.2864516667,-124.5129466667,,Nanaimo,,,,,,,,,,,,
909,87949492,47.4626366667,-123.85782,,Grays Harbor,,,,,,,,,,,,
910,88061558,47.4774283333,-122.0978695,East Renton Highlands City Limits,King,89.9672622680664,56.8781776428223,83.0392379760742,,,,,,,,,
911,88182512,48.8018609223,-122.198241502,,Whatcom,,,,,,,,,,,,
912,88203191,40.8783132122,-124.0899209964,,Humboldt,,,,,,,,,,,,
913,88343303,48.7800531774,-122.1823584661,,Whatcom,,,,,,,,,,,,
914,88449289,48.6809383518,-122.2773599625,"Bellingham, Washington, USA",Whatcom,,,,,,,,,,,,
915,88589058,45.5167739722,-122.7179653333,Portland,Multnomah,,,,,,,27.4128036499023,15.4061641693115,27.3818626403809,,,
916,88589921,45.5169217778,-122.7178895,Portland,Multnomah,,,,,,,27.4622650146484,15.2441091537476,27.3963775634766,,,
917,88639769,49.106195,-122.755468,,Greater Vancouver,,,,,,,,,,,,
918,88744515,47.1524416667,-121.681795,,King,,,,,,,,,,,,
919,88771264,48.8537030857,-121.7949066684,,Whatcom,,,,,,,,,,,,
920,88785771,49.33488,-124.9211833333,,Alberni-Clayoquot,,,,,,,,,,,,
921,88864273,45.5873004673,-122.761043301,Portland,Multnomah,,,,,,,32.0885353088379,16.7366809844971,29.417839050293,,,
922,88985611,47.3216152263,-122.2999921308,,King,88.963623046875,61.4783821105957,85.61669921875,,,,,,,,,
923,89124620,45.4964751704,-122.2868805473,,Multnomah,,,,,,,,,,,,
924,89124631,45.4965594504,-122.2869015859,,Multnomah,,,,,,,,,,,,
925,89124659,45.4969075509,-122.28790381,,Multnomah,,,,,,,,,,,,
926,89144228,49.3326245605,-124.919018908,,Alberni-Clayoquot,,,,,,,,,,,,
927,89240554,45.3232616667,-122.2886366667,,Clackamas,,,,,,,,,,,,
928,89253731,47.188874,-122.32940942,"Puyallup, WA",Pierce,,,,84.9000015258789,57.2000007629395,82.0999984741211,,,,32.9208221435547,15.9839668273926,29.2450733184814
929,89262685,47.19470027,-122.15780066,,Pierce,,,,82.5,58.9000015258789,81.1999969482422,,,,,,
930,89281926,47.2453633333,-122.4411,Tacoma,Pierce,,,,,,,,,,32.1027755737305,18.3492870330811,29.4033699035645
931,89282903,47.1968533333,-122.4554366667,Tacoma,Pierce,,,,,,,,,,30.1363964080811,15.3955001831055,29.4104824066162
932,89374851,48.6967361353,-122.6822545007,,Whatcom,,,,,,,,,,,,
933,89398239,45.5169074161,-122.7178410441,Portland,Multnomah,,,,,,,27.4589862823486,15.26051902771,27.4003868103027,,,
934,89437680,47.7612916667,-122.2968,,King,89.6636276245117,56.8889312744141,84.1545639038086,,,,,,,,,
935,89489533,48.6812376385,-122.6332371309,,Whatcom,,,,,,,,,,,,
936,89490980,48.6782958295,-122.6286207139,,Whatcom,,,,,,,,,,,,
937,89493524,48.6707664156,-122.6226340234,,Whatcom,,,,,,,,,,,,
938,89498281,48.6596986212,-122.6144459099,,Whatcom,,,,,,,,,,,,
939,89530686,48.717294867,-122.6831486821,,Whatcom,,,,,,,,,,,,
940,89582744,47.517005,-121.6084533333,,King,,,,,,,,,,,,
941,89601530,45.4844633333,-122.612305,Portland,Multnomah,,,,,,,31.3040008544922,14.5190839767456,29.2224407196045,,,
942,89669701,48.7895337421,-122.4365658313,"Bellingham, Washington, USA",Whatcom,,,,,,,,,,,,
943,89675069,47.6459833333,-122.3352283333,,King,88.1853179931641,63.3731346130371,84.0693817138672,,,,,,,,,
944,89675673,47.6334416667,-122.3157366667,,King,89.2646636962891,61.2147674560547,86.5721588134766,,,,,,,,,
945,89710558,45.3503944444,-122.8447361111,,Washington,,,,,,,,,,,,
946,89735546,48.4528833333,-115.7682,,Lincoln,,,,,,,,,,,,
947,89737458,45.519549763,-122.7188150183,Portland,Multnomah,,,,,,,27.3858108520508,15.8003406524658,27.4889621734619,,,
948,89861240,49.11346,-122.75949,,Greater Vancouver,,,,,,,,,,,,
949,89893852,45.5178589359,-122.7178966922,Portland,Multnomah,,,,,,,27.5803451538086,15.5806436538696,27.4092903137207,,,
950,89909893,48.5147866667,-122.60247,,Skagit,,,,,,,,,,,,
951,89912304,48.7350466734,-122.4536612257,"Bellingham, Washington, USA",Whatcom,,,,,,,,,,,,
952,89920460,48.7181201827,-122.5039429218,"Bellingham, Washington, USA",Whatcom,,,,,,,,,,,,
953,90068303,48.8170175,-123.30232657,,Capital,,,,,,,,,,,,
954,90069436,48.8186790775,-123.3037541807,,Capital,,,,,,,,,,,,
955,90079880,48.8156051127,-122.2028595954,,Whatcom,,,,,,,,,,,,
956,90081456,48.785754632,-122.1790955588,,Whatcom,,,,,,,,,,,,
957,90089172,45.5176580619,-122.7172489383,Portland,Multnomah,,,,,,,27.4909839630127,15.2438316345215,27.4283218383789,,,
958,90091101,48.3997916667,-122.5709533333,,Skagit,,,,,,,,,,,,
959,90092376,48.3987383333,-122.5707633333,,Skagit,,,,,,,,,,,,
960,90093679,48.3972283333,-122.5710666667,,Skagit,,,,,,,,,,,,
961,90168000,51.4456416667,-116.53543,,Columbia-Shuswap,,,,,,,,,,,,
962,90172818,48.7957478464,-122.4902120233,"Bellingham, Washington, USA",Whatcom,,,,,,,,,,,,
963,90177615,48.8396226736,-122.2973679006,,Whatcom,,,,,,,,,,,,
964,90444489,47.28793203,-122.32732861,,King,87.2902450561523,61.343563079834,83.0040893554688,,,,,,,31.1322269439697,15.575026512146,27.9022960662842
965,90471272,48.9709225996,-122.068163082,,Whatcom,,,,,,,,,,,,
966,90471626,48.9720162115,-122.0701060072,,Whatcom,,,,,,,,,,,,
967,90472304,48.9737363622,-122.0704255253,,Whatcom,,,,,,,,,,,,
968,90473338,48.974056573,-122.0679910854,,Whatcom,,,,,,,,,,,,
969,90578830,48.6616022547,-122.2160838917,"Bellingham, Washington, USA",Whatcom,,,,,,,,,,,,
970,90611638,48.7176034495,-122.1893489733,,Whatcom,,,,,,,,,,,,
971,90738744,49.333969,-122.936349,,Greater Vancouver,,,,,,,,,,,,
972,90750461,45.8466482114,-121.9888091478,,Skamania,,,,,,,,,,,,
973,90817505,45.4744266667,-122.6705816667,Portland,Multnomah,,,,,,,32.0137367248535,16.5418682098389,29.3593559265137,,,
974,90830926,48.8381880881,-122.1656838432,,Whatcom,,,,,,,,,,,,
975,90850004,47.719481,-124.3149329722,,Jefferson,,,,,,,,,,,,
976,91030638,48.8919374173,-122.1500371769,,Whatcom,,,,,,,,,,,,
977,91060842,45.5178567991,-122.7178442015,Portland,Multnomah,,,,,,,27.5794868469238,15.5807027816772,27.4121112823486,,,
978,91150028,48.8181898696,-122.1771130711,,Whatcom,,,,,,,,,,,,
979,91285348,45.8661333333,-122.70475,,Clark,,,,,,,,,,,,
980,91298428,45.866255,-122.7044616667,,Clark,,,,,,,,,,,,
981,91299562,45.8661033333,-122.7044916667,,Clark,,,,,,,,,,,,
982,91422286,45.5135159072,-122.7194336654,Portland,Multnomah,,,,,,,26.403377532959,15.7670001983643,27.3496780395508,,,
983,91426275,45.5137287014,-122.7197675129,,Multnomah,,,,,,,,,,,,
984,91427678,45.513750073,-122.7197336237,Portland,Multnomah,,,,,,,,,,,,
985,91442960,50.276581576,-118.0351181685,,Central Kootenay,,,,,,,,,,,,
986,91449372,40.8760078378,-124.0778524026,,Humboldt,,,,,,,,,,,,
987,91477503,45.5174321076,-122.7176315804,Portland,Multnomah,,,,,,,27.4681549072266,15.2725534439087,27.4144611358643,,,
988,91487008,48.48299414,-123.45130764,"Saanich, British Columbia",Capital,,,,,,,,,,,,
989,91491047,49.3993434531,-123.4673496567,,Sunshine Coast,,,,,,,,,,,,
990,91494967,49.322352,-123.143808,,Greater Vancouver,,,,,,,,,,,,
991,91495053,49.3223713,-123.1398039,,Greater Vancouver,,,,,,,,,,,,
992,91568452,48.8465044051,-122.5772413239,,Whatcom,,,,,,,,,,,,
993,91568935,48.8433233656,-122.5874950737,,Whatcom,,,,,,,,,,,,
994,91572373,49.0350437258,-125.3626506647,,Alberni-Clayoquot,,,,,,,,,,,,
995,91669909,49.113388,-122.759189,,Greater Vancouver,,,,,,,,,,,,
996,91671669,48.7396258189,-122.3702301085,"Bellingham, Washington, USA",Whatcom,,,,,,,,,,,,
997,91707462,48.7102232747,-122.3312978446,"Bellingham, Washington, USA",Whatcom,,,,,,,,,,,,
998,91766020,48.7876996678,-122.4566609412,"Bellingham, Washington, USA",Whatcom,,,,,,,,,,,,
999,91922480,48.8331789642,-122.3771103099,,Whatcom,,,,,,,,,,,,
1000,92017703,48.9202679852,-122.2904897109,,Whatcom,,,,,,,,,,,,
1001,92025339,48.9396033023,-122.1514681354,,Whatcom,,,,,,,,,,,,
1002,92029160,48.9672135165,-122.1636597812,,Whatcom,,,,,,,,,,,,
1003,92030095,48.94397727,-122.2378614172,,Whatcom,,,,,,,,,,,,
1004,92121276,47.1694666667,-122.1659861667,,Pierce,,,,83,59,82,,,,,,
1005,92123906,45.50193,-122.6227416667,Portland,Multnomah,,,,,,,30.9703807830811,15.7101373672485,29.5016975402832,,,
1006,92132264,45.5024963869,-122.6351615488,Portland,Multnomah,,,,,,,31.1621322631836,15.8077697753906,29.1659164428711,,,
1007,92260974,48.7840507585,-122.4562224001,"Bellingham, Washington, USA",Whatcom,,,,,,,,,,,,
1008,92304272,47.0388221667,-123.5188133333,,Grays Harbor,,,,,,,,,,,,
1009,92304436,47.246955,-122.4848416667,Tacoma,Pierce,,,,,,,,,,31.6023769378662,16.2176704406738,29.4579238891602
1010,92375336,48.8365875092,-122.2502961382,,Whatcom,,,,,,,,,,,,
1011,92421752,49.13792853,-123.75099035,,Nanaimo,,,,,,,,,,,,
1012,92491792,47.4318916667,-122.2553033333,Kent City Limits,King,91.6991806030273,62.4171485900879,88.0604553222656,,,,,,,,,
1013,92494481,47.43175,-122.2556383333,Kent City Limits,King,91.6881942749023,62.4450569152832,87.9561309814453,,,,,,,,,
1014,92494642,47.431655,-122.2558833333,Kent City Limits,King,91.6589508056641,62.4663391113281,87.8696517944336,,,,,,,,,
1015,92531613,47.53054067,-122.06905539,Issaquah City Limits,King,89.2606582641602,57.5463905334473,85.2196884155273,,,,,,,,,
1016,92579391,47.52994119,-122.07701636,Issaquah City Limits,King,89.3012771606445,56.453742980957,80.5566101074219,,,,,,,,,
1017,92579503,47.53012937,-122.07675156,Issaquah City Limits,King,89.3655395507812,56.4089889526367,80.3401794433594,,,,,,,,,
1018,92695744,47.3824366667,-122.3174216667,Des Moines City Limits,King,88.5774993896484,59.2054100036621,85.5757217407227,,,,,,,,,
1019,92700922,48.4408121975,-123.3912630938,,Capital,,,,,,,,,,,,
1020,92715982,48.7663885239,-122.4651353806,"Bellingham, Washington, USA",Whatcom,,,,,,,,,,,,
1021,92719575,48.8146136062,-122.3312844336,,Whatcom,,,,,,,,,,,,
1022,92835613,48.9784988188,-122.7322619408,,Whatcom,,,,,,,,,,,,
1023,92837105,48.9579413627,-122.750271298,,Whatcom,,,,,,,,,,,,
1024,92838506,48.9794309667,-122.79054299,,Whatcom,,,,,,,,,,,,
1025,92840637,48.9655041464,-122.7816005051,,Whatcom,,,,,,,,,,,,
1026,92944664,48.9146396498,-121.99874195,,Whatcom,,,,,,,,,,,,
1027,93058323,48.611550856,-122.2332708165,"Bellingham, Washington, USA",Skagit,,,,,,,,,,,,
1028,93072429,48.67302,-121.0734416667,,Whatcom,,,,,,,,,,,,
1029,93073576,48.67295,-121.0734166667,,Whatcom,,,,,,,,,,,,
1030,93074037,48.6696583333,-121.2638783333,,Whatcom,,,,,,,,,,,,
1031,93081614,48.5053974423,-122.2466439754,,Skagit,,,,,,,,,,,,
1032,93084584,47.252575,-122.4829783333,Tacoma,Pierce,,,,,,,,,,31.7480964660645,16.0989742279053,29.3075370788574
1033,93084914,47.2525533333,-122.476945,Tacoma,Pierce,,,,,,,,,,32.2170906066895,17.1005897521973,29.3105926513672
1034,93085326,48.6638067568,-122.2101189941,"Bellingham, Washington, USA",Whatcom,,,,,,,,,,,,
1035,93086413,47.418005,-123.565505,,Grays Harbor,,,,,,,,,,,,
1036,93086790,47.3923833333,-123.603845,,Grays Harbor,,,,,,,,,,,,
1037,93088148,48.7708941032,-122.2006595135,,Whatcom,,,,,,,,,,,,
1038,93224407,45.497395,-122.6397166667,Portland,Multnomah,,,,,,,31.2731304168701,15.9090995788574,29.245943069458,,,
1039,93307318,47.8835760663,-122.6311262326,,Jefferson,,,,,,,,,,,,
1040,93320242,45.487295,-122.5722283333,Portland,Multnomah,,,,,,,31.639627456665,14.3510236740112,28.9689998626709,,,
1041,93387578,48.598223,-116.967681,,Bonner,,,,,,,,,,,,
1042,93388172,48.8558685104,-122.3327274621,,Whatcom,,,,,,,,,,,,
1043,93388545,48.8486191759,-122.3115346581,,Whatcom,,,,,,,,,,,,
1044,93413987,48.1908216667,-113.9840083333,,Flathead,,,,,,,,,,,,
1045,93521760,48.8311577827,-122.3067247868,,Whatcom,,,,,,,,,,,,
1046,93528506,45.5140533333,-122.6009216667,Portland,Multnomah,,,,,,,30.4482612609863,16.2896499633789,27.6913890838623,,,
1047,93743208,48.819525025,-122.1635035425,,Whatcom,,,,,,,,,,,,
1048,93750688,48.7241159786,-122.1742172912,,Whatcom,,,,,,,,,,,,
1049,93750965,48.732638082,-122.12606024,,Whatcom,,,,,,,,,,,,
1050,93796749,48.0248526566,-122.6798538384,,Jefferson,,,,,,,,,,,,
1051,93798041,48.024418535,-122.6795078335,,Jefferson,,,,,,,,,,,,
1052,93798592,48.0243144888,-122.6801193771,,Jefferson,,,,,,,,,,,,
1053,93799295,48.0243431912,-122.6804090557,,Jefferson,,,,,,,,,,,,
1054,93944771,47.380005,-122.3171916667,Des Moines City Limits,King,88.5605163574219,58.8364944458008,85.5244369506836,,,,,,,,,
1055,93961544,45.5202271689,-123.1103981378,,Washington,,,,,,,,,,,,
1056,94061931,48.8385978793,-122.1534083784,,Whatcom,,,,,,,,,,,,
1057,94062055,48.7937907539,-122.1160894632,,Whatcom,,,,,,,,,,,,
1058,94062398,48.7741776245,-122.0595206693,,Whatcom,,,,,,,,,,,,
1059,94062928,48.7763931066,-122.0831210911,,Whatcom,,,,,,,,,,,,
1060,94063481,48.7282299194,-122.1437024698,,Whatcom,,,,,,,,,,,,
1061,94063567,48.7289506703,-122.1426322684,,Whatcom,,,,,,,,,,,,
1062,94121115,48.7587222099,-122.4665626511,"Bellingham, Washington, USA",Whatcom,,,,,,,,,,,,
1063,94125114,46.320415,-115.255671,,Idaho,,,,,,,,,,,,
1064,94145216,48.760749406,-122.4549289048,"Bellingham, Washington, USA",Whatcom,,,,,,,,,,,,
1065,94160823,45.5200685126,-123.1104145433,,Washington,,,,,,,,,,,,
1066,94283153,45.5166166667,-122.58335,Portland,Multnomah,,,,,,,31.6817665100098,15.0882530212402,29.1304588317871,,,
1067,94284521,45.5291833333,-122.583595,Portland,Multnomah,,,,,,,31.4675445556641,15.1883897781372,29.0708332061768,,,
1068,94294048,45.5164083333,-122.5853883333,Portland,Multnomah,,,,,,,31.0393486022949,15.1807813644409,29.4744186401367,,,
1069,94295324,45.5095283333,-122.5976416667,Portland,Multnomah,,,,,,,30.0797138214111,15.0537767410278,27.7542839050293,,,
1070,94339857,48.0190404427,-122.6722351203,,Jefferson,,,,,,,,,,,,
1071,94445112,48.5234824842,-121.7632343994,,Skagit,,,,,,,,,,,,
1072,94487596,47.195245,-122.4965366667,Tacoma,Pierce,,,,,,,,,,31.6745796203613,16.2445163726807,27.8664627075195
1073,94496093,45.5086420058,-122.7147665621,Portland,Multnomah,,,,,,,27.6201057434082,15.0348777770996,27.3317890167236,,,
1074,94517130,48.8234812735,-122.1822531894,,Whatcom,,,,,,,,,,,,
1075,94524940,47.6889617778,-122.1072826389,Redmond City Limits,King,89.1712112426758,58.152458190918,84.7366104125977,,,,,,,,,
1076,94526169,47.6671236944,-122.1472723333,Redmond City Limits,King,89.1237564086914,59.1327209472656,85.4355773925781,,,,,,,,,
1077,94526672,40.8749168157,-124.0765538163,,Humboldt,,,,,,,,,,,,
1078,94527200,47.6938412222,-122.0967432778,Redmond City Limits,King,89.285041809082,58.2054214477539,84.5964584350586,,,,,,,,,
1079,94527941,47.6926042778,-122.1124013611,Redmond City Limits,King,89.8719253540039,59.0659828186035,85.7114715576172,,,,,,,,,
1080,94528560,47.6923098889,-122.1188613333,Redmond City Limits,King,89.6969909667969,59.0072250366211,85.6078109741211,,,,,,,,,
1081,94529579,47.6894394444,-122.1097236667,Redmond City Limits,King,88.9753189086914,58.2949028015137,84.4549789428711,,,,,,,,,
1082,94753365,47.4802077469,-122.0790265315,East Renton Highlands City Limits,King,90.4614334106445,55.7161026000977,82.3655700683594,,,,,,,,,
1083,94772406,47.00504479,-122.8512597,,Thurston,,,,,,,,,,,,
1084,94829141,48.7491991356,-122.4110198793,"Bellingham, Washington, USA",Whatcom,,,,,,,,,,,,
1085,94834038,47.710022,-122.376454,,King,89.8347244262695,57.5560111999512,83.826286315918,,,,,,,,,
1086,94854784,48.719242,-122.474633,"Bellingham, Washington, USA",Whatcom,,,,,,,,,,,,
1087,94856665,48.7414827571,-122.4015184959,"Bellingham, Washington, USA",Whatcom,,,,,,,,,,,,
1088,94856921,48.7415612955,-122.4015908317,"Bellingham, Washington, USA",Whatcom,,,,,,,,,,,,
1089,94857201,48.7414931925,-122.4017327373,"Bellingham, Washington, USA",Whatcom,,,,,,,,,,,,
1090,95072177,48.8036514177,-122.3496431485,,Whatcom,,,,,,,,,,,,
1091,95192018,48.4066973253,-122.3379306123,,Skagit,,,,,,,,,,,,
1092,95193268,48.3965605093,-122.5358484685,,Skagit,,,,,,,,,,,,
1093,95193795,48.3862070304,-122.5020750985,,Skagit,,,,,,,,,,,,
1094,95299151,46.99794801,-122.88403967,,Thurston,,,,,,,,,,,,
1095,95301158,48.7187793637,-122.2035908327,,Whatcom,,,,,,,,,,,,
1096,95304470,48.7846598121,-122.1133344993,,Whatcom,,,,,,,,,,,,
1097,95304727,48.7194646373,-122.1988168359,,Whatcom,,,,,,,,,,,,
1098,95317914,45.51568,-122.715625,Portland,Multnomah,,,,,,,27.5501861572266,15.2662515640259,27.3739452362061,,,
1099,95318063,47.5685416667,-120.6033166667,,Chelan,,,,,,,,,,,,
1100,95319296,45.517306,-122.718998,Portland,Multnomah,,,,,,,27.4341239929199,15.3258113861084,27.3707408905029,,,
1101,95320160,45.517306,-122.718998,Portland,Multnomah,,,,,,,27.4341239929199,15.3258113861084,27.3707408905029,,,
1102,95330503,48.9158229759,-122.1197691187,,Whatcom,,,,,,,,,,,,
1103,95330888,48.924616551,-122.0786934346,,Whatcom,,,,,,,,,,,,
1104,95331997,48.9277236963,-122.0294303074,,Whatcom,,,,,,,,,,,,
1105,95332515,48.8901558074,-121.9464310259,,Whatcom,,,,,,,,,,,,
1106,95333056,48.9020968029,-121.9118231535,,Whatcom,,,,,,,,,,,,
1107,95440455,48.883770192,-122.3037867621,,Whatcom,,,,,,,,,,,,
1108,95442070,48.9207707365,-122.3220542818,,Whatcom,,,,,,,,,,,,
1109,95458502,48.24119812,-115.97471509,,Lincoln,,,,,,,,,,,,
1110,95458768,48.24122121,-115.97475077,,Lincoln,,,,,,,,,,,,
1111,95556782,45.514249127,-122.7156692076,Portland,Multnomah,,,,,,,27.4789161682129,15.1961879730225,27.4216728210449,,,
1112,95560049,45.513645039,-122.7192980003,Portland,Multnomah,,,,,,,26.4594459533691,15.7455034255981,27.3521308898926,,,
1113,95560676,45.5135233572,-122.7194187642,Portland,Multnomah,,,,,,,26.4130382537842,15.7549743652344,27.3488273620605,,,
1114,95561389,45.5134411943,-122.7194441102,Portland,Multnomah,,,,,,,26.3899116516113,15.7701950073242,27.3453960418701,,,
1115,95562252,45.5134404007,-122.7194795967,Portland,Multnomah,,,,,,,26.3683681488037,15.7848377227783,27.3452625274658,,,
1116,95562725,45.5133739748,-122.7195673454,Portland,Multnomah,,,,,,,26.3929958343506,15.7545461654663,27.3374042510986,,,
1117,95563529,45.5133122594,-122.7193844987,Portland,Multnomah,,,,,,,26.4097805023193,15.7238664627075,27.338098526001,,,
1118,95564552,45.5132892623,-122.7196003157,Portland,Multnomah,,,,,,,26.4598064422607,15.7755098342896,27.3461532592773,,,
1119,95565443,45.5137634401,-122.7194804965,Portland,Multnomah,,,,,,,26.4120445251465,15.7397680282593,27.368673324585,,,
1120,95565881,45.5137381381,-122.7196046956,Portland,Multnomah,,,,,,,26.4120979309082,15.741491317749,27.3920879364014,,,
1121,95566100,45.5138059402,-122.7195119435,Portland,Multnomah,,,,,,,26.4056701660156,15.7433166503906,27.3556575775146,,,
1122,95569172,45.5145061193,-122.7185952344,Portland,Multnomah,,,,,,,26.7286167144775,15.5222473144531,27.3467388153076,,,
1123,95569344,45.5147562837,-122.7186023267,Portland,Multnomah,,,,,,,27.0030994415283,15.4742050170898,27.3557224273682,,,
1124,95575772,48.71246901,-122.511861138,"Bellingham, Washington, USA",Whatcom,,,,,,,,,,,,
1125,95577631,48.4526076,-123.7329227997,,Capital,,,,,,,,,,,,
1126,95578042,49.6192782435,-125.0197285012,,Comox-Strathcona,,,,,,,,,,,,
1127,95599434,47.5772833333,-122.1193083333,Bellevue City Limits,King,89.1770401000977,59.1609001159668,84.7662124633789,,,,,,,,,
1128,95656044,45.5147952004,-122.7183768153,Portland,Multnomah,,,,,,,27.0047302246094,15.4234580993652,27.3652114868164,,,
1129,95682994,48.6539711209,-122.4647514895,"Bellingham, Washington, USA",Whatcom,,,,,,,,,,,,
1130,95686548,48.6568051643,-122.4607529864,"Bellingham, Washington, USA",Whatcom,,,,,,,,,,,,
1131,95780842,45.5115572736,-122.7179157269,Portland,Multnomah,,,,,,,27.4634628295898,14.9580974578857,27.2983379364014,,,
1132,95781588,45.511627053,-122.7181566228,Portland,Multnomah,,,,,,,27.5047740936279,14.9228200912476,27.2986526489258,,,
1133,95783362,45.51405584,-122.71968817,Portland,Multnomah,,,,,,,26.3782615661621,15.7504625320435,27.3608303070068,,,
1134,95786773,45.5128056,-122.71620336,Portland,Multnomah,,,,,,,26.9489059448242,15.0019311904907,27.3207302093506,,,
1135,95788843,45.5101683,-122.7164968,Portland,Multnomah,,,,,,,27.5502223968506,14.8701133728027,27.2418651580811,,,
1136,95789426,45.51298069,-122.71411795,Portland,Multnomah,,,,,,,27.3650302886963,15.1122264862061,27.363395690918,,,
1137,95791236,45.5124095036,-122.7153994796,Portland,Multnomah,,,,,,,27.2402477264404,14.9647827148438,27.3418121337891,,,
1138,95792512,45.5171813965,-122.6917111063,Portland,Multnomah,,,,,,,31.6350784301758,16.8643760681152,27.9130115509033,,,
1139,95796150,48.8251573201,-122.2151417658,,Whatcom,,,,,,,,,,,,
1140,95814807,48.8276246024,-122.177805081,,Whatcom,,,,,,,,,,,,
1141,95877537,45.5270183227,-122.5787481387,Portland,Multnomah,,,,,,,31.7920322418213,15.2011461257935,28.614294052124,,,
1142,95879069,45.5386012327,-122.5993800258,Portland,Multnomah,,,,,,,31.4756450653076,15.2703075408936,29.0391025543213,,,
1143,95991266,45.5495544943,-122.5886278042,Portland,Multnomah,,,,,,,31.6437225341797,15.4225616455078,29.2843074798584,,,
1144,95992990,45.5389757781,-122.6005995927,Portland,Multnomah,,,,,,,31.3469047546387,15.2181453704834,29.2807731628418,,,
1145,95995137,45.5454126187,-122.6103982051,Portland,Multnomah,,,,,,,31.5504264831543,15.2472496032715,28.9008140563965,,,
1146,96130763,45.5809464895,-122.5730161741,Portland,Multnomah,,,,,,,31.91357421875,16.8311634063721,30.0243339538574,,,
1147,96135987,45.624932232,-122.6609198749,,Clark,,,,,,,,,,,,
1148,96143065,48.4870415184,-122.4220263403,,Skagit,,,,,,,,,,,,
1149,96147250,45.6923829872,-122.6581038907,,Clark,,,,,,,,,,,,
1150,96149618,45.7126429408,-122.7077968419,,Clark,,,,,,,,,,,,
1151,96158642,45.5183902011,-122.7149906942,Portland,Multnomah,,,,,,,27.5936298370361,16.0294456481934,27.5134754180908,,,
1152,96166115,45.7794076616,-122.6604380831,,Clark,,,,,,,,,,,,
1153,96253893,45.5724901121,-122.728009969,Portland,Multnomah,,,,,,,31.988338470459,16.2816467285156,28.8723468780518,,,
1154,96260488,45.5908719673,-122.7506300434,Portland,Multnomah,,,,,,,31.6861438751221,15.6965265274048,29.687801361084,,,
1155,96264266,45.5330934763,-122.8068870306,,Washington,,,,,,,,,,,,
1156,96412200,43.6482094379,-123.85222435,,Douglas,,,,,,,,,,,,
1157,96434447,47.6943591667,-122.0957769444,Redmond City Limits,King,89.3639144897461,58.3990516662598,84.8346176147461,,,,,,,,,
1158,96435374,47.6928390833,-122.0935226944,Redmond City Limits,King,89.6192474365234,58.5749282836914,84.9558868408203,,,,,,,,,
1159,96476929,43.3702492405,-124.2136506736,Coos Bay,Coos,,,,,,,,,,,,
1160,96483487,43.1772217862,-124.1899332404,,Coos,,,,,,,,,,,,
1161,96517215,43.9587065242,-124.1046255827,,Lane,,,,,,,,,,,,
1162,96538903,43.1783498849,-123.8075675815,,Coos,,,,,,,,,,,,
1163,96540895,44.6528469486,-124.0531067178,,Lincoln,,,,,,,,,,,,
1164,96541341,43.73162,-122.44275,,Lane,,,,,,,,,,,,
1165,96542433,43.73944,-122.45843,,Lane,,,,,,,,,,,,
1166,96607092,44.6320214538,-124.0396534279,,Lincoln,,,,,,,,,,,,
1167,96631555,46.86002025,-122.46244595,,Thurston,,,,,,,,,,,,
1168,96631602,46.85980897,-122.46216826,,Thurston,,,,,,,,,,,,
1169,96631683,46.85893411,-122.46208196,,Thurston,,,,,,,,,,,,
1170,96631722,46.85049797,-122.44329571,,Thurston,,,,,,,,,,,,
1171,96631852,46.85053979,-122.43658402,,Thurston,,,,,,,,,,,,
1172,96631941,46.85048767,-122.43734704,,Thurston,,,,,,,,,,,,
1173,96631980,46.84932486,-122.42947968,,Thurston,,,,,,,,,,,,
1174,96632049,46.8497236,-122.43028302,,Thurston,,,,,,,,,,,,
1175,96703914,45.1848222916,-123.9099924266,,Tillamook,,,,,,,,,,,,
1176,96714334,45.4269798719,-123.8056746125,,Tillamook,,,,,,,,,,,,
1177,96720884,45.7612338346,-123.9578567818,,Tillamook,,,,,,,,,,,,
1178,96739254,45.3182179096,-123.9225518703,,Tillamook,,,,,,,,,,,,
1179,96798237,46.1898281837,-123.8118074834,,Clatsop,,,,,,,,,,,,
1180,96805109,46.1041734524,-123.2051249966,,Columbia,,,,,,,,,,,,
1181,96809516,46.350801973,-122.9041120782,,Cowlitz,,,,,,,,,,,,
1182,96810428,47.008534,-115.00696,,Mineral,,,,,,,,,,,,
1183,96942626,48.8237607288,-122.3326567188,,Whatcom,,,,,,,,,,,,
1184,96948017,45.468525,-122.63472,Portland,Multnomah,,,,,,,31.2915630340576,15.8202867507935,28.3609027862549,,,
1185,96953908,48.8026459833,-122.1986592561,,Whatcom,,,,,,,,,,,,
1186,97041514,45.4798366667,-122.6215666667,Portland,Multnomah,,,,,,,31.2439308166504,15.6241474151611,29.0192985534668,,,
1187,97043616,47.6430298611,-122.1027078889,Redmond City Limits,King,88.8921661376953,61.5297622680664,86.2036666870117,,,,,,,,,
1188,97046350,45.46538,-122.591325,Portland,Multnomah,,,,,,,31.758638381958,13.9477672576904,29.2929229736328,,,
1189,97048035,47.6418471944,-122.1028474167,Redmond City Limits,King,88.64501953125,61.4276466369629,85.6126861572266,,,,,,,,,
1190,97048927,45.53695,-122.6447,Portland,Multnomah,,,,,,,31.4302024841309,16.7133636474609,29.2964458465576,,,
1191,97157713,47.6732116667,-122.3129366667,,King,88.0190353393555,61.8343162536621,84.590705871582,,,,,,,,,
1192,97158070,47.0793060006,-122.9785345125,,Thurston,,,,,,,,,,,,
1193,97158260,47.6743133333,-122.3154916667,,King,88.2174377441406,63.0301284790039,84.5939102172852,,,,,,,,,
1194,97161232,47.6269133333,-122.3243416667,,King,88.8687057495117,62.7941703796387,85.0850982666016,,,,,,,,,
1195,97217789,45.50422,-122.6415333333,Portland,Multnomah,,,,,,,31.0564861297607,15.9050073623657,29.4945487976074,,,
1196,97493630,45.5018383333,-122.68,Portland,Multnomah,,,,,,,31.5330390930176,16.2214527130127,27.7498798370361,,,
1197,97563005,45.5139273208,-122.718245448,Portland,Multnomah,,,,,,,26.6442584991455,15.5906248092651,27.3376998901367,,,
1198,97563486,45.5160856922,-122.7187958008,Portland,Multnomah,,,,,,,27.413969039917,15.3987970352173,27.3744850158691,,,
1199,97563867,45.5154680235,-122.7190666601,Portland,Multnomah,,,,,,,27.2730026245117,15.5430536270142,27.3561553955078,,,
1200,97565380,45.5112087516,-122.7188941157,Portland,Multnomah,,,,,,,27.27614402771,14.9834966659546,27.314754486084,,,
1201,97566463,45.510858902,-122.7153108248,Portland,Multnomah,,,,,,,27.3068599700928,14.9021644592285,27.2968845367432,,,
1202,97566874,45.5115801564,-122.7122283051,Portland,Multnomah,,,,,,,27.3184566497803,15.0453033447266,27.3325023651123,,,
1203,97567109,45.5116507027,-122.7115839254,Portland,Multnomah,,,,,,,27.2585163116455,15.1827335357666,27.3418064117432,,,
1204,97656224,45.5007666667,-122.6794966667,Portland,Multnomah,,,,,,,31.5893974304199,16.1567344665527,27.7108001708984,,,
1205,97739553,45.50192,-122.6806866667,Portland,Multnomah,,,,,,,31.5167140960693,16.2297477722168,27.8958797454834,,,
1206,97817820,41.5387330683,-123.6560877137,,Siskiyou,,,,,,,,,,,,
1207,97824772,46.90916538,-122.91558334,,Thurston,,,,,,,,,,,,
1208,97916981,48.784337061,-122.4183536321,"Bellingham, Washington, USA",Whatcom,,,,,,,,,,,,
1209,98023346,48.8983297041,-122.6606731117,,Whatcom,,,,,,,,,,,,
1210,98026234,45.5625983281,-122.6371468698,Portland,Multnomah,,,,,,,31.2206115722656,15.2457408905029,28.7250919342041,,,
1211,98027597,45.5632617558,-122.6403584798,Portland,Multnomah,,,,,,,31.1832466125488,15.165566444397,29.0181331634521,,,
1212,98080339,45.5078916667,-122.59578,Portland,Multnomah,,,,,,,30.8287410736084,15.0804071426392,27.3779315948486,,,
1213,98122453,48.7539018756,-122.471425496,"Bellingham, Washington, USA",Whatcom,,,,,,,,,,,,
1214,98252186,47.4750966667,-122.176405,Renton City Limits,King,90.1681137084961,55.2712707519531,81.404655456543,,,,,,,,,
1215,98295881,47.5474616667,-120.6921216667,,Chelan,,,,,,,,,,,,
1216,98309621,47.5238103653,-122.0552830306,Issaquah City Limits,King,90.18701171875,55.8472023010254,81.2427291870117,,,,,,,,,
1217,98310779,47.5239129598,-122.0552484972,Issaquah City Limits,King,90.1771469116211,55.8752708435059,81.591552734375,,,,,,,,,
1218,98321583,47.5516063907,-122.0486556274,Issaquah City Limits,King,89.6157836914062,60.947826385498,85.7242813110352,,,,,,,,,
1219,98324124,47.5538783333,-122.0530471667,Issaquah City Limits,King,88.2197799682617,59.776969909668,82.6239013671875,,,,,,,,,
1220,98331457,47.6840666667,-122.3470383333,,King,87.1186599731445,62.841480255127,84.9186325073242,,,,,,,,,
1221,98397971,45.3861796647,-121.8325913111,,Clackamas,,,,,,,,,,,,
1222,98406457,45.5165521675,-122.7140411803,Portland,Multnomah,,,,,,,27.6393928527832,15.4026575088501,27.4126777648926,,,
1223,98407614,45.5162666667,-122.7145283333,Portland,Multnomah,,,,,,,27.526496887207,15.3201017379761,27.4129886627197,,,
1224,98408897,45.5165271427,-122.7147519167,Portland,Multnomah,,,,,,,27.4672412872314,15.2877683639526,27.4193668365479,,,
1225,98409411,45.5164479443,-122.7148462155,Portland,Multnomah,,,,,,,27.5000705718994,15.2907953262329,27.4174156188965,,,
1226,98436205,48.5071400399,-123.3699578996,"Saanich, British Columbia",Capital,,,,,,,,,,,,
1227,98523302,47.6686497633,-122.4177722633,,King,90.0774459838867,59.9758644104004,83.8460006713867,,,,,,,,,
1228,98526875,47.6679374204,-122.4152882025,,King,89.5180740356445,58.8444747924805,84.0909042358398,,,,,,,,,
1229,98534545,47.6676253863,-122.3959722742,,King,87.612922668457,62.4891242980957,84.0183944702148,,,,,,,,,
1230,98614339,47.2294129321,-122.3986816251,Tacoma,Pierce,,,,,,,,,,32.7250099182129,16.3975868225098,29.7910041809082
1231,98672958,47.51925,-122.0981445,,King,88.8744430541992,56.2854080200195,81.1274337768555,,,,,,,,,
1232,98673164,47.5196916667,-122.0933528333,,King,89.2827529907227,56.0602645874023,81.8942108154297,,,,,,,,,
1233,98673417,47.5192716667,-122.0945888333,,King,89.1797027587891,56.1039123535156,81.805534362793,,,,,,,,,
1234,99245658,46.7226463379,-117.004391849,,Latah,,,,,,,,,,,,
1235,99246428,46.7226594389,-117.0043750852,,Latah,,,,,,,,,,,,
1236,99255815,45.4965216667,-122.6169966667,Portland,Multnomah,,,,,,,31.149377822876,15.3218307495117,29.3897762298584,,,
1237,99256025,45.4964666667,-122.617295,Portland,Multnomah,,,,,,,31.2235717773438,15.3727073669434,29.4063186645508,,,
1238,99258672,48.8908508677,-122.1511814743,,Whatcom,,,,,,,,,,,,
1239,99404535,47.1512666667,-122.3449633333,,Pierce,,,,83.6999969482422,57.7000007629395,81.1999969482422,,,,32.381275177002,15.8465766906738,29.4432926177979
1240,99581530,49.1299861111,-122.8421472222,,Greater Vancouver,,,,,,,,,,,,
1241,99632132,45.6520283333,-123.29557,,Washington,,,,,,,,,,,,
1242,99632525,45.6519166667,-123.2966216667,,Washington,,,,,,,,,,,,
1243,99638860,45.438525,-123.0674583333,,Washington,,,,,,,,,,,,
1244,99639431,45.653263,-123.299648,,Washington,,,,,,,,,,,,
1245,99639550,45.653222,-123.299207,,Washington,,,,,,,,,,,,
1246,99639577,45.63191,-123.350111,,Washington,,,,,,,,,,,,
1247,99639939,45.652558202,-123.2969514281,,Washington,,,,,,,,,,,,
1248,99643714,45.651712,-123.2963533889,,Washington,,,,,,,,,,,,
1249,99646705,48.768507339,-122.4449675158,"Bellingham, Washington, USA",Whatcom,,,,,,,,,,,,
1250,99647085,48.7688986957,-122.4437598512,"Bellingham, Washington, USA",Whatcom,,,,,,,,,,,,
1251,99648706,48.7826592078,-122.4218130112,"Bellingham, Washington, USA",Whatcom,,,,,,,,,,,,
1252,99760722,47.5959633333,-120.6590583333,,Chelan,,,,,,,,,,,,
1253,99905381,49.113625,-122.758916,,Greater Vancouver,,,,,,,,,,,,
1254,99905709,49.11092,-122.76264,,Greater Vancouver,,,,,,,,,,,,
1255,99906044,49.037314,-122.813573,,Greater Vancouver,,,,,,,,,,,,
1256,99906602,49.108475,-122.763377,,Greater Vancouver,,,,,,,,,,,,
1257,99907187,49.11522,-122.771212,,Greater Vancouver,,,,,,,,,,,,
1258,99989148,47.4079866667,-121.6076366667,,King,,,,,,,,,,,,
1259,100087686,48.66890526,-121.28024873,,Whatcom,,,,,,,,,,,,
1260,100119694,45.5270083333,-122.6315916667,Portland,Multnomah,,,,,,,31.2423877716064,16.0474891662598,29.2447319030762,,,
1261,100163782,45.5825099582,-122.7339803149,Portland,Multnomah,,,,,,,31.4759826660156,14.5131807327271,29.1402168273926,,,
1262,100254943,47.7611694336,-122.4771195346,,Kitsap,,,,,,,,,,,,
1263,100349458,47.1254888333,-122.4494533333,,Pierce,,,,83.3000030517578,57.7999992370605,79.5,,,,,,
1264,100349810,47.12555,-122.44958,,Pierce,,,,83.3000030517578,57.7999992370605,79.5,,,,,,
1265,100408079,47.6516716667,-122.416695,,King,88.9594650268555,60.3506851196289,85.5043792724609,,,,,,,,,
1266,100408266,47.6450216667,-122.4167466667,,King,88.2987976074219,62.8880729675293,86.5341720581055,,,,,,,,,
1267,100468174,44.0365843847,-123.058521403,Eugene,Lane,,,,,,,,,,,,
1268,100526645,45.5174474884,-122.7176537925,Portland,Multnomah,,,,,,,27.4796829223633,15.2813205718994,27.4082050323486,,,
1269,100748581,47.6008633333,-122.17298,Bellevue City Limits,King,89.7434310913086,55.3695602416992,80.6578369140625,,,,,,,,,
1270,100801304,48.5464122085,-121.4319065586,,Skagit,,,,,,,,,,,,
1271,100830971,47.1587945,-122.2738583333,"Puyallup, WA",Pierce,,,,82.9000015258789,58.2000007629395,79.6999969482422,,,,,,
1272,100831081,47.15765,-122.2702783333,"Puyallup, WA",Pierce,,,,82.8000030517578,58.2000007629395,79.3000030517578,,,,,,
1273,100831166,47.66317,-122.421045,,King,89.9875030517578,56.3437118530273,81.3115386962891,,,,,,,,,
1274,100844967,47.381775,-122.3172216667,Des Moines City Limits,King,88.9580154418945,58.6867713928223,85.741943359375,,,,,,,,,
1275,100845021,47.3818466667,-122.31723,Des Moines City Limits,King,88.890983581543,58.8606033325195,85.8112106323242,,,,,,,,,
1276,100891304,48.7880451496,-122.1913646534,,Whatcom,,,,,,,,,,,,
1277,100950137,48.744134,-122.4305829722,"Bellingham, Washington, USA",Whatcom,,,,,,,,,,,,
1278,101023660,47.528086016,-121.9989620057,Issaquah City Limits,King,89.1294250488281,56.1999130249023,81.0085601806641,,,,,,,,,
1279,101028852,47.5272677746,-121.999771949,Issaquah City Limits,King,89.1180572509766,56.009349822998,81.011344909668,,,,,,,,,
1280,101031093,45.51662921,-122.71450371,Portland,Multnomah,,,,,,,27.558277130127,15.2771196365356,27.4175128936768,,,
1281,101035329,45.51696697,-122.71807262,Portland,Multnomah,,,,,,,27.4593715667725,15.3612232208252,27.3897228240967,,,
1282,101035805,45.5168283,-122.71787887,Portland,Multnomah,,,,,,,27.4596729278564,15.2647113800049,27.3870010375977,,,
1283,101035868,45.51681816,-122.7177876,Portland,Multnomah,,,,,,,27.4669780731201,15.2591934204102,27.391019821167,,,
1284,101035936,45.51719174,-122.71779122,Portland,Multnomah,,,,,,,27.5471687316895,15.2545824050903,27.4028835296631,,,
1285,101036496,48.755006429,-122.4197470397,"Bellingham, Washington, USA",Whatcom,,,,,,,,,,,,
1286,101038565,48.6748652361,-122.3075767234,"Bellingham, Washington, USA",Whatcom,,,,,,,,,,,,
1287,101048826,47.19527204,-122.45786443,Tacoma,Pierce,,,,,,,,,,31.3280296325684,16.3634357452393,29.3537425994873
1288,101173036,47.69118375,-122.1085468889,Redmond City Limits,King,89.6631317138672,58.374267578125,85.5054016113281,,,,,,,,,
1289,101284702,47.7846048,-122.1955495,Bothell City Limits,Snohomish,,,,,,,,,,,,
1290,101288321,47.535364215,-122.0684895448,Issaquah City Limits,King,89.5920867919922,57.7701187133789,84.9941177368164,,,,,,,,,
1291,101427013,47.5377366667,-122.1332166667,Bellevue City Limits,King,91.2492294311523,54.4052352905273,82.6976928710938,,,,,,,,,
1292,101433614,48.2750014509,-116.6170755029,,Bonner,,,,,,,,,,,,
1293,101433964,48.2766602843,-116.5534649044,,Bonner,,,,,,,,,,,,
1294,101493174,47.4356562025,-121.9666758142,,King,89.322639465332,56.5252990722656,81.356086730957,,,,,,,,,
1295,101493794,47.4362330813,-121.9646090564,,King,,,,,,,,,,,,
1296,101497650,48.7304066776,-122.3086219914,"Bellingham, Washington, USA",Whatcom,,,,,,,,,,,,
1297,101548920,47.86104124,-122.08720457,,Snohomish,,,,,,,,,,,,
1298,101560511,45.3041033333,-122.970375,,Yamhill,,,,,,,,,,,,
1299,101560551,45.302855,-122.96772,,Yamhill,,,,,,,,,,,,
1300,101565154,47.6980033333,-122.3923416667,,King,88.737663269043,62.4955825805664,85.4587783813477,,,,,,,,,
1301,101567000,47.6979349594,-122.3975353161,,King,88.5495071411133,62.057689666748,85.7399139404297,,,,,,,,,
1302,101567040,47.6794761984,-122.3835635138,,King,83.1151351928711,58.8594818115234,80.5439682006836,,,,,,,,,
1303,101574825,47.6832540713,-122.3763320139,,King,87.2245635986328,62.0030822753906,83.8084945678711,,,,,,,,,
1304,101579714,48.8381360089,-122.5668068603,,Whatcom,,,,,,,,,,,,
1305,101641621,47.2477383333,-122.4803783333,Tacoma,Pierce,,,,,,,,,,31.9873027801514,16.6396770477295,29.4157791137695
1306,101646309,47.6595888889,-122.3558388889,,King,87.4568023681641,62.0928611755371,84.1399459838867,,,,,,,,,
1307,101649325,47.7067055556,-122.2957972222,,King,89.2908706665039,60.4844169616699,85.4669876098633,,,,,,,,,
1308,101652431,47.7128638889,-122.3084166667,,King,85.8014984130859,61.396671295166,82.2830810546875,,,,,,,,,
1309,101666812,45.4720716667,-122.6784533333,Portland,Multnomah,,,,,,,29.768835067749,15.1846475601196,27.262228012085,,,
1310,101712010,47.81113,-121.52559667,,Snohomish,,,,,,,,,,,,
1311,101767862,47.2587966667,-122.7490916667,,Pierce,,,,,,,,,,,,
1312,101783944,47.543047035,-122.0541904557,Issaquah City Limits,King,90.0649719238281,61.7723960876465,87.1131134033203,,,,,,,,,
1313,101784777,47.5410664829,-122.0498092242,Issaquah City Limits,King,90.0451049804688,62.3986053466797,86.7610855102539,,,,,,,,,
1314,102023719,47.198349363,-122.4557404013,Tacoma,Pierce,,,,,,,,,,30.4292526245117,15.2044801712036,29.5826835632324
1315,102035369,48.7467204703,-122.4315645173,"Bellingham, Washington, USA",Whatcom,,,,,,,,,,,,
1316,102127009,45.438595,-123.0667111667,,Washington,,,,,,,,,,,,
1317,102127507,45.4384883333,-123.0670083333,,Washington,,,,,,,,,,,,
1318,102127943,45.43848,-123.0673138333,,Washington,,,,,,,,,,,,
1319,102331797,49.2688449722,-123.1347839722,,Greater Vancouver,,,,,,,,,,,,
1320,102331985,49.2691779722,-123.135208,,Greater Vancouver,,,,,,,,,,,,
1321,102332049,49.269263,-123.1352779722,,Greater Vancouver,,,,,,,,,,,,
1322,102332121,49.268877,-123.1352126,,Greater Vancouver,,,,,,,,,,,,
1323,102363862,45.3039002315,-122.8036946392,,Clackamas,,,,,,,,,,,,
1324,102364082,45.4385616667,-123.0678721667,,Washington,,,,,,,,,,,,
1325,102364262,45.4385296984,-123.0683420086,,Washington,,,,,,,,,,,,
1326,102386262,45.531148,-123.087054,,Washington,,,,,,,,,,,,
1327,102386538,45.539158,-123.086867,,Washington,,,,,,,,,,,,
1328,102386679,45.547814,-123.099742,,Washington,,,,,,,,,,,,
1329,102485742,48.7537418382,-122.4318022281,"Bellingham, Washington, USA",Whatcom,,,,,,,,,,,,
1330,102625864,48.6679030434,-122.3275132477,"Bellingham, Washington, USA",Whatcom,,,,,,,,,,,,
1331,102678268,48.8082011262,-122.4244747683,,Whatcom,,,,,,,,,,,,
1332,102784541,47.19837,-122.4556416667,Tacoma,Pierce,,,,,,,,,,30.411506652832,15.2640600204468,29.6021938323975
1333,102959113,48.4015883333,-122.30413,,Skagit,,,,,,,,,,,,
1334,102960078,47.596625,-122.1707216667,Bellevue City Limits,King,90.0193023681641,56.5571899414062,80.9384689331055,,,,,,,,,
1335,102968904,47.598538868,-122.1688221214,Bellevue City Limits,King,90.1421279907227,54.9049263000488,80.3774032592773,,,,,,,,,
1336,103163200,48.7435485737,-122.4123404548,"Bellingham, Washington, USA",Whatcom,,,,,,,,,,,,
1337,103217043,48.9777662474,-122.5349207595,,Whatcom,,,,,,,,,,,,
1338,103263345,47.2026258333,-122.4509986111,Tacoma,Pierce,,,,,,,,,,30.7086906433105,15.8942365646362,29.6535873413086
1339,103306882,47.57498833,-121.98166547,,King,89.5696334838867,55.160343170166,82.545280456543,,,,,,,,,
1340,103397278,48.1008924756,-122.5911549479,,Island,,,,,,,,,,,,
1341,103446045,48.9480130834,-122.6423610002,,Whatcom,,,,,,,,,,,,
1342,103593057,48.8233715659,-122.5216223672,,Whatcom,,,,,,,,,,,,
1343,103941118,55.2428366667,-127.5771333333,,Kitimat-Stikine,,,,,,,,,,,,
1344,104307533,46.818345,-116.9677966667,,Latah,,,,,,,,,,,,
1345,104726927,47.45808,-121.9678416667,,King,91.1301956176758,55.1137084960938,80.9141616821289,,,,,,,,,
1346,104731631,47.4529,-121.9683916667,,King,90.9600982666016,54.7991943359375,79.8880081176758,,,,,,,,,
1347,104776285,47.441455,-121.9692466667,,King,88.6881713867188,56.1734962463379,80.9912567138672,,,,,,,,,
1348,104890795,47.4504440697,-122.0115616826,,King,89.4012603759766,56.6579360961914,80.0248184204102,,,,,,,,,
1349,104891946,47.4073438555,-122.0096271027,,King,90.5267868041992,55.8168487548828,80.1642608642578,,,,,,,,,
1350,104935535,47.4469146599,-122.0075578989,,King,89.4109802246094,56.3321914672852,80.8176193237305,,,,,,,,,
1351,105076844,47.4820116667,-122.0556111667,,King,89.9115829467773,55.9187812805176,81.1610641479492,,,,,,,,,
1352,105240257,47.5447143118,-122.1610479538,Newcastle City Limits,King,89.9018707275391,58.517448425293,83.7560501098633,,,,,,,,,
1353,105380048,47.45738852,-122.16143241,,King,91.5382766723633,55.7131233215332,86.310791015625,,,,,,,,,
1354,105446764,47.2472416667,-122.4490133333,Tacoma,Pierce,,,,,,,,,,31.6142101287842,17.647819519043,29.0489063262939
1355,105513601,48.404225,-122.6188666667,,Island,,,,,,,,,,,,
1356,105624022,47.4470394245,-122.007480953,,King,89.3634948730469,56.3189849853516,80.8357391357422,,,,,,,,,
1357,105780106,48.2661776851,-116.5711436046,,Bonner,,,,,,,,,,,,
1358,105791998,47.230045,-122.4257883333,Tacoma,Pierce,,,,,,,,,,31.7795124053955,16.7170295715332,29.5541839599609
1359,105980989,48.4813098456,-122.3217907548,,Skagit,,,,,,,,,,,,
1360,106053205,47.64192,-122.373848,,King,89.0049591064453,62.3318405151367,86.5944747924805,,,,,,,,,
1361,106084351,47.5830216667,-122.1174,Bellevue City Limits,King,89.5340957641602,61.2360038757324,86.3115997314453,,,,,,,,,
1362,106131343,48.7565503759,-122.4378522858,"Bellingham, Washington, USA",Whatcom,,,,,,,,,,,,
1363,106144362,47.6625338903,-122.4173940455,,King,90.4685745239258,55.4112930297852,80.1664047241211,,,,,,,,,
1364,106194727,48.7939862236,-122.3884010687,,Whatcom,,,,,,,,,,,,
1365,106501316,45.595222204,-122.7901829873,Portland,Multnomah,,,,,,,27.3785839080811,16.7249298095703,27.467472076416,,,
1366,106505033,47.6626725299,-122.4173090916,,King,90.4343948364258,55.4226875305176,80.2391204833984,,,,,,,,,
1367,106550719,49.1740277778,-123.8500222222,,Nanaimo,,,,,,,,,,,,
1368,106558318,47.6387633333,-122.3009716667,,King,87.8184967041016,61.7862091064453,84.9716796875,,,,,,,,,
1369,106611034,48.5157883333,-122.6027366667,,Skagit,,,,,,,,,,,,
1370,106611160,48.5148783333,-122.602495,,Skagit,,,,,,,,,,,,
1371,106640201,48.48003,-122.61792,,Skagit,,,,,,,,,,,,
1372,106683588,48.5017467625,-123.3673027068,"Saanich, British Columbia",Capital,,,,,,,,,,,,
1373,106685298,48.5016440264,-123.3672642927,"Saanich, British Columbia",Capital,,,,,,,,,,,,
1374,106897907,47.4360359989,-122.1864119545,Renton City Limits,King,90.7265625,60.4224548339844,86.3635330200195,,,,,,,,,
1375,106897926,47.440528193,-122.1927345917,Renton City Limits,King,90.1131744384766,61.909107208252,86.801139831543,,,,,,,,,
1376,106897952,47.4349676036,-122.2049205378,Renton City Limits,King,89.3308563232422,60.8297843933105,85.970344543457,,,,,,,,,
1377,106947543,47.73358,-122.35298,,King,87.4081726074219,62.542308807373,84.779541015625,,,,,,,,,
1378,106948874,47.7241833333,-122.3651366667,,King,89.2182235717773,61.6911125183105,85.5891342163086,,,,,,,,,
1379,106949198,47.6985166667,-122.3808416667,,King,88.7314910888672,62.6982498168945,85.5543670654297,,,,,,,,,
1380,106950175,47.6888416667,-122.3779333333,,King,88.9137649536133,62.7941246032715,85.505500793457,,,,,,,,,
1381,107016087,48.6105416667,-123.1458805,,San Juan,,,,,,,,,,,,
1382,107155360,48.1425805,-123.18508,,Clallam,,,,,,,,,,,,
1383,107195334,48.1439778333,-123.185775,,Clallam,,,,,,,,,,,,
1384,107220192,47.65638,-122.3561866667,,King,87.0630111694336,61.5743103027344,83.8231735229492,,,,,,,,,
1385,107220272,47.6603283333,-122.356095,,King,87.825813293457,62.4544563293457,84.5328521728516,,,,,,,,,
1386,107220490,47.6602133333,-122.3629216667,,King,88.2988128662109,62.7123603820801,84.6957321166992,,,,,,,,,
1387,107223818,47.68443,-122.3303533333,,King,87.6792449951172,63.4735832214355,83.4342727661133,,,,,,,,,
1388,107224461,47.6912083333,-122.302345,,King,88.7295227050781,62.437183380127,84.162239074707,,,,,,,,,
1389,107224666,47.50417444,-122.14826208,Renton City Limits,King,88.9954299926758,59.906925201416,84.9608459472656,,,,,,,,,
1390,107224907,47.6911866667,-122.3025283333,,King,88.6372909545898,62.4315605163574,84.1631927490234,,,,,,,,,
1391,107225052,47.50416687,-122.14647305,Renton City Limits,King,88.8252487182617,59.8347930908203,85.2631759643555,,,,,,,,,
1392,107225684,47.6675838,-122.4003124,,King,88.0111923217773,62.8772010803223,84.2584686279297,,,,,,,,,
1393,107287792,48.1015361667,-123.520905,,Clallam,,,,,,,,,,,,
1394,107299997,47.25368,-122.4917966667,Tacoma,Pierce,,,,,,,,,,31.0591602325439,16.273063659668,29.1690807342529
1395,107336842,48.0506055,-123.78852,,Clallam,,,,,,,,,,,,
1396,107439069,47.4729583333,-122.223275,Renton City Limits,King,90.7110824584961,62.768253326416,89.6410369873047,,,,,,,,,
1397,107439154,47.66663,-122.4100883333,,King,89.333625793457,59.0412635803223,85.1667251586914,,,,,,,,,
1398,107485713,47.1975046339,-124.1922674328,,Grays Harbor,,,,,,,,,,,,
1399,107493720,47.1061983123,-124.1723459959,,Grays Harbor,,,,,,,,,,,,
1400,107502297,47.44512209,-122.19121544,Renton City Limits,King,90.2313537597656,61.5186004638672,87.0679931640625,,,,,,,,,
1401,107502653,47.52748791,-122.19923301,Renton City Limits,King,89.3947982788086,60.496639251709,85.524772644043,,,,,,,,,
1402,107503341,47.52348504,-122.2049297,Renton City Limits,King,89.6321868896484,62.8230628967285,87.0797348022461,,,,,,,,,
1403,107505113,47.52758532,-122.19460508,Renton City Limits,King,88.4371032714844,58.9658050537109,83.9346466064453,,,,,,,,,
1404,107505451,47.52640526,-122.19375581,Renton City Limits,King,89.2339553833008,58.4155883789062,83.8350372314453,,,,,,,,,
1405,107505981,47.52642809,-122.19394692,Renton City Limits,King,89.1920394897461,58.4624824523926,83.8197402954102,,,,,,,,,
1406,107506213,47.52517588,-122.19430265,Renton City Limits,King,89.1788864135742,58.921028137207,84.2797470092773,,,,,,,,,
1407,107506569,47.52457841,-122.19390803,Renton City Limits,King,89.4259185791016,59.2188568115234,84.5813217163086,,,,,,,,,
1408,107507103,47.52145343,-122.18882601,Renton City Limits,King,89.0322952270508,57.979118347168,84.0938720703125,,,,,,,,,
1409,107508353,47.52145123,-122.1884319,Renton City Limits,King,88.9274597167969,57.8889541625977,84.1539916992188,,,,,,,,,
1410,107509358,47.50808136,-122.19624491,Renton City Limits,King,88.664909362793,61.7669792175293,85.079704284668,,,,,,,,,
1411,107509505,47.50257988,-122.17661843,Renton City Limits,King,91.9572906494141,62.7955055236816,88.7720642089844,,,,,,,,,
1412,107509716,47.50257714,-122.17657974,Renton City Limits,King,91.9572906494141,62.7955055236816,88.7720642089844,,,,,,,,,
1413,107509934,47.50385784,-122.17715693,Renton City Limits,King,91.4949188232422,63.1156234741211,87.6857299804688,,,,,,,,,
1414,107510152,47.503789,-122.177255,Renton City Limits,King,91.5080337524414,63.1118545532227,87.7339859008789,,,,,,,,,
1415,107511981,47.51840475,-122.15702242,Renton City Limits,King,89.4922103881836,57.2831497192383,83.2600784301758,,,,,,,,,
1416,107514370,47.49063392,-122.22301527,Renton City Limits,King,89.2873916625977,61.8987922668457,87.7031326293945,,,,,,,,,
1417,107515026,47.4873922507,-122.2187989578,Renton City Limits,King,90.7258758544922,61.9810752868652,89.9940719604492,,,,,,,,,
1418,107516067,47.48322768,-122.22053626,Renton City Limits,King,87.9291687011719,61.1381721496582,86.8485565185547,,,,,,,,,
1419,107516534,47.4837079,-122.220817,Renton City Limits,King,89.6765975952148,62.4319038391113,85.5867462158203,,,,,,,,,
1420,107574347,47.2444234515,-124.2094868794,,Grays Harbor,,,,,,,,,,,,
1421,107655795,47.8281533333,-124.2642216667,,Jefferson,,,,,,,,,,,,
1422,107723837,48.4028104491,-122.3467158526,,Skagit,,,,,,,,,,,,
1423,107733670,47.6503282612,-122.3958091392,,King,87.9310760498047,62.2816505432129,84.7025756835938,,,,,,,,,
1424,107734927,47.644325,-122.4167783333,,King,88.3477096557617,62.6330642700195,86.6128158569336,,,,,,,,,
1425,107735423,47.640725,-122.4138633333,,King,88.2288055419922,63.0181884765625,86.2933502197266,,,,,,,,,
1426,107836045,47.48327517,-122.22106027,Renton City Limits,King,88.4846649169922,61.7526664733887,86.6537780761719,,,,,,,,,
1427,107836241,47.4277666,-122.1997064,Renton City Limits,King,90.9104995727539,60.5990409851074,86.9656143188477,,,,,,,,,
1428,107836448,47.4276966,-122.199956,Renton City Limits,King,90.8456268310547,60.6840782165527,86.8288955688477,,,,,,,,,
1429,107838410,47.4540786,-122.211692,Renton City Limits,King,92.076301574707,61.7280616760254,85.9371948242188,,,,,,,,,
1430,107838787,47.4525316,-122.2125941,Renton City Limits,King,91.5807800292969,61.4600601196289,85.9475708007812,,,,,,,,,
1431,107850812,47.44786319,-122.19683435,Renton City Limits,King,90.0659484863281,61.6765022277832,86.7321548461914,,,,,,,,,
1432,107852500,47.46689253,-122.16270397,Renton City Limits,King,91.0052032470703,54.394905090332,81.19384765625,,,,,,,,,
1433,107852831,47.46997741,-122.16699908,Renton City Limits,King,91.1763534545898,54.6572914123535,81.6948776245117,,,,,,,,,
1434,107853422,47.4771107,-122.22354404,Renton City Limits,King,90.2689514160156,61.9571304321289,88.1188125610352,,,,,,,,,
1435,107855446,47.47807418,-122.22395076,Renton City Limits,King,90.6030654907227,61.830924987793,87.6865844726562,,,,,,,,,
1436,107855536,47.48317699,-122.22027208,Renton City Limits,King,87.7925720214844,61.116512298584,86.937614440918,,,,,,,,,
1437,107855819,47.46573785,-122.23667923,Renton City Limits,King,90.6855850219727,62.4189491271973,86.8834075927734,,,,,,,,,
1438,107856302,47.46598863,-122.2367272,Renton City Limits,King,90.6465454101562,62.6266708374023,86.7519836425781,,,,,,,,,
1439,107857044,47.46567704,-122.23525252,Renton City Limits,King,90.5439453125,62.4763221740723,86.9714050292969,,,,,,,,,
1440,107907007,47.5204396667,-122.009432763,,King,89.7900009155273,56.8062362670898,80.7169876098633,,,,,,,,,
1441,107907495,47.5204180833,-122.0094909334,,King,89.7900009155273,56.8062362670898,80.7169876098633,,,,,,,,,
1442,107914257,47.6309583333,-122.28457,,King,89.3018341064453,60.4793663024902,85.7890853881836,,,,,,,,,
1443,107914938,47.630845,-122.2840366667,,King,89.4012908935547,60.7207298278809,85.9568405151367,,,,,,,,,
1444,107915414,47.6306533333,-122.2841333333,,King,89.4007339477539,60.6299018859863,85.9315414428711,,,,,,,,,
1445,107915838,47.6307866667,-122.284125,,King,89.4058151245117,60.6063690185547,85.9187850952148,,,,,,,,,
1446,107917955,47.6106916667,-122.2975216667,,King,87.5669174194336,61.6886901855469,84.2566223144531,,,,,,,,,
1447,107918320,47.6091383333,-122.2975833333,,King,87.6506042480469,61.4186172485352,84.3967590332031,,,,,,,,,
1448,107918973,47.6050716667,-122.306275,,King,88.4086074829102,62.4125671386719,84.9508972167969,,,,,,,,,
1449,107919816,47.6032116667,-122.29895,,King,88.65673828125,62.761344909668,85.5561218261719,,,,,,,,,
1450,107920288,47.6020083333,-122.293725,,King,86.6930923461914,61.9152069091797,83.7841796875,,,,,,,,,
1451,107921136,47.5999333333,-122.296105,,King,88.3437423706055,61.7681846618652,85.4713592529297,,,,,,,,,
1452,107925828,47.5963783333,-122.2877883333,,King,88.998161315918,63.5059509277344,86.6310043334961,,,,,,,,,
1453,107981438,49.3440224435,-123.1079884619,,Greater Vancouver,,,,,,,,,,,,
1454,108133723,47.6512716667,-122.3488216667,,King,88.8657379150391,63.0639038085938,86.2944717407227,,,,,,,,,
1455,108154457,49.61195,-124.0569695,,Sunshine Coast,,,,,,,,,,,,
1456,108617146,47.69043,-122.2934633333,,King,87.8969345092773,61.8236351013184,83.8198699951172,,,,,,,,,
1457,108617731,47.6923833333,-122.2836,,King,85.6764068603516,59.7155113220215,83.3616409301758,,,,,,,,,
1458,108618443,47.6925416667,-122.2825616667,,King,85.8929748535156,59.7153930664062,83.6332702636719,,,,,,,,,
1459,108618985,47.692955,-122.282525,,King,85.874397277832,59.6493186950684,83.5327301025391,,,,,,,,,
1460,108627260,47.69635,-122.280045,,King,88.8551788330078,60.1330032348633,85.18994140625,,,,,,,,,
1461,108627268,47.6978833333,-122.280005,,King,89.0087814331055,60.4702110290527,85.6124954223633,,,,,,,,,
1462,108627321,47.6993466667,-122.2960133333,,King,88.4271011352539,60.4388313293457,84.2745819091797,,,,,,,,,
1463,108627364,47.7045166667,-122.28543,,King,89.105712890625,60.7024459838867,84.9750900268555,,,,,,,,,
1464,108627414,47.711025,-122.2811366667,,King,89.1012725830078,62.2973709106445,86.637092590332,,,,,,,,,
1465,108627665,47.714175,-122.2803033333,,King,88.6424331665039,61.7920150756836,86.0365676879883,,,,,,,,,
1466,108627812,47.73193,-122.289445,,King,88.6314468383789,62.612060546875,84.5402984619141,,,,,,,,,
1467,108628000,47.6941716667,-122.2755583333,,King,89.515380859375,60.1523132324219,85.8869400024414,,,,,,,,,
1468,108640007,47.37045,-122.2457283333,Kent City Limits,King,91.7737884521484,61.608325958252,87.3841018676758,,,,,,,,,
1469,108658033,47.46808271,-122.22543268,Renton City Limits,King,91.346061706543,63.365047454834,89.7154846191406,,,,,,,,,
1470,108759155,47.44045263,-122.19290703,Renton City Limits,King,90.2428817749023,61.9494361877441,86.8258972167969,,,,,,,,,
1471,108762480,45.750184378,-121.6528091053,,Skamania,,,,,,,,,,,,
1472,108763058,45.7499965258,-121.6528308789,,Skamania,,,,,,,,,,,,
1473,108763659,45.7501388133,-121.6516268195,,Skamania,,,,,,,,,,,,
1474,108770267,47.4358686313,-122.1807960793,Renton City Limits,King,89.8594436645508,58.5025596618652,85.1377487182617,,,,,,,,,
1475,108770497,47.4690523469,-122.1590209007,Renton City Limits,King,91.0791244506836,55.228645324707,81.3661270141602,,,,,,,,,
1476,108771670,45.74853,-121.652145,,Skamania,,,,,,,,,,,,
1477,108772116,45.7569,-121.6511466667,,Skamania,,,,,,,,,,,,
1478,108773144,47.47884659,-122.15810283,Renton City Limits,King,89.150993347168,58.3211059570312,84.8948974609375,,,,,,,,,
1479,108776483,47.47559078,-122.17638111,Renton City Limits,King,90.2986602783203,55.4138145446777,82.1523056030273,,,,,,,,,
1480,108776540,47.47582608,-122.17642567,Renton City Limits,King,90.3219299316406,55.5461654663086,82.3693542480469,,,,,,,,,
1481,108776574,47.46714686,-122.16436841,Renton City Limits,King,91.1520233154297,54.3858184814453,81.9500350952148,,,,,,,,,
1482,108776616,47.46718618,-122.16445402,Renton City Limits,King,91.1641616821289,54.432861328125,82.4102096557617,,,,,,,,,
1483,108776635,47.46756614,-122.16531245,Renton City Limits,King,91.1291275024414,54.4735565185547,82.7126693725586,,,,,,,,,
1484,108776647,47.46697114,-122.1744248,Renton City Limits,King,90.3674087524414,57.4771118164062,83.5278625488281,,,,,,,,,
1485,108832587,49.171997,-122.353227,,Fraser Valley,,,,,,,,,,,,
1486,108835450,49.288,-122.5923,,Greater Vancouver,,,,,,,,,,,,
1487,108835581,47.5342,-122.3379966667,,King,89.1447067260742,62.9421424865723,85.1682586669922,,,,,,,,,
1488,108835600,47.545355,-122.3610833333,,King,88.0285034179688,61.8131294250488,84.5110473632812,,,,,,,,,
1489,108835665,47.5349366667,-122.3581866667,,King,89.5940093994141,62.1218719482422,85.6891784667969,,,,,,,,,
1490,108835732,47.5200616667,-122.360475,,King,89.6848602294922,62.499870300293,87.1388397216797,,,,,,,,,
1491,108835771,47.5184783333,-122.3578416667,,King,91.1467361450195,63.2420616149902,87.0600280761719,,,,,,,,,
1492,108835871,47.5168216667,-122.2595283333,,King,88.8829574584961,62.8167381286621,86.4388885498047,,,,,,,,,
1493,108835930,47.5173716667,-122.2848666667,,King,90.3063354492188,61.6660652160645,86.0552673339844,,,,,,,,,
1494,108836002,47.5224416667,-122.2810133333,,King,89.9271469116211,62.9628753662109,84.2146759033203,,,,,,,,,
1495,108836046,47.5229133333,-122.2808133333,,King,91.0385055541992,63.1224670410156,84.2919311523438,,,,,,,,,
1496,108836112,47.52618,-122.27672,,King,89.3008651733398,61.6687507629395,87.7199096679688,,,,,,,,,
1497,108836146,47.5261833333,-122.2765583333,,King,89.5448303222656,61.9202194213867,87.5482025146484,,,,,,,,,
1498,108836230,47.5261783333,-122.27642,,King,89.7186889648438,62.0134887695312,87.4512710571289,,,,,,,,,
1499,108836286,49.288,-122.5923,,Greater Vancouver,,,,,,,,,,,,
1500,108836366,47.526295,-122.2836533333,,King,89.4681167602539,61.6567153930664,88.6696014404297,,,,,,,,,
1501,108836462,47.55135,-122.2888033333,,King,89.1685562133789,62.4065055847168,88.8853454589844,,,,,,,,,
1502,108836535,47.55045,-122.2827833333,,King,89.3192138671875,63.0573272705078,86.6511535644531,,,,,,,,,
1503,108836577,47.5505,-122.281295,,King,90.5516738891602,63.3061561584473,87.0580139160156,,,,,,,,,
1504,108836665,47.5552366667,-122.2799383333,,King,89.5348968505859,62.4912185668945,87.0877380371094,,,,,,,,,
1505,108836722,47.5769966667,-122.3091133333,,King,90.0039672851562,63.2198104858398,86.6979751586914,,,,,,,,,
1506,108836751,49.288,-122.5923,,Greater Vancouver,,,,,,,,,,,,
1507,108836763,47.5835133333,-122.308145,,King,89.520378112793,62.8158264160156,86.9028625488281,,,,,,,,,
1508,108887796,49.2611861111,-122.5471333333,,Greater Vancouver,,,,,,,,,,,,
1509,108888425,49.258467,-122.55195,,Greater Vancouver,,,,,,,,,,,,
1510,108888781,49.258467,-122.55195,,Greater Vancouver,,,,,,,,,,,,
1511,108889345,49.258467,-122.55195,,Greater Vancouver,,,,,,,,,,,,
1512,108899391,48.9695223717,-122.7923786268,,Whatcom,,,,,,,,,,,,
1513,108967112,47.234840581,-122.4232086722,Tacoma,Pierce,,,,,,,,,,32.4555931091309,16.8758602142334,29.5889530181885
1514,109090821,49.4831866667,-123.47978,,Sunshine Coast,,,,,,,,,,,,
1515,109109396,47.5043633333,-122.2466583333,,King,89.0492324829102,61.1499252319336,84.7706527709961,,,,,,,,,
1516,109200176,48.7555166667,-122.4350366667,"Bellingham, Washington, USA",Whatcom,,,,,,,,,,,,
1517,109489682,48.3143749418,-122.234220989,,Skagit,,,,,,,,,,,,
1518,109491773,48.4750803095,-122.6197737829,,Skagit,,,,,,,,,,,,
1519,109503761,47.3210866158,-122.2947130914,,King,89.0553741455078,61.3524932861328,84.7396545410156,,,,,,,,,
1520,109603205,49.2864583333,-122.4931333333,,Greater Vancouver,,,,,,,,,,,,
1521,110247911,45.5196222222,-122.7048694444,Portland,Multnomah,,,,,,,28.029972076416,16.5451622009277,27.3540706634521,,,
1522,110248228,45.5214,-122.70175,Portland,Multnomah,,,,,,,28.5185565948486,16.6749935150146,27.7536144256592,,,
1523,110442659,47.7598020947,-122.6504937095,,Kitsap,,,,,,,,,,,,
1524,110452156,48.1257945,-122.7832633333,,Jefferson,,,,,,,,,,,,
1525,110628896,45.4737444444,-122.6763944444,Portland,Multnomah,,,,,,,30.339241027832,16.3052425384521,27.5193157196045,,,
1526,110629060,45.4890527778,-122.6761833333,Portland,Multnomah,,,,,,,30.4239082336426,16.5039443969727,28.3917770385742,,,
1527,110629184,48.4941665194,-123.3638771783,"Saanich, British Columbia",Capital,,,,,,,,,,,,
1528,110729719,45.5906416667,-122.7883533333,Portland,Multnomah,,,,,,,27.71262550354,15.8571701049805,27.5374946594238,,,
1529,110731927,45.59127,-122.7868283333,Portland,Multnomah,,,,,,,27.3388862609863,16.6028366088867,27.4456024169922,,,
1530,110795853,46.1478,-123.9165444444,,Clatsop,,,,,,,,,,,,
1531,110896071,49.2370039952,-122.3474269733,,Fraser Valley,,,,,,,,,,,,
1532,110996340,48.1308278333,-122.7965866667,,Jefferson,,,,,,,,,,,,
1533,110999536,48.1334802043,-122.7992610076,,Jefferson,,,,,,,,,,,,
1534,111015814,49.2280113512,-122.4338863045,,Greater Vancouver,,,,,,,,,,,,
1535,111018643,48.1333184283,-122.7746114335,,Jefferson,,,,,,,,,,,,
1536,111148900,47.9839166667,-122.77053,,Jefferson,,,,,,,,,,,,
1537,111153469,47.9879783333,-122.7616383333,,Jefferson,,,,,,,,,,,,
1538,111158824,49.304435,-124.250895,,Nanaimo,,,,,,,,,,,,
1539,111163092,49.3037633333,-124.2494216667,,Nanaimo,,,,,,,,,,,,
1540,111278851,49.2908633333,-124.662175,,Nanaimo,,,,,,,,,,,,
1541,111345257,49.3156466667,-124.5547466667,,Nanaimo,,,,,,,,,,,,
1542,111975728,47.4518953544,-122.0120884014,,King,90.3890151977539,55.0422668457031,79.4492645263672,,,,,,,,,
1543,112341407,54.5261934,-128.6483023,,Kitimat-Stikine,,,,,,,,,,,,
1544,112341782,54.52525435,-128.64893642,,Kitimat-Stikine,,,,,,,,,,,,
1545,112341881,54.52456628,-128.65036066,,Kitimat-Stikine,,,,,,,,,,,,
1546,112342946,54.52518537,-128.64360953,,Kitimat-Stikine,,,,,,,,,,,,
1547,112447904,47.5257976726,-121.9949862176,Issaquah City Limits,King,88.8251876831055,56.723575592041,81.4095764160156,,,,,,,,,
1548,112449352,47.5261717989,-121.9950771612,Issaquah City Limits,King,88.8883972167969,56.6960067749023,81.3233795166016,,,,,,,,,
1549,112451060,47.5270459475,-121.9998904691,Issaquah City Limits,King,89.085807800293,56.0042724609375,81.0299987792969,,,,,,,,,
1550,112530047,47.5283313622,-122.0212449697,,King,89.6758193969727,56.6230087280273,83.5647583007812,,,,,,,,,
1551,112530793,47.5282883333,-122.0211638333,,King,89.6781463623047,56.6005096435547,83.5626983642578,,,,,,,,,
1552,112531114,47.5283745058,-122.0212274424,,King,89.6357803344727,56.6361694335938,83.6311569213867,,,,,,,,,
1553,112531326,47.5284570146,-122.0209750273,,King,89.6379776000977,56.6382331848145,83.6462173461914,,,,,,,,,
1554,112531349,47.5282916667,-122.0210916667,,King,89.6805725097656,56.604175567627,83.590461730957,,,,,,,,,
1555,112531476,47.5284746848,-122.021088889,,King,89.6354370117188,56.6633911132812,83.696044921875,,,,,,,,,
1556,112538847,47.5203665521,-122.0095601058,,King,89.7900009155273,56.8062362670898,80.7169876098633,,,,,,,,,
1557,112786608,54.44327564,-128.76030594,,Kitimat-Stikine,,,,,,,,,,,,
1558,112882673,45.8619361111,-122.6703527778,,Clark,,,,,,,,,,,,
1559,112989267,54.44268704,-128.76013548,,Kitimat-Stikine,,,,,,,,,,,,
1560,112989936,54.44273972,-128.76159592,,Kitimat-Stikine,,,,,,,,,,,,
1561,113143289,48.6931290838,-122.5082015991,"Bellingham, Washington, USA",Whatcom,,,,,,,,,,,,
1562,113310429,54.42084482,-128.61279043,,Kitimat-Stikine,,,,,,,,,,,,
1563,113310510,54.41978326,-128.61486544,,Kitimat-Stikine,,,,,,,,,,,,
1564,113447048,54.4783446,-128.5690972,,Kitimat-Stikine,,,,,,,,,,,,
1565,113447516,54.42519628,-128.60710077,,Kitimat-Stikine,,,,,,,,,,,,
1566,113486211,48.0841089956,-122.1877929568,,Snohomish,,,,,,,,,,,,
1567,113502090,45.5019507325,-122.6800267586,Portland,Multnomah,,,,,,,31.543571472168,16.2380924224854,27.7399196624756,,,
1568,113553976,45.4868861111,-122.73335,Portland,Multnomah,,,,,,,30.743314743042,14.927906036377,27.3786392211914,,,
1569,113554534,45.4659055556,-122.72325,Portland,Multnomah,,,,,,,30.7272682189941,15.084114074707,27.0035743713379,,,
1570,113945280,48.1088261406,-122.5803553686,,Island,,,,,,,,,,,,
1571,113967781,45.4683833333,-122.7114555556,Portland,Multnomah,,,,,,,30.9763202667236,14.7337512969971,27.2200546264648,,,
1572,113968293,45.4661361111,-122.7517472222,Portland,Washington,,,,,,,30.3677978515625,14.9924335479736,27.2763977050781,,,
1573,113974229,45.4682806149,-122.7135806903,Portland,Multnomah,,,,,,,30.7849674224854,14.59215259552,27.1204872131348,,,
1574,113975117,45.5245083333,-122.6790527778,Portland,Multnomah,,,,,,,30.9128684997559,16.8719806671143,27.4632148742676,,,
1575,114005436,45.5659444444,-122.8942861111,,Washington,,,,,,,,,,,,
1576,114007570,47.3690960412,-122.2729868901,Kent City Limits,King,89.7400360107422,55.8921203613281,81.2492218017578,,,,,,,,,
1577,114319848,49.056758,-122.347318,,Fraser Valley,,,,,,,,,,,,
1578,114422589,49.320407,-122.9681415,,Greater Vancouver,,,,,,,,,,,,
1579,114538331,54.5129715,-128.55749902,,Kitimat-Stikine,,,,,,,,,,,,
1580,114936624,49.051858,-122.3553833997,,Fraser Valley,,,,,,,,,,,,
1582,115253369,53.25649581,-132.01368941,,Skeena-Queen Charlotte,,,,,,,,,,,,
1583,115257367,53.26059479,-132.00858939,,Skeena-Queen Charlotte,,,,,,,,,,,,
1584,115263301,48.7197260918,-122.354401052,"Bellingham, Washington, USA",Whatcom,,,,,,,,,,,,
1585,115375167,47.01613473,-122.85205385,,Thurston,,,,,,,,,,,,
1586,115620713,47.8381666868,-120.0198335667,,Chelan,,,,,,,,,,,,
1587,115620911,47.8380931775,-120.0198432059,,Chelan,,,,,,,,,,,,
1588,116337060,48.4743856593,-122.619552333,,Skagit,,,,,,,,,,,,
1589,116599479,54.07208834,-131.76945142,,Skeena-Queen Charlotte,,,,,,,,,,,,
1590,116602851,54.07548738,-131.74217372,,Skeena-Queen Charlotte,,,,,,,,,,,,
1591,116603051,54.07861498,-131.71242853,,Skeena-Queen Charlotte,,,,,,,,,,,,
1592,116603088,54.07855855,-131.71177006,,Skeena-Queen Charlotte,,,,,,,,,,,,
1593,116603500,54.07905229,-131.70897023,,Skeena-Queen Charlotte,,,,,,,,,,,,
1594,116603522,54.07867789,-131.71289278,,Skeena-Queen Charlotte,,,,,,,,,,,,
1595,116869861,47.5194265461,-122.0980624204,,King,88.8441162109375,56.2396812438965,81.0534515380859,,,,,,,,,
1596,117218116,47.379530468,-122.3177437822,Des Moines City Limits,King,89.1287384033203,59.3434028625488,85.2955474853516,,,,,,,,,
1597,117385462,47.47311,-122.279741,Tukwila City Limits,King,90.2508773803711,61.3913345336914,87.4712371826172,,,,,,,,,
1598,117393444,48.600746,-123.152599,,San Juan,,,,,,,,,,,,
1599,117396857,47.668731,-122.303724,,King,88.9442443847656,61.4275169372559,85.4087371826172,,,,,,,,,
1600,117400290,47.659101,-122.308602,,King,88.4250411987305,62.7282867431641,85.1611022949219,,,,,,,,,
1601,117484722,47.5312299421,-122.0155067929,Issaquah City Limits,King,89.9801559448242,55.9003715515137,83.7428436279297,,,,,,,,,
1602,117495884,47.65244,-122.307758,,King,88.7116470336914,63.0160942077637,84.3498001098633,,,,,,,,,
1603,117517305,47.959595,-122.2339966667,,Snohomish,,,,,,,,,,,,
1604,117522586,47.1245709497,-116.6174342483,,Benewah,,,,,,,,,,,,
1605,117522943,47.12405034,-116.61229998,,Benewah,,,,,,,,,,,,
1606,117694372,47.6912388889,-122.3026277778,,King,88.731201171875,62.4921493530273,84.246467590332,,,,,,,,,
1607,117874866,45.4089305556,-122.7899583333,,Washington,,,,,,,,,,,,
1608,117922354,47.16446,-122.537897,,Pierce,,,,,,,,,,24.9772930145264,16.9013366699219,23.5646896362305
1609,117928934,47.657645,-122.32322,,King,88.8106002807617,63.3520202636719,86.2843933105469,,,,,,,,,
1610,118135613,47.639393,-122.295159,,King,89.4226303100586,58.4628028869629,82.8436584472656,,,,,,,,,
1611,118290012,49.499255,-123.87207,,Sunshine Coast,,,,,,,,,,,,
1612,118412760,47.661166,-122.307175,,King,88.7482681274414,63.3338737487793,85.818115234375,,,,,,,,,
1613,118420310,47.4011466667,-121.51857,,King,,,,,,,,,,,,
1614,118443273,47.656108,-122.306071,,King,87.7138442993164,62.863597869873,83.832893371582,,,,,,,,,
1615,118563301,48.4859719722,-123.3470839722,"Saanich, British Columbia",Capital,,,,,,,,,,,,
1616,118811479,47.656441,-122.308201,,King,87.6264419555664,62.7381439208984,83.870002746582,,,,,,,,,
1617,118819638,47.1906397953,-122.3287020977,"Puyallup, WA",Pierce,,,,84.5999984741211,57.4000015258789,81.9000015258789,,,,32.3643226623535,15.8348836898804,28.8122234344482
1618,118964842,45.51663365,-122.71434905,Portland,Multnomah,,,,,,,27.5957183837891,15.3744125366211,27.4164009094238,,,
1619,118984524,45.51699995,-122.71771973,Portland,Multnomah,,,,,,,27.5886459350586,15.2550506591797,27.4030265808105,,,
1620,118984857,45.51693274,-122.71809886,Portland,Multnomah,,,,,,,27.4924602508545,15.4149627685547,27.3792972564697,,,
1621,118984935,45.51687512,-122.71786771,Portland,Multnomah,,,,,,,27.4575538635254,15.2487163543701,27.3883228302002,,,
1622,118985019,45.51707434,-122.71802904,Portland,Multnomah,,,,,,,27.4795379638672,15.2551498413086,27.390588760376,,,
1623,118997104,49.2392736997,-122.9498897997,,Greater Vancouver,,,,,,,,,,,,
1624,119009416,45.4938222222,-122.6226833333,Portland,Multnomah,,,,,,,31.0645294189453,15.6684274673462,29.059103012085,,,
1625,119011113,45.5237444444,-122.7407666667,,Multnomah,,,,,,,,,,,,
1626,119011664,45.5237444444,-122.7407666667,,Multnomah,,,,,,,,,,,,
1627,119012081,45.5237444444,-122.7407666667,,Multnomah,,,,,,,,,,,,
1628,119012894,45.5275583333,-122.7310972222,Portland,Multnomah,,,,,,,27.2364234924316,15.09743309021,27.3566188812256,,,
1629,119013147,45.5271805556,-122.7298527778,Portland,Multnomah,,,,,,,27.3006763458252,15.1440887451172,27.3329639434814,,,
1630,119065165,47.6511033333,-122.3079,,King,89.1566848754883,63.0396003723145,85.7650604248047,,,,,,,,,
1631,119136167,47.5296793706,-122.3991026886,,King,89.8437118530273,60.4586486816406,83.8465347290039,,,,,,,,,
1632,119137548,47.9606944649,-122.2336131441,,Snohomish,,,,,,,,,,,,
1633,119370152,48.951565,-124.690765,,Alberni-Clayoquot,,,,,,,,,,,,
1634,119380392,49.30215,-122.6962883333,,Greater Vancouver,,,,,,,,,,,,
1635,119380904,49.3003383333,-122.6919866667,,Greater Vancouver,,,,,,,,,,,,
1636,119537068,48.755393,-122.425045,"Bellingham, Washington, USA",Whatcom,,,,,,,,,,,,
1637,119686002,47.658183,-122.307138,,King,87.9325942993164,63.229850769043,84.2940826416016,,,,,,,,,
1638,119752480,48.5016868684,-123.4461083905,"Saanich, British Columbia",Capital,,,,,,,,,,,,
1639,119759288,48.7796272213,-122.4849743396,"Bellingham, Washington, USA",Whatcom,,,,,,,,,,,,
1640,119901420,47.672537,-122.311365,,King,88.2828750610352,61.3316421508789,85.1470642089844,,,,,,,,,
1641,120462620,45.3774722222,-122.6033444444,,Clackamas,,,,,,,,,,,,
1642,120462748,45.5266277778,-122.6877611111,Portland,Multnomah,,,,,,,30.8929347991943,16.8282909393311,28.0695629119873,,,
1643,120618616,45.4797888889,-122.6353722222,Portland,Multnomah,,,,,,,31.5816097259521,16.5236377716064,29.3844738006592,,,
1644,120618786,45.4777472222,-122.6360916667,Portland,Multnomah,,,,,,,31.6405048370361,16.5655136108398,29.19411277771,,,
1645,120618930,45.4776027778,-122.636175,Portland,Multnomah,,,,,,,31.6391544342041,16.580099105835,29.1488590240479,,,
1646,120619075,45.4773388889,-122.6366055556,Portland,Multnomah,,,,,,,31.6370868682861,16.6099853515625,29.1368637084961,,,
1647,120619497,45.477482401,-122.6376020908,Portland,Multnomah,,,,,,,31.7674674987793,16.5541343688965,29.3880290985107,,,
1648,121140379,48.778552152,-122.4539532512,"Bellingham, Washington, USA",Whatcom,,,,,,,,,,,,
1649,121455214,48.6350875329,-122.3405826464,"Bellingham, Washington, USA",Skagit,,,,,,,,,,,,
1650,121462723,48.6202888287,-122.3345969617,"Bellingham, Washington, USA",Skagit,,,,,,,,,,,,
1651,121521502,48.8486824963,-122.4090239033,,Whatcom,,,,,,,,,,,,
1652,121694631,49.259945,-123.0073399722,,Greater Vancouver,,,,,,,,,,,,
1653,122254099,48.5376712494,-122.8701634427,Lopez Island,San Juan,,,,,,,,,,,,
1654,122317336,48.469613,-123.34412,"Saanich, British Columbia",Capital,,,,,,,,,,,,
1655,122318386,48.469735,-123.3604739722,"Saanich, British Columbia",Capital,,,,,,,,,,,,
1656,122319237,48.468825,-123.3483889722,"Saanich, British Columbia",Capital,,,,,,,,,,,,
1657,122546688,48.9343305563,-122.2531959414,,Whatcom,,,,,,,,,,,,
1658,122693230,48.0881039212,-122.7095576522,,Jefferson,,,,,,,,,,,,
1659,122719307,48.4510709916,-123.2976769212,Oak Bay,Capital,,,,,,,,,,,,
1660,123175479,47.0205187,-122.8140723,,Thurston,,,,,,,,,,,,
1661,123175504,47.02084215,-122.8155576,,Thurston,,,,,,,,,,,,
1662,123175545,47.01812115,-122.81562773,,Thurston,,,,,,,,,,,,
1663,123407944,47.12361922,-122.85034078,,Thurston,,,,,,,,,,,,
1664,123458654,47.1300829,-122.85243943,,Thurston,,,,,,,,,,,,
1665,123459079,47.13080952,-122.85091477,,Thurston,,,,,,,,,,,,
1666,123462069,47.13339278,-122.84248785,,Thurston,,,,,,,,,,,,
1667,123617129,48.1089778333,-122.7802116667,,Jefferson,,,,,,,,,,,,
1668,123883890,45.4704305556,-122.8580722222,,Washington,,,,,,,,,,,,
1669,124373409,47.3795261696,-122.3230099486,Des Moines City Limits,King,89.2687072753906,62.3591117858887,86.4255828857422,,,,,,,,,
1670,124471134,49.3645166667,-123.1555416667,,Greater Vancouver,,,,,,,,,,,,
1671,124471718,49.36467,-123.1555638333,,Greater Vancouver,,,,,,,,,,,,
1672,124476543,49.3697,-123.1529388333,,Greater Vancouver,,,,,,,,,,,,
1673,125525291,48.9747209765,-122.4086514115,,Whatcom,,,,,,,,,,,,
1674,125727261,45.2109134,-122.3047071,,Clackamas,,,,,,,,,,,,
1675,125802605,47.3873883333,-122.3024833333,Des Moines City Limits,King,89.4810028076172,62.1838836669922,86.1096343994141,,,,,,,,,
1676,125809304,47.3874533333,-122.3013616667,Des Moines City Limits,King,89.1376571655273,62.1165962219238,86.0187225341797,,,,,,,,,
1677,125811114,47.385955,-122.3024366667,Des Moines City Limits,King,89.5799179077148,61.6107788085938,87.4112319946289,,,,,,,,,
1678,125888754,43.7486,-122.0088138889,,Lane,,,,,,,,,,,,
1679,125967671,47.12929742,-122.85434992,,Thurston,,,,,,,,,,,,
1680,126170044,45.5330111111,-122.6988055556,Portland,Multnomah,,,,,,,31.321496963501,16.9665851593018,28.1630439758301,,,
1681,126246096,47.13442956,-122.85222713,,Thurston,,,,,,,,,,,,
1682,126246122,47.08349438,-122.87040118,,Thurston,,,,,,,,,,,,
1683,126307172,45.4294166667,-122.7740111111,,Washington,,,,,,,,,,,,
1684,126694108,46.9763308827,-122.8102910891,,Thurston,,,,,,,,,,,,
1685,126696773,47.027322,-122.81641064,,Thurston,,,,,,,,,,,,
1686,126707069,47.05386493,-122.83939575,,Thurston,,,,,,,,,,,,
1687,126716288,48.4866033333,-122.646305,,Skagit,,,,,,,,,,,,
1688,126720714,47.17314572,-122.82020043,,Thurston,,,,,,,,,,,,
1689,126722734,47.17086792,-122.82133454,,Thurston,,,,,,,,,,,,
1690,126756679,46.96913945,-122.77854122,,Thurston,,,,,,,,,,,,
1691,126876747,47.12136529,-122.7798345,,Thurston,,,,,,,,,,,,
1692,126883188,47.11655133,-122.77808199,,Thurston,,,,,,,,,,,,
1693,126999414,48.5212707139,-123.3668531811,"Saanich, British Columbia",Capital,,,,,,,,,,,,
1694,127024607,48.8380938599,-122.25721322,,Whatcom,,,,,,,,,,,,
1695,127034895,47.4409216667,-121.6769333333,,King,,,,,,,,,,,,
1696,127035153,47.439645,-121.6764666667,,King,,,,,,,,,,,,
1697,127124879,45.6611095788,-122.6731729602,,Clark,,,,,,,,,,,,
1698,127126098,45.660732652,-122.6735419391,,Clark,,,,,,,,,,,,
1699,127126848,45.660732652,-122.6735419391,,Clark,,,,,,,,,,,,
1700,127127271,45.660732652,-122.6735419391,,Clark,,,,,,,,,,,,
1701,127129981,45.5185364513,-122.7143644186,Portland,Multnomah,,,,,,,27.6953582763672,16.3357543945312,27.5133628845215,,,
1702,127130908,45.5174204149,-122.7147765366,Portland,Multnomah,,,,,,,27.4590110778809,15.874137878418,27.4111919403076,,,
1703,127417082,46.3513083333,-122.9045888889,,Cowlitz,,,,,,,,,,,,
1704,127779593,47.2773722222,-122.6662611111,,Pierce,,,,,,,,,,,,
1705,127800617,47.2771305556,-122.6664055556,,Pierce,,,,,,,,,,,,
1706,127848282,47.369403,-122.211398,Kent City Limits,King,89.0446243286133,59.4100952148438,84.395751953125,,,,,,,,,
1707,128245986,47.1762787271,-122.1937765508,,Pierce,,,,,,,,,,,,
1708,128748428,49.740475,-123.9076783333,,Sunshine Coast,,,,,,,,,,,,
1709,128867330,45.3646166667,-122.5938166667,,Clackamas,,,,,,,,,,,,
1710,129159774,47.40503,-122.3273633333,Des Moines City Limits,King,88.888427734375,62.7802886962891,84.7893218994141,,,,,,,,,
1711,129166354,47.3936670226,-122.3179369286,Des Moines City Limits,King,89.1948471069336,61.4905624389648,85.1200561523438,,,,,,,,,
1712,129633790,47.433311786,-123.4741086513,,Mason,,,,,,,,,,,,
1713,129712559,48.4854749619,-123.3951478837,"Saanich, British Columbia",Capital,,,,,,,,,,,,
1714,129871445,49.2785227764,-122.7754837275,,Greater Vancouver,,,,,,,,,,,,
1715,129905235,47.4318003902,-123.4779458866,,Mason,,,,,,,,,,,,
1716,129911132,45.511306,-122.718024,Portland,Multnomah,,,,,,,27.5326881408691,14.9813060760498,27.2896060943604,,,
1717,130248324,48.8066146046,-122.1249464527,,Whatcom,,,,,,,,,,,,
1718,130258674,48.1765193766,-122.1461466327,,Snohomish,,,,,,,,,,,,
1719,130566492,47.4820866667,-121.7322216667,North Bend City Limits,King,90.1012115478516,56.6121368408203,82.5667343139648,,,,,,,,,
1720,131509542,48.8468430833,-122.3108071089,,Whatcom,,,,,,,,,,,,
1721,131519143,45.4041138889,-122.4989361111,,Clackamas,,,,,,,,,,,,
1722,131634749,47.0815305,-122.7810533333,,Thurston,,,,,,,,,,,,
1723,131766370,49.2153805556,-123.0387916667,,Greater Vancouver,,,,,,,,,,,,
1724,131813448,45.6926888889,-122.8705694444,,Multnomah,,,,,,,,,,,,
1725,132244546,45.4668805556,-122.6640972222,Portland,Multnomah,,,,,,,32.1895027160645,16.6155662536621,28.8966331481934,,,
1726,132244618,45.4662777778,-122.6697583333,Portland,Multnomah,,,,,,,29.4456634521484,16.6282577514648,27.4375629425049,,,
1727,132245120,45.4297972222,-122.5769972222,,Clackamas,,,,,,,,,,,,
1728,132370176,49.525105,-115.0561361667,,East Kootenay,,,,,,,,,,,,
1729,132706523,47.6266530483,-122.6636065264,,Kitsap,,,,,,,,,,,,
1730,132760420,47.611626,-122.298386,,King,87.3948516845703,61.6845855712891,83.9801330566406,,,,,,,,,
1731,132760457,47.612853,-122.288047,,King,89.1327972412109,62.4228553771973,85.9765930175781,,,,,,,,,
1732,132849620,48.0466195,-123.1145695,,Clallam,,,,,,,,,,,,
1733,132867871,48.8481507789,-122.3007676005,,Whatcom,,,,,,,,,,,,
1734,132867900,48.8500997932,-122.2958665341,,Whatcom,,,,,,,,,,,,
1735,133084604,47.6507658115,-122.1908617342,,King,89.0793609619141,58.0845756530762,83.8582763671875,,,,,,,,,
1736,133122265,49.6302059532,-125.5247771586,,Comox-Strathcona,,,,,,,,,,,,
1737,133122267,49.6314846009,-125.5291974391,,Comox-Strathcona,,,,,,,,,,,,
1738,133131304,47.6487799224,-122.1919195418,,King,88.0647354125977,58.055233001709,83.6303863525391,,,,,,,,,
1739,133366025,47.1763145132,-122.1947295686,,Pierce,,,,,,,,,,,,
1740,133662607,46.693578,-123.741058,,Pacific,,,,,,,,,,,,
1741,133663903,46.654671,-123.66373,,Pacific,,,,,,,,,,,,
1742,133697323,47.7735006826,-122.3364350582,,King,87.1157913208008,61.6150703430176,82.9269104003906,,,,,,,,,
1743,133842152,48.5385505397,-122.369037196,,Skagit,,,,,,,,,,,,
1744,133932283,48.7148013626,-122.4570270628,"Bellingham, Washington, USA",Whatcom,,,,,,,,,,,,
1745,133984341,47.3902028846,-122.4547559034,,King,,,,,,,,,,,,
1746,134333710,45.6621111111,-122.8385,,Multnomah,,,,,,,,,,,,
1747,134334105,46.1160083333,-121.9031027778,,Skamania,,,,,,,,,,,,
1748,134334346,46.1251777778,-121.9098666667,,Skamania,,,,,,,,,,,,
1749,134335085,46.1048222542,-122.0546973869,,Skamania,,,,,,,,,,,,
1750,134693945,49.492355,-123.98987,,Sunshine Coast,,,,,,,,,,,,
1751,134931662,47.390207,-122.454721,,King,,,,,,,,,,,,
1752,134938499,47.1767933537,-122.1938132782,,Pierce,,,,,,,,,,,,
1753,135009388,45.5138366256,-122.7196017693,Portland,Multnomah,,,,,,,26.4151039123535,15.7440490722656,27.3828105926514,,,
1754,135011257,45.5139088024,-122.7193917998,Portland,Multnomah,,,,,,,26.4453125,15.7386627197266,27.3533725738525,,,
1755,135013590,48.7061620687,-122.4625054747,"Bellingham, Washington, USA",Whatcom,,,,,,,,,,,,
1756,135057477,45.5137589392,-122.7193720726,Portland,Multnomah,,,,,,,26.4294338226318,15.7385234832764,27.3498802185059,,,
1757,135057522,45.513789665,-122.7193871065,Portland,Multnomah,,,,,,,26.4311943054199,15.7399787902832,27.3541889190674,,,
1758,135057607,45.5136757571,-122.7193446297,Portland,Multnomah,,,,,,,26.4418029785156,15.7382526397705,27.3563442230225,,,
1759,135162451,47.1288280315,-122.8477722779,,Thurston,,,,,,,,,,,,
1760,135162916,47.1251604192,-122.8485467657,,Thurston,,,,,,,,,,,,
1761,135261606,48.7623930723,-122.1804745495,,Whatcom,,,,,,,,,,,,
1762,135555179,45.5175356241,-122.7146820725,Portland,Multnomah,,,,,,,27.543872833252,15.8486547470093,27.4343147277832,,,
1763,135557424,45.5185793993,-122.714394063,Portland,Multnomah,,,,,,,27.7975368499756,16.3338966369629,27.5128326416016,,,
1764,135562034,45.5178909233,-122.7127831731,Portland,Multnomah,,,,,,,27.7582359313965,16.3807926177979,27.5277938842773,,,
1765,135580853,45.5196842665,-122.7189267958,Portland,Multnomah,,,,,,,27.4123001098633,15.7930145263672,27.4887752532959,,,
1766,135684414,45.5135436514,-122.7194136177,Portland,Multnomah,,,,,,,26.419319152832,15.7547435760498,27.3476028442383,,,
1767,135686956,45.5134500655,-122.7194780413,Portland,Multnomah,,,,,,,26.3740692138672,15.7848443984985,27.3435516357422,,,
1768,135690084,45.5133417811,-122.71939272,Portland,Multnomah,,,,,,,26.408763885498,15.7437162399292,27.3398342132568,,,
1769,135690159,45.5132610614,-122.7192713438,Portland,Multnomah,,,,,,,26.4296379089355,15.670841217041,27.3488025665283,,,
1770,135690775,45.5132637835,-122.7195683295,Portland,Multnomah,,,,,,,26.4542007446289,15.7747116088867,27.3445377349854,,,
1771,135732121,45.5133567036,-122.7198958211,,Multnomah,,,,,,,,,,,,
1772,135756372,45.517407381,-122.7173763515,Portland,Multnomah,,,,,,,27.4433002471924,15.2585124969482,27.4216156005859,,,
1773,135944995,45.5115614046,-122.7180416482,Portland,Multnomah,,,,,,,27.4967269897461,14.9673843383789,27.3062171936035,,,
1774,135946552,45.5115928242,-122.7182386144,Portland,Multnomah,,,,,,,27.4791889190674,14.9694004058838,27.3004474639893,,,
1775,135949960,45.5128345243,-122.7160011766,Portland,Multnomah,,,,,,,26.8874263763428,14.9938335418701,27.3088436126709,,,
1776,135953271,45.5143476304,-122.7156598199,Portland,Multnomah,,,,,,,27.5096435546875,15.2294473648071,27.4243621826172,,,
1777,135954714,45.5130445367,-122.7142757037,Portland,Multnomah,,,,,,,27.3993167877197,15.1131858825684,27.3618583679199,,,
1778,135955994,45.5132065859,-122.7141328883,Portland,Multnomah,,,,,,,27.4063873291016,15.0538997650146,27.358512878418,,,
1779,136114463,45.5199638889,-122.9293638889,,Washington,,,,,,,,,,,,
1780,136456424,45.9210805556,-123.4954166667,,Clatsop,,,,,,,,,,,,
1781,136517957,48.5611069707,-122.44330924,,Skagit,,,,,,,,,,,,
1782,136715883,45.5166339874,-122.7145158377,Portland,Multnomah,,,,,,,27.542818069458,15.2788000106812,27.4176731109619,,,
1783,136849075,45.518267,-122.716565,Portland,Multnomah,,,,,,,27.5755386352539,15.7009477615356,27.4654655456543,,,
1784,136850007,45.517808,-122.71726,,Multnomah,,,,,,,27.4776153564453,15.278618812561,27.4237003326416,,,
1785,136850350,46.80968,-116.8923333333,,Latah,,,,,,,,,,,,
1786,136850455,46.809805,-116.8936466667,,Latah,,,,,,,,,,,,
1787,136850559,45.517681,-122.717793,,Multnomah,,,,,,,27.5039539337158,15.3137636184692,27.4102001190186,,,
1788,136850799,46.8088133333,-116.8957666667,,Latah,,,,,,,,,,,,
1789,136979076,48.7767448526,-122.4845703319,"Bellingham, Washington, USA",Whatcom,,,,,,,,,,,,
1790,137075723,45.5164920346,-122.7139614247,Portland,Multnomah,,,,,,,27.6550636291504,15.3990898132324,27.4127578735352,,,
1791,137077021,45.516175003,-122.71437,Portland,Multnomah,,,,,,,27.6316871643066,15.3061618804932,27.4145183563232,,,
1792,137080559,45.5165969541,-122.7149043731,Portland,Multnomah,,,,,,,27.4916648864746,15.2896127700806,27.4222965240479,,,
1793,137081844,45.516577684,-122.7147733179,Portland,Multnomah,,,,,,,27.4904842376709,15.2790145874023,27.4199390411377,,,
1794,137082266,45.5167813523,-122.7144318912,Portland,Multnomah,,,,,,,27.6071681976318,15.3860359191895,27.4052200317383,,,
1795,137364657,53.35318793,-132.28136256,,Skeena-Queen Charlotte,,,,,,,,,,,,
1796,137464325,45.5125295073,-122.7155487995,Portland,Multnomah,,,,,,,27.2224426269531,14.985221862793,27.3222217559814,,,
1797,137465599,45.5117368343,-122.7148196455,Portland,Multnomah,,,,,,,27.2820167541504,14.9583282470703,27.3619613647461,,,
1798,137466997,45.511762336,-122.7123433613,Portland,Multnomah,,,,,,,27.3697452545166,15.0370264053345,27.3471069335938,,,
1799,137467552,45.5116038522,-122.7116079456,Portland,Multnomah,,,,,,,27.2624206542969,15.1788148880005,27.3472442626953,,,
1800,137469921,45.5159680786,-122.7184319624,Portland,Multnomah,,,,,,,27.4363613128662,15.1490306854248,27.373025894165,,,
1801,137470870,45.51551215,-122.7189569789,Portland,Multnomah,,,,,,,27.2807750701904,15.5390357971191,27.3434200286865,,,
1802,137472321,45.5160676396,-122.7188472916,Portland,Multnomah,,,,,,,27.402006149292,15.48277759552,27.3800277709961,,,
1803,137474571,45.5160445195,-122.7188973703,Portland,Multnomah,,,,,,,27.4126014709473,15.4779491424561,27.3810005187988,,,
1804,137556021,49.3894,-123.350045,,Greater Vancouver,,,,,,,,,,,,
1805,137718193,45.5252444444,-122.7174694444,Portland,Multnomah,,,,,,,27.7466087341309,16.3666439056396,27.5511684417725,,,
1806,137899081,45.4671463,-122.7128648,,Multnomah,,,,,,,30.8801860809326,14.6070413589478,27.0069370269775,,,
1807,137913218,48.5329438294,-123.0198829249,,San Juan,,,,,,,,,,,,
1808,137928531,48.5325022371,-123.0145426467,,San Juan,,,,,,,,,,,,
1809,138031364,48.6170433522,-123.0472531915,,San Juan,,,,,,,,,,,,
1810,138147524,48.9768309874,-123.0263886228,,Whatcom,,,,,,,,,,,,
1811,138307134,53.21531186,-132.03011947,,Skeena-Queen Charlotte,,,,,,,,,,,,
1812,138307984,53.21536323,-132.03050925,,Skeena-Queen Charlotte,,,,,,,,,,,,
1813,138468319,45.5001305556,-122.6894972222,Portland,Multnomah,,,,,,,28.8179378509521,16.4539928436279,28.4763412475586,,,
1814,138468446,45.4998805556,-122.6894416667,Portland,Multnomah,,,,,,,28.8970127105713,16.4568729400635,28.4761142730713,,,
1815,138468659,45.5020472222,-122.6935388889,Portland,Multnomah,,,,,,,27.5943698883057,16.717658996582,27.4492683410645,,,
1816,138769987,47.3799161803,-122.3208278799,Des Moines City Limits,King,90.0611343383789,61.127269744873,86.01123046875,,,,,,,,,
1817,139032476,48.7754929614,-122.0468552783,,Whatcom,,,,,,,,,,,,
1818,139043739,45.5175233333,-122.71754,Portland,Multnomah,,,,,,,27.4749145507812,15.2792596817017,27.4197292327881,,,
1819,139043930,45.51684,-122.7176616667,Portland,Multnomah,,,,,,,27.5474548339844,15.2585163116455,27.3952293395996,,,
1820,139044587,45.5165516667,-122.7181616667,Portland,Multnomah,,,,,,,27.5242557525635,15.4959688186646,27.3866424560547,,,
1821,139044791,45.5171883333,-122.7168366667,Portland,Multnomah,,,,,,,27.5666522979736,15.2505626678467,27.4198551177979,,,
1822,139058459,45.5168883333,-122.713395,Portland,Multnomah,,,,,,,27.6214256286621,15.7857809066772,27.4287910461426,,,
1823,139164836,45.8468485152,-122.5198889723,,Clark,,,,,,,,,,,,
1824,139268846,48.7667010039,-122.3441727832,"Bellingham, Washington, USA",Whatcom,,,,,,,,,,,,
1825,139269911,48.7647511764,-122.3432936892,"Bellingham, Washington, USA",Whatcom,,,,,,,,,,,,
1826,139490281,50.01710225,-123.13259595,,Squamish-Lillooet,,,,,,,,,,,,
1827,139546540,48.7880369764,-122.170891352,,Whatcom,,,,,,,,,,,,
1828,139936811,48.018939,-123.597019,,Clallam,,,,,,,,,,,,
1829,139936820,48.012298,-123.593697,,Clallam,,,,,,,,,,,,
1830,140024019,48.462552,-123.3418083,"Saanich, British Columbia",Capital,,,,,,,,,,,,
1831,140094304,47.4248166667,-122.4537583333,,King,,,,,,,,,,,,
1832,140094507,47.424275,-122.4529716667,,King,,,,,,,,,,,,
1833,140094658,47.4248283333,-122.4538033333,,King,,,,,,,,,,,,
1835,140187564,47.4237715225,-122.4538480703,,King,,,,,,,,,,,,
1836,140452180,48.4686294,-123.37083139,"Saanich, British Columbia",Capital,,,,,,,,,,,,
1837,140539933,45.5183663292,-122.7163428328,Portland,Multnomah,,,,,,,27.6088523864746,15.7001714706421,27.4608249664307,,,
1838,140653300,45.5177798653,-122.7176939524,Portland,Multnomah,,,,,,,27.5199756622314,15.4053926467896,27.4140720367432,,,
1839,140653314,45.5180593551,-122.7171236159,Portland,Multnomah,,,,,,,27.3666877746582,15.5109310150146,27.4590950012207,,,
1840,140680481,47.379385312,-122.3208195228,Des Moines City Limits,King,90.1083984375,60.9156303405762,86.0431137084961,,,,,,,,,
1841,140712027,48.46421713,-123.31135914,"Saanich, British Columbia",Capital,,,,,,,,,,,,
1842,140934309,48.44651312,-123.7210367,,Capital,,,,,,,,,,,,
1843,141737713,47.4519,-122.011375,,King,90.4850463867188,54.8116455078125,79.7733535766602,,,,,,,,,
1844,141761674,47.9367833333,-122.1211861667,,Snohomish,,,,,,,,,,,,
1845,141828129,47.5698147761,-122.0945586172,Issaquah City Limits,King,89.5819244384766,60.662239074707,84.7261962890625,,,,,,,,,
1846,141829287,47.5688164914,-122.0947876946,Issaquah City Limits,King,88.9242248535156,60.3464965820312,84.6138229370117,,,,,,,,,
1847,141829490,48.7011592284,-122.4966875464,"Bellingham, Washington, USA",Whatcom,,,,,,,,,,,,
1848,141832071,47.5675910572,-122.0942181443,Issaquah City Limits,King,88.8177261352539,59.9538612365723,84.900520324707,,,,,,,,,
1849,141833197,47.5669893623,-122.094925996,Issaquah City Limits,King,89.1989669799805,59.1830368041992,84.6787185668945,,,,,,,,,
1850,141834278,47.5661816402,-122.0952007548,Issaquah City Limits,King,89.4721069335938,58.8016624450684,84.9283142089844,,,,,,,,,
1851,141919953,47.4808966667,-122.0547333333,,King,90.4724502563477,56.0140686035156,81.4577331542969,,,,,,,,,
1852,141921185,47.4811121644,-122.0549437049,,King,90.0536956787109,56.1889038085938,81.5666961669922,,,,,,,,,
1853,141922931,47.4823752232,-122.0546952077,,King,90.0747833251953,55.7559242248535,80.7368545532227,,,,,,,,,
1854,142068677,47.5283845342,-122.0210590234,,King,89.6379776000977,56.6382331848145,83.6462173461914,,,,,,,,,
1855,142113455,46.955356658,-122.7820950374,,Thurston,,,,,,,,,,,,
1856,142113993,46.9552669492,-122.7821979672,,Thurston,,,,,,,,,,,,
1857,142114385,46.955302192,-122.7821718156,,Thurston,,,,,,,,,,,,
1858,142114754,46.9553296538,-122.7821758389,,Thurston,,,,,,,,,,,,
1859,142313142,47.6366858092,-122.6584146918,,Kitsap,,,,,,,,,,,,
1860,142476371,47.00652351,-122.86875399,,Thurston,,,,,,,,,,,,
1861,142703955,47.7258225572,-122.1866550194,,King,87.1553497314453,60.6634864807129,84.7413024902344,,,,,,,,,
1862,143684750,48.8150249149,-122.319923602,,Whatcom,,,,,,,,,,,,
1863,143962480,48.9202408867,-122.3501604795,,Whatcom,,,,,,,,,,,,
1864,144027727,47.4465295533,-122.0019752161,,King,90.5778503417969,54.8914222717285,80.7098007202148,,,,,,,,,
1865,144328238,48.5297449554,-123.382820376,"Saanich, British Columbia",Capital,,,,,,,,,,,,
1866,144439163,48.48923889,-123.44372011,"Saanich, British Columbia",Capital,,,,,,,,,,,,
1867,144440550,48.8389928821,-122.443450056,,Whatcom,,,,,,,,,,,,
1868,145054828,47.23658592,-122.45704277,Tacoma,Pierce,,,,,,,,,,31.524206161499,16.983377456665,28.0245037078857
1869,145065493,50.875713,-124.940671,,Comox-Strathcona,,,,,,,,,,,,
1870,145069407,47.23767516,-122.45207275,Tacoma,Pierce,,,,,,,,,,31.706600189209,16.8383197784424,27.9030303955078
1871,145069927,47.23911137,-122.45427476,Tacoma,Pierce,,,,,,,,,,31.8094024658203,16.9946174621582,27.824686050415
1872,145372548,47.26715326,-122.51362684,Tacoma,Pierce,,,,,,,,,,30.5224571228027,16.1001300811768,29.3694972991943
1873,145373987,47.26566961,-122.50399299,Tacoma,Pierce,,,,,,,,,,31.6410541534424,16.1721363067627,28.5895767211914
1874,145376461,47.26536384,-122.48573358,Tacoma,Pierce,,,,,,,,,,31.5190029144287,16.0341873168945,29.4078235626221
1875,145376812,47.26569972,-122.48430261,Tacoma,Pierce,,,,,,,,,,31.7229232788086,15.9096937179565,29.3379230499268
1876,145440816,47.24707758,-122.44720136,Tacoma,Pierce,,,,,,,,,,31.963529586792,17.6215801239014,29.1488494873047
1877,145441228,47.24692979,-122.4473679,Tacoma,Pierce,,,,,,,,,,31.9225673675537,17.6162109375,29.0751094818115
1878,145441528,47.24711523,-122.44692623,Tacoma,Pierce,,,,,,,,,,32.0157508850098,17.6173896789551,29.2637157440186
1879,145443546,47.25753098,-122.44982575,Tacoma,Pierce,,,,,,,,,,31.2107734680176,18.2486763000488,30.87815284729
1880,145444010,47.25839413,-122.44992922,Tacoma,Pierce,,,,,,,,,,31.4477825164795,17.8749370574951,30.7603130340576
1881,145444329,47.25855436,-122.44989817,Tacoma,Pierce,,,,,,,,,,31.3842697143555,17.8341007232666,30.7498226165771
1882,145444960,47.25924004,-122.44968713,Tacoma,Pierce,,,,,,,,,,30.8390159606934,17.7096138000488,30.3694190979004
1883,145445391,47.26058549,-122.4503282,Tacoma,Pierce,,,,,,,,,,30.8749542236328,17.7583999633789,30.4559669494629
1884,145447796,47.26239274,-122.44894183,Tacoma,Pierce,,,,,,,,,,30.1997776031494,17.4485607147217,30.5890827178955
1885,145448260,47.26105254,-122.44850744,Tacoma,Pierce,,,,,,,,,,30.282413482666,17.3700294494629,29.1981029510498
1886,145457978,47.24929618,-122.49944908,Tacoma,Pierce,,,,,,,,,,31.222620010376,15.928279876709,29.5458431243896
1887,145458207,47.24957402,-122.49949661,Tacoma,Pierce,,,,,,,,,,31.20774269104,15.9597234725952,29.5442771911621
1888,145458444,47.24963116,-122.49949948,Tacoma,Pierce,,,,,,,,,,31.20774269104,15.9597234725952,29.5442771911621
1889,145536810,47.24467451,-122.49924458,Tacoma,Pierce,,,,,,,,,,31.0820369720459,15.7939767837524,29.4274559020996
1890,145537069,47.24477791,-122.49920534,Tacoma,Pierce,,,,,,,,,,31.0865306854248,15.8056898117065,29.4365940093994
1891,145537271,47.24489913,-122.49899434,Tacoma,Pierce,,,,,,,,,,31.0136432647705,15.8633337020874,29.4015941619873
1892,145537547,47.24484457,-122.49882213,Tacoma,Pierce,,,,,,,,,,31.0335292816162,15.8753995895386,29.4281139373779
1893,145541198,47.24868222,-122.49957439,Tacoma,Pierce,,,,,,,,,,31.3261432647705,15.8543062210083,29.2716274261475
1894,145610525,47.26859,-122.51109444,Tacoma,Pierce,,,,,,,,,,31.879186630249,16.6908130645752,29.5468730926514
1895,145611367,47.26925115,-122.50803813,Tacoma,Pierce,,,,,,,,,,32.0187950134277,16.2815704345703,29.2729530334473
1896,145613198,47.2693571,-122.49780661,Tacoma,Pierce,,,,,,,,,,31.6216239929199,16.4572105407715,28.84375
1897,145615551,47.26904946,-122.48439609,Tacoma,Pierce,,,,,,,,,,31.3487167358398,16.4682674407959,29.6518974304199
1898,145693283,47.24497002,-122.49909683,Tacoma,Pierce,,,,,,,,,,31.0236492156982,15.8332462310791,29.3805027008057
1899,145719107,45.59667,-122.424805,,Clark,,,,,,,,,,,,
1900,145779480,47.27026943,-122.50270783,Tacoma,Pierce,,,,,,,,,,31.8007392883301,16.1777362823486,29.1458034515381
1901,145779813,47.27011329,-122.50260655,Tacoma,Pierce,,,,,,,,,,31.7842273712158,16.1930370330811,29.1042804718018
1902,145780377,47.2704895,-122.4958196,Tacoma,Pierce,,,,,,,,,,31.7136859893799,16.5449142456055,29.0204029083252
1903,145780728,47.27029713,-122.49494777,Tacoma,Pierce,,,,,,,,,,31.6821231842041,16.4497032165527,29.5246429443359
1904,145783378,47.27096936,-122.48351632,Tacoma,Pierce,,,,,,,,,,31.2605400085449,16.4650230407715,29.6177196502686
1905,145783729,47.27146053,-122.48272204,Tacoma,Pierce,,,,,,,,,,31.3449993133545,16.3305263519287,28.7030963897705
1906,145783881,47.27151204,-122.48244003,Tacoma,Pierce,,,,,,,,,,31.3615493774414,16.3016033172607,28.5587825775146
1907,145784528,47.27107395,-122.47549003,Tacoma,Pierce,,,,,,,,,,30.4352607727051,16.3722591400146,28.206974029541
1908,145784706,47.27075349,-122.47485851,Tacoma,Pierce,,,,,,,,,,30.4824924468994,16.4104194641113,28.4758033752441
1909,145986295,48.39914076,-123.4971654,,Capital,,,,,,,,,,,,
1910,145990836,47.24431019,-122.52655585,Tacoma,Pierce,,,,,,,,,,31.6578960418701,16.8649196624756,29.314416885376
1911,145991111,47.24843031,-122.52397067,Tacoma,Pierce,,,,,,,,,,32.1104850769043,16.831470489502,29.0157032012939
1912,145992584,47.24978954,-122.51947305,Tacoma,Pierce,,,,,,,,,,32.1208457946777,16.385440826416,28.2586498260498
1913,146004174,45.51568,-122.715625,Portland,Multnomah,,,,,,,27.5501861572266,15.2662515640259,27.3739452362061,,,
1914,146005093,45.517306,-122.718998,Portland,Multnomah,,,,,,,27.4341239929199,15.3258113861084,27.3707408905029,,,
1915,146006691,45.517306,-122.718998,Portland,Multnomah,,,,,,,27.4341239929199,15.3258113861084,27.3707408905029,,,
1916,146063649,47.22013071,-122.42108769,Tacoma,Pierce,,,,,,,,,,32.829761505127,16.4738330841064,29.3447933197021
1917,146063699,47.22003389,-122.4209839,Tacoma,Pierce,,,,,,,,,,32.6004333496094,16.4667491912842,29.3268375396729
1918,146064369,47.21160332,-122.42101846,Tacoma,Pierce,,,,,,,,,,32.1509552001953,15.9600296020508,29.3540534973145
1919,146070023,48.43856858,-123.53064579,,Capital,,,,,,,,,,,,
1920,146076681,47.19411676,-122.4207837,Tacoma,Pierce,,,,,,,,,,31.9883708953857,16.2755165100098,28.96506690979
1921,146076738,47.1939878,-122.42089673,Tacoma,Pierce,,,,,,,,,,32.0304946899414,16.2788791656494,28.9207305908203
1922,146077369,47.21061624,-122.42076031,Tacoma,Pierce,,,,,,,,,,31.8427906036377,16.1691837310791,29.5428924560547
1923,146077783,47.21400986,-122.42056963,Tacoma,Pierce,,,,,,,,,,32.1386604309082,16.2139835357666,29.3288669586182
1924,146144187,47.26932874,-122.50797891,Tacoma,Pierce,,,,,,,,,,32.0127296447754,16.2673091888428,29.2356433868408
1925,146144410,47.26943502,-122.50794952,Tacoma,Pierce,,,,,,,,,,32.0094795227051,16.2617092132568,29.2493228912354
1926,146144611,47.26939364,-122.50792488,Tacoma,Pierce,,,,,,,,,,32.0377883911133,16.2655773162842,29.2334766387939
1927,146146812,47.26930954,-122.48500728,Tacoma,Pierce,,,,,,,,,,31.4008026123047,16.2443408966064,29.470422744751
1928,146147055,47.26881905,-122.48435342,Tacoma,Pierce,,,,,,,,,,31.5557098388672,16.49294090271,29.5716304779053
1929,146151610,47.25563389,-122.44746888,Tacoma,Pierce,,,,,,,,,,32.1668548583984,17.9159297943115,29.214879989624
1930,146157092,47.25586567,-122.44648221,Tacoma,Pierce,,,,,,,,,,31.8777809143066,18.2340393066406,29.3243732452393
1931,146254839,49.3381416667,-123.4151383333,,Greater Vancouver,,,,,,,,,,,,
1932,146254876,49.3381583333,-123.41452,,Greater Vancouver,,,,,,,,,,,,
1933,146299340,47.24276721,-122.4931141,Tacoma,Pierce,,,,,,,,,,31.5036525726318,15.0906496047974,29.2569694519043
1934,146299425,47.24273799,-122.49308933,Tacoma,Pierce,,,,,,,,,,31.5036525726318,15.0906496047974,29.2569694519043
1935,146299652,47.24250188,-122.49304336,Tacoma,Pierce,,,,,,,,,,31.5101737976074,15.1680297851562,29.3132972717285
1936,146299967,47.2424421,-122.4929338,Tacoma,Pierce,,,,,,,,,,31.4691467285156,15.1547298431396,29.2441730499268
1937,146300065,47.24236412,-122.49226009,Tacoma,Pierce,,,,,,,,,,31.3071365356445,15.1031265258789,29.1187572479248
1938,146301110,47.24006089,-122.49339849,Tacoma,Pierce,,,,,,,,,,31.300235748291,14.7622871398926,29.8816871643066
1939,146301454,47.24115744,-122.49324225,Tacoma,Pierce,,,,,,,,,,31.2102966308594,15.065899848938,29.7772464752197
1940,146301552,47.24184849,-122.49320872,Tacoma,Pierce,,,,,,,,,,31.3339233398438,15.3986101150513,29.48215675354
1941,146301617,47.24178893,-122.49314752,Tacoma,Pierce,,,,,,,,,,31.3071670532227,15.351806640625,29.5126037597656
1942,146301888,47.24215983,-122.49371243,Tacoma,Pierce,,,,,,,,,,31.4764671325684,15.2402563095093,29.518669128418
1943,146301970,47.24232827,-122.49395736,Tacoma,Pierce,,,,,,,,,,31.4489192962646,15.2048664093018,29.8014793395996
1944,146302029,47.24239989,-122.49391603,Tacoma,Pierce,,,,,,,,,,31.4886302947998,15.2370634078979,29.6303997039795
1945,146353078,47.24436555,-122.52654023,Tacoma,Pierce,,,,,,,,,,31.6391067504883,16.8736362457275,29.2726268768311
1946,146353319,47.24441551,-122.52644359,Tacoma,Pierce,,,,,,,,,,31.6547241210938,16.8819541931152,29.3500003814697
1947,146353544,47.24450649,-122.52651345,Tacoma,Pierce,,,,,,,,,,31.6226825714111,16.8086204528809,29.3774032592773
1948,146353822,47.24490547,-122.52663145,Tacoma,Pierce,,,,,,,,,,31.6538696289062,16.7774963378906,29.4571342468262
1949,146354059,47.24499574,-122.52666979,Tacoma,Pierce,,,,,,,,,,31.6705932617188,16.7484836578369,29.4812107086182
1950,146354196,47.24502816,-122.52663009,Tacoma,Pierce,,,,,,,,,,31.6404628753662,16.7453594207764,29.5642032623291
1951,146354526,47.24500041,-122.52674409,Tacoma,Pierce,,,,,,,,,,31.5940074920654,16.8131999969482,29.4907703399658
1952,146354864,47.24581016,-122.52618979,Tacoma,Pierce,,,,,,,,,,31.9916706085205,16.7011299133301,29.573917388916
1953,146355514,47.24943021,-122.52599789,Tacoma,Pierce,,,,,,,,,,31.9298973083496,16.8461894989014,29.1721935272217
1954,146356257,47.24976726,-122.51662535,Tacoma,Pierce,,,,,,,,,,32.0176582336426,16.4804267883301,28.2819328308105
1955,146356562,47.24977444,-122.51655703,Tacoma,Pierce,,,,,,,,,,32.0264549255371,16.4620895385742,28.3458366394043
1956,146356725,47.24982222,-122.5165631,Tacoma,Pierce,,,,,,,,,,32.0264549255371,16.4620895385742,28.3458366394043
1957,146356826,47.24973127,-122.51636896,Tacoma,Pierce,,,,,,,,,,31.9778823852539,16.4663333892822,28.4771938323975
1958,146360770,47.24495835,-122.48567333,Tacoma,Pierce,,,,,,,,,,31.878210067749,16.4069004058838,29.0812606811523
1959,146471517,47.2518283333,-122.40998,Tacoma,Pierce,,,,,,,,,,31.832010269165,18.3853874206543,29.9574871063232
1960,146471700,47.2406383333,-122.4793783333,Tacoma,Pierce,,,,,,,,,,32.6210327148438,17.2317199707031,28.0010166168213
1961,146474342,49.3773775595,-123.3251429537,,Greater Vancouver,,,,,,,,,,,,
1962,146477318,49.3778241473,-123.3237163537,,Greater Vancouver,,,,,,,,,,,,
1963,146489443,47.2475075,-122.55190191,Tacoma,Pierce,,,,,,,,,,29.1138324737549,16.1123294830322,26.9486675262451
1964,146489870,47.2463542,-122.5523494,Tacoma,Pierce,,,,,,,,,,29.6628894805908,16.1870193481445,28.232250213623
1965,146490095,47.24754101,-122.55203145,Tacoma,Pierce,,,,,,,,,,28.8128528594971,16.1028232574463,26.3894996643066
1966,146491471,47.24939379,-122.54885249,Tacoma,Pierce,,,,,,,,,,29.4022197723389,15.2268733978271,27.4608268737793
1967,146491734,47.2485998,-122.5490474,Tacoma,Pierce,,,,,,,,,,29.7306537628174,15.5350637435913,27.8807640075684
1968,146492795,47.24835069,-122.54988742,Tacoma,Pierce,,,,,,,,,,29.7498264312744,15.9040498733521,27.605920791626
1969,146515132,45.3956383333,-122.7695783333,,Washington,,,,,,,,,,,,
1970,146560499,47.25042093,-122.50692647,Tacoma,Pierce,,,,,,,,,,31.2279300689697,16.0268859863281,29.4187068939209
1971,146560743,47.25044739,-122.50692544,Tacoma,Pierce,,,,,,,,,,31.2279300689697,16.0268859863281,29.4187068939209
1972,146563983,47.24100169,-122.49506346,Tacoma,Pierce,,,,,,,,,,31.4107799530029,15.9596700668335,29.0992870330811
1973,146564167,47.24109656,-122.49509646,Tacoma,Pierce,,,,,,,,,,31.3779392242432,15.8461666107178,29.2416458129883
1974,146564373,47.24111169,-122.49513213,Tacoma,Pierce,,,,,,,,,,31.3884334564209,15.8561363220215,29.3387928009033
1975,146564859,47.24111162,-122.49522777,Tacoma,Pierce,,,,,,,,,,31.3884334564209,15.8561363220215,29.3387928009033
1976,146565163,47.2408724,-122.49487141,Tacoma,Pierce,,,,,,,,,,31.3990039825439,16.0784931182861,29.0737361907959
1977,146565825,47.24051276,-122.49394157,Tacoma,Pierce,,,,,,,,,,31.185676574707,15.4949731826782,29.9511032104492
1978,146569633,47.23568791,-122.4687753,Tacoma,Pierce,,,,,,,,,,31.6987628936768,17.0702304840088,27.7799835205078
1979,146729920,46.76291613,-121.8069233,,Pierce,,,,,,,,,,,,
1980,146778811,47.1581573489,-122.2727152469,"Puyallup, WA",Pierce,,,,82.6999969482422,58.0999984741211,79.5,,,,,,
1981,146782370,47.25849728,-122.50531187,Tacoma,Pierce,,,,,,,,,,32.3080101013184,16.8681564331055,29.6135368347168
1982,146782680,47.2840229872,-122.501914139,,Pierce,,,,,,,,,,31.0587139129639,15.7422895431519,27.8574028015137
1983,146783202,47.25645254,-122.50558942,Tacoma,Pierce,,,,,,,,,,31.7043972015381,16.9117603302002,29.8599605560303
1984,146784815,47.24984186,-122.49502657,Tacoma,Pierce,,,,,,,,,,32.0592193603516,15.9991369247437,29.8107795715332
1985,146785182,47.24909895,-122.49323343,Tacoma,Pierce,,,,,,,,,,31.3454742431641,16.1439609527588,28.6468391418457
1986,146785383,47.24913224,-122.49167549,Tacoma,Pierce,,,,,,,,,,30.809455871582,16.0745468139648,28.8019065856934
1987,146785571,47.24908809,-122.4916243,Tacoma,Pierce,,,,,,,,,,30.809455871582,16.0745468139648,28.8019065856934
1988,146785647,47.24911478,-122.49134112,Tacoma,Pierce,,,,,,,,,,30.768726348877,16.1016407012939,28.9009971618652
1989,146786460,47.24738772,-122.48256573,Tacoma,Pierce,,,,,,,,,,31.8127193450928,16.6115093231201,29.3057098388672
1990,146787527,47.24519901,-122.47508829,Tacoma,Pierce,,,,,,,,,,32.1742401123047,17.0647830963135,28.7676258087158
1991,146787642,47.24521983,-122.47453105,Tacoma,Pierce,,,,,,,,,,32.1959419250488,16.9722137451172,28.7007427215576
1992,146984661,47.26817396,-122.46577925,Tacoma,Pierce,,,,,,,,,,30.8324337005615,15.9851236343384,28.1533298492432
1993,146984766,47.26812539,-122.46566375,Tacoma,Pierce,,,,,,,,,,30.8843669891357,16.0806865692139,28.1863498687744
1994,147138094,47.15313413,-122.17395333,,Pierce,,,,,,,,,,,,
1995,147138318,47.15225946,-122.17418854,,Pierce,,,,,,,,,,,,
1996,147138462,47.15253666,-122.17435886,,Pierce,,,,,,,,,,,,
1997,147142637,47.26665989,-122.51256358,Tacoma,Pierce,,,,,,,,,,31.3159770965576,16.3684673309326,29.2558403015137
1998,147143210,47.26396365,-122.5126116,Tacoma,Pierce,,,,,,,,,,31.7377471923828,16.3612499237061,29.2342529296875
1999,147146231,47.26274747,-122.48609155,Tacoma,Pierce,,,,,,,,,,31.6069869995117,16.2179470062256,29.7358798980713
2000,147146636,47.26292188,-122.48486599,Tacoma,Pierce,,,,,,,,,,31.4946594238281,16.0553531646729,29.7110176086426
2001,147147753,47.26187509,-122.47450932,Tacoma,Pierce,,,,,,,,,,31.3234539031982,15.8634996414185,29.0179290771484
2002,147147924,47.26185455,-122.47408909,Tacoma,Pierce,,,,,,,,,,31.2099075317383,15.8240766525269,28.9779357910156
2003,147148151,47.26162312,-122.47400663,Tacoma,Pierce,,,,,,,,,,31.1220798492432,15.7785167694092,28.932975769043
2004,147156046,47.0259705278,-122.0306225833,,Pierce,,,,,,,,,,,,
2005,147158189,47.0276426667,-122.0314133611,,Pierce,,,,,,,,,,,,
2006,147158320,47.01716934,-122.02568737,,Pierce,,,,,,,,,,,,
2007,147158358,47.00726782,-121.99962942,,Pierce,,,,,,,,,,,,
2008,147159512,47.01219049,-122.0091135,,Pierce,,,,,,,,,,,,
2009,147160997,47.00836804,-122.00134539,,Pierce,,,,,,,,,,,,
2010,147166208,47.0410891667,-122.0396341389,,Pierce,,,,,,,,,,,,
2011,147166336,47.0404846944,-122.0389566389,,Pierce,,,,,,,,,,,,
2012,147209604,47.03106461,-122.78681937,,Thurston,,,,,,,,,,,,
2013,147278029,47.26696778,-122.45897193,Tacoma,Pierce,,,,,,,,,,29.6517372131348,15.9247770309448,29.1967334747314
2014,147279520,47.26879006,-122.4717567,Tacoma,Pierce,,,,,,,,,,30.8489627838135,15.7536869049072,28.8700923919678
2015,147289110,47.27416656,-122.50901039,Tacoma,Pierce,,,,,,,,,,31.5460300445557,16.0588874816895,29.3617401123047
2016,147289884,47.27483439,-122.50376679,Tacoma,Pierce,,,,,,,,,,31.2812938690186,16.1492862701416,29.2158603668213
2017,147418048,47.2655475,-122.5105184,Tacoma,Pierce,,,,,,,,,,31.7590160369873,16.6634864807129,29.1807098388672
2018,147419694,47.2540620125,-122.5002487587,Tacoma,Pierce,,,,,,,,,,31.4824657440186,16.2528858184814,29.1522731781006
2019,147424471,47.237828081,-122.4603951406,Tacoma,Pierce,,,,,,,,,,31.6002902984619,16.6884765625,27.6983642578125
2020,147568018,47.01294059,-122.80887732,,Thurston,,,,,,,,,,,,
2021,147654474,46.79864292,-122.29847192,,Pierce,,,,,,,,,,,,
2022,147862163,47.604604047,-122.1597001938,Bellevue City Limits,King,89.9126205444336,56.1958389282227,81.5394439697266,,,,,,,,,
2023,147862808,47.6045211011,-122.1598343249,Bellevue City Limits,King,89.9205474853516,56.0295181274414,81.4305953979492,,,,,,,,,
2024,147864714,47.6044447586,-122.159878466,Bellevue City Limits,King,89.923225402832,56.007007598877,81.4392013549805,,,,,,,,,
2025,147864736,47.6039187154,-122.1596440718,Bellevue City Limits,King,89.9980621337891,55.8521194458008,81.4355316162109,,,,,,,,,
2026,148125974,47.2127686895,-122.4178692886,Tacoma,Pierce,,,,,,,,,,32.7645950317383,15.7856502532959,29.4530868530273
2027,148126319,47.2129597533,-122.4182454015,Tacoma,Pierce,,,,,,,,,,32.7532768249512,15.7981929779053,29.4920063018799
2028,148128768,47.2278325904,-122.4196747059,Tacoma,Pierce,,,,,,,,,,32.703971862793,16.7810363769531,29.0166530609131
2029,148369369,48.1378166667,-123.1296445,,Clallam,,,,,,,,,,,,
2030,148561196,47.07960926,-122.1996649,,Pierce,,,,,,,,,,,,
2031,148699115,49.3597195,-123.1128909,,Greater Vancouver,,,,,,,,,,,,
2032,148699465,49.360049,-123.115139,,Greater Vancouver,,,,,,,,,,,,
2034,148700220,49.3541217,-123.1116721,,Greater Vancouver,,,,,,,,,,,,
2035,148704941,49.3391227997,-123.4216810383,,Greater Vancouver,,,,,,,,,,,,
2036,149657563,46.0695403994,-123.7880977616,,Clatsop,,,,,,,,,,,,
2037,149664986,46.1988388066,-123.943942152,,Clatsop,,,,,,,,,,,,
2038,149672350,46.1820141452,-123.8167464361,,Clatsop,,,,,,,,,,,,
2039,149742565,46.3769553526,-123.7938065082,,Pacific,,,,,,,,,,,,
2040,150003326,47.2509703275,-122.4959557441,Tacoma,Pierce,,,,,,,,,,31.7061634063721,15.9621295928955,29.7544803619385
2041,150004072,47.2507950079,-122.4878193565,Tacoma,Pierce,,,,,,,,,,30.90452003479,16.0885696411133,29.4225692749023
2042,150004319,47.250820446,-122.4877605697,Tacoma,Pierce,,,,,,,,,,30.848669052124,16.0909557342529,29.391170501709
2043,150006241,47.2463285494,-122.4747680009,Tacoma,Pierce,,,,,,,,,,31.6137027740479,17.1557426452637,28.9732799530029
2044,150110576,45.5267666667,-122.7990305556,,Washington,,,,,,,,,,,,
2045,150110831,45.5300361111,-122.7860055556,,Washington,,,,,,,,,,,,
2046,150148863,47.1919637186,-122.42575428,Tacoma,Pierce,,,,,,,,,,31.6640338897705,16.2508392333984,27.8720970153809
2047,150150893,47.1927671738,-122.4391798591,Tacoma,Pierce,,,,,,,,,,32.0493621826172,16.8822803497314,28.7444591522217
2048,150152339,47.2026922578,-122.4396832828,Tacoma,Pierce,,,,,,,,,,31.6413803100586,16.8627433776855,27.5734233856201
2049,150152828,47.2045732111,-122.4398756151,Tacoma,Pierce,,,,,,,,,,31.8356266021729,16.8207664489746,27.2148303985596
2050,150153819,47.2086908338,-122.4397098387,Tacoma,Pierce,,,,,,,,,,31.6915340423584,16.7147464752197,30.002103805542
2051,150155424,47.2199298034,-122.440735306,Tacoma,Pierce,,,,,,,,,,31.3864231109619,16.7229766845703,29.0137367248535
2052,150155514,47.2199963691,-122.4407818133,Tacoma,Pierce,,,,,,,,,,31.4339599609375,16.7440605163574,29.0130290985107
2053,150156263,47.2229795211,-122.4415473335,Tacoma,Pierce,,,,,,,,,,31.863639831543,17.0018005371094,29.3677558898926
2054,150436086,47.1982042037,-122.4402902419,Tacoma,Pierce,,,,,,,,,,31.6343841552734,16.8369426727295,27.4512138366699
2055,150437127,47.2018011547,-122.4382798733,Tacoma,Pierce,,,,,,,,,,31.6345863342285,17.0187301635742,27.8461742401123
2056,150437810,47.2050550887,-122.4384048674,Tacoma,Pierce,,,,,,,,,,31.6322326660156,16.7642631530762,27.6531925201416
2057,150439099,47.2112361111,-122.4379444444,Tacoma,Pierce,,,,,,,,,,31.6819705963135,16.8600559234619,29.4902572631836
2058,150439305,47.2146928891,-122.4389035694,Tacoma,Pierce,,,,,,,,,,31.7791309356689,16.7772369384766,29.5555801391602
2059,150440108,47.2200391518,-122.4392470279,Tacoma,Pierce,,,,,,,,,,31.5192337036133,16.7667140960693,29.2932395935059
2060,150499409,49.485557,-123.866326,,Sunshine Coast,,,,,,,,,,,,
2061,150524036,47.2634081869,-122.4838421961,Tacoma,Pierce,,,,,,,,,,31.4834442138672,15.8878803253174,29.1753330230713
2062,150525110,47.2635754478,-122.484898735,Tacoma,Pierce,,,,,,,,,,31.5168724060059,16.0861473083496,29.5693340301514
2063,150525544,47.2561144224,-122.4898904097,Tacoma,Pierce,,,,,,,,,,32.1318168640137,16.5447330474854,29.547290802002
2064,150525575,47.2635935108,-122.4878145476,Tacoma,Pierce,,,,,,,,,,31.6739025115967,16.1338272094727,29.7467365264893
2065,150525983,47.2645389782,-122.4921219467,Tacoma,Pierce,,,,,,,,,,31.9506130218506,16.0691833496094,29.2615032196045
2066,150526009,47.2570901178,-122.494440023,Tacoma,Pierce,,,,,,,,,,31.8544273376465,16.3684406280518,29.4757099151611
2067,150526103,47.2642328245,-122.4944127908,Tacoma,Pierce,,,,,,,,,,32.0338287353516,16.2139167785645,29.4153823852539
2068,150526111,47.2737192929,-122.4768027296,Tacoma,Pierce,,,,,,,,,,30.447660446167,15.9611263275146,28.7812232971191
2069,150526159,47.2660006439,-122.480872023,Tacoma,Pierce,,,,,,,,,,31.4855098724365,16.3622264862061,29.7197132110596
2070,150526336,47.2635666252,-122.4944684222,Tacoma,Pierce,,,,,,,,,,31.9688835144043,16.2916126251221,29.5261497497559
2071,150526497,47.2637098935,-122.4737957307,Tacoma,Pierce,,,,,,,,,,31.2982997894287,16.1578559875488,29.6772842407227
2072,150526666,47.2574830149,-122.4931357984,Tacoma,Pierce,,,,,,,,,,31.6964168548584,16.2465991973877,29.4846305847168
2073,150526690,47.2631723201,-122.4743475952,Tacoma,Pierce,,,,,,,,,,31.3156261444092,16.0555400848389,29.5949459075928
2074,150526745,47.2676190819,-122.4729637854,Tacoma,Pierce,,,,,,,,,,30.921703338623,16.2469806671143,28.2180004119873
2075,150526748,47.2667003301,-122.4751744555,Tacoma,Pierce,,,,,,,,,,31.0924034118652,16.3498268127441,28.4090538024902
2076,150526984,47.2626092646,-122.4737888283,Tacoma,Pierce,,,,,,,,,,31.304479598999,15.9732971191406,29.1502304077148
2077,150527044,47.2634027636,-122.4914750706,Tacoma,Pierce,,,,,,,,,,31.7851734161377,16.1287860870361,29.5484924316406
2078,150527098,47.271061237,-122.4838077034,Tacoma,Pierce,,,,,,,,,,31.281665802002,16.5518531799316,29.9305324554443
2079,150527192,47.2692685902,-122.4798488011,Tacoma,Pierce,,,,,,,,,,31.0040607452393,16.4322528839111,29.1992702484131
2080,150527212,47.2679801803,-122.471641231,Tacoma,Pierce,,,,,,,,,,30.8516464233398,16.0317440032959,28.1870727539062
2081,150527243,47.2713788052,-122.4827552874,Tacoma,Pierce,,,,,,,,,,31.3551502227783,16.3146266937256,28.8124294281006
2082,150527277,47.263038084,-122.4728680217,Tacoma,Pierce,,,,,,,,,,31.4794769287109,16.0269374847412,29.5175266265869
2083,150527328,47.266683016,-122.4740177746,Tacoma,Pierce,,,,,,,,,,30.9415969848633,16.2357063293457,28.427116394043
2084,150527397,47.2570735217,-122.4845637941,Tacoma,Pierce,,,,,,,,,,31.5467834472656,16.2855396270752,29.831506729126
2085,150527442,47.2715580108,-122.4825008087,Tacoma,Pierce,,,,,,,,,,31.3027458190918,16.3130531311035,28.4149208068848
2086,150527493,47.2631910956,-122.4716953934,Tacoma,Pierce,,,,,,,,,,31.3930740356445,16.0287799835205,29.4244899749756
2087,150527578,47.2659341653,-122.4946872193,Tacoma,Pierce,,,,,,,,,,32.3271827697754,16.1723194122314,29.2445697784424
2088,150527616,47.2635523975,-122.470701635,Tacoma,Pierce,,,,,,,,,,31.289722442627,16.082067489624,29.5038604736328
2089,150527652,47.2689300104,-122.4705961796,Tacoma,Pierce,,,,,,,,,,30.6814765930176,15.8848495483398,28.9498405456543
2090,150527654,47.2627688152,-122.4861369189,Tacoma,Pierce,,,,,,,,,,31.6069869995117,16.2179470062256,29.7358798980713
2091,150527747,47.2692216868,-122.4707713148,Tacoma,Pierce,,,,,,,,,,30.6770057678223,15.7745866775513,29.226016998291
2092,150527763,47.2639180161,-122.4698303362,Tacoma,Pierce,,,,,,,,,,31.2045631408691,16.0915908813477,29.45751953125
2093,150527766,47.25818691,-122.48600389,Tacoma,Pierce,,,,,,,,,,31.6447601318359,16.3487663269043,29.4343967437744
2094,150527905,47.26390752,-122.4694029749,Tacoma,Pierce,,,,,,,,,,31.1895027160645,16.1360969543457,29.4487400054932
2095,150527913,47.2691404011,-122.4706683381,Tacoma,Pierce,,,,,,,,,,30.7094860076904,15.8080463409424,29.217435836792
2096,150527959,47.2616988654,-122.4855935947,Tacoma,Pierce,,,,,,,,,,31.4205265045166,16.1725101470947,29.3559837341309
2097,150528022,47.2655566007,-122.4881920538,Tacoma,Pierce,,,,,,,,,,31.6974029541016,16.1942291259766,29.1083793640137
2098,150528030,47.264935598,-122.4692964038,Tacoma,Pierce,,,,,,,,,,31.2101039886475,16.1888408660889,29.3711700439453
2099,150528183,47.2691832499,-122.4728448181,Tacoma,Pierce,,,,,,,,,,30.7781562805176,15.964973449707,29.0316791534424
2100,150528223,47.2618457111,-122.4914840956,Tacoma,Pierce,,,,,,,,,,31.953577041626,16.1769104003906,29.5920734405518
2101,150528442,47.2615184868,-122.4931067975,Tacoma,Pierce,,,,,,,,,,31.6034927368164,16.2144908905029,29.7319869995117
2102,150528452,47.2643437749,-122.4675025978,Tacoma,Pierce,,,,,,,,,,31.0340995788574,16.0652828216553,29.030179977417
2103,150528471,47.2691083279,-122.4727261748,Tacoma,Pierce,,,,,,,,,,30.8028030395508,15.8522701263428,29.0191268920898
2104,150528476,47.2737265785,-122.4767814656,Tacoma,Pierce,,,,,,,,,,30.447660446167,15.9611263275146,28.7812232971191
2105,150528757,47.2729762579,-122.4745507956,Tacoma,Pierce,,,,,,,,,,30.4095840454102,15.8351669311523,28.2787342071533
2106,150528849,47.2610654613,-122.4916337019,Tacoma,Pierce,,,,,,,,,,31.9035568237305,16.1826839447021,29.3764934539795
2107,150528913,47.2631608788,-122.4644222484,Tacoma,Pierce,,,,,,,,,,31.072790145874,16.0929908752441,28.9768009185791
2108,150528960,47.2658599157,-122.4716968809,Tacoma,Pierce,,,,,,,,,,31.0517196655273,16.1821098327637,29.1276798248291
2109,150529084,47.2608474736,-122.4860667532,Tacoma,Pierce,,,,,,,,,,31.4280128479004,16.2117500305176,29.2671127319336
2110,150529093,47.2608267386,-122.4855280913,Tacoma,Pierce,,,,,,,,,,31.335412979126,16.1844425201416,29.3032073974609
2111,150529103,47.2687654107,-122.4717271499,Tacoma,Pierce,,,,,,,,,,30.8573169708252,15.757266998291,28.821475982666
2112,150529104,47.2630320909,-122.4637200964,Tacoma,Pierce,,,,,,,,,,31.1360626220703,16.1536407470703,29.1579341888428
2113,150529316,47.2629124392,-122.4632020948,Tacoma,Pierce,,,,,,,,,,31.311206817627,16.2811832427979,29.17063331604
2114,150529367,47.2689186892,-122.4729917663,Tacoma,Pierce,,,,,,,,,,30.8101997375488,16.0454730987549,28.7700099945068
2115,150529414,47.2627679771,-122.463420611,Tacoma,Pierce,,,,,,,,,,31.1760005950928,16.3721904754639,29.046516418457
2116,150529518,47.2690085555,-122.4704713841,Tacoma,Pierce,,,,,,,,,,30.6764526367188,15.8503370285034,29.0510807037354
2117,150529565,47.2626735969,-122.4635051844,Tacoma,Pierce,,,,,,,,,,31.1769771575928,16.4414157867432,29.0682258605957
2118,150529676,47.269249275,-122.4707748166,Tacoma,Pierce,,,,,,,,,,30.6586971282959,15.7927131652832,29.2927265167236
2119,150530302,47.2681054177,-122.4657547556,Tacoma,Pierce,,,,,,,,,,30.8843669891357,16.0806865692139,28.1863498687744
2120,150530402,47.25903289,-122.48748874,Tacoma,Pierce,,,,,,,,,,31.7878036499023,16.2296104431152,29.2198429107666
2121,150530474,47.261845381,-122.4740677235,Tacoma,Pierce,,,,,,,,,,31.2099075317383,15.8240766525269,28.9779357910156
2122,150530687,47.2618514579,-122.4747065083,Tacoma,Pierce,,,,,,,,,,31.3122634887695,15.9434795379639,29.0335063934326
2123,150531386,47.2604,-122.4562,Tacoma,Pierce,,,,,,,,,,31.4038600921631,17.4631328582764,30.1070499420166
2124,150531446,47.257125,-122.46788,Tacoma,Pierce,,,,,,,,,,30.8961906433105,16.4770736694336,30.1414165496826
2125,150531581,47.2601966667,-122.4566333333,Tacoma,Pierce,,,,,,,,,,31.3890800476074,17.3951625823975,30.026065826416
2126,150533949,47.259845,-122.4586633333,Tacoma,Pierce,,,,,,,,,,31.4145641326904,17.2232303619385,29.2717208862305
2127,150534212,47.26088,-122.4583133333,Tacoma,Pierce,,,,,,,,,,31.4694957733154,17.2340698242188,29.3992137908936
2128,150534458,47.2626,-122.4631283333,Tacoma,Pierce,,,,,,,,,,31.2225704193115,16.5359535217285,29.0217475891113
2129,150534804,47.2619033333,-122.4655916667,Tacoma,Pierce,,,,,,,,,,31.0037059783936,16.0309791564941,28.9257965087891
2130,150534907,47.2598716667,-122.46765,Tacoma,Pierce,,,,,,,,,,30.2663669586182,16.0812740325928,28.7121601104736
2131,150535234,47.2588616667,-122.4661716667,Tacoma,Pierce,,,,,,,,,,30.2889175415039,16.4507694244385,29.0071659088135
2132,150678701,47.1914381091,-122.4247279179,Tacoma,Pierce,,,,,,,,,,31.5055141448975,16.3074626922607,27.7945175170898
2133,150683223,47.2069020884,-122.4365959727,Tacoma,Pierce,,,,,,,,,,31.7251930236816,17.2020225524902,28.8170070648193
2134,150685745,47.2257843537,-122.4375042169,Tacoma,Pierce,,,,,,,,,,31.7318267822266,16.7217330932617,29.0681667327881
2135,150857222,47.0557772687,-122.964839885,,Thurston,,,,,,,,,,,,
2136,150858089,47.0557772687,-122.964839885,,Thurston,,,,,,,,,,,,
2137,150858920,47.0557772687,-122.964839885,,Thurston,,,,,,,,,,,,
2138,150876742,47.2640041728,-122.4816268288,Tacoma,Pierce,,,,,,,,,,31.4004192352295,16.2513599395752,29.3044357299805
2139,151147793,47.1952672927,-122.4244641355,Tacoma,Pierce,,,,,,,,,,32.2329368591309,16.3403434753418,29.2667560577393
2140,151147953,47.1952875116,-122.4243615297,Tacoma,Pierce,,,,,,,,,,32.2177658081055,16.3565940856934,29.2508926391602
2141,151151105,47.2116568845,-122.4302083452,Tacoma,Pierce,,,,,,,,,,31.9808559417725,16.5837535858154,28.7420101165771
2142,151406132,45.51828552,-122.71640683,Portland,Multnomah,,,,,,,27.6214179992676,15.7031126022339,27.4601898193359,,,
2143,151417214,47.1976499801,-122.441716756,Tacoma,Pierce,,,,,,,,,,31.6795806884766,16.8240127563477,28.0397891998291
2144,151417357,47.1976167839,-122.4416910781,Tacoma,Pierce,,,,,,,,,,31.6795806884766,16.8240127563477,28.0397891998291
2145,151418507,47.201888764,-122.4413360295,Tacoma,Pierce,,,,,,,,,,31.596622467041,17.0849609375,27.7053966522217
2146,151419198,47.2053527525,-122.4423051652,Tacoma,Pierce,,,,,,,,,,31.8218307495117,16.6929206848145,30.7989139556885
2147,151644155,47.1924501848,-122.4154871653,Tacoma,Pierce,,,,,,,,,,32.6965827941895,16.5688362121582,29.6739330291748
2148,151644600,47.1923825946,-122.4154397172,Tacoma,Pierce,,,,,,,,,,32.7816581726074,16.5799160003662,29.6885070800781
2149,151644904,47.1923039588,-122.4150513045,Tacoma,Pierce,,,,,,,,,,32.6174087524414,16.4892139434814,29.726053237915
2150,151645080,47.192297292,-122.4150218174,Tacoma,Pierce,,,,,,,,,,32.7802581787109,16.4973430633545,29.7498226165771
2151,151647329,47.2004466434,-122.413561595,Tacoma,Pierce,,,,,,,,,,32.4883651733398,15.3741102218628,29.8342571258545
2152,151647796,47.1999414,-122.4107472,Tacoma,Pierce,,,,,,,,,,32.0448913574219,16.5243663787842,28.9432201385498
2153,151650727,47.2117530945,-122.4178455896,Tacoma,Pierce,,,,,,,,,,32.8061294555664,15.8159170150757,29.4245166778564
2154,151652276,47.2154750037,-122.4220256968,Tacoma,Pierce,,,,,,,,,,31.98876953125,16.476936340332,29.2263164520264
2155,151960783,47.2048034909,-122.4327424308,Tacoma,Pierce,,,,,,,,,,31.7621669769287,16.956470489502,27.5001468658447
2156,151961576,47.2076647,-122.4327831,Tacoma,Pierce,,,,,,,,,,32.0956268310547,17.0576038360596,28.0287494659424
2157,151976820,47.612112578,-121.9908315693,,King,90.6467590332031,54.9396781921387,80.2500076293945,,,,,,,,,
2158,152285812,47.195743694,-122.4308933745,Tacoma,Pierce,,,,,,,,,,31.7669105529785,16.195463180542,28.976993560791
2159,152287763,47.1958567499,-122.4426497028,Tacoma,Pierce,,,,,,,,,,31.6297760009766,16.6656436920166,28.4346675872803
2160,152288065,47.1961439117,-122.442559254,Tacoma,Pierce,,,,,,,,,,31.7198696136475,16.6969871520996,28.4095058441162
2161,152288775,47.196200295,-122.4424560071,Tacoma,Pierce,,,,,,,,,,31.7087860107422,16.7033290863037,28.3806457519531
2162,152290677,47.2047078042,-122.4425593788,Tacoma,Pierce,,,,,,,,,,32.2022171020508,16.7389297485352,29.9477672576904
2163,152293387,47.2195754468,-122.4427420521,Tacoma,Pierce,,,,,,,,,,31.5518970489502,16.7014942169189,28.7348175048828
2164,152402748,47.22797621,-122.443342373,Tacoma,Pierce,,,,,,,,,,31.9602661132812,16.8915328979492,28.9625873565674
2165,152403147,47.2277877987,-122.4433769784,Tacoma,Pierce,,,,,,,,,,31.9969329833984,16.8790130615234,29.0583229064941
2166,152403423,47.2276307928,-122.4439156448,Tacoma,Pierce,,,,,,,,,,32.0692672729492,16.8810997009277,29.1130027770996
2167,152403714,47.2275302785,-122.4439208395,Tacoma,Pierce,,,,,,,,,,32.0507583618164,16.8673057556152,29.2548007965088
2168,152404066,47.2266703083,-122.4437388709,Tacoma,Pierce,,,,,,,,,,31.9439659118652,16.8627166748047,29.427562713623
2169,152405067,47.2264655289,-122.4438509428,Tacoma,Pierce,,,,,,,,,,31.9454727172852,16.8628425598145,29.4784126281738
2170,152405443,47.2265395969,-122.4445017906,Tacoma,Pierce,,,,,,,,,,31.9771728515625,16.8831996917725,29.3445529937744
2171,152406095,47.226386014,-122.4437067096,Tacoma,Pierce,,,,,,,,,,31.9450340270996,16.8544960021973,29.4955196380615
2172,152406376,47.2261677589,-122.4436991168,Tacoma,Pierce,,,,,,,,,,31.8910961151123,16.871603012085,29.5732498168945
2173,152406861,47.2258178837,-122.4435150697,Tacoma,Pierce,,,,,,,,,,31.8001098632812,16.8535308837891,29.5289707183838
2174,152407252,47.2257418977,-122.4433284085,Tacoma,Pierce,,,,,,,,,,31.7667026519775,16.863733291626,29.3400096893311
2175,152407722,47.2255739,-122.444789,Tacoma,Pierce,,,,,,,,,,31.8190097808838,16.9076957702637,29.3682441711426
2176,152411151,47.2255271,-122.440608,Tacoma,Pierce,,,,,,,,,,31.8440227508545,17.0049667358398,29.1997528076172
2177,152411568,47.2255298335,-122.4410555718,Tacoma,Pierce,,,,,,,,,,31.7905673980713,17.0007591247559,29.243932723999
2178,152412356,47.2247793254,-122.4427215096,Tacoma,Pierce,,,,,,,,,,31.7837257385254,16.9093132019043,29.2269725799561
2179,152412648,47.2249552716,-122.4428915481,Tacoma,Pierce,,,,,,,,,,31.7479496002197,16.900806427002,29.173807144165
2180,152413430,47.2249976459,-122.4428965317,Tacoma,Pierce,,,,,,,,,,31.7479496002197,16.900806427002,29.173807144165
2181,152413739,47.2250054669,-122.4429975328,Tacoma,Pierce,,,,,,,,,,31.7686767578125,16.8964939117432,29.1654472351074
2182,152414140,47.224904817,-122.4430732722,Tacoma,Pierce,,,,,,,,,,31.7779026031494,16.9029674530029,29.2016792297363
2183,152414526,47.2253243231,-122.4432191928,Tacoma,Pierce,,,,,,,,,,31.7433624267578,16.8697490692139,29.2814025878906
2184,152467472,49.8254694444,-119.3660833333,,Central Okanagan,,,,,,,,,,,,
2185,152538331,47.1983077578,-122.4345891922,Tacoma,Pierce,,,,,,,,,,31.8856830596924,16.9806709289551,27.4096374511719
2186,152538987,47.2002686055,-122.4359941786,Tacoma,Pierce,,,,,,,,,,31.7510166168213,16.925350189209,27.4814167022705
2187,153220632,47.2310207396,-122.4217249417,Tacoma,Pierce,,,,,,,,,,32.8855972290039,17.0611228942871,29.4102230072021
2188,153221584,47.230396624,-122.4230501523,Tacoma,Pierce,,,,,,,,,,32.4465713500977,16.9337940216064,29.23854637146
2189,153222251,47.2304046,-122.4258016,Tacoma,Pierce,,,,,,,,,,31.7566432952881,16.7659931182861,29.6635704040527
2190,153222392,47.2301410777,-122.425454912,Tacoma,Pierce,,,,,,,,,,31.6584568023682,16.7356395721436,29.7292671203613
2191,153222758,47.2301707712,-122.425495647,Tacoma,Pierce,,,,,,,,,,31.734884262085,16.7243003845215,29.7161140441895
2192,153222992,47.2302291736,-122.4255379556,Tacoma,Pierce,,,,,,,,,,31.734884262085,16.7243003845215,29.7161140441895
2193,153223387,47.2304460897,-122.4255410656,Tacoma,Pierce,,,,,,,,,,31.7176303863525,16.752384185791,29.6805934906006
2194,153347785,47.6522286993,-122.1874104245,,King,89.1178436279297,58.5917549133301,84.8333435058594,,,,,,,,,
2195,153475795,47.1971639221,-122.4103522042,Tacoma,Pierce,,,,,,,,,,32.3822975158691,15.7631196975708,29.3274536132812
2196,153476456,47.1971949991,-122.4129599488,Tacoma,Pierce,,,,,,,,,,32.6202507019043,14.7951831817627,29.8604030609131
2197,153476761,47.1971452233,-122.4125838405,Tacoma,Pierce,,,,,,,,,,32.7060813903809,14.7066297531128,29.8340396881104
2198,153480242,47.2080019396,-122.4106934689,Tacoma,Pierce,,,,,,,,,,32.7279663085938,15.852689743042,29.0323028564453
2199,153484975,47.2249512682,-122.4162607667,Tacoma,Pierce,,,,,,,,,,33.2069091796875,16.5238342285156,28.7679862976074
2200,153485044,47.224949397,-122.4162990493,Tacoma,Pierce,,,,,,,,,,33.2014617919922,16.505443572998,28.8304767608643
2201,153485213,47.224973193,-122.4162890057,Tacoma,Pierce,,,,,,,,,,33.1820793151855,16.5246734619141,28.7841033935547
2202,153848029,47.2296285499,-122.4157026502,Tacoma,Pierce,,,,,,,,,,33.2946243286133,16.7820930480957,28.640604019165
2203,153848945,47.228857502,-122.4168827153,Tacoma,Pierce,,,,,,,,,,33.1650886535645,16.854419708252,28.5839500427246
2204,154029927,45.5923616667,-122.418595,,Clark,,,,,,,,,,,,
2205,154179313,47.2233159352,-122.418601495,Tacoma,Pierce,,,,,,,,,,33.2675552368164,16.4757404327393,29.4295291900635
2206,154180485,47.2236514478,-122.4152958516,Tacoma,Pierce,,,,,,,,,,33.2099418640137,16.3786773681641,28.810546875
2207,154183734,47.224465123,-122.4175616515,Tacoma,Pierce,,,,,,,,,,33.1764450073242,16.480525970459,29.0721302032471
2208,154191005,47.2281199093,-122.4257165816,Tacoma,Pierce,,,,,,,,,,31.7742004394531,16.6774139404297,29.3548374176025
2209,154191056,47.2285913105,-122.4255212205,Tacoma,Pierce,,,,,,,,,,31.8437633514404,16.6971530914307,29.4153499603271
2210,154191124,47.2285538494,-122.4256405992,Tacoma,Pierce,,,,,,,,,,31.901782989502,16.7086772918701,29.3446140289307
2211,154191682,47.2289674393,-122.4263357423,Tacoma,Pierce,,,,,,,,,,32.0086250305176,16.7765865325928,29.1385135650635
2212,154192143,47.2293161933,-122.4243246845,Tacoma,Pierce,,,,,,,,,,31.8402309417725,16.785270690918,29.3751525878906
2213,154193842,47.2319197739,-122.4241644847,Tacoma,Pierce,,,,,,,,,,32.9556655883789,16.6555671691895,29.4301204681396
2214,154329053,47.2364712412,-122.4183380502,Tacoma,Pierce,,,,,,,,,,33.1115417480469,16.6584606170654,28.3863334655762
2215,154330583,47.2343042577,-122.4188574457,Tacoma,Pierce,,,,,,,,,,32.0494003295898,16.7349891662598,28.6096668243408
2216,154332912,47.2325996382,-122.4160342377,Tacoma,Pierce,,,,,,,,,,32.3588371276855,16.930606842041,28.6010208129883
2217,154333542,47.2322586451,-122.4180959662,Tacoma,Pierce,,,,,,,,,,32.3294830322266,16.871467590332,29.0472469329834
2218,154333847,47.2320918,-122.4186977,Tacoma,Pierce,,,,,,,,,,32.3777542114258,16.8767337799072,28.9838104248047
2219,154334667,47.2334144,-122.4209225,Tacoma,Pierce,,,,,,,,,,32.1860466003418,16.5103397369385,29.1620674133301
2220,154334878,47.2332976168,-122.4210304348,Tacoma,Pierce,,,,,,,,,,32.187328338623,16.4621257781982,29.1301708221436
2221,154335034,47.2333201472,-122.4208297814,Tacoma,Pierce,,,,,,,,,,32.1590614318848,16.5163631439209,29.1081275939941
2222,154336268,47.2308486095,-122.4183627556,Tacoma,Pierce,,,,,,,,,,33.0094528198242,17.1626396179199,28.7317237854004
2223,154336890,47.2310919653,-122.4153227793,Tacoma,Pierce,,,,,,,,,,33.0168533325195,17.2916526794434,28.4813537597656
2224,154339533,47.2292104001,-122.4198953011,Tacoma,Pierce,,,,,,,,,,33.0300941467285,16.8640594482422,28.7777862548828
2225,154340004,47.2290795343,-122.4190076559,Tacoma,Pierce,,,,,,,,,,32.8445701599121,16.7023830413818,28.431640625
2226,154514582,47.2616886275,-122.4798422787,Tacoma,Pierce,,,,,,,,,,31.2752494812012,16.5568733215332,29.5905342102051
2227,154592828,47.1986964068,-122.408472871,Tacoma,Pierce,,,,,,,,,,32.7312164306641,16.7611675262451,27.9429931640625
2228,154593173,47.1987456953,-122.4084407917,Tacoma,Pierce,,,,,,,,,,32.7228584289551,16.7631130218506,27.9273529052734
2229,154596386,47.2058194119,-122.4077536479,Tacoma,Pierce,,,,,,,,,,32.8207969665527,16.8218803405762,27.7387008666992
2230,154603688,47.2299207971,-122.4090206404,Tacoma,Pierce,,,,,,,,,,32.977180480957,16.9105739593506,29.2655868530273
2231,154603898,47.2298571932,-122.4089373096,Tacoma,Pierce,,,,,,,,,,32.9677314758301,16.9953441619873,29.3491592407227
2232,155706492,49.8795456045,-119.421342127,,Central Okanagan,,,,,,,,,,,,
2233,155707461,49.8798908525,-119.4220106676,,Central Okanagan,,,,,,,,,,,,
2234,155707943,49.8798884759,-119.4222651422,,Central Okanagan,,,,,,,,,,,,
2235,155708243,49.8793200469,-119.4238369167,,Central Okanagan,,,,,,,,,,,,
2236,155708349,49.8799859141,-119.4193388522,,Central Okanagan,,,,,,,,,,,,
2237,155708628,49.8799115932,-119.4220646471,,Central Okanagan,,,,,,,,,,,,
2238,155708828,49.8793660659,-119.423612617,,Central Okanagan,,,,,,,,,,,,
2239,155708970,49.8793185346,-119.4245922938,,Central Okanagan,,,,,,,,,,,,
2240,155799182,46.9232966667,-122.2842716667,,Pierce,,,,,,,,,,,,
2241,156604423,47.0505618676,-122.7915538344,,Thurston,,,,,,,,,,,,
2242,156612299,47.0393214472,-122.8004817417,,Thurston,,,,,,,,,,,,
2243,156612709,47.0401003721,-122.8004182827,,Thurston,,,,,,,,,,,,
2244,156613244,47.0401583828,-122.800358983,,Thurston,,,,,,,,,,,,
2245,156613559,47.0404413788,-122.8004911615,,Thurston,,,,,,,,,,,,
2246,156614048,47.0404198018,-122.8003412251,,Thurston,,,,,,,,,,,,
2247,156614202,47.0404251144,-122.8002882939,,Thurston,,,,,,,,,,,,
2248,156614618,47.0404330307,-122.800234037,,Thurston,,,,,,,,,,,,
2249,156614882,47.0407592141,-122.8002448981,,Thurston,,,,,,,,,,,,
2250,156615064,47.0406829896,-122.8002926379,,Thurston,,,,,,,,,,,,
2251,156615140,47.0407752186,-122.8002520052,,Thurston,,,,,,,,,,,,
2252,156615343,47.0408329345,-122.8001961947,,Thurston,,,,,,,,,,,,
2253,156615617,47.0408407045,-122.8003297859,,Thurston,,,,,,,,,,,,
2254,156615823,47.0408351326,-122.8001975148,,Thurston,,,,,,,,,,,,
2255,156641329,47.044675798,-122.8127901604,,Thurston,,,,,,,,,,,,
2256,156642358,47.044684929,-122.8124554585,,Thurston,,,,,,,,,,,,
2257,156644655,47.0495072358,-122.8081161609,,Thurston,,,,,,,,,,,,
2259,157336221,49.1271198,-122.86654925,,Greater Vancouver,,,,,,,,,,,,
2260,157353174,49.49575285,-117.34466264,,Central Kootenay,,,,,,,,,,,,
2261,157644407,49.6260777778,-116.9917277778,,Central Kootenay,,,,,,,,,,,,
2262,157645181,49.6260833333,-116.9917277778,,Central Kootenay,,,,,,,,,,,,
2263,157882637,49.4368805556,-117.2569916667,,Central Kootenay,,,,,,,,,,,,
2264,158204829,47.3129385621,-122.1754709117,Auburn City Limits,King,89.587532043457,59.9492835998535,86.2987670898438,,,,,,,,,
2265,158214019,47.312636817,-122.1753933339,Auburn City Limits,King,89.5085983276367,59.9313087463379,85.9076232910156,,,,,,,,,
2266,158218811,47.3178209244,-122.1733146709,Auburn City Limits,King,88.7138366699219,59.1698951721191,84.8037643432617,,,,,,,,,
2267,158221117,47.3118906683,-122.175499505,Auburn City Limits,King,89.3097991943359,58.8053588867188,84.7525787353516,,,,,,,,,
2268,158223996,47.3115401667,-122.1758247266,,King,89.1967544555664,58.6903038024902,84.8359451293945,,,,,,,,,
2269,158228821,47.3114343915,-122.1761455374,Auburn City Limits,King,89.1743240356445,58.6280670166016,84.8195266723633,,,,,,,,,
2270,158233917,47.3152458812,-122.1747560807,Auburn City Limits,King,89.4582214355469,59.8717041015625,85.9032287597656,,,,,,,,,
2271,158237322,47.3113549431,-122.1771481211,Auburn City Limits,King,89.2619018554688,59.0557098388672,85.500846862793,,,,,,,,,
2272,158240520,47.311221009,-122.1774525646,Auburn City Limits,King,89.1763229370117,58.8923110961914,85.033576965332,,,,,,,,,
2273,158245774,47.3185921192,-122.1730096483,Auburn City Limits,King,88.3571243286133,59.1354446411133,84.9140090942383,,,,,,,,,
2274,158246924,47.3155045933,-122.1751265285,Auburn City Limits,King,89.9999237060547,59.7777481079102,86.2038421630859,,,,,,,,,
2275,158250305,47.3105044187,-122.1784730988,Auburn City Limits,King,89.0220642089844,58.0638313293457,83.9701690673828,,,,,,,,,
2276,158256035,47.3106631508,-122.1791468458,Auburn City Limits,King,88.9771728515625,58.5815353393555,84.3606643676758,,,,,,,,,
2277,158259385,47.3166588204,-122.1745831119,Auburn City Limits,King,88.9754943847656,58.9746513366699,85.2013244628906,,,,,,,,,
2278,158840885,47.6322216667,-122.3129583333,,King,89.4534606933594,60.2579307556152,85.9494323730469,,,,,,,,,
2279,158930709,47.3061767263,-122.1826363779,,King,89.0892944335938,56.5278015136719,81.4310150146484,,,,,,,,,
2280,158940753,47.306735,-122.184665,,King,89.109260559082,56.4627151489258,81.1885604858398,,,,,,,,,
2281,158945033,47.307024,-122.188369,,King,89.1492767333984,56.3259429931641,80.17431640625,,,,,,,,,
2282,158948236,47.306907,-122.188379,,King,89.1146087646484,56.3814964294434,80.2014007568359,,,,,,,,,
2283,158953549,47.30669,-122.188172,,King,89.0520324707031,56.7024383544922,80.3727874755859,,,,,,,,,
2284,158958228,47.309743,-122.185312,Auburn City Limits,King,89.5020141601562,56.8026084899902,83.4339599609375,,,,,,,,,
2285,158961092,47.310073,-122.185206,Auburn City Limits,King,89.3653564453125,57.2604484558105,83.7671279907227,,,,,,,,,
2286,158964173,47.310275,-122.185115,Auburn City Limits,King,89.2841110229492,57.5227203369141,84.0068588256836,,,,,,,,,
2287,158966549,47.310236,-122.185251,Auburn City Limits,King,89.2958145141602,57.5075950622559,84.029655456543,,,,,,,,,
2288,158972834,49.9094697349,-116.9226786867,,Central Kootenay,,,,,,,,,,,,
2289,158973889,49.9093147063,-116.9247939438,,Central Kootenay,,,,,,,,,,,,
2290,159322238,49.2559462997,-122.8348816997,,Greater Vancouver,,,,,,,,,,,,
2291,159467574,47.6493428261,-122.1894118312,,King,89.316032409668,57.5107650756836,83.9474334716797,,,,,,,,,
2292,159468049,47.6493769837,-122.1894145839,,King,89.3111877441406,57.5181694030762,83.9774398803711,,,,,,,,,
2293,159468687,47.6493088444,-122.1893227096,,King,89.2767791748047,57.4972991943359,83.9545669555664,,,,,,,,,
2294,159469256,47.6493734768,-122.1894883005,,King,89.3111877441406,57.5181694030762,83.9774398803711,,,,,,,,,
2295,160794304,47.2301883333,-122.4254833333,Tacoma,Pierce,,,,,,,,,,31.734884262085,16.7243003845215,29.7161140441895
2296,160794563,47.230275,-122.4256883333,Tacoma,Pierce,,,,,,,,,,31.7118968963623,16.724630355835,29.7026023864746
2297,160794677,47.230225,-122.4256533333,Tacoma,Pierce,,,,,,,,,,31.703104019165,16.723352432251,29.7048759460449
2298,160795203,47.2304166667,-122.4255,Tacoma,Pierce,,,,,,,,,,31.7176303863525,16.752384185791,29.6805934906006
2299,160795365,47.23035,-122.4257283333,Tacoma,Pierce,,,,,,,,,,31.7240695953369,16.7581596374512,29.6933193206787
2300,161291691,47.5306798319,-122.0194959576,Issaquah City Limits,King,89.8610687255859,56.7604713439941,83.8489608764648,,,,,,,,,
2301,161328841,47.3118677778,-122.1762404722,Auburn City Limits,King,89.332389831543,59.357982635498,85.7873611450195,,,,,,,,,
2302,161329638,47.311807,-122.17618,Auburn City Limits,King,89.2478485107422,59.1842498779297,85.3548889160156,,,,,,,,,
2303,161330225,47.31190611,-122.1764927,Auburn City Limits,King,89.4746322631836,59.4400405883789,85.8573989868164,,,,,,,,,
2304,161330843,47.31187927,-122.1762975,Auburn City Limits,King,89.332389831543,59.357982635498,85.7873611450195,,,,,,,,,
2305,161331379,47.31176,-122.176,Auburn City Limits,King,89.2397689819336,58.9815330505371,85.2975921630859,,,,,,,,,
2306,161331832,47.31169,-122.176,Auburn City Limits,King,89.2057800292969,58.8817291259766,85.1494979858398,,,,,,,,,
2307,161332165,47.31184,-122.176,Auburn City Limits,King,89.2397689819336,58.9815330505371,85.2975921630859,,,,,,,,,
2308,161332655,47.31213,-122.176,Auburn City Limits,King,89.466682434082,59.5505599975586,85.7753982543945,,,,,,,,,
2309,161457630,48.040545,-122.126728,,Snohomish,,,,,,,,,,,,
2310,164061864,45.2766719997,-121.9405727,,Clackamas,,,,,,,,,,,,
2311,164065210,45.2763401997,-121.9406175997,,Clackamas,,,,,,,,,,,,
2312,165330448,45.480626,-122.716516,Portland,Multnomah,,,,,,,30.5710563659668,14.7024936676025,27.09912109375,,,
2313,165657612,45.0512981997,-122.4901358,,Clackamas,,,,,,,,,,,,
2314,165658384,45.0513952,-122.4902668,,Clackamas,,,,,,,,,,,,
2315,165659040,45.0512991,-122.4902079,,Clackamas,,,,,,,,,,,,
2316,165987599,45.2991458997,-122.8016733997,,Clackamas,,,,,,,,,,,,
2317,165987664,47.678004586,-122.2660817856,,King,90.2158813476562,61.6032867431641,87.2894439697266,,,,,,,,,
2318,165988486,47.6766954595,-122.2665349975,,King,90.3265609741211,61.8358459472656,86.7333145141602,,,,,,,,,
2319,165989388,45.3895109179,-122.6576335024,,Clackamas,,,,,,,,,,,,
2320,166153462,47.2723883333,-122.4699166667,Tacoma,Pierce,,,,,,,,,,30.3575057983398,15.5155096054077,28.3630695343018
2321,166308069,47.6771800031,-122.2610166667,,King,89.1299667358398,61.1230583190918,86.8844680786133,,,,,,,,,
2322,166308590,47.6774950031,-122.2609783333,,King,89.09912109375,61.4163017272949,86.8808212280273,,,,,,,,,
2323,167914074,47.6758442405,-122.2526652355,,King,88.8909759521484,61.1903114318848,85.6456909179688,,,,,,,,,
2324,168603217,47.2978583333,-122.5196833333,Tacoma,Pierce,,,,,,,,,,30.5106906890869,15.7124462127686,28.6888427734375
2325,168603353,47.2974366667,-122.5197666667,Tacoma,Pierce,,,,,,,,,,29.9037570953369,15.7647733688354,28.7625770568848
2326,168603435,47.2968866667,-122.5195533333,Tacoma,Pierce,,,,,,,,,,29.4353199005127,15.7823467254639,28.8968925476074
2327,168749668,47.45178,-122.01264445,,King,90.3767929077148,55.0702323913574,79.4477691650391,,,,,,,,,
2328,168752490,47.45187,-122.0126583333,,King,90.4100494384766,55.0130043029785,79.3973846435547,,,,,,,,,
2329,168754876,47.4536283333,-122.0121083333,,King,90.7667007446289,54.8349571228027,79.6744613647461,,,,,,,,,
2330,168771226,47.4534216667,-122.01179445,,King,90.7555847167969,54.7158737182617,79.4858245849609,,,,,,,,,
2331,168931798,47.5424166667,-122.002875,Issaquah City Limits,King,90.3572006225586,58.0298042297363,86.4545516967773,,,,,,,,,
2332,169062628,47.6754112227,-122.2537862972,,King,89.2527465820312,61.0719871520996,85.354133605957,,,,,,,,,
2333,169659692,47.2374623051,-122.4652746886,Tacoma,Pierce,,,,,,,,,,31.5345230102539,16.9628562927246,28.1776676177979
2334,169697499,47.3039999706,-122.5157992914,Tacoma,Pierce,,,,,,,,,,28.2371864318848,16.0057506561279,26.9454574584961
2335,173426760,49.1301472222,-122.842025,,Greater Vancouver,,,,,,,,,,,,
2336,173958029,47.6505460952,-122.1906015243,,King,89.1600646972656,57.9774551391602,83.8248901367188,,,,,,,,,
2337,173958399,47.6505693111,-122.1905695963,,King,89.1798477172852,57.9622802734375,83.8243255615234,,,,,,,,,
2338,173962988,45.2999835,-122.7513648,,Clackamas,,,,,,,,,,,,
2339,174033187,46.9271616667,-113.7583166667,,Missoula,,,,,,,,,,,,
2340,174154735,45.519732372,-122.7189810304,Portland,Multnomah,,,,,,,27.4039974212646,15.7917728424072,27.4875679016113,,,
2341,174162697,45.5180467424,-122.7171811775,Portland,Multnomah,,,,,,,27.3443069458008,15.568320274353,27.4594459533691,,,
2342,174165643,45.5177040443,-122.7178152499,Portland,Multnomah,,,,,,,27.5233325958252,15.3329982757568,27.4118995666504,,,
2343,174166337,45.5183075973,-122.7164001264,Portland,Multnomah,,,,,,,27.6241321563721,15.6989498138428,27.4599704742432,,,
2344,174552745,47.6529532,-121.7959775,,King,,,,,,,,,,,,
2345,178155830,48.774576,-123.3703119997,,Capital,,,,,,,,,,,,
2346,178155930,48.774576,-123.3703119997,,Capital,,,,,,,,,,,,
2347,179789621,47.6022777778,-121.9011305556,,King,88.9682312011719,56.1896476745605,80.1080093383789,,,,,,,,,
2348,179876530,47.43077986,-121.95363841,,King,,,,,,,,,,,,
2349,182681390,47.7610777921,-122.5883657891,,Kitsap,,,,,,,,,,,,
2350,182900003,49.270265,-125.18,,Alberni-Clayoquot,,,,,,,,,,,,
2351,183004876,45.4663302843,-122.6713767183,Portland,Multnomah,,,,,,,29.1320457458496,16.6939296722412,26.9870529174805,,,
2352,183005906,49.27388,-125.1818983333,,Alberni-Clayoquot,,,,,,,,,,,,
2353,183007814,45.4764749855,-122.6709163842,Portland,Multnomah,,,,,,,32.0855560302734,16.731969833374,29.5330905914307,,,
2354,183119583,45.5139762725,-122.7195683335,Portland,Multnomah,,,,,,,26.3905906677246,15.7399625778198,27.3582534790039,,,
2355,183123448,45.5138311582,-122.7194655408,Portland,Multnomah,,,,,,,26.4208507537842,15.7434968948364,27.3543796539307,,,
2356,183134544,45.5139342556,-122.7194648703,Portland,Multnomah,,,,,,,26.4210643768311,15.7421846389771,27.3519706726074,,,
2357,183161129,45.5133736739,-122.7193502897,Portland,Multnomah,,,,,,,26.4231815338135,15.7563781738281,27.3394927978516,,,
2358,183166228,45.513696,-122.719527,Portland,Multnomah,,,,,,,26.4118423461914,15.763614654541,27.3900852203369,,,
2359,183168711,47.431617,-122.081121,,King,90.4613265991211,55.1672401428223,80.5622253417969,,,,,,,,,
2360,183389876,45.517575,-122.7178416667,Portland,Multnomah,,,,,,,27.513053894043,15.3111534118652,27.4060935974121,,,
2361,183394876,45.5176083333,-122.7187616667,Portland,Multnomah,,,,,,,27.4418258666992,15.3276195526123,27.3732490539551,,,
2362,183401896,45.5176033333,-122.71872,Portland,Multnomah,,,,,,,27.4718685150146,15.3382158279419,27.3704471588135,,,
2363,183630907,45.4110118541,-122.6606231555,,Clackamas,,,,,,,,,,,,
2364,183886955,45.5175883333,-122.7186716667,Portland,Multnomah,,,,,,,27.474458694458,15.3296689987183,27.3694839477539,,,
2365,184168195,45.5168113772,-122.7180116787,Portland,Multnomah,,,,,,,27.4304580688477,15.4614133834839,27.3831672668457,,,
2366,184221787,45.5170616667,-122.717905,Portland,Multnomah,,,,,,,27.4836387634277,15.245680809021,27.3987998962402,,,
2367,184392340,45.48627786,-122.65024901,Portland,Multnomah,,,,,,,31.3784770965576,16.3891906738281,29.4049015045166,,,
2368,184395159,45.48557626,-122.65019967,Portland,Multnomah,,,,,,,31.3705615997314,16.2621383666992,29.4292297363281,,,
2371,184427581,45.51676243,-122.7182024,Portland,Multnomah,,,,,,,27.4511032104492,15.4779987335205,27.3740005493164,,,
2372,184466110,45.5175308945,-122.7175732323,Portland,Multnomah,,,,,,,27.4754962921143,15.2797861099243,27.4198265075684,,,
2373,184554137,45.5136008157,-122.7194363896,Portland,Multnomah,,,,,,,26.4229431152344,15.7438812255859,27.3547172546387,,,
2374,184625581,45.51818,-122.7166283333,Portland,Multnomah,,,,,,,27.5962696075439,15.6374912261963,27.4663486480713,,,
2375,185100460,48.791835,-125.1153233333,,Alberni-Clayoquot,,,,,,,,,,,,
2376,185160072,45.5171697223,-122.7144249945,Portland,Multnomah,,,,,,,27.566011428833,15.8970956802368,27.4108810424805,,,
2377,185167024,45.5158898717,-122.718338504,Portland,Multnomah,,,,,,,27.4874286651611,15.1504545211792,27.3632373809814,,,
2378,185184513,45.5137133333,-122.71962,Portland,Multnomah,,,,,,,26.4074268341064,15.76291847229,27.3901042938232,,,
2379,185186534,45.513245,-122.7195133333,Portland,Multnomah,,,,,,,26.4096508026123,15.7338247299194,27.3426094055176,,,
2380,185237466,45.51794,-122.713297,Portland,Multnomah,,,,,,,27.7100505828857,16.1273040771484,27.4984683990479,,,
2381,185337032,45.511204702,-122.7188462762,Portland,Multnomah,,,,,,,27.3047504425049,14.9860582351685,27.3192005157471,,,
2382,185338518,45.511103967,-122.7186582641,Portland,Multnomah,,,,,,,27.4545001983643,14.982949256897,27.3020267486572,,,
2383,185340693,45.5112659187,-122.719607195,Portland,Multnomah,,,,,,,27.0016593933105,15.0993537902832,27.3066444396973,,,
2384,185342906,45.5111757713,-122.7195981425,Portland,Multnomah,,,,,,,27.0276546478271,15.0940418243408,27.2916202545166,,,
2385,185343834,45.5113575748,-122.7194665467,Portland,Multnomah,,,,,,,27.0364952087402,15.0654964447021,27.3212795257568,,,
2386,185374900,45.5190353227,-122.7091478803,Portland,Multnomah,,,,,,,27.9547309875488,16.5520153045654,27.5012264251709,,,
2387,185375548,45.5174027404,-122.7155792832,Portland,Multnomah,,,,,,,27.5175609588623,15.3966941833496,27.4203281402588,,,
2388,185523701,45.5167083333,-122.7146916667,Portland,Multnomah,,,,,,,27.546667098999,15.2869968414307,27.4149646759033,,,
2389,185525872,45.5174366667,-122.7190466667,Portland,Multnomah,,,,,,,27.4768695831299,15.3365211486816,27.3711891174316,,,
2390,185526027,45.5175216667,-122.7189033333,Portland,Multnomah,,,,,,,27.4518947601318,15.3569412231445,27.3627853393555,,,
2391,185526479,45.51693,-122.7179716667,Portland,Multnomah,,,,,,,27.4738750457764,15.2535152435303,27.3889980316162,,,
2392,185647178,45.516461,-122.713987,Portland,Multnomah,,,,,,,27.6683883666992,15.3919639587402,27.4184627532959,,,
2393,185648242,45.51654,-122.714853,Portland,Multnomah,,,,,,,27.4727420806885,15.2890253067017,27.4209690093994,,,
2394,185648954,45.516504,-122.714723,Portland,Multnomah,,,,,,,27.478422164917,15.2861003875732,27.4131603240967,,,
2395,185649594,45.516441,-122.714718,Portland,Multnomah,,,,,,,27.4859886169434,15.2884845733643,27.4106712341309,,,
2396,185650018,45.516193,-122.714558,Portland,Multnomah,,,,,,,27.5149841308594,15.3216991424561,27.4106578826904,,,
2397,185686562,45.4762138889,-122.5555444444,Portland,Multnomah,,,,,,,31.7540264129639,15.2184104919434,29.4803199768066,,,
2398,185781933,45.5116508807,-122.7180972028,Portland,Multnomah,,,,,,,27.4653987884521,14.9188680648804,27.2973899841309,,,
2399,185782730,45.5108224171,-122.7173513513,Portland,Multnomah,,,,,,,27.6318435668945,14.9344778060913,27.240743637085,,,
2400,185786308,45.5113926595,-122.7161169943,Portland,Multnomah,,,,,,,27.3184089660645,14.9314966201782,27.3113822937012,,,
2401,185790836,45.5131891816,-122.7142801571,Portland,Multnomah,,,,,,,27.4311294555664,15.1083707809448,27.3583965301514,,,
2402,185791192,45.5131633382,-122.7142777717,Portland,Multnomah,,,,,,,27.4271965026855,15.1139602661133,27.3571853637695,,,
2403,185793808,45.5143479912,-122.7159150185,Portland,Multnomah,,,,,,,27.4237594604492,15.2365713119507,27.4244861602783,,,
2404,186050708,45.5195552271,-122.7188610649,Portland,Multnomah,,,,,,,27.444616317749,15.8039541244507,27.4866161346436,,,
2405,186051285,45.5177024605,-122.716651363,Portland,Multnomah,,,,,,,27.5530738830566,15.2699909210205,27.4512348175049,,,
2406,186051779,45.5188163702,-122.7182070296,Portland,Multnomah,,,,,,,27.5821475982666,15.6466665267944,27.4647960662842,,,
2407,186208125,47.6980784238,-122.0836497967,Redmond City Limits,King,89.7480087280273,55.1121253967285,80.4382629394531,,,,,,,,,
2409,186250875,45.2466144997,-122.5247173,,Clackamas,,,,,,,,,,,,
2410,186789764,47.1844583333,-122.3467466667,,Pierce,,,,,,,,,,31.1365566253662,16.1703300476074,29.6422138214111
2411,187665073,45.5750138,-122.6486742,Portland,Multnomah,,,,,,,31.6440391540527,16.0795421600342,29.1118907928467,,,
2412,187674196,45.5166416667,-122.71805,Portland,Multnomah,,,,,,,27.5221939086914,15.4741725921631,27.3826522827148,,,
2413,187674335,45.5165183333,-122.7179666667,Portland,Multnomah,,,,,,,27.448917388916,15.1996021270752,27.3879146575928,,,
2414,187674701,45.5170516667,-122.7178233333,Portland,Multnomah,,,,,,,27.5159034729004,15.2548580169678,27.4081764221191,,,
2415,187682549,45.5168333333,-122.7175933333,Portland,Multnomah,,,,,,,27.5620784759521,15.2105951309204,27.3971042633057,,,
2416,187848837,45.4972843821,-121.8187692686,,Hood River,,,,,,,,,,,,
2417,187849670,45.4969504317,-121.8189458908,,Hood River,,,,,,,,,,,,
2418,187955552,48.66949811,-113.61161402,,Glacier,,,,,,,,,,,,
2419,188221281,48.1437555,-123.18628,,Clallam,,,,,,,,,,,,
2420,188303146,45.481643052,-122.6507481097,Portland,Multnomah,,,,,,,31.4703769683838,16.0876922607422,29.249906539917,,,
2421,188306469,45.4675183353,-122.6569828951,Portland,Multnomah,,,,,,,31.5731925964355,16.3776931762695,29.1796073913574,,,
2422,188309432,45.4606298828,-122.6431666276,Portland,Multnomah,,,,,,,31.4823970794678,15.964545249939,29.3132381439209,,,
2423,188311655,45.4611823708,-122.6329420042,,Clackamas,,,,,,,,,,,,
2424,188315192,45.4800195247,-122.6217151993,Portland,Multnomah,,,,,,,31.2813625335693,15.6331281661987,29.0900344848633,,,
2425,188318031,45.4856416444,-122.6237036382,Portland,Multnomah,,,,,,,31.3866748809814,15.507698059082,29.2150287628174,,,
2426,188319712,45.4945129669,-122.6246962232,Portland,Multnomah,,,,,,,31.1245975494385,15.5081520080566,29.0528736114502,,,
2427,188426458,45.5007955805,-122.6817015466,Portland,Multnomah,,,,,,,31.2852954864502,16.8573589324951,28.1516017913818,,,
2428,188429206,45.5249333333,-122.635595,Portland,Multnomah,,,,,,,31.0341358184814,16.2966346740723,29.7295475006104,,,
2429,188430346,45.5253616667,-122.6358533333,Portland,Multnomah,,,,,,,31.0122451782227,16.3427600860596,30.1406517028809,,,
2430,188431243,45.5248288232,-122.63604273,Portland,Multnomah,,,,,,,31.2080345153809,16.3341884613037,29.8851890563965,,,
2431,188432780,45.5272450663,-122.6319681217,Portland,Multnomah,,,,,,,31.2438297271729,16.0801944732666,29.3208103179932,,,
2432,188728242,47.6799537467,-122.3810773666,,King,83.5719451904297,59.570442199707,80.8586044311523,,,,,,,,,
2433,188731966,47.6794608854,-122.3833866632,,King,83.0941848754883,58.9647369384766,80.5398406982422,,,,,,,,,
2434,188732200,47.6795230872,-122.3834429326,,King,83.1151351928711,58.8594818115234,80.5439682006836,,,,,,,,,
2435,188945324,47.6833137853,-122.3762761211,,King,87.2632522583008,62.0869598388672,83.8147583007812,,,,,,,,,
2436,189035221,47.6898845633,-122.3665791856,,King,87.9938507080078,62.3288421630859,85.7843933105469,,,,,,,,,
2437,189149330,45.4866847303,-122.6149902308,Portland,Multnomah,,,,,,,31.3445148468018,14.5557718276978,29.2719345092773,,,
2438,189151463,45.477645,-122.613955,Portland,Multnomah,,,,,,,31.1565074920654,14.7783374786377,29.3996505737305,,,
2439,189151698,45.477722548,-122.6139551495,Portland,Multnomah,,,,,,,31.1488189697266,14.7899751663208,29.3870792388916,,,
2440,189152210,45.4739783333,-122.6134833333,Portland,Multnomah,,,,,,,31.3081893920898,14.2163562774658,29.2917289733887,,,
2441,189153982,45.4648666667,-122.604685,Portland,Multnomah,,,,,,,31.4391956329346,13.933424949646,29.2987079620361,,,
2442,189155601,45.47177,-122.59955,Portland,Multnomah,,,,,,,31.6635417938232,14.7862701416016,29.591028213501,,,
2443,189156214,45.4730733333,-122.5981716667,Portland,Multnomah,,,,,,,31.6958656311035,14.531364440918,29.3243808746338,,,
2444,189157578,45.481025,-122.59507,Portland,Multnomah,,,,,,,31.5110206604004,14.6208505630493,29.4642238616943,,,
2445,189159929,45.473025,-122.5912716667,Portland,Multnomah,,,,,,,31.8094348907471,14.2616195678711,29.574499130249,,,
2446,189160946,45.4735466667,-122.5905883333,Portland,Multnomah,,,,,,,31.7796440124512,14.5279731750488,29.5789108276367,,,
2447,189163248,45.4671316667,-122.55933,Portland,Multnomah,,,,,,,31.2272815704346,16.1908359527588,27.8951473236084,,,
2448,189164496,45.4640716667,-122.57147,Portland,Multnomah,,,,,,,31.4091815948486,14.4972410202026,29.1357746124268,,,
2449,189282484,45.5200652289,-122.5974399836,Portland,Multnomah,,,,,,,31.1207809448242,15.8079528808594,27.4650115966797,,,
2450,189283852,45.528205702,-122.5925142743,Portland,Multnomah,,,,,,,31.5395488739014,15.2943439483643,28.5525741577148,,,
2451,189285312,45.5250408802,-122.602434373,Portland,Multnomah,,,,,,,31.3603553771973,15.8220844268799,29.4366416931152,,,
2452,189286484,45.5264445143,-122.5990249692,Portland,Multnomah,,,,,,,31.3369979858398,15.7899341583252,29.4615001678467,,,
2453,189287845,45.5294497882,-122.6207769104,Portland,Multnomah,,,,,,,31.1644763946533,16.5344543457031,29.0078639984131,,,
2454,189288805,45.5291170647,-122.6109139502,Portland,Multnomah,,,,,,,31.3309326171875,16.290376663208,28.6672210693359,,,
2455,189376328,47.1617533797,-122.274059119,"Puyallup, WA",Pierce,,,,82.6999969482422,58.4000015258789,79,,,,,,
2456,189503592,47.4863111104,-122.1646943462,Renton City Limits,King,89.1598587036133,61.7163200378418,86.3801956176758,,,,,,,,,
2457,189510924,47.24937927,-122.52555295,Tacoma,Pierce,,,,,,,,,,31.9069862365723,16.873685836792,29.0447292327881
2458,189511721,47.2495116731,-122.52572,Tacoma,Pierce,,,,,,,,,,31.9017791748047,16.8995304107666,29.1069564819336
2459,189511775,47.249425,-122.52558,Tacoma,Pierce,,,,,,,,,,31.9101123809814,16.8775005340576,29.0890598297119
2460,189511919,47.24949026,-122.52560397,Tacoma,Pierce,,,,,,,,,,31.9101123809814,16.8775005340576,29.0890598297119
2461,189512693,47.2494666667,-122.52562,Tacoma,Pierce,,,,,,,,,,31.9101123809814,16.8775005340576,29.0890598297119
2463,189595090,45.5202237779,-122.6664966284,Portland,Multnomah,,,,,,,31.6932487487793,17.4789962768555,28.1833267211914,,,
2464,189894593,45.4964459963,-122.4989685109,Portland,Multnomah,,,,,,,31.3634834289551,14.2357587814331,28.7644901275635,,,
2465,189895335,45.4968217775,-122.5101504463,Portland,Multnomah,,,,,,,31.4853420257568,14.2530422210693,28.5041255950928,,,
2466,189897121,45.505102813,-122.5608730089,Portland,Multnomah,,,,,,,31.9902248382568,15.2680740356445,30.0062522888184,,,
2467,189899044,45.4932966131,-122.4847320256,Portland,Multnomah,,,,,,,31.5842742919922,15.0880136489868,29.51682472229,,,
2468,189900591,45.4859519572,-122.5341524749,Portland,Multnomah,,,,,,,31.3210029602051,13.9803590774536,28.7730617523193,,,
2469,189901728,45.4933158648,-122.5597648673,Portland,Multnomah,,,,,,,31.5416641235352,14.2550430297852,29.1823825836182,,,
2470,189902753,45.518464709,-122.5428497573,Portland,Multnomah,,,,,,,31.7132453918457,15.3231163024902,29.3258628845215,,,
2471,189903234,45.5132476695,-122.5437592261,Portland,Multnomah,,,,,,,31.5713672637939,14.5258369445801,29.3041114807129,,,
2472,189904007,45.5091215077,-122.5350054713,Portland,Multnomah,,,,,,,31.4563007354736,14.4536323547363,29.3696346282959,,,
2473,190351099,45.5137538041,-122.6682883838,Portland,Multnomah,,,,,,,31.6160278320312,17.3792686462402,28.1088790893555,,,
2474,190352018,45.5150478753,-122.6680021641,Portland,Multnomah,,,,,,,31.6983852386475,17.3256244659424,28.1061935424805,,,
2475,190421085,45.4694322233,-122.7434313466,Portland,Multnomah,,,,,,,30.1128215789795,14.7332601547241,27.127290725708,,,
2476,190422338,45.4823146275,-122.7085913503,Portland,Multnomah,,,,,,,30.0715274810791,15.4862499237061,27.1426448822021,,,
2477,190437071,45.3097411904,-121.823487518,,Clackamas,,,,,,,,,,,,
2478,190437606,45.5594533333,-122.595305,Portland,Multnomah,,,,,,,31.4853820800781,14.2113409042358,28.7455577850342,,,
2479,190438768,45.5590166667,-122.594895,Portland,Multnomah,,,,,,,31.5148239135742,14.1435823440552,29.0124225616455,,,
2480,190440100,45.5591283333,-122.59378,Portland,Multnomah,,,,,,,31.4739093780518,14.2046222686768,29.0998706817627,,,
2481,190457933,45.4763366667,-122.6853116667,Portland,Multnomah,,,,,,,29.6827144622803,15.4105062484741,27.0898780822754,,,
2482,190459742,45.4815666667,-122.6977783333,Portland,Multnomah,,,,,,,29.8206520080566,15.891037940979,27.5144958496094,,,
2483,190460000,45.4814633333,-122.6987533333,Portland,Multnomah,,,,,,,29.8496284484863,16.1733016967773,27.4598636627197,,,
2484,190462888,45.4783783333,-122.688545,Portland,Multnomah,,,,,,,29.4694557189941,15.4654493331909,27.0515918731689,,,
2485,190462995,45.4782866667,-122.6882783333,Portland,Multnomah,,,,,,,29.5244216918945,15.4700059890747,27.0545101165771,,,
2486,190505451,45.5123150396,-122.6882739646,Portland,Multnomah,,,,,,,31.6050148010254,16.7348251342773,27.6621913909912,,,
2487,190531459,45.4770783333,-122.687195,Portland,Multnomah,,,,,,,29.7813549041748,15.2992677688599,27.0580387115479,,,
2488,190973252,49.3177145663,-123.1057865969,,Greater Vancouver,,,,,,,,,,,,
2489,191027609,45.4723057342,-122.6784873964,Portland,Multnomah,,,,,,,29.7797985076904,15.1875782012939,27.2775001525879,,,
2490,191139168,49.3342216667,-123.097375,,Greater Vancouver,,,,,,,,,,,,
2491,191202735,45.5561407369,-122.5639316143,Portland,Multnomah,,,,,,,31.6327247619629,15.9825639724731,29.311408996582,,,
2492,191204889,45.5484901465,-122.5517060576,Portland,Multnomah,,,,,,,31.2020835876465,14.6611642837524,29.0203609466553,,,
2493,191206427,45.5370671835,-122.5406841521,Portland,Multnomah,,,,,,,31.7930812835693,14.1331033706665,29.515941619873,,,
2494,191207255,45.5402726145,-122.5556433545,Portland,Multnomah,,,,,,,31.3733730316162,14.1484003067017,28.8645133972168,,,
2495,191208171,45.5379038709,-122.5422329047,Portland,Multnomah,,,,,,,31.7628345489502,14.1282472610474,29.3880519866943,,,
2496,191210073,45.5443286496,-122.4932785237,Portland,Multnomah,,,,,,,31.4356212615967,15.9587507247925,29.1347408294678,,,
2497,191210850,45.5455580702,-122.493753459,Portland,Multnomah,,,,,,,31.4458351135254,16.3750228881836,29.2011013031006,,,
2498,191211311,45.5457157573,-122.4941289433,Portland,Multnomah,,,,,,,31.3990917205811,16.41064453125,29.256591796875,,,
2499,191211771,45.5455098509,-122.4942994633,Portland,Multnomah,,,,,,,31.346607208252,16.4121417999268,29.2680072784424,,,
2500,191214590,45.5632883333,-122.6404283333,Portland,Multnomah,,,,,,,31.181812286377,15.1718482971191,29.0417728424072,,,
2501,191215334,45.49612246,-122.60450322,Portland,Multnomah,,,,,,,31.6928863525391,15.0373983383179,28.870777130127,,,
2502,191216774,45.54902,-122.6443633333,Portland,Multnomah,,,,,,,31.1923904418945,15.7453784942627,29.2367305755615,,,
2503,191218932,45.5518116667,-122.6444866667,Portland,Multnomah,,,,,,,31.2417583465576,15.7785882949829,29.4775257110596,,,
2504,191220301,45.5107882862,-122.6773103563,Portland,Multnomah,,,,,,,30.9754695892334,16.9558639526367,27.1689319610596,,,
2505,191291194,45.49571607,-122.59735552,Portland,Multnomah,,,,,,,31.5975799560547,15.1604013442993,29.3961029052734,,,
2506,191292702,45.49933719,-122.57819865,Portland,Multnomah,,,,,,,32.0905113220215,15.8890790939331,29.2088527679443,,,
2507,191294337,45.50301032,-122.57291279,Portland,Multnomah,,,,,,,31.6584167480469,15.0981597900391,29.1451320648193,,,
2508,191295547,45.49417455,-122.56723253,Portland,Multnomah,,,,,,,32.2962188720703,16.0350856781006,29.5349025726318,,,
2509,191299010,45.51419023,-122.57604332,Portland,Multnomah,,,,,,,31.5958690643311,14.7659702301025,29.2572937011719,,,
2510,191301185,45.51976014,-122.57294745,Portland,Multnomah,,,,,,,31.561450958252,15.2405853271484,28.7992038726807,,,
2511,191307148,45.55827,-122.6271283333,Portland,Multnomah,,,,,,,31.7251853942871,15.1667156219482,29.1164054870605,,,
2512,191308204,45.5583,-122.626945,Portland,Multnomah,,,,,,,31.758825302124,15.1642112731934,29.1303405761719,,,
2513,191426207,45.5193519935,-122.6667115767,Portland,Multnomah,,,,,,,31.6944847106934,17.4218368530273,28.3698787689209,,,
2514,191430342,45.4796133333,-122.6877833333,Portland,Multnomah,,,,,,,29.287467956543,15.6894283294678,26.9653339385986,,,
2515,191560738,45.5582502855,-122.7753273933,,Clackamas,,,,,,,27.771900177002,16.6258220672607,27.5120086669922,,,
2516,191616282,45.555295,-122.6264883333,Portland,Multnomah,,,,,,,31.3830680847168,15.4673881530762,29.234733581543,,,
2517,191617260,45.55537,-122.6266866667,Portland,Multnomah,,,,,,,31.3603458404541,15.4356880187988,29.244104385376,,,
2518,191619039,45.54052,-122.6220166667,Portland,Multnomah,,,,,,,31.2511024475098,15.7684412002563,28.4128265380859,,,
2519,191621640,45.549595,-122.6557466667,Portland,Multnomah,,,,,,,31.5099334716797,15.8630886077881,29.246431350708,,,
2520,191623388,45.4999326636,-122.6893786156,Portland,Multnomah,,,,,,,28.8770332336426,16.4615020751953,28.4743728637695,,,
2521,191625420,45.5026370008,-122.6921857988,Portland,Multnomah,,,,,,,27.3301696777344,16.7805709838867,27.5013065338135,,,
2522,191797807,49.3344716667,-123.0931638333,,Greater Vancouver,,,,,,,,,,,,
2523,191800688,49.3349416667,-123.0935666667,,Greater Vancouver,,,,,,,,,,,,
2524,191959349,47.6181833333,-122.3545616667,,King,87.3189926147461,63.7179794311523,86.124755859375,,,,,,,,,
2525,192101081,45.5917734529,-122.7220849378,Portland,Multnomah,,,,,,,31.4633483886719,15.7465505599976,29.1863422393799,,,
2526,192101768,45.5918561563,-122.7221746969,Portland,Multnomah,,,,,,,31.4520130157471,15.714467048645,29.1994895935059,,,
2527,192103152,45.5847240597,-122.7278310091,Portland,Multnomah,,,,,,,32.065486907959,15.5135469436646,29.3349456787109,,,
2528,192162928,45.3023533943,-121.7949650065,,Clackamas,,,,,,,,,,,,
2529,192382107,45.51019932,-122.61310711,Portland,Multnomah,,,,,,,31.2387199401855,15.3311529159546,28.9503135681152,,,
2530,192384390,45.50897115,-122.61319163,Portland,Multnomah,,,,,,,31.2638645172119,15.2265138626099,28.9166107177734,,,
2531,192429083,47.6560055556,-121.9973777778,,King,90.8220977783203,55.089054107666,80.9072799682617,,,,,,,,,
2532,192429225,47.6560055556,-121.9973777778,,King,90.8220977783203,55.089054107666,80.9072799682617,,,,,,,,,
2533,192429291,47.6575555556,-122.010625,,King,90.3973159790039,55.9572448730469,82.6161270141602,,,,,,,,,
2534,192481609,47.555695,-122.24855,,King,90.4361419677734,60.2392044067383,82.7492294311523,,,,,,,,,
2535,192516128,48.91763,-122.2532116667,,Whatcom,,,,,,,,,,,,
2536,192516610,48.9175833333,-122.2531533333,,Whatcom,,,,,,,,,,,,
2537,192518265,48.916275,-122.2492616667,,Whatcom,,,,,,,,,,,,
2538,192587063,45.4975882484,-122.6931283425,Portland,Multnomah,,,,,,,28.5355682373047,16.7957191467285,27.7425193786621,,,
2539,192587853,45.4976598899,-122.6909600571,Portland,Multnomah,,,,,,,28.8184432983398,16.6678352355957,28.2171878814697,,,
2540,192588906,45.5111639492,-122.6961739179,Portland,Multnomah,,,,,,,29.3354568481445,16.4931755065918,27.791036605835,,,
2541,192591015,45.5240577922,-122.6857852507,Portland,Multnomah,,,,,,,31.0827560424805,16.9281940460205,27.6512069702148,,,
2542,192591421,45.5242712191,-122.6860741748,Portland,Multnomah,,,,,,,31.2886829376221,16.9837894439697,27.6672229766846,,,
2543,192592689,45.5304130725,-122.7151698804,Portland,Multnomah,,,,,,,28.2269115447998,16.4170703887939,27.4802665710449,,,
2544,192658161,45.5180768264,-122.6954955754,Portland,Multnomah,,,,,,,30.324649810791,16.6319808959961,28.1330337524414,,,
2545,193457566,44.938132,-123.8473014,,Lincoln,,,,,,,,,,,,
2546,193743765,45.501389,-122.845611,,Washington,,,,,,,,,,,,
2547,193961691,47.51124853,-122.50878236,,Kitsap,,,,,,,,,,,,
2548,193961904,47.51126926,-122.50867391,,Kitsap,,,,,,,,,,,,
2549,193962168,47.51130418,-122.50846886,,Kitsap,,,,,,,,,,,,
2550,193962206,47.51130583,-122.50859777,,Kitsap,,,,,,,,,,,,
2551,194142728,45.59045,-122.716658,Portland,Multnomah,,,,,,,31.5331172943115,15.171501159668,29.2980003356934,,,
2552,194463439,45.5726916667,-122.6116033333,Portland,Multnomah,,,,,,,31.7501945495605,16.5440349578857,29.1946411132812,,,
2553,195115893,45.5037386343,-122.6822652296,Portland,Multnomah,,,,,,,31.6346492767334,16.4087429046631,28.0214099884033,,,
2554,195301910,47.3754222222,-121.8752333333,,King,89.9821624755859,55.0546646118164,82.2735061645508,,,,,,,,,
2555,195305815,47.6751018126,-122.2668011935,,King,90.0778656005859,61.7868003845215,86.7572402954102,,,,,,,,,
2556,195702615,45.5035883333,-122.68283,Portland,Multnomah,,,,,,,31.5272693634033,16.548095703125,28.2591934204102,,,
2557,196074203,47.452945602,-121.9896994773,,King,90.9029541015625,54.9756736755371,79.9898681640625,,,,,,,,,
2558,196078203,47.4466077366,-122.0077967492,,King,89.4199829101562,56.280200958252,80.8107528686523,,,,,,,,,
2559,196085104,47.4516437743,-122.011914844,,King,90.2529220581055,55.1904983520508,79.4943618774414,,,,,,,,,
2560,197019062,47.6747800031,-122.2540283333,,King,88.9376678466797,61.1391868591309,85.4516220092773,,,,,,,,,
2561,197090721,47.6891991097,-122.2650985325,,King,,,,,,,,,,,,
2562,197091634,47.3260484,-122.1789434,Auburn City Limits,King,90.2620544433594,60.5575790405273,85.5056533813477,,,,,,,,,
2563,197162805,45.5872466667,-122.7022166667,Portland,Multnomah,,,,,,,31.6904544830322,14.2524099349976,29.1598472595215,,,
2564,197627829,49.3513912,-123.2213995,,Greater Vancouver,,,,,,,,,,,,
2565,197913378,45.3088616667,-121.7405916667,,Clackamas,,,,,,,,,,,,
2566,197934255,47.6759309449,-122.2605801377,,King,89.4340972900391,61.0353546142578,86.9291076660156,,,,,,,,,
2567,198350046,49.3159154,-123.1022399997,,Greater Vancouver,,,,,,,,,,,,
2568,198453537,49.3250971,-123.088902,,Greater Vancouver,,,,,,,,,,,,
2569,198453659,49.3252779,-123.0868916997,,Greater Vancouver,,,,,,,,,,,,
2570,200660595,47.2925363901,-122.5151285717,Tacoma,Pierce,,,,,,,,,,31.5727958679199,16.0101070404053,29.2125263214111
2571,200660686,47.2909656214,-122.5122513996,Tacoma,Pierce,,,,,,,,,,31.608943939209,16.2616863250732,29.482759475708
2572,200660773,47.2908785753,-122.5122669061,Tacoma,Pierce,,,,,,,,,,31.5400333404541,16.2564868927002,29.4443397521973
2573,200661034,47.2909414396,-122.5121996832,Tacoma,Pierce,,,,,,,,,,31.6751670837402,16.2553100585938,29.4773731231689
2574,200661067,47.2910325928,-122.512317449,Tacoma,Pierce,,,,,,,,,,31.6749324798584,16.2888126373291,29.4889640808105
2575,200661209,47.2931228299,-122.5044988935,Tacoma,Pierce,,,,,,,,,,30.1413726806641,15.6074171066284,28.6176834106445
2576,200661364,47.2907734663,-122.5121491404,Tacoma,Pierce,,,,,,,,,,31.5300464630127,16.2381572723389,29.4530296325684
2577,200661383,47.2930666293,-122.5072494989,Tacoma,Pierce,,,,,,,,,,31.0737590789795,16.0473461151123,29.0819625854492
2578,200661518,47.2898462601,-122.5119685942,Tacoma,Pierce,,,,,,,,,,30.5655860900879,15.9923696517944,29.2982635498047
2579,200661569,47.2890346726,-122.5044700824,Tacoma,Pierce,,,,,,,,,,28.3827266693115,15.8410167694092,28.5615463256836
2580,200661590,47.2924088428,-122.5158480898,Tacoma,Pierce,,,,,,,,,,31.1467132568359,15.7700901031494,29.1430263519287
2581,200661817,47.2895657679,-122.5123915713,Tacoma,Pierce,,,,,,,,,,30.4036827087402,15.9824171066284,29.4325275421143
2582,200662142,47.2895405721,-122.5123500546,Tacoma,Pierce,,,,,,,,,,30.4191265106201,15.9782066345215,29.4727668762207
2583,200662230,47.2987146948,-122.5127270486,,Pierce,,,,,,,,,,28.8932838439941,16.2961368560791,29.1588764190674
2584,200663155,47.2890364007,-122.5092034881,Tacoma,Pierce,,,,,,,,,,29.4424991607666,15.9279365539551,28.7703762054443
2585,200663264,47.2964073069,-122.5150908121,,Pierce,,,,,,,,,,31.3491840362549,16.3509197235107,29.3517971038818
2586,200663288,47.2881284729,-122.5125062094,Tacoma,Pierce,,,,,,,,,,30.4619693756104,16.0696125030518,28.8042602539062
2587,200663314,47.29641267,-122.5150192812,,Pierce,,,,,,,,,,31.3491840362549,16.3509197235107,29.3517971038818
2588,200664110,47.2908415692,-122.5125250687,Tacoma,Pierce,,,,,,,,,,31.4983234405518,16.1901264190674,29.4496192932129
2589,200664192,47.2900169995,-122.5077373256,Tacoma,Pierce,,,,,,,,,,30.2628898620605,16.0127658843994,29.350830078125
2590,200664262,47.291853726,-122.498373231,Tacoma,Pierce,,,,,,,,,,29.6274242401123,16.0493259429932,28.1730709075928
2591,200665533,47.2863824212,-122.517463015,Tacoma,Pierce,,,,,,,,,,30.8367862701416,15.795036315918,28.7130069732666
2592,200665582,47.2864853684,-122.5209886954,Tacoma,Pierce,,,,,,,,,,30.531665802002,15.3891162872314,29.156982421875
2593,200666651,47.2908137413,-122.512595812,Tacoma,Pierce,,,,,,,,,,31.3797340393066,16.1725997924805,29.4111137390137
2594,200666953,47.2792230898,-122.5163481756,Tacoma,Pierce,,,,,,,,,,31.2798671722412,15.9702167510986,29.1942100524902
2595,200667030,47.2850465376,-122.5167413674,Tacoma,Pierce,,,,,,,,,,30.7853603363037,15.8141536712646,28.9480533599854
2596,200667269,47.2790116667,-122.51583,Tacoma,Pierce,,,,,,,,,,31.4811897277832,15.760326385498,29.2363605499268
2597,200667447,47.2787485867,-122.5160062659,Tacoma,Pierce,,,,,,,,,,31.5178070068359,15.7645568847656,29.1767139434814
2598,200667825,47.2872647597,-122.521631336,Tacoma,Pierce,,,,,,,,,,30.5152893066406,15.4006633758545,29.0273628234863
2599,200668173,47.2885304977,-122.5238872834,Tacoma,Pierce,,,,,,,,,,29.6694431304932,14.9924097061157,29.0662593841553
2600,200670074,47.2822543933,-122.5037078095,Tacoma,Pierce,,,,,,,,,,30.8614692687988,15.4548463821411,28.2662792205811
2601,200670312,47.2840146846,-122.5012790819,Tacoma,Pierce,,,,,,,,,,30.9777297973633,15.9854965209961,27.9678497314453
2602,200671758,47.288065902,-122.4943173957,Tacoma,Pierce,,,,,,,,,,29.1313438415527,15.4172296524048,27.3319759368896
2603,200671849,47.2837873048,-122.5025968602,Tacoma,Pierce,,,,,,,,,,31.116382598877,15.6788864135742,27.9671058654785
2604,200672406,47.2808093173,-122.5011173751,Tacoma,Pierce,,,,,,,,,,30.9553565979004,15.8131971359253,28.3462505340576
2605,200672466,47.2981194997,-122.5199568076,Tacoma,Pierce,,,,,,,,,,30.8082599639893,15.4784803390503,28.6680870056152
2606,200673664,47.2894030697,-122.5012139085,Tacoma,Pierce,,,,,,,,,,30.0213871002197,15.6631202697754,29.2333126068115
2607,200673716,47.2887142618,-122.4959167235,Tacoma,Pierce,,,,,,,,,,29.9766139984131,15.3154029846191,28.8801803588867
2608,200851551,45.5233624718,-122.700883113,Portland,Multnomah,,,,,,,29.0289554595947,16.6738700866699,28.2933006286621,,,
2609,200967210,48.1485722222,-123.8247916667,,Clallam,,,,,,,,,,,,
2610,201179595,47.263825718,-122.5424127413,Tacoma,Pierce,,,,,,,,,,27.7946968078613,16.2013492584229,25.935302734375
2611,201180151,47.2617167275,-122.5399086273,Tacoma,Pierce,,,,,,,,,,30.3945026397705,15.2501964569092,28.9195175170898
2613,201712657,45.4283439053,-122.5467959046,,Clackamas,,,,,,,,,,,,
2614,203038552,47.1991,-122.44899,Tacoma,Pierce,,,,,,,,,,31.2433490753174,16.2374458312988,29.9106731414795
2615,206896529,45.3843105997,-122.740446,,Clackamas,,,,,,,,,,,,
2616,212412121,47.6645600789,-122.2712476442,,King,88.2007522583008,61.8626289367676,84.0075759887695,,,,,,,,,
2617,212428221,49.1110388889,-122.7698888889,,Greater Vancouver,,,,,,,,,,,,
2618,214021115,47.3030092009,-122.5294234884,Tacoma,Pierce,,,,,,,,,,26.591760635376,15.3759937286377,25.2048358917236
2619,214025429,47.3038466667,-122.5330666667,Tacoma,Pierce,,,,,,,,,,25.7149829864502,15.7864599227905,25.4351367950439
2620,214027782,47.3036648197,-122.5328595804,Tacoma,Pierce,,,,,,,,,,25.7154197692871,15.6895332336426,26.0822105407715
2621,214066568,47.2494286811,-122.5255851635,Tacoma,Pierce,,,,,,,,,,31.9101123809814,16.8775005340576,29.0890598297119
2622,214067701,47.24947818,-122.52592904,Tacoma,Pierce,,,,,,,,,,31.9440364837646,16.8640632629395,29.1690940856934
2623,214068412,47.2493486638,-122.5256022131,Tacoma,Pierce,,,,,,,,,,31.9503898620605,16.8472728729248,29.0872497558594
2624,214068497,47.2337124915,-122.5095287957,,Pierce,,,,,,,,,,31.2974872589111,16.2062473297119,29.3385963439941
2625,214069454,47.2494272,-122.52574222,Tacoma,Pierce,,,,,,,,,,31.9341869354248,16.8746757507324,29.1130638122559
2626,214069602,47.2493673541,-122.5256009703,Tacoma,Pierce,,,,,,,,,,31.9503898620605,16.8472728729248,29.0872497558594
2627,214069634,47.2494160249,-122.5258934603,Tacoma,Pierce,,,,,,,,,,31.9440364837646,16.8640632629395,29.1690940856934
2628,214069818,47.249375,-122.5256666667,Tacoma,Pierce,,,,,,,,,,31.9503898620605,16.8472728729248,29.0872497558594
2629,214069888,47.2494966667,-122.5260083333,Tacoma,Pierce,,,,,,,,,,31.9298973083496,16.8461894989014,29.1721935272217
2630,214070126,47.24948,-122.5255666667,Tacoma,Pierce,,,,,,,,,,31.8872127532959,16.8897857666016,29.0160636901855
2631,214070394,47.24946846,-122.52568635,Tacoma,Pierce,,,,,,,,,,31.9101123809814,16.8775005340576,29.0890598297119
2632,214071025,47.2494,-122.5258466667,Tacoma,Pierce,,,,,,,,,,31.9403095245361,16.8518524169922,29.1802139282227
2633,214071052,47.249518845,-122.5263109793,Tacoma,Pierce,,,,,,,,,,31.9458198547363,16.8619594573975,29.2225399017334
2634,214075180,47.249405,-122.5256366667,Tacoma,Pierce,,,,,,,,,,31.9503898620605,16.8472728729248,29.0872497558594
2635,214075194,47.2494616667,-122.525755,Tacoma,Pierce,,,,,,,,,,31.9341869354248,16.8746757507324,29.1130638122559
2636,214097686,47.24936722,-122.52570859,Tacoma,Pierce,,,,,,,,,,31.9503898620605,16.8472728729248,29.0872497558594
2637,214452903,45.317249042,-122.6637505275,,Clackamas,,,,,,,,,,,,
2638,217719394,47.0014138883,-122.3600616667,,Pierce,,,,,,,,,,,,
2639,218043688,53.68236791,-132.97513524,,Skeena-Queen Charlotte,,,,,,,,,,,,
2640,218043726,53.6825269,-132.97539985,,Skeena-Queen Charlotte,,,,,,,,,,,,
2641,218944053,50.172985,-125.301689,,Comox-Strathcona,,,,,,,,,,,,
2642,219117067,47.0530183521,-122.9558058736,,Thurston,,,,,,,,,,,,
2643,219380095,45.4812616149,-122.7156050876,Portland,Multnomah,,,,,,,30.464376449585,14.901927947998,27.2342319488525,,,
2644,220789800,47.0320888889,-122.9466777778,,Thurston,,,,,,,,,,,,
2645,220799727,47.0326791581,-122.9480355397,,Thurston,,,,,,,,,,,,
2646,220800065,47.0330386086,-122.9481535397,,Thurston,,,,,,,,,,,,
2647,221214435,47.25408,-122.4813833333,Tacoma,Pierce,,,,,,,,,,31.7308368682861,16.3591442108154,29.3318061828613
2648,221941207,45.51901619,-122.71947077,Portland,Multnomah,,,,,,,27.722900390625,15.7245836257935,27.4139747619629,,,
2649,224108053,45.510136,-122.941801,,Washington,,,,,,,,,,,,
2650,225844182,48.7603166997,-123.4772504997,,Capital,,,,,,,,,,,,
2651,225844305,48.7603167997,-123.4772495997,,Capital,,,,,,,,,,,,
2652,226295571,48.4216759153,-122.5955453537,,Skagit,,,,,,,,,,,,
2653,226997307,47.3517116667,-122.2813866667,,King,89.2564468383789,59.5164031982422,85.8284912109375,,,,,,,,,
2654,227005279,47.3856083333,-122.262695,Kent City Limits,King,89.4385604858398,61.6610832214355,85.9392471313477,,,,,,,,,
2655,227005624,47.371595,-122.2837916667,Kent City Limits,King,88.8991394042969,59.2433471679688,85.1311798095703,,,,,,,,,
2656,227193562,47.4413444119,-122.2253439417,Renton City Limits,King,92.5077819824219,62.6452522277832,90.5128173828125,,,,,,,,,
2657,227200283,47.4413547518,-122.2253774763,Renton City Limits,King,92.5526504516602,62.5912094116211,90.5249710083008,,,,,,,,,
2658,227200477,47.4413416667,-122.224395,Renton City Limits,King,92.2397918701172,62.6295738220215,90.3126525878906,,,,,,,,,
2659,227332445,47.3066783333,-122.5191633333,Tacoma,Pierce,,,,,,,,,,26.5152359008789,16.0035190582275,25.462589263916
2660,227337280,47.3084216667,-122.5242116667,Tacoma,Pierce,,,,,,,,,,26.2762107849121,15.5419368743896,25.4135799407959
2661,227338181,47.2828,-122.2091216667,Auburn City Limits,King,89.5270233154297,61.9684715270996,87.5020980834961,,,,,,,,,
2662,227339139,47.3098883333,-122.5294,Tacoma,Pierce,,,,,,,,,,26.4116039276123,15.1145734786987,25.8040161132812
2663,227365871,47.30997,-122.5320416667,Tacoma,Pierce,,,,,,,,,,26.4256267547607,15.2635498046875,25.6065635681152
2664,227366134,47.310855,-122.5335916667,Tacoma,Pierce,,,,,,,,,,26.2734107971191,15.5431137084961,25.3815727233887
2665,227366298,47.3108283333,-122.5342866667,Tacoma,Pierce,,,,,,,,,,26.3187675476074,15.553279876709,25.46462059021
2666,227377076,47.3735366667,-122.322175,Des Moines City Limits,King,89.1000061035156,59.9978828430176,84.4256973266602,,,,,,,,,
2667,227385087,47.5777015978,-122.4022601414,,King,88.1895294189453,61.8937454223633,84.2694702148438,,,,,,,,,
2668,227385879,47.5774927129,-122.4022277776,,King,88.457878112793,61.5943870544434,84.3896560668945,,,,,,,,,
2669,227387405,47.577131568,-122.4017956212,,King,88.1385955810547,61.0324287414551,84.0283279418945,,,,,,,,,
2670,227387833,47.5770020558,-122.4017635705,,King,88.1057739257812,60.9624557495117,84.1096878051758,,,,,,,,,
2671,227389557,47.5768400678,-122.4016736378,,King,87.981803894043,61.0012702941895,84.1512756347656,,,,,,,,,
2672,227390692,47.5766515914,-122.4014498386,,King,87.7893218994141,60.9414672851562,84.1249313354492,,,,,,,,,
2673,227393575,47.5765427454,-122.4026013043,,King,87.9104690551758,61.2501029968262,84.1336975097656,,,,,,,,,
2674,227425085,47.3697616667,-122.2921366667,Kent City Limits,King,89.7229385375977,61.7284049987793,85.2472305297852,,,,,,,,,
2675,227432795,47.36208,-122.2908633333,Kent City Limits,King,88.5849685668945,58.7727546691895,84.6512145996094,,,,,,,,,
2676,227433534,47.36205,-122.290725,Kent City Limits,King,88.4988098144531,58.7527465820312,84.6810913085938,,,,,,,,,
2677,227913936,47.67817,-122.6894216667,,Kitsap,,,,,,,,,,,,
2678,227914137,47.67822,-122.689475,,Kitsap,,,,,,,,,,,,
2679,228052370,47.3622583333,-122.2909466667,Kent City Limits,King,88.7067413330078,58.7699241638184,84.6474151611328,,,,,,,,,
2680,228934321,44.0472333333,-124.0974055,,Lane,,,,,,,,,,,,
2681,229095302,45.5195311868,-122.7191094259,Portland,Multnomah,,,,,,,27.4691963195801,15.8104438781738,27.4898929595947,,,
2682,229099275,45.5183836524,-122.7163624953,Portland,Multnomah,,,,,,,27.6058387756348,15.6993141174316,27.4618244171143,,,
2683,229106901,45.5180512791,-122.7171663921,Portland,Multnomah,,,,,,,27.3449668884277,15.567343711853,27.4570941925049,,,
2684,229310488,47.248216,-122.550315,Tacoma,Pierce,,,,,,,,,,29.7721099853516,16.1125030517578,27.2732334136963
2685,229633066,48.7511959136,-122.4262031279,"Bellingham, Washington, USA",Whatcom,,,,,,,,,,,,
2686,229725691,47.2793833333,-122.2020866667,Auburn City Limits,King,88.7565536499023,60.4714698791504,84.9332275390625,,,,,,,,,
2687,229809729,47.3040383333,-122.5167033333,Tacoma,Pierce,,,,,,,,,,27.8359375,15.629940032959,27.4406204223633
2688,230180773,47.4891583333,-122.3180783333,Burien City Limits,King,90.0477600097656,60.9327278137207,85.877326965332,,,,,,,,,
2689,230181144,47.5104966667,-122.34365,,King,88.9527587890625,62.1035842895508,86.8575592041016,,,,,,,,,
2690,230182792,47.51028,-122.3432166667,,King,88.9986953735352,62.0745811462402,86.8685989379883,,,,,,,,,
2691,230183697,47.510205,-122.3432,,King,88.9943695068359,62.0641326904297,86.8677139282227,,,,,,,,,
2692,230185019,47.5102116667,-122.3431866667,,King,89.0092391967773,62.0738067626953,86.8868637084961,,,,,,,,,
2693,230188821,47.5112283333,-122.3444666667,,King,88.6881790161133,62.4196090698242,86.7625732421875,,,,,,,,,
2694,230366011,47.4040416667,-122.2713866667,Kent City Limits,King,90.8000869750977,59.4998550415039,85.4051361083984,,,,,,,,,
2695,230366358,47.4040033333,-122.2713383333,Kent City Limits,King,90.9380569458008,59.4452362060547,85.3823699951172,,,,,,,,,
2696,230367000,47.4045716667,-122.2722383333,Kent City Limits,King,90.1582183837891,59.3155822753906,85.9993667602539,,,,,,,,,
2697,230367986,47.404525,-122.2724133333,Kent City Limits,King,90.1002655029297,59.3408050537109,86.1313858032227,,,,,,,,,
2698,230369927,47.4050616667,-122.2718366667,Kent City Limits,King,89.9519577026367,59.0954170227051,85.9153747558594,,,,,,,,,
2699,230370265,47.40522,-122.27163,Kent City Limits,King,89.8691635131836,59.0619735717773,85.9222717285156,,,,,,,,,
2700,230411520,47.318475,-122.4131916667,,King,90.1049575805664,58.3253707885742,83.3988571166992,,,,,,,27.5923099517822,14.9197463989258,26.593563079834
2701,230414153,47.3186866667,-122.413605,,King,90.0240936279297,58.7263031005859,83.3675231933594,,,,,,,27.5239658355713,14.9046802520752,26.4103927612305
2702,230415574,47.3183216667,-122.4135883333,,King,90.0808486938477,58.0960922241211,83.4011154174805,,,,,,,28.1850204467773,14.8793296813965,26.4301338195801
2703,230415732,47.318755,-122.4130083333,,King,90.1270141601562,58.6239547729492,83.2437133789062,,,,,,,27.1076107025146,14.9579067230225,26.8703994750977
2704,230415773,47.3192333333,-122.4136116667,,King,89.9687194824219,59.4171257019043,83.3861694335938,,,,,,,26.2285804748535,15.1334171295166,25.8494434356689
2705,230575528,47.3199,-122.414025,,King,,,,,,,,,,25.6243858337402,15.796199798584,25.1953563690186
2706,230586240,47.296673,-122.403109,Tacoma,Pierce,,,,,,,,,,30.8789329528809,16.0693740844727,29.1747303009033
2707,230830560,47.21031,-122.405051,Tacoma,Pierce,,,,,,,,,,31.2987098693848,16.0642528533936,29.4983196258545
2708,230832679,47.210366,-122.405238,Tacoma,Pierce,,,,,,,,,,32.1985130310059,16.1954936981201,29.4612140655518
2709,230870949,47.209464,-122.406338,Tacoma,Pierce,,,,,,,,,,31.7430667877197,16.296257019043,28.6819972991943
2710,230882068,47.208909,-122.406121,Tacoma,Pierce,,,,,,,,,,31.4712600708008,16.2477436065674,28.7841033935547
2711,231019033,47.536575,-122.0385445,Issaquah City Limits,King,89.8477172851562,62.0447425842285,85.9381256103516,,,,,,,,,
2712,231019221,47.5363716667,-122.0384666667,Issaquah City Limits,King,89.9071350097656,62.0227928161621,86.0404663085938,,,,,,,,,
2713,231019369,47.5352583333,-122.0419388333,Issaquah City Limits,King,87.6083984375,60.5198249816895,84.3780059814453,,,,,,,,,
2714,231019667,47.53555,-122.0403361667,Issaquah City Limits,King,88.1977691650391,61.2159423828125,85.2199249267578,,,,,,,,,
2715,231019905,47.5355716667,-122.0412971667,Issaquah City Limits,King,87.6198043823242,60.5695343017578,84.6968154907227,,,,,,,,,
2716,231019972,47.5356116667,-122.0414583333,Issaquah City Limits,King,87.6474533081055,60.4896011352539,84.6067352294922,,,,,,,,,
2717,231647653,47.5880366667,-122.6434783333,,Kitsap,,,,,,,,,,,,
2718,231648301,47.5882533333,-122.6434633333,,Kitsap,,,,,,,,,,,,
2719,231648970,47.587925,-122.6437916667,,Kitsap,,,,,,,,,,,,
2720,231649960,47.5860366667,-122.64425,,Kitsap,,,,,,,,,,,,
2721,231942054,47.4052666667,-122.271645,Kent City Limits,King,89.8255157470703,59.1226806640625,85.9465560913086,,,,,,,,,
2722,231942135,47.3718133333,-122.283805,Kent City Limits,King,88.8371276855469,59.2297630310059,85.0642166137695,,,,,,,,,
2723,232946824,47.3050321036,-122.5176688441,Tacoma,Pierce,,,,,,,,,,28.2372760772705,15.6823167800903,25.8278942108154
2724,232990742,47.3046731763,-122.5163898804,Tacoma,Pierce,,,,,,,,,,28.3535194396973,15.7578601837158,26.5110473632812
2725,233571384,47.3042873203,-122.5170258955,Tacoma,Pierce,,,,,,,,,,27.8674297332764,15.5954236984253,27.4018936157227
2726,234382521,47.6624633333,-122.4162916667,,King,90.4023284912109,55.2705574035645,79.9113235473633,,,,,,,,,
2727,234382568,47.662495,-122.4162966667,,King,90.4023284912109,55.2705574035645,79.9113235473633,,,,,,,,,
2728,234382705,47.66335,-122.417,,King,90.1461410522461,55.7538375854492,80.5182723999023,,,,,,,,,
2729,234382971,47.6641116667,-122.4168383333,,King,90.155158996582,55.9436416625977,80.7800750732422,,,,,,,,,
2730,234383167,47.6646416667,-122.4175333333,,King,90.302116394043,55.8873558044434,81.0659866333008,,,,,,,,,
2731,234383222,47.66547,-122.4170216667,,King,90.4218368530273,56.0484924316406,81.4414825439453,,,,,,,,,
2732,234383272,47.6675916667,-122.41555,,King,89.6621932983398,58.5547637939453,83.64599609375,,,,,,,,,
2733,234383730,47.667745,-122.4152,,King,89.6354446411133,58.7224044799805,84.0530319213867,,,,,,,,,
2734,234383858,47.66797,-122.4161133333,,King,89.6793823242188,58.9318084716797,83.6888809204102,,,,,,,,,
2735,234383996,47.668225,-122.4174333333,,King,89.8285751342773,59.4993667602539,83.5945587158203,,,,,,,,,
2736,234394642,47.3061065237,-122.5187528228,Tacoma,Pierce,,,,,,,,,,26.9991798400879,15.9311370849609,25.8662033081055
2737,234396069,47.5746033333,-122.63372,,Kitsap,,,,,,,,,,,,
2738,234401098,47.3062313721,-122.5185747911,Tacoma,Pierce,,,,,,,,,,27.1934432983398,15.963996887207,26.0367527008057
2739,234401211,47.3062351859,-122.5185093285,Tacoma,Pierce,,,,,,,,,,27.1934432983398,15.963996887207,26.0367527008057
2740,234708244,47.6773560685,-122.2529639236,,King,89.4222640991211,60.2419509887695,85.4385299682617,,,,,,,,,
2741,234746725,47.227619,-122.443245,Tacoma,Pierce,,,,,,,,,,31.9974842071533,16.8829402923584,29.1702461242676
2742,234755859,47.30722,-122.3185966667,,King,88.4211883544922,62.5118408203125,84.0991058349609,,,,,,,31.004789352417,15.8969602584839,28.8679542541504
2743,234757274,47.3072366667,-122.3185883333,,King,88.4211883544922,62.5118408203125,84.0991058349609,,,,,,,31.004789352417,15.8969602584839,28.8679542541504
2744,234758330,47.307255,-122.318695,,King,88.4002075195312,62.4818305969238,84.4931793212891,,,,,,,31.0088233947754,15.8907699584961,28.838830947876
2745,234758638,47.3071966667,-122.31865,,King,88.4281311035156,62.4194793701172,84.4929504394531,,,,,,,31.0027008056641,15.8986864089966,28.8844604492188
2746,234761532,47.307205,-122.31862,,King,88.4002075195312,62.4818305969238,84.4931793212891,,,,,,,31.0027008056641,15.8986864089966,28.8844604492188
2747,234954018,47.3065083333,-122.5186916667,Tacoma,Pierce,,,,,,,,,,27.5894641876221,16.148265838623,25.9911441802979
2748,234956011,47.3066328202,-122.5186798572,Tacoma,Pierce,,,,,,,,,,27.4052391052246,16.421012878418,25.5823974609375
2749,234958919,47.3066904354,-122.5191071537,Tacoma,Pierce,,,,,,,,,,26.9421539306641,16.0613670349121,25.6239833831787
2750,234966967,47.3068652072,-122.5194951019,Tacoma,Pierce,,,,,,,,,,26.4791927337646,15.9969930648804,25.3157596588135
2751,235002390,47.1619392158,-122.2874516887,"Puyallup, WA",Pierce,,,,84.1999969482422,59,81.3000030517578,,,,,,
2752,235758778,47.278105,-122.1973583333,Auburn City Limits,King,87.5659713745117,60.6789207458496,84.817138671875,,,,,,,,,
2753,235759035,47.2785833333,-122.1969383333,Auburn City Limits,King,87.7705001831055,60.468074798584,84.7707595825195,,,,,,,,,
2754,235759315,47.2788783333,-122.1964116667,Auburn City Limits,King,88.0095748901367,60.2854232788086,84.3819961547852,,,,,,,,,
2755,235759691,47.279295,-122.1967916667,Auburn City Limits,King,87.9085159301758,60.3489379882812,84.3153305053711,,,,,,,,,
2756,235760125,47.2794216667,-122.1965416667,Auburn City Limits,King,87.8779754638672,60.2682189941406,84.0844192504883,,,,,,,,,
2757,235760313,47.277375,-122.1996466667,Auburn City Limits,King,88.6079254150391,60.7925186157227,84.6948165893555,,,,,,,,,
2758,235760592,47.27758,-122.199455,Auburn City Limits,King,88.43505859375,60.6797103881836,84.6305847167969,,,,,,,,,
2759,235760784,47.2789083333,-122.198975,Auburn City Limits,King,87.8832244873047,60.6969871520996,85.0513000488281,,,,,,,,,
2760,235761157,47.2789633333,-122.19905,Auburn City Limits,King,88.0351257324219,60.757453918457,84.9994506835938,,,,,,,,,
2761,235761285,47.2759366667,-122.2021783333,Auburn City Limits,King,89.2848739624023,61.7605628967285,85.7494888305664,,,,,,,,,
2762,235966565,47.486825,-122.3112033333,Seatac City Limits,King,90.9931945800781,61.3235702514648,86.6578216552734,,,,,,,,,
2763,235967015,47.4867533333,-122.3112033333,Seatac City Limits,King,90.8911743164062,61.4528541564941,86.587516784668,,,,,,,,,
2764,235967106,47.486775,-122.3112716667,Seatac City Limits,King,91.0192184448242,61.432731628418,86.6447830200195,,,,,,,,,
2765,235967708,47.4867883333,-122.3113716667,Seatac City Limits,King,91.1109771728516,61.3310356140137,86.545036315918,,,,,,,,,
2766,235968691,47.4870866667,-122.310905,Seatac City Limits,King,90.9968566894531,61.2639274597168,86.9804763793945,,,,,,,,,
2767,236326879,47.3054337921,-122.5190070459,Tacoma,Pierce,,,,,,,,,,26.4854640960693,15.7087335586548,24.4530925750732
2768,236329173,47.3051882023,-122.5188956504,Tacoma,Pierce,,,,,,,,,,26.3201332092285,15.7481937408447,24.7498531341553
2769,236351850,47.3053760827,-122.5188752824,Tacoma,Pierce,,,,,,,,,,26.399585723877,15.6748695373535,24.3970699310303
2770,236351982,47.3052957422,-122.5189000928,Tacoma,Pierce,,,,,,,,,,26.0893859863281,15.7241468429565,24.5462970733643
2771,236352114,47.3052543131,-122.5189191713,Tacoma,Pierce,,,,,,,,,,26.3201332092285,15.7481937408447,24.7498531341553
2772,236352345,47.3051762064,-122.5188854176,Tacoma,Pierce,,,,,,,,,,26.3201332092285,15.7481937408447,24.7498531341553
2773,236352445,47.3050203131,-122.5188810659,Tacoma,Pierce,,,,,,,,,,27.3062229156494,15.7486362457275,25.4962272644043
2774,236352543,47.3049841531,-122.5188862627,Tacoma,Pierce,,,,,,,,,,27.6253261566162,15.6823902130127,25.6327857971191
2775,236352678,47.3049491131,-122.5189438463,Tacoma,Pierce,,,,,,,,,,27.6253261566162,15.6823902130127,25.6327857971191
2776,236352742,47.3050351531,-122.5187817403,Tacoma,Pierce,,,,,,,,,,27.2839431762695,15.7179269790649,25.5780467987061
2777,236352804,47.3050462631,-122.5187923853,Tacoma,Pierce,,,,,,,,,,27.2839431762695,15.7179269790649,25.5780467987061
2778,236352970,47.3045206331,-122.5187900384,Tacoma,Pierce,,,,,,,,,,28.227087020874,15.7102403640747,27.0554962158203
2779,236353073,47.3042397531,-122.5188058802,Tacoma,Pierce,,,,,,,,,,28.3406391143799,15.8315763473511,27.5403270721436
2780,236353244,47.3036032331,-122.5187960734,Tacoma,Pierce,,,,,,,,,,29.5589008331299,15.6396036148071,28.175422668457
2781,236656883,47.3754216667,-122.313745,Des Moines City Limits,King,87.4220886230469,59.6760864257812,83.3747787475586,,,,,,,,,
2782,236657061,47.3753133333,-122.3148583333,Des Moines City Limits,King,87.7334213256836,59.1352157592773,83.4763336181641,,,,,,,,,
2783,236657150,47.372525,-122.323555,Des Moines City Limits,King,89.5661544799805,61.0724945068359,84.9271011352539,,,,,,,,,
2784,236657246,47.373355,-122.3223716667,Des Moines City Limits,King,89.0815887451172,60.0331687927246,84.4638671875,,,,,,,,,
2785,236657432,47.3739166667,-122.322425,Des Moines City Limits,King,89.2074661254883,60.0338134765625,84.2097396850586,,,,,,,,,
2786,236657743,47.375075,-122.32145,Des Moines City Limits,King,88.9361724853516,60.0205459594727,84.549072265625,,,,,,,,,
2787,236657829,47.3754383333,-122.3202533333,Des Moines City Limits,King,89.1418304443359,59.8062324523926,84.4284820556641,,,,,,,,,
2788,236658107,47.3754166667,-122.318925,Des Moines City Limits,King,89.3360824584961,59.1936721801758,84.6350250244141,,,,,,,,,
2789,236658196,47.3757633333,-122.31533,Des Moines City Limits,King,87.8787612915039,59.0272598266602,83.7153396606445,,,,,,,,,
2790,236658279,47.3753883333,-122.318825,Des Moines City Limits,King,89.386474609375,59.034309387207,84.6189727783203,,,,,,,,,
2791,237141966,47.239331,-122.494356,Tacoma,Pierce,,,,,,,,,,31.1996173858643,16.0648536682129,29.5739631652832
2792,237145038,47.240881,-122.49483,Tacoma,Pierce,,,,,,,,,,31.4392395019531,16.0966892242432,29.143310546875
2793,237352877,47.5566883333,-122.2480166667,,King,,,,,,,,,,,,
2794,237353199,47.5558783333,-122.24755,,King,,,,,,,,,,,,
2795,237353693,47.55517,-122.2472133333,,King,,,,,,,,,,,,
2796,237354052,47.5541,-122.2468416667,,King,,,,,,,,,,,,
2797,237354236,47.5538366667,-122.2467033333,,King,,,,,,,,,,,,
2798,237354763,47.5530133333,-122.2466966667,,King,,,,,,,,,,,,
2799,237354861,47.5525383333,-122.246825,,King,,,,,,,,,,,,
2800,237356216,47.54932,-122.2522416667,,King,,,,,,,,,,,,
2801,237356754,47.5493,-122.2529533333,,King,,,,,,,,,,,,
2802,237356978,47.5491916667,-122.25408,,King,,,,,,,,,,,,
2803,237909753,47.3091592094,-122.5240576433,Tacoma,Pierce,,,,,,,,,,25.7392559051514,15.7088165283203,25.1017398834229
2804,237918831,47.3096991231,-122.5272146719,Tacoma,Pierce,,,,,,,,,,26.2771472930908,15.5256099700928,25.5669841766357
2805,237923863,47.3104526873,-122.5290861503,Tacoma,Pierce,,,,,,,,,,26.2522773742676,15.1909704208374,25.5376205444336
2806,237927875,47.3089612367,-122.5307267866,Tacoma,Pierce,,,,,,,,,,26.4603672027588,15.2006397247314,25.7827568054199
2807,237931639,47.3087305431,-122.5311642232,Tacoma,Pierce,,,,,,,,,,26.4829769134521,15.2046270370483,25.6999797821045
2808,237935754,47.3084209218,-122.5312101913,Tacoma,Pierce,,,,,,,,,,26.4669704437256,15.2224636077881,25.4379234313965
2809,237937638,47.3101933522,-122.532474865,Tacoma,Pierce,,,,,,,,,,26.3261737823486,15.4510669708252,25.4462795257568
2810,237952977,47.3101429655,-122.5325768736,Tacoma,Pierce,,,,,,,,,,26.3191566467285,15.4884901046753,25.4708232879639
2811,237955035,47.3101055716,-122.5290866197,Tacoma,Pierce,,,,,,,,,,26.2887802124023,15.1054630279541,25.5867500305176
2812,237955164,47.3094083731,-122.5297470299,Tacoma,Pierce,,,,,,,,,,26.4560260772705,15.1628170013428,25.8181571960449
2813,237955236,47.3085012431,-122.5308679418,Tacoma,Pierce,,,,,,,,,,26.4715099334717,15.1989336013794,25.6652431488037
2814,237955393,47.3082695231,-122.5312070736,Tacoma,Pierce,,,,,,,,,,26.4669704437256,15.2295503616333,25.2464160919189
2815,237955519,47.3098711731,-122.5319642947,Tacoma,Pierce,,,,,,,,,,26.4216804504395,15.274040222168,25.5727005004883
2816,237955596,47.3101027636,-122.5325035864,Tacoma,Pierce,,,,,,,,,,26.3264141082764,15.4641437530518,25.4476871490479
2817,238435912,47.65055,-122.19365,,King,86.7596130371094,59.1005172729492,83.5645370483398,,,,,,,,,
2818,238436589,47.64822,-122.1894383333,,King,89.4358367919922,57.4512138366699,84.0473937988281,,,,,,,,,
2819,238436723,47.6485366667,-122.1889883333,,King,89.3449554443359,57.610107421875,84.193229675293,,,,,,,,,
2820,238438159,47.6495783333,-122.18902,,King,89.202766418457,57.5403747558594,84.148078918457,,,,,,,,,
2821,238438676,47.65008,-122.1892616667,,King,89.2049865722656,57.7998733520508,83.9690628051758,,,,,,,,,
2822,238439117,47.6502833333,-122.190955,,King,89.1262588500977,57.8801651000977,83.8476104736328,,,,,,,,,
2823,238439354,47.6502116667,-122.1913,,King,89.1748352050781,57.895263671875,83.798698425293,,,,,,,,,
2824,238440013,47.6499283333,-122.1918116667,,King,89.1162872314453,58.0207939147949,83.70947265625,,,,,,,,,
2825,238440537,47.6501166667,-122.1914666667,,King,89.1966934204102,57.9189376831055,83.7486038208008,,,,,,,,,
2826,238441046,47.65007,-122.193445,,King,87.1043472290039,58.8387451171875,83.4737854003906,,,,,,,,,
2827,238447663,47.3092165246,-122.5243525857,Tacoma,Pierce,,,,,,,,,,25.8810195922852,15.6116571426392,25.0977802276611
2828,238449375,47.3099279618,-122.5253924803,Tacoma,Pierce,,,,,,,,,,25.6883563995361,15.6884832382202,25.0281925201416
2829,238451883,47.3098813231,-122.526238298,Tacoma,Pierce,,,,,,,,,,26.1538372039795,15.6261167526245,25.3884105682373
2830,238455499,47.3085988431,-122.5247323049,Tacoma,Pierce,,,,,,,,,,26.2973709106445,15.5589437484741,25.4565773010254
2831,238457146,47.3077778264,-122.5251572551,Tacoma,Pierce,,,,,,,,,,26.4418640136719,15.2282600402832,25.8639659881592
2832,238460136,47.3074145631,-122.5259254667,Tacoma,Pierce,,,,,,,,,,26.5651741027832,15.229829788208,25.7487258911133
2833,238462789,47.3072798177,-122.5260517001,Tacoma,Pierce,,,,,,,,,,26.5812358856201,15.2361536026001,25.7259693145752
2834,238464703,47.3065301531,-122.5280505313,Tacoma,Pierce,,,,,,,,,,26.6085567474365,15.4028367996216,25.5704402923584
2835,238475549,47.3073834647,-122.525992524,Tacoma,Pierce,,,,,,,,,,26.5592231750488,15.2303895950317,25.7291030883789
2836,238475681,47.3065858831,-122.5286475906,Tacoma,Pierce,,,,,,,,,,26.5480327606201,15.3819532394409,25.3675861358643
2837,238707094,47.3060531194,-122.5307584051,Tacoma,Pierce,,,,,,,,,,26.5463237762451,15.4071769714355,25.7491340637207
2838,239733594,47.1584058044,-122.2876553894,"Puyallup, WA",Pierce,,,,85.1999969482422,59.4000015258789,81.8000030517578,,,,,,
2839,239734078,47.1584099293,-122.2875635401,"Puyallup, WA",Pierce,,,,85.1999969482422,59.4000015258789,81.8000030517578,,,,,,
2840,239734595,47.1621426406,-122.2862888321,"Puyallup, WA",Pierce,,,,83.9000015258789,58.7000007629395,80.8000030517578,,,,,,
2841,239735192,47.1609223259,-122.2877047974,"Puyallup, WA",Pierce,,,,84.5999984741211,59.2999992370605,81.8000030517578,,,,,,
2842,239838989,47.1597679893,-122.2858242211,"Puyallup, WA",Pierce,,,,84.9000015258789,59.2999992370605,81.5999984741211,,,,,,
2843,239840415,47.1590302471,-122.2854602336,"Puyallup, WA",Pierce,,,,84.8000030517578,59.0999984741211,81.0999984741211,,,,,,
2844,240171708,47.3045034429,-122.5328697001,Tacoma,Pierce,,,,,,,,,,26.3759670257568,15.7532930374146,25.7671432495117
2845,240174445,47.3045232579,-122.5328653578,Tacoma,Pierce,,,,,,,,,,26.3739261627197,15.7524271011353,25.7512168884277
2846,240176472,47.3046305274,-122.5326490773,Tacoma,Pierce,,,,,,,,,,26.3375797271729,15.7360868453979,25.4589233398438
2847,240178374,47.304296263,-122.5326950815,Tacoma,Pierce,,,,,,,,,,25.9948635101318,15.7489633560181,25.6350574493408
2848,240179241,47.3043031153,-122.5325363596,Tacoma,Pierce,,,,,,,,,,25.9457874298096,15.7354230880737,25.2604999542236
2849,240180347,47.3040977587,-122.5324919355,Tacoma,Pierce,,,,,,,,,,25.655876159668,15.7073001861572,25.2776927947998
2850,240181955,47.304143386,-122.5325482066,Tacoma,Pierce,,,,,,,,,,25.6707305908203,15.707070350647,25.4304275512695
2851,240182877,47.3046512438,-122.5325879338,Tacoma,Pierce,,,,,,,,,,26.3400630950928,15.7137136459351,25.2254104614258
2852,240185426,47.3041823069,-122.5325692772,Tacoma,Pierce,,,,,,,,,,25.7299137115479,15.7237701416016,25.3037891387939
2853,240187568,47.3040514067,-122.5323567354,Tacoma,Pierce,,,,,,,,,,25.7224159240723,15.6869029998779,25.5930061340332
2854,240188509,47.303734638,-122.5327988411,Tacoma,Pierce,,,,,,,,,,25.7283668518066,15.6936902999878,26.0760498046875
2855,240188752,47.3039735714,-122.5325254897,Tacoma,Pierce,,,,,,,,,,25.6910133361816,15.6750802993774,25.6664924621582
2856,240192663,47.3042099986,-122.5328111704,Tacoma,Pierce,,,,,,,,,,25.9881763458252,15.7425537109375,25.6213569641113
2857,240192756,47.3040950632,-122.5325485158,Tacoma,Pierce,,,,,,,,,,25.6707305908203,15.707070350647,25.4304275512695
2858,241912320,47.3042750875,-122.5332643034,Tacoma,Pierce,,,,,,,,,,26.3483829498291,15.8181533813477,25.6734733581543
2859,241913614,47.3039379015,-122.533310835,Tacoma,Pierce,,,,,,,,,,25.6916770935059,15.8519601821899,25.3370609283447
2860,241914631,47.3040606021,-122.5334054438,Tacoma,Pierce,,,,,,,,,,25.7924194335938,15.8521070480347,25.4400997161865
2861,241915784,47.3039986949,-122.5330630106,Tacoma,Pierce,,,,,,,,,,25.9616966247559,15.7743301391602,25.5608806610107
2862,241916881,47.303955392,-122.5331043174,Tacoma,Pierce,,,,,,,,,,25.8679275512695,15.7740230560303,25.5090675354004
2863,241917857,47.3038886721,-122.5331691933,Tacoma,Pierce,,,,,,,,,,25.8667392730713,15.8329563140869,25.4680461883545
2864,241920011,47.30378679,-122.533303639,Tacoma,Pierce,,,,,,,,,,25.5390396118164,15.8391466140747,25.1033267974854
2865,241921325,47.3038294168,-122.5329765914,Tacoma,Pierce,,,,,,,,,,25.6225528717041,15.7406063079834,25.5720691680908
2866,241922454,47.3038306728,-122.5327586594,Tacoma,Pierce,,,,,,,,,,25.7460441589355,15.6508769989014,25.9658641815186
2867,241923428,47.3038563873,-122.5327237277,Tacoma,Pierce,,,,,,,,,,25.7460441589355,15.6508769989014,25.9658641815186
2868,241924447,47.3037777788,-122.5327652711,Tacoma,Pierce,,,,,,,,,,25.7283668518066,15.6936902999878,26.0760498046875
2869,241925604,47.303661732,-122.5329146349,Tacoma,Pierce,,,,,,,,,,25.5728340148926,15.7366504669189,25.9295673370361
2870,241927524,47.3040760031,-122.5327599044,Tacoma,Pierce,,,,,,,,,,25.6882839202881,15.7055969238281,25.387300491333
2871,241928137,47.3040301231,-122.5334755065,Tacoma,Pierce,,,,,,,,,,25.9946842193604,15.8393135070801,25.3521099090576
2872,241938355,47.3040733362,-122.5328351701,Tacoma,Pierce,,,,,,,,,,25.9945030212402,15.7171268463135,25.5440368652344
2873,242110641,47.3041464934,-122.5324798663,Tacoma,Pierce,,,,,,,,,,25.655876159668,15.7073001861572,25.2776927947998
2874,242110760,47.3043435918,-122.5315724622,,Pierce,,,,,,,,,,26.4178829193115,15.5205364227295,25.390552520752
2875,242110879,47.3041881168,-122.5327750731,Tacoma,Pierce,,,,,,,,,,25.9881763458252,15.7425537109375,25.6213569641113
2876,242186489,45.4932789412,-122.6987124515,Portland,Multnomah,,,,,,,28.3644714355469,15.6645765304565,27.5086860656738,,,
2877,242523646,47.3038966463,-122.5240282083,Tacoma,Pierce,,,,,,,,,,28.9594459533691,15.3882436752319,25.2776069641113
2878,242524986,47.3040473829,-122.5239400653,Tacoma,Pierce,,,,,,,,,,28.8486232757568,15.4689235687256,24.9743499755859
2879,242525399,47.304127105,-122.5241678729,Tacoma,Pierce,,,,,,,,,,28.8171234130859,15.3635568618774,25.5154724121094
2880,242528323,47.3040786731,-122.5239570992,Tacoma,Pierce,,,,,,,,,,28.8486232757568,15.4689235687256,24.9743499755859
2881,242529625,47.3042624908,-122.5239395919,Tacoma,Pierce,,,,,,,,,,28.7796096801758,15.4494371414185,25.0689334869385
2882,242530306,47.3041408331,-122.5239809324,Tacoma,Pierce,,,,,,,,,,28.8052406311035,15.4682369232178,24.9909896850586
2883,242530716,47.3041278984,-122.524228331,Tacoma,Pierce,,,,,,,,,,28.8171234130859,15.3635568618774,25.5154724121094
2884,242531816,47.3040904213,-122.5241245791,Tacoma,Pierce,,,,,,,,,,28.8244228363037,15.397912979126,25.3496799468994
2885,242533133,47.3037659942,-122.5244042722,Tacoma,Pierce,,,,,,,,,,29.0262336730957,15.3186197280884,25.8218975067139
2886,242534084,47.3036921331,-122.5242078696,Tacoma,Pierce,,,,,,,,,,29.0920391082764,15.3304595947266,25.7315864562988
2887,242534641,47.3037935874,-122.5243185369,Tacoma,Pierce,,,,,,,,,,29.0262336730957,15.3186197280884,25.8218975067139
2888,242535874,47.303500479,-122.5241102993,Tacoma,Pierce,,,,,,,,,,29.1697425842285,15.313383102417,25.7323436737061
2889,242537038,47.3035885672,-122.5240665706,Tacoma,Pierce,,,,,,,,,,29.1014099121094,15.3333730697632,25.6660499572754
2890,242539109,47.3036747824,-122.5240619331,Tacoma,Pierce,,,,,,,,,,29.0456600189209,15.3422203063965,25.6646995544434
2891,242540433,47.3033330531,-122.5242866114,Tacoma,Pierce,,,,,,,,,,29.2321605682373,15.2839031219482,25.7004928588867
2892,242541489,47.3034492059,-122.5240099821,Tacoma,Pierce,,,,,,,,,,29.2480068206787,15.3233861923218,25.8289127349854
2893,242541921,47.30330638,-122.5241818241,Tacoma,Pierce,,,,,,,,,,29.2321605682373,15.2839031219482,25.7004928588867
2894,242542100,47.3037491972,-122.5239928534,Tacoma,Pierce,,,,,,,,,,28.9990940093994,15.3543930053711,25.3962936401367
2895,242542571,47.3033608631,-122.5240886404,Tacoma,Pierce,,,,,,,,,,29.2183361053467,15.2909698486328,25.7452926635742
2896,242547345,47.3029182206,-122.5249033396,Tacoma,Pierce,,,,,,,,,,29.2469635009766,15.1889867782593,25.9505157470703
2897,242549073,47.3041174395,-122.5247836157,Tacoma,Pierce,,,,,,,,,,28.9571838378906,15.2484903335571,25.9254894256592
2898,242549868,47.3030499783,-122.5240480515,Tacoma,Pierce,,,,,,,,,,29.0336570739746,15.2418432235718,25.797607421875
2899,242558967,47.3030352543,-122.5240807155,Tacoma,Pierce,,,,,,,,,,29.0336570739746,15.2418432235718,25.797607421875
2900,242559078,47.3045735918,-122.5243023772,Tacoma,Pierce,,,,,,,,,,28.6608142852783,15.335223197937,25.3194808959961
2901,243662613,47.3043502482,-122.5242911826,Tacoma,Pierce,,,,,,,,,,28.7643737792969,15.3704633712769,25.2714195251465
2902,243664542,47.3042984025,-122.5243951548,Tacoma,Pierce,,,,,,,,,,28.8238162994385,15.3215465545654,25.457426071167
2903,243665705,47.3043126295,-122.5245169028,Tacoma,Pierce,,,,,,,,,,28.8577537536621,15.2912731170654,25.5750160217285
2904,243666470,47.304314735,-122.5245461638,Tacoma,Pierce,,,,,,,,,,28.8577537536621,15.2912731170654,25.5750160217285
2905,243669946,47.3050388831,-122.5241940788,Tacoma,Pierce,,,,,,,,,,28.4410228729248,15.3763303756714,25.4018325805664
2906,243671521,47.3053207831,-122.5236763188,Tacoma,Pierce,,,,,,,,,,28.2436141967773,15.4332265853882,25.3656768798828
2907,243674496,47.3052412831,-122.5230455671,Tacoma,Pierce,,,,,,,,,,28.1511497497559,15.5298337936401,25.7512168884277
2908,243677228,47.3054229731,-122.5231889446,Tacoma,Pierce,,,,,,,,,,28.1853427886963,15.5016632080078,25.7718563079834
2909,243678189,47.3042706871,-122.5246790283,Tacoma,Pierce,,,,,,,,,,28.8862838745117,15.2578868865967,25.9145908355713
2910,243680547,47.3042724894,-122.5247672056,Tacoma,Pierce,,,,,,,,,,28.8522491455078,15.2418670654297,25.9180202484131
2911,243680862,47.3053298411,-122.5232686518,Tacoma,Pierce,,,,,,,,,,28.1815204620361,15.4750862121582,25.6600704193115
2912,243681047,47.3054860631,-122.5232475036,Tacoma,Pierce,,,,,,,,,,28.2556991577148,15.4625196456909,25.6986408233643
2913,243681819,47.3059047845,-122.5234966322,Tacoma,Pierce,,,,,,,,,,28.0215759277344,15.414587020874,25.76220703125
2914,243681976,47.3055681863,-122.5240803445,Tacoma,Pierce,,,,,,,,,,28.1175441741943,15.3805103302002,25.4462394714355
2915,243700631,47.3062045264,-122.5238232052,Tacoma,Pierce,,,,,,,,,,27.5145492553711,15.3703336715698,26.2584800720215
2916,243702325,47.3088612831,-122.522580339,Tacoma,Pierce,,,,,,,,,,25.4867935180664,16.3675060272217,25.2140026092529
2917,243702631,47.3074044831,-122.5237198396,Tacoma,Pierce,,,,,,,,,,26.4593029022217,15.395580291748,25.8094806671143
2918,243705213,47.3060504839,-122.5238254574,Tacoma,Pierce,,,,,,,,,,27.9335632324219,15.4016399383545,25.8321895599365
2919,243705929,47.3061096878,-122.523759422,Tacoma,Pierce,,,,,,,,,,27.9144535064697,15.3938570022583,26.0148792266846
2920,243706022,47.3087290732,-122.5225554237,Tacoma,Pierce,,,,,,,,,,25.504020690918,16.3424301147461,25.1613826751709
2921,243722110,45.3082382027,-121.8378829492,,Clackamas,,,,,,,,,,,,
2922,244211789,47.3043056414,-122.5240490311,Tacoma,Pierce,,,,,,,,,,28.6960124969482,15.4096870422363,25.2069435119629
2923,244211839,47.304061097,-122.5241816295,Tacoma,Pierce,,,,,,,,,,28.869743347168,15.3375864028931,25.656063079834
2924,244938596,45.4792833333,-122.6834416667,Portland,Multnomah,,,,,,,28.1751651763916,15.9866809844971,27.1631965637207,,,
2925,245641853,45.4915473792,-121.830053311,,Hood River,,,,,,,,,,,,
2926,245644708,45.487666673,-121.8148883333,,Hood River,,,,,,,,,,,,
2927,245825372,45.4778833333,-122.6708633333,Portland,Multnomah,,,,,,,32.4409980773926,16.8915634155273,29.6959438323975,,,
2928,245828842,45.4769044742,-122.6706139651,Portland,Multnomah,,,,,,,32.2411270141602,16.8775520324707,29.5256233215332,,,
2929,245832539,45.4762516667,-122.670105,Portland,Multnomah,,,,,,,32.189266204834,16.8410911560059,29.4382247924805,,,
2930,245836790,45.4740708461,-122.6699766052,Portland,Multnomah,,,,,,,31.9351234436035,16.5879745483398,29.4253044128418,,,
2931,245839379,45.4716605461,-122.6705411264,Portland,Multnomah,,,,,,,31.3316783905029,16.6515998840332,28.9406681060791,,,
2932,245841492,45.4725249298,-122.6707778313,Portland,Multnomah,,,,,,,31.6109104156494,16.691556930542,28.8480834960938,,,
2933,245843201,45.473084841,-122.6707852912,Portland,Multnomah,,,,,,,31.79128074646,16.693115234375,28.9949779510498,,,
2934,245845342,45.4740349297,-122.6706971136,Portland,Multnomah,,,,,,,31.7851715087891,16.555871963501,29.0918388366699,,,
2935,245847341,45.4742896976,-122.6707397775,Portland,Multnomah,,,,,,,31.883903503418,16.5295581817627,29.1104488372803,,,
2936,245849366,45.4757838557,-122.670918312,Portland,Multnomah,,,,,,,31.9136333465576,16.698070526123,29.4721946716309,,,
2937,245850731,45.476881885,-122.6708800906,Portland,Multnomah,,,,,,,32.1742706298828,16.8202018737793,29.5820732116699,,,
2938,246007121,45.513875,-122.719702,Portland,Multnomah,,,,,,,26.3782730102539,15.7816715240479,27.3883171081543,,,
2939,246007626,45.513834,-122.71968,Portland,Multnomah,,,,,,,26.4079322814941,15.7784357070923,27.3858699798584,,,
2940,246014686,45.513696,-122.719527,Portland,Multnomah,,,,,,,26.4118423461914,15.763614654541,27.3900852203369,,,
2941,246016361,45.513723,-122.719652,Portland,Multnomah,,,,,,,26.410192489624,15.7650413513184,27.3890800476074,,,
2942,246020132,45.513537,-122.719606,Portland,Multnomah,,,,,,,26.3796463012695,15.7916965484619,27.3573188781738,,,
2943,246179666,46.5950423768,-122.9101353139,,Lewis,,,,,,,,,,,,
2944,246354053,47.3035851676,-122.5254241854,Tacoma,Pierce,,,,,,,,,,28.8749027252197,15.2350664138794,25.9958992004395
2945,246355878,47.3037594431,-122.525760313,Tacoma,Pierce,,,,,,,,,,28.7612991333008,15.246319770813,26.1015071868896
2946,246357329,47.3040010763,-122.5264915086,Tacoma,Pierce,,,,,,,,,,28.3295726776123,15.4357032775879,25.8286399841309
2947,246358840,47.3040059031,-122.5267278605,Tacoma,Pierce,,,,,,,,,,28.336540222168,15.4728965759277,25.5755271911621
2948,246359662,47.3090102131,-122.5225497187,Tacoma,Pierce,,,,,,,,,,25.4777908325195,16.5909099578857,25.3426666259766
2949,246360574,47.3041436757,-122.5278266695,Tacoma,Pierce,,,,,,,,,,27.8050098419189,15.4192199707031,25.4575862884521
2950,246361705,47.3041642169,-122.5279228442,Tacoma,Pierce,,,,,,,,,,27.7583675384521,15.3990602493286,25.3736400604248
2951,246362055,47.3038538789,-122.5283090555,Tacoma,Pierce,,,,,,,,,,27.6133708953857,15.3825063705444,25.2261562347412
2952,246364151,47.3039050831,-122.5284605043,Tacoma,Pierce,,,,,,,,,,27.5933799743652,15.3446731567383,25.1988639831543
2953,246364393,47.3039102031,-122.5284343066,Tacoma,Pierce,,,,,,,,,,27.5933799743652,15.3446731567383,25.1988639831543
2954,246364959,47.3037906638,-122.5282103077,Tacoma,Pierce,,,,,,,,,,27.7162227630615,15.3977098464966,25.349193572998
2955,246366970,47.3039230335,-122.5283631129,Tacoma,Pierce,,,,,,,,,,27.5994091033936,15.3747997283936,25.1939697265625
2956,246367279,47.3038664763,-122.5283616799,Tacoma,Pierce,,,,,,,,,,27.5994091033936,15.3747997283936,25.1939697265625
2957,246367411,47.3038155019,-122.5286541975,Tacoma,Pierce,,,,,,,,,,27.4063396453857,15.3331537246704,25.1803894042969
2958,246371320,47.3039749903,-122.5285156193,Tacoma,Pierce,,,,,,,,,,27.6149196624756,15.3280296325684,25.1858406066895
2959,246371533,47.3040266231,-122.5286033905,Tacoma,Pierce,,,,,,,,,,27.4571704864502,15.3190364837646,25.150110244751
2960,246371960,47.3039843331,-122.5285416353,Tacoma,Pierce,,,,,,,,,,27.4571704864502,15.3190364837646,25.150110244751
2961,246375388,47.3041370046,-122.5274892739,Tacoma,Pierce,,,,,,,,,,27.8888530731201,15.423939704895,25.4473628997803
2962,246376618,47.3039160646,-122.5282701969,Tacoma,Pierce,,,,,,,,,,27.5994091033936,15.3747997283936,25.1939697265625
2963,246376682,47.3038042562,-122.5284647645,Tacoma,Pierce,,,,,,,,,,27.6095657348633,15.3592662811279,25.1857624053955
2964,246376839,47.3039871014,-122.5285660386,Tacoma,Pierce,,,,,,,,,,27.4571704864502,15.3190364837646,25.150110244751
2965,246376892,47.3039567794,-122.5285133504,Tacoma,Pierce,,,,,,,,,,27.6149196624756,15.3280296325684,25.1858406066895
2966,246376958,47.3039683031,-122.5284991868,Tacoma,Pierce,,,,,,,,,,27.6149196624756,15.3280296325684,25.1858406066895
2967,246496405,45.5128722351,-122.7162438207,Portland,Multnomah,,,,,,,26.8886547088623,14.9976100921631,27.3209285736084,,,
2968,246992700,45.5168316667,-122.714595,Portland,Multnomah,,,,,,,27.592170715332,15.3728427886963,27.4025192260742,,,
2969,247008341,45.501244,-122.845542,,Washington,,,,,,,,,,,,
2970,247010162,45.5176083333,-122.7180616667,Portland,Multnomah,,,,,,,27.4274501800537,15.4077816009521,27.4007568359375,,,
2971,247010233,45.5169016667,-122.717885,Portland,Multnomah,,,,,,,27.4601707458496,15.2350254058838,27.3937816619873,,,
2972,247010321,45.5169433333,-122.7177666667,Portland,Multnomah,,,,,,,27.4869956970215,15.2587118148804,27.4035320281982,,,
2973,247010384,45.5172233333,-122.7178466667,Portland,Multnomah,,,,,,,27.5295791625977,15.28626537323,27.4019355773926,,,
2974,247648447,47.3037772979,-122.528632092,Tacoma,Pierce,,,,,,,,,,27.4063396453857,15.3331537246704,25.1803894042969
2975,247649163,47.3039299022,-122.5286072432,Tacoma,Pierce,,,,,,,,,,27.4266204833984,15.3294334411621,25.1670894622803
2976,247650814,47.3038472594,-122.5283663315,Tacoma,Pierce,,,,,,,,,,27.6133708953857,15.3825063705444,25.2261562347412
2977,247651158,47.303835676,-122.528798226,Tacoma,Pierce,,,,,,,,,,27.1353759765625,15.3060131072998,25.0905227661133
2978,247652022,47.3039604028,-122.5287067779,Tacoma,Pierce,,,,,,,,,,27.1831035614014,15.29563331604,25.0877475738525
2979,247652097,47.3038551456,-122.5287117422,Tacoma,Pierce,,,,,,,,,,27.1590900421143,15.3249502182007,25.1088600158691
2980,247653125,47.3037852905,-122.5287674307,Tacoma,Pierce,,,,,,,,,,27.1590900421143,15.3249502182007,25.1088600158691
2981,247653693,47.3037986643,-122.5289356522,Tacoma,Pierce,,,,,,,,,,27.0290794372559,15.3004398345947,25.0851573944092
2982,247656792,47.3038466301,-122.5288714062,Tacoma,Pierce,,,,,,,,,,27.1353759765625,15.3060131072998,25.0905227661133
2983,247656986,47.303860538,-122.5288901646,Tacoma,Pierce,,,,,,,,,,27.1353759765625,15.3060131072998,25.0905227661133
2984,247658553,47.3047591231,-122.5301413026,Tacoma,Pierce,,,,,,,,,,26.5035572052002,15.2728996276855,25.1175994873047
2985,247660774,47.3048299331,-122.5303058937,Tacoma,Pierce,,,,,,,,,,26.50758934021,15.269947052002,25.1339664459229
2986,247672989,47.3037474031,-122.5289946255,Tacoma,Pierce,,,,,,,,,,27.0822525024414,15.3045797348022,25.1274127960205
2987,247673089,47.3044552431,-122.5304130853,Tacoma,Pierce,,,,,,,,,,26.5290870666504,15.281156539917,25.1989707946777
2988,247771455,47.3038603924,-122.5289188981,Tacoma,Pierce,,,,,,,,,,27.1353759765625,15.3060131072998,25.0905227661133
2989,247771547,47.304443381,-122.5303775075,Tacoma,Pierce,,,,,,,,,,26.5290870666504,15.281156539917,25.1989707946777
2990,247771583,47.3047025048,-122.5302516303,Tacoma,Pierce,,,,,,,,,,26.4955902099609,15.2682104110718,25.1511669158936
2991,247771630,47.3048017656,-122.5303316649,Tacoma,Pierce,,,,,,,,,,26.50758934021,15.269947052002,25.1339664459229
2992,248285906,45.5131669112,-122.7141137915,Portland,Multnomah,,,,,,,27.4131259918213,15.1189222335815,27.3581123352051,,,
2993,248288387,45.5143227308,-122.7156443033,Portland,Multnomah,,,,,,,27.5121116638184,15.2264013290405,27.4312782287598,,,
2994,248291746,45.5116490571,-122.7180056632,Portland,Multnomah,,,,,,,27.5037612915039,14.9026412963867,27.2986736297607,,,
2995,248292477,45.5119667394,-122.7187076852,Portland,Multnomah,,,,,,,27.290901184082,14.9106922149658,27.3073139190674,,,
2996,248346431,45.4788094915,-122.4986648889,Portland,Multnomah,,,,,,,29.6241455078125,15.6041088104248,26.6512069702148,,,
2997,249237014,45.5087265124,-122.5966088905,Portland,Multnomah,,,,,,,30.455659866333,14.9301481246948,27.5689735412598,,,
2998,249237886,45.5085843885,-122.5970380439,Portland,Multnomah,,,,,,,30.9967517852783,15.0018606185913,27.6416301727295,,,
2999,249238802,45.5085548005,-122.5934209212,Portland,Multnomah,,,,,,,30.4849185943604,14.9792976379395,27.2010135650635,,,
3000,249242493,45.5074892541,-122.5904655338,Portland,Multnomah,,,,,,,31.4056453704834,15.1740570068359,28.0247478485107,,,
3001,249242755,45.5131647117,-122.5900817974,Portland,Multnomah,,,,,,,30.1884346008301,14.9959602355957,26.7488708496094,,,
3002,249243682,45.5157759299,-122.5947504045,Portland,Multnomah,,,,,,,29.8938846588135,15.8643856048584,27.1705532073975,,,
3003,249438595,45.5416574393,-122.7908456946,,Multnomah,,,,,,,,,,,,
3004,249554393,47.2443522096,-122.5238160789,Tacoma,Pierce,,,,,,,,,,31.6105403900146,16.3065872192383,29.5137271881104
3005,249554534,47.2444216342,-122.523811683,Tacoma,Pierce,,,,,,,,,,31.635160446167,16.3093700408936,29.485200881958
3006,249554655,47.244391,-122.523831,Tacoma,Pierce,,,,,,,,,,31.635160446167,16.3093700408936,29.485200881958
3007,249554952,47.2443670954,-122.5238554836,Tacoma,Pierce,,,,,,,,,,31.635160446167,16.3093700408936,29.485200881958
3008,249554954,47.2444274091,-122.5238420629,Tacoma,Pierce,,,,,,,,,,31.635160446167,16.3093700408936,29.485200881958
3009,249554987,47.24449543,-122.52383891,Tacoma,Pierce,,,,,,,,,,31.6476573944092,16.2905673980713,29.4812393188477
3010,249555016,47.2444033536,-122.5238545607,Tacoma,Pierce,,,,,,,,,,31.635160446167,16.3093700408936,29.485200881958
3011,249555042,47.2443951806,-122.5238936116,Tacoma,Pierce,,,,,,,,,,31.635160446167,16.3093700408936,29.485200881958
3012,249555061,47.24451817,-122.52373037,Tacoma,Pierce,,,,,,,,,,31.6266193389893,16.3048439025879,29.4782867431641
3013,249923634,47.3043111261,-122.5325540117,Tacoma,Pierce,,,,,,,,,,25.9457874298096,15.7354230880737,25.2604999542236
3014,249924761,47.3037392915,-122.532829404,Tacoma,Pierce,,,,,,,,,,25.7283668518066,15.6936902999878,26.0760498046875
3015,249930734,47.3055819662,-122.5303995783,Tacoma,Pierce,,,,,,,,,,26.509464263916,15.3721771240234,25.3326263427734
3016,249931311,47.3055213495,-122.5304963346,Tacoma,Pierce,,,,,,,,,,26.5090637207031,15.3541030883789,25.2754058837891
3017,249932247,47.3055425923,-122.5304894865,Tacoma,Pierce,,,,,,,,,,26.5090637207031,15.3541030883789,25.2754058837891
3018,249934191,47.3057084544,-122.5305482422,Tacoma,Pierce,,,,,,,,,,26.5036907196045,15.3874664306641,25.4130172729492
3019,249938227,47.3060040731,-122.5314769453,Tacoma,Pierce,,,,,,,,,,26.5324993133545,15.4451665878296,25.9589729309082
3020,249938248,47.3050424019,-122.5303001338,Tacoma,Pierce,,,,,,,,,,26.5067024230957,15.2847270965576,25.1219806671143
3021,249938319,47.3050722831,-122.5302247648,Tacoma,Pierce,,,,,,,,,,26.5153274536133,15.2840662002563,25.1120166778564
3022,249938434,47.3053115431,-122.5302775084,Tacoma,Pierce,,,,,,,,,,26.5021705627441,15.3223361968994,25.1817474365234
3023,249938462,47.3052966531,-122.5301883261,Tacoma,Pierce,,,,,,,,,,26.5116901397705,15.3094263076782,25.1617870330811
3024,249938489,47.3054497231,-122.5304478408,Tacoma,Pierce,,,,,,,,,,26.5009136199951,15.3327369689941,25.3133773803711
3025,249938513,47.3055020431,-122.5304489134,Tacoma,Pierce,,,,,,,,,,26.5090637207031,15.3541030883789,25.2754058837891
3026,249954187,47.3044878816,-122.5316703072,Tacoma,Pierce,,,,,,,,,,26.4132499694824,15.4843902587891,25.3909797668457
3027,249954222,47.3049334913,-122.5303504454,Tacoma,Pierce,,,,,,,,,,26.510440826416,15.2761669158936,25.1358375549316
3028,250367922,45.515912,-122.717202,,Multnomah,,,,,,,27.5028038024902,15.2847728729248,27.3799705505371,,,
3029,250454369,45.4955632197,-122.5602044261,Portland,Multnomah,,,,,,,30.6235256195068,14.9219303131104,29.329719543457,,,
3030,250454684,45.4957831541,-122.5605249853,Portland,Multnomah,,,,,,,30.6182136535645,14.9885234832764,29.3159027099609,,,
3031,250455155,45.4947690579,-122.5606110451,Portland,Multnomah,,,,,,,30.9619789123535,14.8883352279663,29.7005596160889,,,
3032,250457151,45.4945504848,-122.5594224653,Portland,Multnomah,,,,,,,30.9954433441162,14.6377019882202,29.7323722839355,,,
3033,250702265,45.4946746229,-122.5606569917,Portland,Multnomah,,,,,,,31.123514175415,14.8869733810425,29.7131366729736,,,
3034,250702644,45.4948416667,-122.5605666667,Portland,Multnomah,,,,,,,30.9624614715576,14.8693571090698,29.6491317749023,,,
3035,250704650,45.4957057435,-122.556445051,Portland,Multnomah,,,,,,,30.7400512695312,14.3349733352661,28.2041091918945,,,
3036,250722766,47.3031454653,-122.5240590402,Tacoma,Pierce,,,,,,,,,,29.0449466705322,15.256573677063,25.7678604125977
3037,250723012,47.3058270919,-122.5308896914,Tacoma,Pierce,,,,,,,,,,26.5321464538574,15.4169263839722,25.7148876190186
3038,250723945,47.3059603631,-122.5307387899,Tacoma,Pierce,,,,,,,,,,26.5197372436523,15.4094762802124,25.7077732086182
3039,250724348,47.3062039531,-122.5320723615,Tacoma,Pierce,,,,,,,,,,26.5048942565918,15.4121932983398,25.8270397186279
3040,250724710,47.3061199335,-122.5321522362,Tacoma,Pierce,,,,,,,,,,26.4756393432617,15.4109535217285,25.8331394195557
3041,250725397,47.3061647026,-122.5320390155,Tacoma,Pierce,,,,,,,,,,26.5048942565918,15.4121932983398,25.8270397186279
3042,250726045,47.3054148515,-122.5323002239,Tacoma,Pierce,,,,,,,,,,26.3874130249023,15.4551935195923,25.251989364624
3043,250727749,47.3047599731,-122.5330675311,Tacoma,Pierce,,,,,,,,,,26.3478164672852,15.7553968429565,25.6596508026123
3044,250731033,47.3047222753,-122.5324219027,Tacoma,Pierce,,,,,,,,,,26.3610439300537,15.6319332122803,25.1998596191406
3045,250733444,49.1170971667,-122.7995,,Greater Vancouver,,,,,,,,,,,,
3046,250796723,47.3051841648,-122.5327756067,Tacoma,Pierce,,,,,,,,,,26.3265571594238,15.6399202346802,25.2733669281006
3047,250796726,47.3050522514,-122.533190248,Tacoma,Pierce,,,,,,,,,,26.318452835083,15.7388668060303,25.5570602416992
3048,250863265,45.5183916667,-122.7163083333,Portland,Multnomah,,,,,,,27.6188182830811,15.7063846588135,27.4629898071289,,,
3049,250863588,45.5177916667,-122.7173083333,Portland,Multnomah,,,,,,,27.450647354126,15.2748966217041,27.4196910858154,,,
3050,250863708,45.5178116667,-122.7177366667,Portland,Multnomah,,,,,,,27.5398426055908,15.4778690338135,27.4124050140381,,,
3051,250864331,45.4705916667,-122.7227866667,Portland,Multnomah,,,,,,,29.5728206634521,14.9867582321167,24.2512245178223,,,
3052,250864825,45.4705883333,-122.7228,Portland,Multnomah,,,,,,,29.574426651001,14.9886913299561,24.2433166503906,,,
3053,250865069,45.4705866667,-122.72282,Portland,Multnomah,,,,,,,29.5686264038086,14.9930782318115,24.2509746551514,,,
3054,250865863,45.4705,-122.7226533333,Portland,Multnomah,,,,,,,29.5894184112549,15.0227899551392,24.2779140472412,,,
3055,250962862,45.473045,-122.72252,Portland,Multnomah,,,,,,,30.5406608581543,14.7036161422729,24.2177810668945,,,
3056,250963508,45.475645,-122.72048,Portland,Multnomah,,,,,,,30.4605236053467,14.7063007354736,24.8813285827637,,,
3057,250964000,45.4755633333,-122.7198333333,Portland,Multnomah,,,,,,,30.5341491699219,14.625581741333,25.2564601898193,,,
3058,250964651,45.4750333333,-122.7200916667,Portland,Multnomah,,,,,,,30.6118774414062,14.6034841537476,25.2557029724121,,,
3059,251810839,47.3084764484,-122.5302907791,Tacoma,Pierce,,,,,,,,,,26.4536800384521,15.2055168151855,25.7274036407471
3060,251815441,47.3070797603,-122.5314876987,Tacoma,Pierce,,,,,,,,,,26.4937725067139,15.3455362319946,25.2539100646973
3061,251816634,47.3063698298,-122.5315982531,Tacoma,Pierce,,,,,,,,,,26.5379009246826,15.4168262481689,25.7714595794678
3062,251816727,47.3070237306,-122.52932471,Tacoma,Pierce,,,,,,,,,,26.5087375640869,15.299690246582,25.4068336486816
3063,251817718,47.3078212693,-122.5288741722,Tacoma,Pierce,,,,,,,,,,26.5360660552979,15.2786865234375,25.8428993225098
3064,251818433,47.3077587711,-122.5290482346,Tacoma,Pierce,,,,,,,,,,26.4839191436768,15.2472562789917,25.6720027923584
3065,251819326,47.3085014784,-122.5289629876,Tacoma,Pierce,,,,,,,,,,26.5228462219238,15.2252769470215,25.9731636047363
3066,251820093,47.3088009905,-122.5303628494,Tacoma,Pierce,,,,,,,,,,26.4649600982666,15.1991729736328,25.77370262146
3067,251822084,47.3080089631,-122.5306483249,Tacoma,Pierce,,,,,,,,,,26.4819869995117,15.2213201522827,25.3633060455322
3068,251822129,47.3077038831,-122.5310910879,Tacoma,Pierce,,,,,,,,,,26.4829959869385,15.2364568710327,25.1549072265625
3069,251822165,47.3077913631,-122.5308629609,Tacoma,Pierce,,,,,,,,,,26.4809894561768,15.2290363311768,25.244047164917
3070,251822209,47.3071783831,-122.5315304585,Tacoma,Pierce,,,,,,,,,,26.4867496490479,15.320276260376,25.2672290802002
3071,251900888,47.3080572845,-122.5286531697,Tacoma,Pierce,,,,,,,,,,26.5337505340576,15.2740831375122,25.8540191650391
3072,251958291,45.516532846,-122.713978848,Portland,Multnomah,,,,,,,27.6362247467041,15.421459197998,27.4145584106445,,,
3073,251959102,45.5165546562,-122.7149595257,Portland,Multnomah,,,,,,,27.4806747436523,15.293963432312,27.4207859039307,,,
3074,251960435,45.5165233915,-122.7148063927,Portland,Multnomah,,,,,,,27.460636138916,15.2875328063965,27.4170665740967,,,
3075,251961658,45.5164281984,-122.714785369,Portland,Multnomah,,,,,,,27.5015525817871,15.2943859100342,27.4171962738037,,,
3076,251962123,45.5163654154,-122.7144524492,Portland,Multnomah,,,,,,,27.5202598571777,15.3077554702759,27.412239074707,,,
3077,252526151,47.7116952925,-122.3777212793,,King,89.9590454101562,59.398323059082,83.7037124633789,,,,,,,,,
3078,252526152,47.7117422161,-122.3775699246,,King,89.9683074951172,59.3778800964355,83.640754699707,,,,,,,,,
3079,252632353,47.3063140112,-122.5183311006,Tacoma,Pierce,,,,,,,,,,27.1752300262451,16.1468601226807,25.9849128723145
3080,252632785,47.3063003769,-122.5185349729,Tacoma,Pierce,,,,,,,,,,27.0909729003906,16.027717590332,26.0220642089844
3081,252633042,47.306403491,-122.51855967,Tacoma,Pierce,,,,,,,,,,27.2907905578613,16.1491165161133,25.9991397857666
3082,252633822,47.3067196782,-122.5191712758,Tacoma,Pierce,,,,,,,,,,26.910816192627,16.0696067810059,25.4998302459717
3083,252634225,47.3067245092,-122.5190509257,Tacoma,Pierce,,,,,,,,,,27.0985908508301,16.282262802124,25.4434070587158
3084,252635022,47.3071524594,-122.5198312384,Tacoma,Pierce,,,,,,,,,,25.2869625091553,16.2127342224121,25.0148258209229
3085,252636222,47.3072106718,-122.5197359362,Tacoma,Pierce,,,,,,,,,,25.6094837188721,16.41921043396,24.9551963806152
3086,252637463,47.3085143564,-122.5224677816,Tacoma,Pierce,,,,,,,,,,25.665563583374,16.0444660186768,25.0835609436035
3087,252637685,47.3072159631,-122.5198022755,Tacoma,Pierce,,,,,,,,,,25.3511371612549,16.3653659820557,24.9746570587158
3088,252638037,47.3086342231,-122.5229984071,Tacoma,Pierce,,,,,,,,,,25.8475170135498,15.8062295913696,25.0594234466553
3089,252640600,47.3078168929,-122.5222303068,Tacoma,Pierce,,,,,,,,,,25.4747657775879,15.5804395675659,24.997537612915
3090,252640842,47.310529612,-122.5282444899,Tacoma,Pierce,,,,,,,,,,26.1675262451172,15.6473932266235,25.3847541809082
3091,252646090,47.3167772831,-122.5402153584,Tacoma,Pierce,,,,,,,,,,25.6960067749023,16.5120906829834,25.3150768280029
3092,252654578,47.3105357727,-122.5286086836,Tacoma,Pierce,,,,,,,,,,26.2140140533447,15.5452632904053,25.4465770721436
3093,252978482,45.5215712364,-122.7019009622,Portland,Multnomah,,,,,,,28.4105186462402,16.6596431732178,27.7121086120605,,,
3094,252980289,45.5212751166,-122.7024048796,Portland,Multnomah,,,,,,,28.5748233795166,16.6463813781738,27.6060886383057,,,
3095,252980814,45.52158965,-122.7011785044,Portland,Multnomah,,,,,,,28.5754089355469,16.7587032318115,27.9583396911621,,,
3096,252981222,45.5214843653,-122.7014792127,Portland,Multnomah,,,,,,,28.5620193481445,16.7559471130371,27.9333763122559,,,
3097,252981694,45.520961585,-122.7014695208,Portland,Multnomah,,,,,,,28.7029418945312,16.7387104034424,27.7883586883545,,,
3098,252982185,45.5206586078,-122.7018623056,Portland,Multnomah,,,,,,,28.5752983093262,16.7326927185059,27.6248302459717,,,
3099,252982606,45.5206491548,-122.7023542252,Portland,Multnomah,,,,,,,28.7060070037842,16.6791000366211,27.5610866546631,,,
3100,253070960,47.3883341919,-122.3017667234,Des Moines City Limits,King,89.0429840087891,62.3320579528809,85.9133682250977,,,,,,,,,
3101,253072625,47.3879666667,-122.3005366667,Des Moines City Limits,King,89.0878601074219,62.0612487792969,86.1706771850586,,,,,,,,,
3102,253072854,47.3889583333,-122.3005366667,Des Moines City Limits,King,89.0686264038086,62.0393829345703,86.1227416992188,,,,,,,,,
3103,253072865,47.3894883333,-122.3004216667,Des Moines City Limits,King,89.2643356323242,62.1376762390137,86.2923049926758,,,,,,,,,
3104,253073222,47.3890134367,-122.3004887347,Des Moines City Limits,King,89.1488418579102,62.0800399780273,86.1620025634766,,,,,,,,,
3105,253073249,47.3883341919,-122.3017667234,Des Moines City Limits,King,89.0429840087891,62.3320579528809,85.9133682250977,,,,,,,,,
3106,253073376,47.387975,-122.3013616667,Des Moines City Limits,King,89.1669235229492,62.1042442321777,85.8902816772461,,,,,,,,,
3107,253073564,47.3883341919,-122.3017667234,Des Moines City Limits,King,89.0429840087891,62.3320579528809,85.9133682250977,,,,,,,,,
3108,253073581,47.388872034,-122.3010554352,Des Moines City Limits,King,89.1199493408203,62.1957817077637,86.0760803222656,,,,,,,,,
3109,253073894,47.38853,-122.3010116667,Des Moines City Limits,King,89.1563873291016,62.0690650939941,86.0750198364258,,,,,,,,,
3110,253073954,47.38817,-122.30213,Des Moines City Limits,King,89.2503967285156,62.4203948974609,85.7859268188477,,,,,,,,,
3111,253115922,47.387425,-122.3022,Des Moines City Limits,King,89.3799057006836,62.3649749755859,85.9924697875977,,,,,,,,,
3112,253116376,47.3880416667,-122.30237,Des Moines City Limits,King,89.3829116821289,62.4113883972168,85.8284149169922,,,,,,,,,
3113,253122395,45.649071,-122.762973,Portland,Multnomah,,,,,,,31.4940586090088,15.0127391815186,28.5519676208496,,,
3114,253181078,47.387975,-122.301475,Des Moines City Limits,King,89.1791152954102,62.1548118591309,85.9086532592773,,,,,,,,,
3115,253181346,47.3895216667,-122.3003833333,Des Moines City Limits,King,89.2783432006836,62.1375122070312,86.2743911743164,,,,,,,,,
3116,253255887,47.3879527778,-122.30265,Des Moines City Limits,King,89.3012619018555,62.6142387390137,85.6765289306641,,,,,,,,,
3117,253256193,47.3879527778,-122.30265,Des Moines City Limits,King,89.3012619018555,62.6142387390137,85.6765289306641,,,,,,,,,
3118,253435609,45.5208058134,-122.7014342155,Portland,Multnomah,,,,,,,28.5574417114258,16.7390632629395,27.7011184692383,,,
3119,253540605,47.1942087875,-122.4540870264,Tacoma,Pierce,,,,,,,,,,29.9854030609131,16.0792102813721,29.3447170257568
3120,253574506,47.245939,-122.526148,Tacoma,Pierce,,,,,,,,,,32.064281463623,16.6985702514648,29.6047668457031
3121,253808512,45.5184715185,-122.7146085303,Portland,Multnomah,,,,,,,27.5770778656006,16.1350479125977,27.505350112915,,,
3122,253810941,45.5174923928,-122.7150174266,Portland,Multnomah,,,,,,,27.4809284210205,15.8857593536377,27.4154300689697,,,
3123,253812703,45.5169935908,-122.7141465103,Portland,Multnomah,,,,,,,27.6251640319824,15.911693572998,27.4243431091309,,,
3124,253812746,45.5172800388,-122.7134066456,Portland,Multnomah,,,,,,,27.65700340271,15.893458366394,27.4595241546631,,,
3125,253822988,45.5168094937,-122.7147232888,Portland,Multnomah,,,,,,,27.5608444213867,15.41379737854,27.4197845458984,,,
3126,253847067,47.3879366667,-122.301255,Des Moines City Limits,King,89.0083541870117,62.1378784179688,85.896842956543,,,,,,,,,
3127,253847239,47.3874466667,-122.30147,Des Moines City Limits,King,89.2222290039062,62.2044677734375,86.0356292724609,,,,,,,,,
3128,254048764,47.2182966731,-122.446495,Tacoma,Pierce,,,,,,,,,,31.9719905853271,16.9078807830811,29.8146800994873
3129,254053219,47.3089265997,-122.5223764997,Tacoma,Pierce,,,,,,,,,,25.4407863616943,16.6596660614014,25.2796268463135
3130,254251069,47.390755,-122.6753083333,,Pierce,,,,,,,,,,,,
3131,254268524,47.0531666667,-122.9816283333,,Thurston,,,,,,,,,,,,
3132,254364467,47.195325,-122.4551166667,Tacoma,Pierce,,,,,,,,,,30.6156730651855,15.894700050354,29.0536499023438
3133,254444856,45.5494064283,-122.6829876667,Portland,Multnomah,,,,,,,31.769287109375,16.5127658843994,29.2164707183838,,,
3134,254445543,45.5492098952,-122.6820383638,Portland,Multnomah,,,,,,,31.7976417541504,16.5240325927734,29.2359867095947,,,
3135,254449407,47.2191687552,-122.39714181,Tacoma,Pierce,,,,,,,,,,32.1708450317383,15.9793500900269,29.3933925628662
3136,254553791,45.5227518645,-122.7041162344,Portland,Multnomah,,,,,,,28.9181232452393,16.3450794219971,27.5962390899658,,,
3137,254554213,45.5223428122,-122.7047366882,Portland,Multnomah,,,,,,,28.9571781158447,16.4557437896729,27.5358772277832,,,
3138,254554714,45.5222607076,-122.7045013102,Portland,Multnomah,,,,,,,28.8727054595947,16.4186916351318,27.5158290863037,,,
3139,254555125,45.5231067359,-122.7047416785,Portland,Multnomah,,,,,,,29.0194854736328,16.4179096221924,27.5892200469971,,,
3140,254555702,45.5234074904,-122.703871912,Portland,Multnomah,,,,,,,28.6809997558594,16.3624801635742,27.6484241485596,,,
3141,254555982,45.5234970424,-122.7037761581,Portland,Multnomah,,,,,,,28.4243297576904,16.3744716644287,27.6594505310059,,,
3142,254572363,45.5238729206,-122.7045913696,Portland,Multnomah,,,,,,,28.278112411499,16.3531169891357,27.7330570220947,,,
3143,254661671,45.5808077555,-122.710844358,Portland,Multnomah,,,,,,,31.3564739227295,14.0180988311768,28.9865169525146,,,
3144,254662386,45.5804365424,-122.7091093052,Portland,Multnomah,,,,,,,31.2021503448486,14.1142988204956,28.9195022583008,,,
3145,254663175,45.5780969897,-122.7104531662,Portland,Multnomah,,,,,,,31.428991317749,15.612696647644,29.0506687164307,,,
3146,254663874,45.578842957,-122.7106469513,Portland,Multnomah,,,,,,,31.5273342132568,15.4067811965942,29.06911277771,,,
3147,254664848,45.5773178874,-122.7123527321,Portland,Multnomah,,,,,,,31.4397888183594,15.8018178939819,29.1229953765869,,,
3148,254665524,45.5796651197,-122.7128723181,Portland,Multnomah,,,,,,,31.3781833648682,15.2181558609009,29.1050319671631,,,
3149,254841389,47.3080556546,-122.532009405,Tacoma,Pierce,,,,,,,,,,26.4794006347656,15.3884563446045,25.1534175872803
3150,254841726,47.3080732123,-122.5322979686,Tacoma,Pierce,,,,,,,,,,26.4860992431641,15.4463195800781,25.2573928833008
3151,254841895,47.3083440711,-122.5323185288,Tacoma,Pierce,,,,,,,,,,26.4798774719238,15.4531269073486,25.2228260040283
3152,254842328,47.3082929191,-122.5320132149,Tacoma,Pierce,,,,,,,,,,26.4866008758545,15.3927965164185,25.1138801574707
3153,254842992,47.3084362291,-122.5321976976,Tacoma,Pierce,,,,,,,,,,26.4773960113525,15.4593667984009,25.2224159240723
3154,254843388,47.308530414,-122.5319147336,Tacoma,Pierce,,,,,,,,,,26.4848098754883,15.3221197128296,25.1902866363525
3155,254843853,47.3087205918,-122.5326008659,Tacoma,Pierce,,,,,,,,,,26.4611663818359,15.5219297409058,25.4692859649658
3156,254844048,47.3087456794,-122.5324871739,Tacoma,Pierce,,,,,,,,,,26.4752006530762,15.5146102905273,25.5874996185303
3157,254844767,47.3093105623,-122.532785123,Tacoma,Pierce,,,,,,,,,,26.5166568756104,15.5284070968628,25.7577857971191
3158,254845110,47.3091625987,-122.5327602841,Tacoma,Pierce,,,,,,,,,,26.5167236328125,15.5304336547852,25.7499027252197
3159,254846082,47.3094056249,-122.5329012358,Tacoma,Pierce,,,,,,,,,,26.5069236755371,15.5349264144897,25.7498340606689
3160,254846315,47.3097147631,-122.5329008052,Tacoma,Pierce,,,,,,,,,,26.4437141418457,15.5293264389038,25.6527309417725
3161,254846485,47.3094108344,-122.5328731772,Tacoma,Pierce,,,,,,,,,,26.5069236755371,15.5349264144897,25.7498340606689
3162,254847925,47.3096260768,-122.5329331934,Tacoma,Pierce,,,,,,,,,,26.4485130310059,15.530873298645,25.672306060791
3163,254848054,47.3098935121,-122.5331130342,Tacoma,Pierce,,,,,,,,,,26.3688697814941,15.5347003936768,25.6443672180176
3164,254848507,47.3107018915,-122.5331110704,Tacoma,Pierce,,,,,,,,,,26.2612724304199,15.4983863830566,25.4072933197021
3165,254848821,47.3096564979,-122.5329021627,Tacoma,Pierce,,,,,,,,,,26.4437141418457,15.5293264389038,25.6527309417725
3166,254849460,47.310128598,-122.5330264236,Tacoma,Pierce,,,,,,,,,,26.3305358886719,15.5263595581055,25.5891437530518
3167,254851381,47.3093312452,-122.5328389361,Tacoma,Pierce,,,,,,,,,,26.5166568756104,15.5284070968628,25.7577857971191
3168,254858188,47.3103243558,-122.5332404146,Tacoma,Pierce,,,,,,,,,,26.3083095550537,15.5338134765625,25.5156936645508
3169,254858214,47.3106929431,-122.5331371744,Tacoma,Pierce,,,,,,,,,,26.2612724304199,15.4983863830566,25.4072933197021
3170,254869953,47.3107084897,-122.5331373535,Tacoma,Pierce,,,,,,,,,,26.2612724304199,15.4983863830566,25.4072933197021
3171,255304097,47.3131663354,-122.5295547151,Tacoma,Pierce,,,,,,,,,,25.3835105895996,16.5463600158691,25.2368240356445
3172,255311399,47.3122617023,-122.5285881335,Tacoma,Pierce,,,,,,,,,,25.6002769470215,16.0379199981689,25.1986331939697
3173,255312306,47.3122486985,-122.5287559536,Tacoma,Pierce,,,,,,,,,,25.6056632995605,15.9113063812256,25.2086429595947
3174,255312833,47.3121116667,-122.5286116667,Tacoma,Pierce,,,,,,,,,,25.5925464630127,15.7948999404907,25.1758899688721
3175,255313511,47.3121116667,-122.5286116667,Tacoma,Pierce,,,,,,,,,,25.5925464630127,15.7948999404907,25.1758899688721
3176,255314171,47.3123133333,-122.5273883333,Tacoma,Pierce,,,,,,,,,,25.2713832855225,16.8165760040283,25.0192604064941
3177,256184803,47.69273302,-122.35136061,,King,88.6013641357422,62.5336685180664,84.4397277832031,,,,,,,,,
3178,257156627,47.3061304396,-122.5185515443,Tacoma,Pierce,,,,,,,,,,27.1514797210693,15.9274463653564,25.833366394043
3179,257171280,47.3061501628,-122.5185346226,Tacoma,Pierce,,,,,,,,,,27.1514797210693,15.9274463653564,25.833366394043
3180,258067110,47.304091543,-122.5334598188,Tacoma,Pierce,,,,,,,,,,26.0771198272705,15.8582162857056,25.4251003265381
3181,258067836,47.3042792817,-122.5333229679,Tacoma,Pierce,,,,,,,,,,26.2710266113281,15.8348598480225,25.608793258667
3182,258070794,47.3038910422,-122.5327992233,Tacoma,Pierce,,,,,,,,,,25.6976108551025,15.7211599349976,25.569673538208
3183,258516171,47.3040071603,-122.5329944083,Tacoma,Pierce,,,,,,,,,,25.9585838317871,15.7551431655884,25.55495262146
3184,258595396,47.3044573507,-122.5243608659,Tacoma,Pierce,,,,,,,,,,28.8083171844482,15.3386936187744,25.4375438690186
3185,258599407,47.3083946217,-122.5234229676,Tacoma,Pierce,,,,,,,,,,26.1930160522461,15.5811834335327,25.2858009338379
3186,258600069,47.3039071207,-122.5240627811,Tacoma,Pierce,,,,,,,,,,28.9326763153076,15.362250328064,25.632640838623
3187,258773859,47.3090034503,-122.5227666626,Tacoma,Pierce,,,,,,,,,,25.5025005340576,16.5481796264648,25.2781200408936
3188,258777136,47.3073493547,-122.5314137314,Tacoma,Pierce,,,,,,,,,,26.4714965820312,15.2821969985962,25.2203235626221
3189,258778489,47.3060750943,-122.5313927832,Tacoma,Pierce,,,,,,,,,,26.5407657623291,15.4389228820801,25.947416305542
3190,258785158,47.3061692831,-122.5314508721,Tacoma,Pierce,,,,,,,,,,26.5357494354248,15.4328565597534,25.8916091918945
3191,259467813,47.3055285579,-122.5306769262,Tacoma,Pierce,,,,,,,,,,26.5071239471436,15.3847703933716,25.4499225616455
3192,259469265,47.3060261652,-122.5306727129,Tacoma,Pierce,,,,,,,,,,26.5197372436523,15.4094762802124,25.7077732086182
3193,259470059,47.306216211,-122.5305986766,Tacoma,Pierce,,,,,,,,,,26.5528469085693,15.4009571075439,25.7412395477295
3194,259471900,47.3086329398,-122.5309643035,Tacoma,Pierce,,,,,,,,,,26.4616641998291,15.1972064971924,25.7071723937988
3195,259815738,47.607886,-122.524215,,Kitsap,,,,,,,,,,,,
3196,260932588,47.3106536472,-122.5330696029,Tacoma,Pierce,,,,,,,,,,26.2624473571777,15.4842262268066,25.3986797332764
3197,260933248,47.3108485502,-122.5332412452,Tacoma,Pierce,,,,,,,,,,26.2668800354004,15.5171699523926,25.4480762481689
3198,260933346,47.3110016801,-122.5332698641,Tacoma,Pierce,,,,,,,,,,26.2646961212158,15.5009031295776,25.4573993682861
3199,260933885,47.3109245379,-122.5334378428,Tacoma,Pierce,,,,,,,,,,26.2657070159912,15.5302534103394,25.3996925354004
3200,260934642,47.3111943937,-122.5336383187,Tacoma,Pierce,,,,,,,,,,26.2613773345947,15.5333404541016,25.3182239532471
3201,260935004,47.3111629268,-122.5330965005,Tacoma,Pierce,,,,,,,,,,26.2737827301025,15.4817371368408,25.3867530822754
3202,260936086,47.3108719196,-122.533254138,Tacoma,Pierce,,,,,,,,,,26.2668800354004,15.5171699523926,25.4480762481689
3203,260936208,47.311124246,-122.5329846917,Tacoma,Pierce,,,,,,,,,,26.2701740264893,15.4502401351929,25.3998260498047
3204,260936548,47.3116811037,-122.5325940988,Tacoma,Pierce,,,,,,,,,,26.2558994293213,15.2676362991333,25.3813209533691
3205,260937394,47.3119679069,-122.5326177046,Tacoma,Pierce,,,,,,,,,,26.2145729064941,15.2843837738037,25.407190322876
3206,260938069,47.31219844,-122.5326461731,Tacoma,Pierce,,,,,,,,,,26.1629734039307,15.2936334609985,25.3279438018799
3207,260939237,47.3128748481,-122.532627876,Tacoma,Pierce,,,,,,,,,,26.1484203338623,15.6575698852539,25.3735065460205
3208,260941302,47.3114057576,-122.5327962344,Tacoma,Pierce,,,,,,,,,,26.2822933197021,15.2884197235107,25.4495029449463
3209,260942510,47.3117223592,-122.5324199841,Tacoma,Pierce,,,,,,,,,,26.2065162658691,15.259373664856,25.4286460876465
3210,260942676,47.3112755973,-122.5327826145,Tacoma,Pierce,,,,,,,,,,26.2808265686035,15.2934703826904,25.4726524353027
3211,260942719,47.312265895,-122.5323901145,Tacoma,Pierce,,,,,,,,,,26.1587696075439,15.3689403533936,25.3086967468262
3212,260942748,47.3121467893,-122.5329268733,Tacoma,Pierce,,,,,,,,,,26.1851596832275,15.3339071273804,25.400089263916
3213,261059593,45.5050203026,-122.6826302729,Portland,Multnomah,,,,,,,31.7205848693848,17.1262607574463,28.0627670288086,,,
3215,261557233,45.4238970892,-122.7570850085,,Washington,,,,,,,,,,,,
3216,262311222,47.3126692486,-122.5327864802,Tacoma,Pierce,,,,,,,,,,26.197380065918,15.4426069259644,25.3631839752197
3217,262312494,47.3130654219,-122.532531798,Tacoma,Pierce,,,,,,,,,,26.1373062133789,15.7182569503784,25.3837375640869
3218,262314969,47.3139870372,-122.5327388245,Tacoma,Pierce,,,,,,,,,,25.5613098144531,15.6844596862793,25.0987796783447
3219,262315104,47.313786752,-122.5328125263,Tacoma,Pierce,,,,,,,,,,25.6607532501221,15.6747465133667,25.0495700836182
3220,262317694,47.3143218454,-122.5325959771,Tacoma,Pierce,,,,,,,,,,25.5554904937744,15.7897996902466,25.1987342834473
3221,262317812,47.3147212448,-122.5329547243,Tacoma,Pierce,,,,,,,,,,25.5922966003418,16.1728134155273,25.2193603515625
3222,262318764,47.3148458431,-122.5330913155,Tacoma,Pierce,,,,,,,,,,25.6180171966553,16.1894073486328,25.2317867279053
3223,262321495,47.3154872311,-122.5336122476,Tacoma,Pierce,,,,,,,,,,25.5959091186523,16.6949100494385,25.3652458190918
3224,262322415,47.3153115593,-122.5335493205,Tacoma,Pierce,,,,,,,,,,25.6090927124023,16.5785675048828,25.3086376190186
3225,262322707,47.3154195488,-122.533704453,Tacoma,Pierce,,,,,,,,,,25.5959091186523,16.6949100494385,25.3652458190918
3226,262324234,47.3153616813,-122.5336206734,Tacoma,Pierce,,,,,,,,,,25.6051273345947,16.6835708618164,25.3345203399658
3227,262325465,47.3154780424,-122.5336547167,Tacoma,Pierce,,,,,,,,,,25.5959091186523,16.6949100494385,25.3652458190918
3228,263200221,47.3156993047,-122.5341835575,Tacoma,Pierce,,,,,,,,,,25.6615962982178,16.7075862884521,25.3878936767578
3229,263200487,47.3157090945,-122.5340524083,Tacoma,Pierce,,,,,,,,,,25.6761074066162,16.740083694458,25.4034996032715
3230,263201001,47.3157430037,-122.5341226921,Tacoma,Pierce,,,,,,,,,,25.6615962982178,16.7075862884521,25.3878936767578
3231,263201066,47.316134627,-122.5343065174,Tacoma,Pierce,,,,,,,,,,25.6428775787354,16.759090423584,25.3952941894531
3232,263201513,47.3159893721,-122.5346226732,Tacoma,Pierce,,,,,,,,,,25.6776428222656,16.7363433837891,25.3922939300537
3233,263202088,47.316226006,-122.5344248502,Tacoma,Pierce,,,,,,,,,,25.6267395019531,16.7655735015869,25.4011669158936
3234,263202173,47.3162035198,-122.5346369485,Tacoma,Pierce,,,,,,,,,,25.64794921875,16.7471103668213,25.38645362854
3235,263202850,47.3162661971,-122.5347138734,Tacoma,Pierce,,,,,,,,,,25.6401405334473,16.76025390625,25.3990993499756
3236,263203370,47.3162739492,-122.5357050859,Tacoma,Pierce,,,,,,,,,,25.6762199401855,16.750316619873,25.4214897155762
3237,263203573,47.3164703266,-122.5360186346,Tacoma,Pierce,,,,,,,,,,25.6563396453857,16.7590770721436,25.4313697814941
3238,263204798,47.3165181626,-122.5363790531,Tacoma,Pierce,,,,,,,,,,25.6677703857422,16.7607192993164,25.4568824768066
3239,263205133,47.3164616951,-122.536445684,Tacoma,Pierce,,,,,,,,,,25.6588706970215,16.7607231140137,25.432149887085
3240,263205356,47.3165707935,-122.5359082591,Tacoma,Pierce,,,,,,,,,,25.6387767791748,16.7515830993652,25.4381904602051
3241,263205943,47.316250144,-122.5369298487,Tacoma,Pierce,,,,,,,,,,25.7207164764404,16.4522476196289,25.3577270507812
3242,263206229,47.3161865779,-122.5362691461,Tacoma,Pierce,,,,,,,,,,25.7355365753174,16.5337963104248,25.3383941650391
3243,263206441,47.3164675855,-122.5364446651,Tacoma,Pierce,,,,,,,,,,25.6588706970215,16.7607231140137,25.432149887085
3244,263206958,47.3156303418,-122.5367954374,Tacoma,Pierce,,,,,,,,,,25.7499008178711,16.0185699462891,25.2339363098145
3245,263206973,47.3160804019,-122.536616864,Tacoma,Pierce,,,,,,,,,,25.7450008392334,16.3492107391357,25.3007202148438
3246,263207152,47.3161074647,-122.5369362643,Tacoma,Pierce,,,,,,,,,,25.7544727325439,16.3494567871094,25.263069152832
3247,263208289,47.3157468885,-122.5368937004,Tacoma,Pierce,,,,,,,,,,25.7499008178711,16.0623397827148,25.2354927062988
3248,263208470,47.316010633,-122.5368249428,,Pierce,,,,,,,,,,25.7580242156982,16.1992340087891,25.2965393066406
3249,263208633,47.3162579183,-122.5369651735,Tacoma,Pierce,,,,,,,,,,25.7207164764404,16.4522476196289,25.3577270507812
3250,263209174,47.3159461115,-122.5370915919,Tacoma,Pierce,,,,,,,,,,25.7567157745361,16.0790157318115,25.2938098907471
3251,263219506,47.3161397206,-122.5368896447,Tacoma,Pierce,,,,,,,,,,25.7413368225098,16.4085903167725,25.2878036499023
3252,264018741,47.3154704224,-122.537236786,Tacoma,Pierce,,,,,,,,,,25.752233505249,16.0351428985596,25.176607131958
3253,264018836,47.3158289894,-122.5371948209,Tacoma,Pierce,,,,,,,,,,25.7525939941406,16.1004428863525,25.277322769165
3254,264019758,47.3154179251,-122.539039899,Tacoma,Pierce,,,,,,,,,,25.744686126709,16.0156230926514,25.1923999786377
3255,264020659,47.3158856259,-122.5394639873,Tacoma,Pierce,,,,,,,,,,25.7380828857422,16.3137874603271,25.2098598480225
3256,264020668,47.3158537928,-122.5395536005,Tacoma,Pierce,,,,,,,,,,25.7374839782715,16.3174171447754,25.2243766784668
3257,264021742,47.3155737105,-122.5381482723,Tacoma,Pierce,,,,,,,,,,25.7555274963379,16.0783958435059,25.2179336547852
3258,264022330,47.3169636781,-122.5405948161,Tacoma,Pierce,,,,,,,,,,25.6545066833496,16.7419128417969,25.3774242401123
3259,264022819,47.3167138082,-122.5402607834,Tacoma,Pierce,,,,,,,,,,25.6960067749023,16.5120906829834,25.3150768280029
3260,264023399,47.3156063398,-122.5392345832,Tacoma,Pierce,,,,,,,,,,25.733757019043,16.2710704803467,25.2004203796387
3261,264023577,47.3161707601,-122.5397048648,Tacoma,Pierce,,,,,,,,,,25.7466373443604,16.3461093902588,25.2482204437256
3262,264023687,47.3171627236,-122.5405638996,Tacoma,Pierce,,,,,,,,,,25.6346797943115,16.7436237335205,25.3595161437988
3263,264023827,47.3172786593,-122.5404902402,Tacoma,Pierce,,,,,,,,,,25.6245765686035,16.7446002960205,25.3624897003174
3264,264024276,47.3162828007,-122.5398156724,Tacoma,Pierce,,,,,,,,,,25.7290802001953,16.3365230560303,25.2460994720459
3265,264026864,47.3174931513,-122.5410682957,Tacoma,Pierce,,,,,,,,,,25.6060657501221,16.7500095367432,25.3765468597412
3266,264031587,47.3174060365,-122.5409883978,Tacoma,Pierce,,,,,,,,,,25.6131572723389,16.7377433776855,25.3643264770508
3267,264031597,47.3171383958,-122.5405917285,Tacoma,Pierce,,,,,,,,,,25.6363067626953,16.7437362670898,25.3885231018066
3268,264031598,47.3178135976,-122.5416846981,Tacoma,Pierce,,,,,,,,,,25.5601997375488,16.797119140625,25.4244060516357
3269,264033502,47.317549018,-122.541253586,Tacoma,Pierce,,,,,,,,,,25.5822734832764,16.7697296142578,25.3752059936523
3270,264041797,47.3171502075,-122.5407087438,Tacoma,Pierce,,,,,,,,,,25.6357460021973,16.7410697937012,25.3640460968018
3271,264700136,47.3044855366,-122.516393184,Tacoma,Pierce,,,,,,,,,,28.4704704284668,15.7948036193848,26.7521324157715
3272,264701681,47.3044581682,-122.5160347317,Tacoma,Pierce,,,,,,,,,,27.7466564178467,15.9137401580811,26.5735893249512
3273,264705969,47.3030918968,-122.5189463263,Tacoma,Pierce,,,,,,,,,,30.1607627868652,15.5654935836792,27.9189891815186
3274,264707637,47.3029008916,-122.519013757,Tacoma,Pierce,,,,,,,,,,30.3562431335449,15.5420169830322,27.8310604095459
3275,264707712,47.3028686353,-122.5190954967,Tacoma,Pierce,,,,,,,,,,30.3399066925049,15.5326366424561,27.875373840332
3276,264709476,47.3027026731,-122.5191580705,Tacoma,Pierce,,,,,,,,,,30.461540222168,15.5332832336426,27.8892364501953
3277,264710123,47.3030083006,-122.5191344347,Tacoma,Pierce,,,,,,,,,,30.2432899475098,15.5424337387085,27.9453239440918
3278,264710406,47.3027822023,-122.5190405432,Tacoma,Pierce,,,,,,,,,,30.4255695343018,15.5201530456543,27.8192138671875
3279,264711948,47.302606129,-122.5191549229,Tacoma,Pierce,,,,,,,,,,30.4731903076172,15.5366430282593,27.9477024078369
3280,264712094,47.3033565603,-122.5190877073,Tacoma,Pierce,,,,,,,,,,29.8882865905762,15.6510000228882,28.2407894134521
3281,264712658,47.3032843236,-122.5190990249,Tacoma,Pierce,,,,,,,,,,29.8882865905762,15.6510000228882,28.2407894134521
3282,264714591,47.3034675772,-122.5189638605,Tacoma,Pierce,,,,,,,,,,29.8338565826416,15.6332197189331,28.2823238372803
3283,264716226,47.3035462852,-122.5190999172,Tacoma,Pierce,,,,,,,,,,29.8382472991943,15.604416847229,28.3748569488525
3284,264719317,47.3036538195,-122.5182445787,Tacoma,Pierce,,,,,,,,,,29.2459926605225,15.6845197677612,27.9344501495361
3285,264719525,47.304804944,-122.5162317332,Tacoma,Pierce,,,,,,,,,,27.3745574951172,15.9096937179565,26.0449600219727
3286,264720455,47.3034190662,-122.5180656961,Tacoma,Pierce,,,,,,,,,,29.2903003692627,15.6804132461548,27.7292327880859
3287,264722310,47.3035550959,-122.5190467616,Tacoma,Pierce,,,,,,,,,,29.6615257263184,15.628870010376,28.3103904724121
3288,264724031,47.3047994725,-122.516102544,Tacoma,Pierce,,,,,,,,,,27.1784400939941,15.9999170303345,26.1940040588379
3289,264736052,47.3034953253,-122.5181855155,Tacoma,Pierce,,,,,,,,,,29.2590770721436,15.717113494873,27.7812633514404
3290,264736500,47.3046833959,-122.5162987871,Tacoma,Pierce,,,,,,,,,,28.0314025878906,15.7700138092041,26.4702625274658
3291,264902867,49.3164346,-122.9881441997,,Greater Vancouver,,,,,,,,,,,,
3292,264980355,47.2446391335,-122.4726540314,Tacoma,Pierce,,,,,,,,,,31.8140201568604,16.2128829956055,28.2452526092529
3293,264980415,47.2448083333,-122.4727333333,Tacoma,Pierce,,,,,,,,,,31.9126262664795,16.449613571167,28.3365497589111
3294,264980657,47.2455683653,-122.4690109956,Tacoma,Pierce,,,,,,,,,,32.1147499084473,16.7639293670654,28.834810256958
3295,264980750,47.2465743498,-122.4735950287,Tacoma,Pierce,,,,,,,,,,31.2311325073242,17.1094093322754,29.0646266937256
3296,264980782,47.2462611599,-122.4730152917,Tacoma,Pierce,,,,,,,,,,31.6976737976074,17.1612873077393,29.0566635131836
3297,264980977,47.2514290644,-122.4657499699,Tacoma,Pierce,,,,,,,,,,31.7150535583496,16.7485828399658,29.3684234619141
3298,264981173,47.246344111,-122.4745712059,Tacoma,Pierce,,,,,,,,,,31.5616893768311,17.1533660888672,28.9546127319336
3299,264981380,47.2476277454,-122.4719069527,Tacoma,Pierce,,,,,,,,,,31.8552932739258,16.8924198150635,28.9629096984863
3300,264981575,47.2471343447,-122.4747967814,Tacoma,Pierce,,,,,,,,,,31.747049331665,17.0106925964355,29.1340999603271
3301,264981623,47.2474946678,-122.471683945,Tacoma,Pierce,,,,,,,,,,31.8511562347412,16.9088096618652,29.000732421875
3302,264981769,47.2483568587,-122.473422634,Tacoma,Pierce,,,,,,,,,,31.7370166778564,16.8286075592041,29.0317268371582
3303,264982027,47.2503951984,-122.470364431,Tacoma,Pierce,,,,,,,,,,32.3451194763184,17.1915836334229,29.8454875946045
3304,264982406,47.2512796157,-122.4748683474,Tacoma,Pierce,,,,,,,,,,31.8795833587646,16.9615535736084,29.4470100402832
3305,264982591,47.2512787313,-122.4707933403,Tacoma,Pierce,,,,,,,,,,31.5862102508545,16.8434162139893,29.5681190490723
3306,264982690,47.2546848888,-122.4670071435,Tacoma,Pierce,,,,,,,,,,31.9402599334717,16.9584770202637,30.0656661987305
3307,264982897,47.2530912795,-122.4737473672,Tacoma,Pierce,,,,,,,,,,31.7885303497314,16.760326385498,29.6295928955078
3308,264982927,47.2540464697,-122.4751934828,Tacoma,Pierce,,,,,,,,,,31.6709537506104,16.8731899261475,29.5284805297852
3309,264983045,47.2539056024,-122.4672110795,Tacoma,Pierce,,,,,,,,,,31.7907390594482,16.6508903503418,29.5541572570801
3310,264983224,47.2543338966,-122.474997528,Tacoma,Pierce,,,,,,,,,,31.9911861419678,16.9688529968262,29.7521076202393
3311,264983410,47.253869623,-122.4701695518,Tacoma,Pierce,,,,,,,,,,31.7593898773193,16.7231025695801,29.3598728179932
3312,264983569,47.25237,-122.467095,Tacoma,Pierce,,,,,,,,,,31.5900363922119,16.6170597076416,29.3268375396729
3313,264983628,47.2563507982,-122.4691654913,Tacoma,Pierce,,,,,,,,,,31.7103271484375,16.8849468231201,31.0625133514404
3314,264983713,47.2562819403,-122.4735915243,Tacoma,Pierce,,,,,,,,,,31.5398826599121,16.4546642303467,30.2333927154541
3315,264983967,47.2578603728,-122.475335654,Tacoma,Pierce,,,,,,,,,,30.6581764221191,16.1201400756836,29.3664169311523
3316,264984006,47.2579956148,-122.4752004539,Tacoma,Pierce,,,,,,,,,,30.6250267028809,16.0572299957275,29.2840576171875
3317,264984017,47.2504966667,-122.4668883333,Tacoma,Pierce,,,,,,,,,,32.4017562866211,17.2044429779053,30.0210628509521
3318,264984196,47.2508646688,-122.4682988786,Tacoma,Pierce,,,,,,,,,,31.8553466796875,16.9206066131592,29.6611938476562
3319,264984382,47.2561198255,-122.4700880981,Tacoma,Pierce,,,,,,,,,,31.9682941436768,16.9362697601318,31.2613334655762
3320,264985055,47.2616964639,-122.4745601784,Tacoma,Pierce,,,,,,,,,,31.2804069519043,15.8549766540527,29.0161628723145
3321,264985073,47.2583481519,-122.4716136558,Tacoma,Pierce,,,,,,,,,,30.5897560119629,15.9931964874268,29.1666698455811
3322,264986226,47.257855,-122.4728166667,Tacoma,Pierce,,,,,,,,,,30.6042404174805,16.0593929290771,29.3859729766846
3323,264986417,47.2580716667,-122.472755,Tacoma,Pierce,,,,,,,,,,30.5671272277832,16.0244235992432,29.3397560119629
3324,264986631,47.2616997874,-122.4737108221,Tacoma,Pierce,,,,,,,,,,31.1604633331299,15.7830429077148,28.9164237976074
3325,265199719,47.2623306641,-122.4826814798,Tacoma,Pierce,,,,,,,,,,31.4666957855225,16.1366062164307,29.4457340240479
3326,265199728,47.262021477,-122.484812548,Tacoma,Pierce,,,,,,,,,,31.3653163909912,16.1101036071777,29.6837463378906
3327,265200148,47.2627914884,-122.4848972262,Tacoma,Pierce,,,,,,,,,,31.5302696228027,16.0813903808594,29.8155002593994
3328,265200252,47.2607508727,-122.4809533794,Tacoma,Pierce,,,,,,,,,,31.6345329284668,16.6234874725342,29.9175834655762
3329,265200263,47.2616707598,-122.483884339,Tacoma,Pierce,,,,,,,,,,31.4608364105225,15.9642095565796,29.4833335876465
3330,265200354,47.2607660853,-122.4814386853,Tacoma,Pierce,,,,,,,,,,31.6232299804688,16.6260032653809,29.8591327667236
3331,265200426,47.2635501344,-122.4849133195,Tacoma,Pierce,,,,,,,,,,31.5168724060059,16.0861473083496,29.5693340301514
3332,265200427,47.260664036,-122.4808749301,Tacoma,Pierce,,,,,,,,,,31.6813907623291,16.6284694671631,30.0434970855713
3333,265200543,47.2606022155,-122.4809563347,Tacoma,Pierce,,,,,,,,,,31.653299331665,16.6525192260742,30.0968132019043
3334,265200695,47.2641025857,-122.4836565369,Tacoma,Pierce,,,,,,,,,,31.5430564880371,15.8381433486938,29.2155704498291
3335,265200760,47.2605304258,-122.4809019418,Tacoma,Pierce,,,,,,,,,,31.6744194030762,16.6563930511475,30.2067604064941
3336,265200854,47.2605126655,-122.4809333499,Tacoma,Pierce,,,,,,,,,,31.6744194030762,16.6563930511475,30.2067604064941
3337,265200855,47.2602232235,-122.4808216146,Tacoma,Pierce,,,,,,,,,,31.6084060668945,16.7051334381104,30.5006771087646
3338,265200920,47.2643930623,-122.4837685637,Tacoma,Pierce,,,,,,,,,,31.696496963501,15.8641166687012,29.2186260223389
3339,265200955,47.26052202,-122.4811099768,Tacoma,Pierce,,,,,,,,,,31.6296195983887,16.6628036499023,30.0984497070312
3340,265200967,47.260356846,-122.480884412,Tacoma,Pierce,,,,,,,,,,31.6413459777832,16.6789932250977,30.3791198730469
3341,265201074,47.2604419262,-122.4812261301,Tacoma,Pierce,,,,,,,,,,31.6278324127197,16.6685371398926,30.1215133666992
3342,265201125,47.2643035383,-122.4835644773,Tacoma,Pierce,,,,,,,,,,31.6413707733154,15.7951602935791,29.2035961151123
3343,265201185,47.2603195813,-122.4808739965,Tacoma,Pierce,,,,,,,,,,31.6413459777832,16.6789932250977,30.3791198730469
3344,265201259,47.2601525119,-122.4812134177,Tacoma,Pierce,,,,,,,,,,31.6007862091064,16.7166328430176,30.3493537902832
3345,265201303,47.2602753193,-122.4812356733,Tacoma,Pierce,,,,,,,,,,31.6281471252441,16.7048206329346,30.2724304199219
3346,265201377,47.2644216009,-122.4833003898,Tacoma,Pierce,,,,,,,,,,31.5673198699951,15.7535667419434,29.2644691467285
3347,265201408,47.2599877029,-122.4811850215,Tacoma,Pierce,,,,,,,,,,31.5716857910156,16.7519207000732,30.8123798370361
3348,265201653,47.2618599,-122.4776954,Tacoma,Pierce,,,,,,,,,,31.2733535766602,16.2539806365967,29.7360439300537
3349,265201815,47.2599773482,-122.48074919,Tacoma,Pierce,,,,,,,,,,31.3845558166504,16.7694301605225,30.7142295837402
3350,265201849,47.2617488634,-122.4798830041,Tacoma,Pierce,,,,,,,,,,31.2753562927246,16.5307464599609,29.4917392730713
3351,265201852,47.2598425609,-122.4804883606,Tacoma,Pierce,,,,,,,,,,31.4554195404053,16.7196063995361,30.5775032043457
3352,265202067,47.2598770724,-122.4797716034,Tacoma,Pierce,,,,,,,,,,31.7221698760986,16.5159091949463,30.3325805664062
3353,265202109,47.2598873266,-122.4797159528,Tacoma,Pierce,,,,,,,,,,31.7097797393799,16.5117702484131,30.5075664520264
3354,265202260,47.2611002299,-122.4788754155,Tacoma,Pierce,,,,,,,,,,31.1890640258789,16.4338798522949,29.9398708343506
3355,265202356,47.2598948049,-122.4797227803,Tacoma,Pierce,,,,,,,,,,31.7097797393799,16.5117702484131,30.5075664520264
3356,265202376,47.259930817,-122.479766358,Tacoma,Pierce,,,,,,,,,,31.745813369751,16.5987606048584,30.3106136322021
3357,265202385,47.2641226844,-122.4816202202,Tacoma,Pierce,,,,,,,,,,31.4250335693359,16.2137107849121,29.3466663360596
3358,265202392,47.2605021,-122.4785677,Tacoma,Pierce,,,,,,,,,,31.1529026031494,16.2985858917236,29.8434505462646
3359,265202501,47.2598814855,-122.4796627715,Tacoma,Pierce,,,,,,,,,,31.7097797393799,16.5117702484131,30.5075664520264
3360,265202508,47.2604550748,-122.4785558135,Tacoma,Pierce,,,,,,,,,,31.1529026031494,16.2985858917236,29.8434505462646
3361,265202549,47.259768158,-122.4796939933,Tacoma,Pierce,,,,,,,,,,31.6593894958496,16.447732925415,30.4907569885254
3362,265202660,47.2598312414,-122.4796996302,Tacoma,Pierce,,,,,,,,,,31.7097797393799,16.5117702484131,30.5075664520264
3363,265202670,47.2639837303,-122.481646808,Tacoma,Pierce,,,,,,,,,,31.4004192352295,16.2513599395752,29.3044357299805
3364,265202678,47.2597368175,-122.4796661426,Tacoma,Pierce,,,,,,,,,,31.6250839233398,16.408016204834,30.4608058929443
3365,265202838,47.2601362,-122.4742466,Tacoma,Pierce,,,,,,,,,,30.9676990509033,15.8311767578125,28.910945892334
3366,265202870,47.2597621607,-122.4796413397,Tacoma,Pierce,,,,,,,,,,31.6593894958496,16.447732925415,30.4907569885254
3367,265203094,47.259265557,-122.4793662598,Tacoma,Pierce,,,,,,,,,,31.4318103790283,16.2333698272705,30.2840194702148
3368,265203107,47.2592467564,-122.4795912295,Tacoma,Pierce,,,,,,,,,,31.4665794372559,16.2446269989014,30.3025074005127
3369,265203190,47.2602435064,-122.4787626583,Tacoma,Pierce,,,,,,,,,,31.2041625976562,16.3410663604736,29.9399394989014
3370,265203291,47.2592815742,-122.4797228436,Tacoma,Pierce,,,,,,,,,,31.4902572631836,16.267147064209,30.280912399292
3371,265203369,47.2589133417,-122.4794216728,Tacoma,Pierce,,,,,,,,,,31.3758392333984,16.2031631469727,30.1545734405518
3372,265203512,47.258535577,-122.4795260188,Tacoma,Pierce,,,,,,,,,,31.3377704620361,16.2140808105469,29.9866466522217
3373,265203557,47.2584311053,-122.4794882514,Tacoma,Pierce,,,,,,,,,,31.340217590332,16.256664276123,29.992639541626
3374,265203640,47.2583785693,-122.4793820356,Tacoma,Pierce,,,,,,,,,,31.3467826843262,16.254093170166,29.9905109405518
3375,265203693,47.2582565162,-122.4795412092,Tacoma,Pierce,,,,,,,,,,31.3599395751953,16.2562160491943,29.9827041625977
3376,265203803,47.2582204857,-122.4795043429,Tacoma,Pierce,,,,,,,,,,31.3599395751953,16.2562160491943,29.9827041625977
3377,265203811,47.2581537559,-122.479581203,Tacoma,Pierce,,,,,,,,,,31.3521099090576,16.2623729705811,30.0026359558105
3378,265203978,47.2581137801,-122.4795575297,Tacoma,Pierce,,,,,,,,,,31.3524475097656,16.2580795288086,29.999942779541
3379,265203980,47.2580513466,-122.4796060527,Tacoma,Pierce,,,,,,,,,,31.3524475097656,16.2580795288086,29.999942779541
3380,265204566,47.2578609021,-122.4821405435,Tacoma,Pierce,,,,,,,,,,31.3562908172607,16.2331371307373,30.0072498321533
3381,265204627,47.2578548408,-122.4821503089,Tacoma,Pierce,,,,,,,,,,31.3492698669434,16.2124290466309,30.0092926025391
3382,265205452,47.2621910926,-122.4788970408,Tacoma,Pierce,,,,,,,,,,31.2135257720947,16.4482536315918,29.9256401062012
3383,266007644,47.3107446128,-122.5335898475,Tacoma,Pierce,,,,,,,,,,26.2746295928955,15.5405263900757,25.4175071716309
3384,266007937,47.3106195911,-122.5338865466,Tacoma,Pierce,,,,,,,,,,26.3198165893555,15.5346632003784,25.4751224517822
3385,266008277,47.3110098184,-122.5343789706,Tacoma,Pierce,,,,,,,,,,26.311149597168,15.5434131622314,25.4046840667725
3386,266010725,47.3117973257,-122.53524252,Tacoma,Pierce,,,,,,,,,,26.1983375549316,15.5369968414307,25.2634429931641
3387,266012303,47.3108732358,-122.5338475411,Tacoma,Pierce,,,,,,,,,,26.2770309448242,15.552713394165,25.4000225067139
3388,266012603,47.3120493884,-122.5359562472,Tacoma,Pierce,,,,,,,,,,26.1952896118164,15.5812730789185,25.2932262420654
3389,266013746,47.3123198122,-122.5363895853,Tacoma,Pierce,,,,,,,,,,26.1902961730957,15.5967035293579,25.1498794555664
3390,266015178,47.3120015171,-122.5363092272,Tacoma,Pierce,,,,,,,,,,26.203369140625,15.5874633789062,25.2941265106201
3391,266015325,47.3118836308,-122.5359266443,Tacoma,Pierce,,,,,,,,,,26.2420101165771,15.5647497177124,25.3190460205078
3392,266015337,47.3129197473,-122.5379285307,Tacoma,Pierce,,,,,,,,,,26.1193561553955,15.6599769592285,25.4823036193848
3393,266017107,47.3129506529,-122.5384256087,Tacoma,Pierce,,,,,,,,,,25.9524192810059,15.7690467834473,25.4023208618164
3394,266017449,47.312585318,-122.5381638495,Tacoma,Pierce,,,,,,,,,,26.1317367553711,15.6317901611328,25.4517364501953
3395,266018659,47.3133680093,-122.5391155724,Tacoma,Pierce,,,,,,,,,,25.7914905548096,15.8020696640015,25.299596786499
3396,266019060,47.3132194411,-122.5385007633,Tacoma,Pierce,,,,,,,,,,25.8493537902832,15.7946796417236,25.31325340271
3397,266019156,47.313248028,-122.5391197874,Tacoma,Pierce,,,,,,,,,,25.7937908172607,15.7492504119873,25.2512607574463
3398,266019448,47.3131220653,-122.5390600782,Tacoma,Pierce,,,,,,,,,,25.7879905700684,15.7410430908203,25.2551593780518
3399,266020004,47.3131770009,-122.5388478399,Tacoma,Pierce,,,,,,,,,,25.8122100830078,15.8005867004395,25.3003063201904
3400,266020172,47.3133450101,-122.5392749169,Tacoma,Pierce,,,,,,,,,,25.7926902770996,15.7419099807739,25.2561931610107
3401,266030786,47.3135561151,-122.5392430273,Tacoma,Pierce,,,,,,,,,,25.7870807647705,15.8100595474243,25.2849369049072
3402,266030914,47.312823283,-122.5378976126,Tacoma,Pierce,,,,,,,,,,26.1457424163818,15.6435537338257,25.4597358703613
3403,266034536,47.3130577324,-122.5390681759,Tacoma,Pierce,,,,,,,,,,25.7879905700684,15.747013092041,25.2025775909424
3404,266049975,49.2093174,-123.1534766,,Greater Vancouver,,,,,,,,,,,,
3405,266836276,47.4449943446,-122.4444223684,,King,,,,,,,,,,,,
3406,267086116,47.3133666083,-122.5394570582,Tacoma,Pierce,,,,,,,,,,25.7875804901123,15.7449598312378,25.2287425994873
3407,267086556,47.3136514947,-122.5393858417,Tacoma,Pierce,,,,,,,,,,25.7939796447754,15.7998895645142,25.3256797790527
3408,267086646,47.313386137,-122.5394076015,Tacoma,Pierce,,,,,,,,,,25.7932891845703,15.7562704086304,25.2425136566162
3409,267087166,47.3138010831,-122.5399228549,Tacoma,Pierce,,,,,,,,,,25.7680625915527,15.7509603500366,25.1761569976807
3410,267088620,47.3137804063,-122.5398686421,Tacoma,Pierce,,,,,,,,,,25.7680625915527,15.7509603500366,25.1761569976807
3411,267089237,47.3142984357,-122.5406798953,Tacoma,Pierce,,,,,,,,,,25.7403526306152,15.8963031768799,25.1898670196533
3412,267089350,47.3140963826,-122.5405425706,Tacoma,Pierce,,,,,,,,,,25.7463703155518,15.8881635665894,25.1957931518555
3413,267089914,47.3141070258,-122.5404819553,Tacoma,Pierce,,,,,,,,,,25.7463703155518,15.8881635665894,25.1957931518555
3414,267090382,47.3135318137,-122.5404393458,Tacoma,Pierce,,,,,,,,,,25.7549934387207,15.9243364334106,25.1668128967285
3415,267090825,47.3140934383,-122.5401919042,Tacoma,Pierce,,,,,,,,,,25.7556667327881,15.7786331176758,25.187463760376
3416,267090899,47.3139813521,-122.5409242189,Tacoma,Pierce,,,,,,,,,,25.7512969970703,15.9173736572266,25.1782131195068
3417,267091770,47.3142411625,-122.5407512136,Tacoma,Pierce,,,,,,,,,,25.7385559082031,15.9071168899536,25.1813297271729
3418,267091952,47.3145441958,-122.5416428251,Tacoma,Pierce,,,,,,,,,,25.744010925293,16.0780639648438,25.2639141082764
3419,267092704,47.3148361695,-122.5422413599,Tacoma,Pierce,,,,,,,,,,25.7210292816162,16.0854301452637,25.3141059875488
3420,267092807,47.3146214124,-122.5414732829,Tacoma,Pierce,,,,,,,,,,25.7451305389404,16.0566596984863,25.2647132873535
3421,267094525,47.3144921684,-122.5416508607,Tacoma,Pierce,,,,,,,,,,25.7368392944336,16.0847759246826,25.258113861084
3422,267094861,47.3151096815,-122.5425316036,Tacoma,Pierce,,,,,,,,,,25.7189826965332,16.2597026824951,25.3273105621338
3423,267099608,47.3149159397,-122.542173998,Tacoma,Pierce,,,,,,,,,,25.7191028594971,16.0898475646973,25.2861499786377
3424,267103943,47.3150532307,-122.542262453,Tacoma,Pierce,,,,,,,,,,25.71950340271,16.1248359680176,25.3150100708008
3425,267104456,47.315174222,-122.5425804581,Tacoma,Pierce,,,,,,,,,,25.7191829681396,16.2634773254395,25.3521633148193
3426,267108635,47.3054267591,-122.5164264567,Tacoma,Pierce,,,,,,,,,,27.1615009307861,15.7664232254028,25.5316028594971
3427,267109626,47.3054768567,-122.5164351622,Tacoma,Pierce,,,,,,,,,,27.2430534362793,15.8990564346313,25.2981967926025
3428,267109703,47.3053032348,-122.5164667767,Tacoma,Pierce,,,,,,,,,,27.0240459442139,15.6466302871704,25.5145072937012
3429,267130687,47.3053328838,-122.5163848379,Tacoma,Pierce,,,,,,,,,,27.0240459442139,15.6466302871704,25.5145072937012
3430,267239325,47.3145305436,-122.5415806199,Tacoma,Pierce,,,,,,,,,,25.7368392944336,16.0847759246826,25.258113861084
3431,267239332,47.3149188633,-122.5423629417,Tacoma,Pierce,,,,,,,,,,25.7188835144043,16.1479091644287,25.306360244751
3432,268276472,45.5157177641,-122.6768454759,Portland,Multnomah,,,,,,,31.5461769104004,17.2841548919678,27.3303813934326,,,
3433,268277293,45.5143347371,-122.6773547917,Portland,Multnomah,,,,,,,31.5195655822754,17.4421482086182,27.3255424499512,,,
3434,269502880,47.3094692953,-122.5335204002,Tacoma,Pierce,,,,,,,,,,26.4441242218018,15.5412569046021,25.7885074615479
3435,269503005,47.3097276765,-122.5337292221,Tacoma,Pierce,,,,,,,,,,26.3751640319824,15.5422401428223,25.7658805847168
3436,269503404,47.3100462342,-122.5336096245,Tacoma,Pierce,,,,,,,,,,26.3541927337646,15.531153678894,25.6727275848389
3437,269503511,47.3097672072,-122.533616004,Tacoma,Pierce,,,,,,,,,,26.3734035491943,15.5351734161377,25.7457103729248
3438,269503829,47.3097539482,-122.5336515403,Tacoma,Pierce,,,,,,,,,,26.3734035491943,15.5389738082886,25.7420635223389
3439,269503978,47.3098306922,-122.5336177873,Tacoma,Pierce,,,,,,,,,,26.372953414917,15.5344333648682,25.7112140655518
3440,269506002,47.3097812279,-122.5336934049,Tacoma,Pierce,,,,,,,,,,26.3734035491943,15.5389738082886,25.7420635223389
3441,269508094,47.3104689063,-122.5357508248,Tacoma,Pierce,,,,,,,,,,26.258056640625,15.5824165344238,25.2882537841797
3442,269508996,47.3098820337,-122.5365781353,Tacoma,Pierce,,,,,,,,,,26.2515239715576,15.9104471206665,25.546257019043
3443,269509533,47.3099412632,-122.536635956,Tacoma,Pierce,,,,,,,,,,26.2515239715576,15.8985567092896,25.5444774627686
3444,269510183,47.3094780488,-122.5367787817,Tacoma,Pierce,,,,,,,,,,26.2385635375977,16.0099124908447,25.5288600921631
3445,269511307,47.3094174051,-122.536589168,Tacoma,Pierce,,,,,,,,,,26.2518768310547,16.0013999938965,25.5523471832275
3446,269512057,47.3094702065,-122.5367761395,Tacoma,Pierce,,,,,,,,,,26.2395362854004,16.039909362793,25.5112590789795
3447,269512639,47.3093882119,-122.5371047006,Tacoma,Pierce,,,,,,,,,,26.2169170379639,16.0160007476807,25.3696403503418
3448,269512868,47.309546876,-122.5364358363,Tacoma,Pierce,,,,,,,,,,26.2548770904541,15.9993829727173,25.5244407653809
3449,269513185,47.3092366103,-122.5370672231,Tacoma,Pierce,,,,,,,,,,26.2086505889893,16.0351009368896,25.3957691192627
3450,269514162,47.3089509269,-122.5365349332,Tacoma,Pierce,,,,,,,,,,26.2437438964844,16.0688171386719,25.5411205291748
3451,269514264,47.3092018268,-122.5367915243,Tacoma,Pierce,,,,,,,,,,26.2300262451172,16.0835971832275,25.4753875732422
3452,269515290,47.3092714654,-122.5368871237,Tacoma,Pierce,,,,,,,,,,26.2269725799561,16.0624732971191,25.4371871948242
3453,269515345,47.3088516762,-122.5367327566,Tacoma,Pierce,,,,,,,,,,26.2259998321533,15.9901237487793,25.4693393707275
3454,269515351,47.3090586964,-122.536614428,Tacoma,Pierce,,,,,,,,,,26.2350559234619,16.0807342529297,25.4848670959473
3455,269515407,47.3087073205,-122.5363216984,Tacoma,Pierce,,,,,,,,,,26.2398834228516,16.1109733581543,25.5695724487305
3456,269519010,47.3093622418,-122.5367228907,Tacoma,Pierce,,,,,,,,,,26.2346363067627,16.0378971099854,25.4952926635742
3457,269520172,47.3085814078,-122.5362875029,Tacoma,Pierce,,,,,,,,,,26.2688236236572,16.0935974121094,25.5658302307129
3458,269521638,47.3086386047,-122.536353662,Tacoma,Pierce,,,,,,,,,,26.2375240325928,16.082160949707,25.5348625183105
3459,269524364,47.3090911645,-122.5371847084,Tacoma,Pierce,,,,,,,,,,26.1638202667236,15.9763402938843,25.3541660308838
3460,269532828,47.3097213732,-122.5366103009,Tacoma,Pierce,,,,,,,,,,26.2522563934326,15.9659461975098,25.5306930541992
3461,269532859,47.309451539,-122.5365009608,Tacoma,Pierce,,,,,,,,,,26.2531757354736,16.0002632141113,25.5167407989502
3462,269810702,47.3086838704,-122.5366386516,Tacoma,Pierce,,,,,,,,,,26.224292755127,15.9913330078125,25.4789333343506
3463,271275823,47.3093473149,-122.5339435481,Tacoma,Pierce,,,,,,,,,,26.3990001678467,15.5520267486572,25.8090190887451
3464,271276456,47.3093530967,-122.5341865354,Tacoma,Pierce,,,,,,,,,,26.36741065979,15.5438966751099,25.8029632568359
3465,271276860,47.3094928904,-122.533693189,Tacoma,Pierce,,,,,,,,,,26.444164276123,15.5399770736694,25.7929534912109
3466,271280151,47.3095410954,-122.5340167599,Tacoma,Pierce,,,,,,,,,,26.3701705932617,15.5516767501831,25.7779502868652
3467,271281194,47.3094912098,-122.5340351941,Tacoma,Pierce,,,,,,,,,,26.3701705932617,15.5516767501831,25.7779502868652
3468,271282365,47.3082295777,-122.5347022675,Tacoma,Pierce,,,,,,,,,,26.355993270874,15.6998462677002,25.7695007324219
3469,271282812,47.3092847731,-122.5341902858,Tacoma,Pierce,,,,,,,,,,26.3681697845459,15.5430402755737,25.8239898681641
3470,271282862,47.3079920235,-122.535364703,Tacoma,Pierce,,,,,,,,,,26.2987766265869,15.9439935684204,25.7924060821533
3471,271282962,47.3093720831,-122.5339284463,Tacoma,Pierce,,,,,,,,,,26.3990001678467,15.5520267486572,25.8090190887451
3472,271283391,47.3095370541,-122.5340653793,Tacoma,Pierce,,,,,,,,,,26.36741065979,15.5535364151001,25.7915802001953
3473,271283737,47.3079703661,-122.5348499088,Tacoma,Pierce,,,,,,,,,,26.3064842224121,15.8861198425293,25.7561798095703
3474,271284003,47.3079828862,-122.5350110312,Tacoma,Pierce,,,,,,,,,,26.3019371032715,15.9167861938477,25.7725963592529
3475,271284584,47.3081542049,-122.5351734228,Tacoma,Pierce,,,,,,,,,,26.3018169403076,15.9199628829956,25.7793064117432
3476,271284972,47.3078109945,-122.5353487672,Tacoma,Pierce,,,,,,,,,,26.2953357696533,15.9567670822144,25.7383403778076
3477,271285799,47.3080295805,-122.5347763786,Tacoma,Pierce,,,,,,,,,,26.3199558258057,15.7783136367798,25.7520332336426
3478,271286711,47.3093938994,-122.5341232773,Tacoma,Pierce,,,,,,,,,,26.36741065979,15.5487966537476,25.7842464447021
3479,271287345,47.3079091955,-122.5351632528,Tacoma,Pierce,,,,,,,,,,26.3000774383545,15.9466829299927,25.8252067565918
3480,271288213,47.3078167435,-122.5355608661,Tacoma,Pierce,,,,,,,,,,26.2707862854004,15.9871997833252,25.6182174682617
3481,271288301,47.3079311767,-122.5351598564,Tacoma,Pierce,,,,,,,,,,26.3000774383545,15.9466829299927,25.8252067565918
3482,271288792,47.3079109099,-122.5352029776,Tacoma,Pierce,,,,,,,,,,26.3000774383545,15.9466829299927,25.8252067565918
3483,271289125,47.307911421,-122.5351918751,Tacoma,Pierce,,,,,,,,,,26.3000774383545,15.9466829299927,25.8252067565918
3484,271289132,47.3077132097,-122.5354367865,Tacoma,Pierce,,,,,,,,,,26.2758960723877,15.9811534881592,25.7055835723877
3485,271289368,47.307676392,-122.5351647839,Tacoma,Pierce,,,,,,,,,,26.3039169311523,15.9423570632935,25.7301559448242
3486,271289877,47.3079314583,-122.5353966648,Tacoma,Pierce,,,,,,,,,,26.28049659729,15.9647998809814,25.7759628295898
3487,271289947,47.3076328767,-122.5354427134,Tacoma,Pierce,,,,,,,,,,26.2725868225098,15.9864702224731,25.6810569763184
3488,271290420,47.3078685403,-122.535661941,Tacoma,Pierce,,,,,,,,,,26.2571659088135,15.9809532165527,25.5361804962158
3489,271291093,47.3077663369,-122.5350437127,Tacoma,Pierce,,,,,,,,,,26.3029766082764,15.9362297058105,25.7549571990967
3490,271291686,47.3078757386,-122.5356704833,Tacoma,Pierce,,,,,,,,,,26.2571659088135,15.9809532165527,25.5361804962158
3491,271291869,47.3076628181,-122.5351768534,Tacoma,Pierce,,,,,,,,,,26.3052768707275,15.9478702545166,25.7184867858887
3492,271292115,47.3076332646,-122.5351462752,Tacoma,Pierce,,,,,,,,,,26.3052768707275,15.9478702545166,25.7184867858887
3493,271292282,47.3076171963,-122.5352624263,Tacoma,Pierce,,,,,,,,,,26.2777767181396,15.9684629440308,25.7054557800293
3494,271292696,47.307700699,-122.5358294121,Tacoma,Pierce,,,,,,,,,,26.2424564361572,15.9652996063232,25.5236301422119
3495,271292881,47.3077256285,-122.5355387179,Tacoma,Pierce,,,,,,,,,,26.2563076019287,15.9697933197021,25.5942859649658
3496,271293430,47.3075089684,-122.5352758636,Tacoma,Pierce,,,,,,,,,,26.2786865234375,15.9806032180786,25.7041091918945
3497,271293440,47.3076217705,-122.5353699217,Tacoma,Pierce,,,,,,,,,,26.2777767181396,15.9684629440308,25.7054557800293
3498,271294879,47.30773206,-122.5357688764,Tacoma,Pierce,,,,,,,,,,26.2534370422363,15.9381799697876,25.5210437774658
3499,271294971,47.307425454,-122.5349468505,Tacoma,Pierce,,,,,,,,,,26.2665157318115,15.9320735931396,25.5137329101562
3500,271312893,47.3077094533,-122.5353429731,Tacoma,Pierce,,,,,,,,,,26.289379119873,15.9607429504395,25.7280139923096
3501,271312988,47.3076678621,-122.5357210548,Tacoma,Pierce,,,,,,,,,,26.2495365142822,15.9500970840454,25.5483436584473
3502,271313147,47.3076359451,-122.5357313136,Tacoma,Pierce,,,,,,,,,,26.2495365142822,15.9500970840454,25.5483436584473
3503,271313308,47.3074049268,-122.5350706009,Tacoma,Pierce,,,,,,,,,,26.2719573974609,15.9395732879639,25.549654006958
3504,271317314,47.3076134094,-122.535566115,Tacoma,Pierce,,,,,,,,,,26.2641067504883,15.9741802215576,25.5479068756104
3505,271317424,47.3075427903,-122.5353635081,Tacoma,Pierce,,,,,,,,,,26.2786865234375,15.9806032180786,25.7041091918945
3506,271322153,47.3077838786,-122.5356620711,Tacoma,Pierce,,,,,,,,,,26.2579936981201,15.9702796936035,25.5023097991943
3507,271322267,47.3076245876,-122.5358212594,Tacoma,Pierce,,,,,,,,,,26.2129993438721,15.9601764678955,25.5439796447754
3508,271330465,47.3073271524,-122.5352548363,Tacoma,Pierce,,,,,,,,,,26.2683296203613,15.9483137130737,25.531192779541
3509,271346340,47.3074761737,-122.5352845669,Tacoma,Pierce,,,,,,,,,,26.2707405090332,15.9793500900269,25.5823993682861
3510,272512571,47.3116088116,-122.5364206892,Tacoma,Pierce,,,,,,,,,,26.1902809143066,15.5852766036987,25.1462802886963
3511,272513249,47.3118832506,-122.5369967104,Tacoma,Pierce,,,,,,,,,,26.1891975402832,15.6070537567139,25.2412605285645
3512,272514085,47.3119776246,-122.5367047159,Tacoma,Pierce,,,,,,,,,,26.1947708129883,15.6053829193115,25.2936992645264
3513,272514790,47.3121860045,-122.537071323,Tacoma,Pierce,,,,,,,,,,26.2207107543945,15.6090297698975,25.3615036010742
3514,272515499,47.3121504967,-122.5373088992,Tacoma,Pierce,,,,,,,,,,26.219310760498,15.6050300598145,25.3669757843018
3515,272517822,47.3121142765,-122.5375444256,Tacoma,Pierce,,,,,,,,,,26.2177104949951,15.6089963912964,25.378210067749
3516,272518446,47.3117361531,-122.5366418402,Tacoma,Pierce,,,,,,,,,,26.1941699981689,15.5884170532227,25.2823638916016
3517,272519131,47.312125658,-122.5378676438,Tacoma,Pierce,,,,,,,,,,26.1851329803467,15.6207132339478,25.3590908050537
3518,272520027,47.3121500316,-122.5376991892,Tacoma,Pierce,,,,,,,,,,26.207820892334,15.6103763580322,25.3733158111572
3519,272522113,47.3120394634,-122.5381462236,Tacoma,Pierce,,,,,,,,,,26.1751327514648,15.7431869506836,25.3724670410156
3520,272522388,47.3121086112,-122.5383012183,Tacoma,Pierce,,,,,,,,,,26.1678333282471,15.767183303833,25.3704471588135
3521,272522665,47.3122540546,-122.5379358936,Tacoma,Pierce,,,,,,,,,,26.1837005615234,15.6137437820435,25.3760204315186
3522,272522754,47.3125432593,-122.5383422829,Tacoma,Pierce,,,,,,,,,,26.1351699829102,15.6745004653931,25.4142932891846
3523,272523303,47.3121585242,-122.5380918611,Tacoma,Pierce,,,,,,,,,,26.1833992004395,15.6404333114624,25.3700466156006
3524,272525003,47.3121024547,-122.5383879285,Tacoma,Pierce,,,,,,,,,,26.169584274292,15.7909231185913,25.3932628631592
3525,272527857,47.3120841312,-122.5384859777,Tacoma,Pierce,,,,,,,,,,26.1674995422363,15.8402137756348,25.384256362915
3526,272528936,47.3122321224,-122.5383672551,Tacoma,Pierce,,,,,,,,,,26.1675338745117,15.7539300918579,25.3875427246094
3527,272540753,47.6761008788,-122.2605824563,,King,89.3859634399414,61.0545310974121,86.9296722412109,,,,,,,,,
3528,272544592,47.3120313881,-122.5386704887,Tacoma,Pierce,,,,,,,,,,26.0846500396729,15.8913698196411,25.3264427185059
3529,272556556,47.3121490035,-122.5385990181,Tacoma,Pierce,,,,,,,,,,26.1555595397949,15.8733530044556,25.3665504455566
3530,272556662,47.3119816128,-122.5387595253,Tacoma,Pierce,,,,,,,,,,26.0772895812988,15.8953895568848,25.3249931335449
3531,272556959,47.3120694699,-122.5379035659,Tacoma,Pierce,,,,,,,,,,26.1874675750732,15.6312532424927,25.355339050293
3532,272557050,47.3121826751,-122.5383005305,Tacoma,Pierce,,,,,,,,,,26.1675338745117,15.7539300918579,25.3875427246094
3533,272557127,47.3126761031,-122.5382765219,Tacoma,Pierce,,,,,,,,,,26.0913467407227,15.6783866882324,25.423999786377
3534,272557557,47.3117977791,-122.5388128066,Tacoma,Pierce,,,,,,,,,,26.0613574981689,15.8896036148071,25.1191463470459
3535,272563468,47.3118893808,-122.5387281188,Tacoma,Pierce,,,,,,,,,,26.1078071594238,15.8921165466309,25.3334636688232
3536,272603215,47.3120506172,-122.5387499188,Tacoma,Pierce,,,,,,,,,,26.0846500396729,15.8913698196411,25.3264427185059
3537,273440938,47.3152120288,-122.5430292142,Tacoma,Pierce,,,,,,,,,,25.7189807891846,16.4594631195068,25.3384704589844
3538,273453395,47.3152368513,-122.5430412594,Tacoma,Pierce,,,,,,,,,,25.7189807891846,16.4594631195068,25.3384704589844
3539,276759071,49.1176805556,-122.7253194444,,Greater Vancouver,,,,,,,,,,,,
3540,277113030,47.3103695117,-122.5338764233,Tacoma,Pierce,,,,,,,,,,26.3200168609619,15.5367031097412,25.5900440216064
3541,277113418,47.3103174831,-122.5338164147,Tacoma,Pierce,,,,,,,,,,26.3202171325684,15.5365829467773,25.6052265167236
3542,277113541,47.3100905906,-122.5338007036,Tacoma,Pierce,,,,,,,,,,26.3562068939209,15.5377998352051,25.7293071746826
3543,277113586,47.3103257779,-122.5336332098,Tacoma,Pierce,,,,,,,,,,26.3200168609619,15.532322883606,25.6073570251465
3544,277118690,47.3104633846,-122.5343406192,Tacoma,Pierce,,,,,,,,,,26.3208904266357,15.5530729293823,25.5393924713135
3545,277123967,47.3105276782,-122.5340329603,Tacoma,Pierce,,,,,,,,,,26.3198165893555,15.5410165786743,25.5352725982666
3546,277125120,47.3104332484,-122.5337429319,Tacoma,Pierce,,,,,,,,,,26.3200168609619,15.5361232757568,25.5863857269287
3547,277126949,47.3125545817,-122.5384074184,Tacoma,Pierce,,,,,,,,,,26.0913162231445,15.7051296234131,25.3845329284668
3548,277129405,47.3099740216,-122.5336766329,Tacoma,Pierce,,,,,,,,,,26.3563270568848,15.5365600585938,25.7142639160156
3549,277134948,47.3154066764,-122.54320186,Tacoma,Pierce,,,,,,,,,,25.7218475341797,16.4590930938721,25.3299541473389
3550,277136417,47.3152971802,-122.5431216588,Tacoma,Pierce,,,,,,,,,,25.7193794250488,16.4568195343018,25.3472537994385
3551,277136688,47.3104695411,-122.5339744403,Tacoma,Pierce,,,,,,,,,,26.3198165893555,15.5399236679077,25.5521907806396
3552,277137663,47.3123079974,-122.5389794346,Tacoma,Pierce,,,,,,,,,,25.950870513916,15.9061336517334,25.2027492523193
3553,277138771,47.3157375549,-122.5435591102,Tacoma,Pierce,,,,,,,,,,25.7148532867432,16.5587100982666,25.3632125854492
3554,277141648,47.3158488031,-122.5441950156,Tacoma,Pierce,,,,,,,,,,25.7003536224365,16.5858364105225,25.4177875518799
3555,277143384,47.3153082373,-122.543067641,Tacoma,Pierce,,,,,,,,,,25.7193794250488,16.4590358734131,25.3150901794434
3556,277144021,47.3159368576,-122.5439731862,Tacoma,Pierce,,,,,,,,,,25.712589263916,16.5746631622314,25.3992328643799
3557,277144879,47.3160314081,-122.5438746098,Tacoma,Pierce,,,,,,,,,,25.7141628265381,16.5746269226074,25.4021492004395
3558,277148768,47.3161233909,-122.5445182111,Tacoma,Pierce,,,,,,,,,,25.6882266998291,16.6836338043213,25.4131965637207
3559,277148884,47.3161562644,-122.5443409467,Tacoma,Pierce,,,,,,,,,,25.6849670410156,16.6731929779053,25.433557510376
3560,277149660,47.3156830724,-122.543593507,Tacoma,Pierce,,,,,,,,,,25.7152538299561,16.5570774078369,25.3515472412109
3561,277149956,47.3159897917,-122.5445097281,Tacoma,Pierce,,,,,,,,,,25.6845035552979,16.6826229095459,25.4117164611816
3562,277152045,47.3169351224,-122.5467613755,Tacoma,Pierce,,,,,,,,,,25.3112506866455,16.8428192138672,25.5328235626221
3563,277174395,47.315736468,-122.5440112873,Tacoma,Pierce,,,,,,,,,,25.7129726409912,16.5680541992188,25.4099864959717
3564,277174554,47.3160462828,-122.5446297128,Tacoma,Pierce,,,,,,,,,,25.6786632537842,16.6902675628662,25.4047107696533
3565,277174709,47.3161453565,-122.5447193201,Tacoma,Pierce,,,,,,,,,,25.6704730987549,16.6909408569336,25.4201202392578
3566,277176984,47.3168501379,-122.5466026904,Tacoma,Pierce,,,,,,,,,,25.3425674438477,16.8253326416016,25.5550403594971
3567,277418418,47.3028608831,-122.5280610939,Tacoma,Pierce,,,,,,,,,,27.9090328216553,15.4528465270996,25.9822368621826
3568,277448271,47.3022525665,-122.5265178179,Tacoma,Pierce,,,,,,,,,,29.0588493347168,15.2874870300293,26.078519821167
3569,278511990,47.3098083372,-122.5367775481,Tacoma,Pierce,,,,,,,,,,26.2373027801514,15.9762630462646,25.54953956604
3570,278518272,47.3101315232,-122.5375374662,Tacoma,Pierce,,,,,,,,,,26.209342956543,15.9646797180176,25.3761329650879
3571,278520988,47.31006889,-122.5375267345,Tacoma,Pierce,,,,,,,,,,26.2104434967041,15.9921903610229,25.3604869842529
3572,278526943,47.3102937692,-122.537574358,Tacoma,Pierce,,,,,,,,,,26.211483001709,15.9471797943115,25.3709468841553
3573,278527671,47.3101230713,-122.5376403615,Tacoma,Pierce,,,,,,,,,,26.2067642211914,15.9830102920532,25.3478736877441
3574,278527954,47.3101915852,-122.5377182788,Tacoma,Pierce,,,,,,,,,,26.2067642211914,15.9830102920532,25.3478736877441
3575,278530203,47.3099887823,-122.5378009859,Tacoma,Pierce,,,,,,,,,,26.1978797912598,15.982476234436,25.3619976043701
3576,278540533,47.3103271142,-122.5375634802,Tacoma,Pierce,,,,,,,,,,26.211483001709,15.9471797943115,25.3709468841553
3577,278575664,47.3099496682,-122.5370125474,Tacoma,Pierce,,,,,,,,,,26.2300128936768,15.9593296051025,25.5106468200684
3578,278575881,47.3100894364,-122.5371659362,Tacoma,Pierce,,,,,,,,,,26.219575881958,15.9585866928101,25.5056266784668
3579,278576101,47.3099809233,-122.5374046417,Tacoma,Pierce,,,,,,,,,,26.2151775360107,16.0029067993164,25.3885726928711
3580,278576209,47.3140609926,-122.5385761307,Tacoma,Pierce,,,,,,,,,,25.8089809417725,15.813756942749,25.2739524841309
3581,278576643,47.3102381231,-122.5375514882,Tacoma,Pierce,,,,,,,,,,26.2118339538574,15.9564065933228,25.3782863616943
3582,278577159,47.3102502068,-122.5377357277,Tacoma,Pierce,,,,,,,,,,26.2020130157471,15.9869298934937,25.3530139923096
3583,278577487,47.3139969926,-122.5388878696,Tacoma,Pierce,,,,,,,,,,25.8200206756592,15.8061866760254,25.3203964233398
3584,278578260,47.31411976,-122.5389503629,Tacoma,Pierce,,,,,,,,,,25.8121299743652,15.8048601150513,25.320837020874
3585,278601076,47.3141146476,-122.5386799611,Tacoma,Pierce,,,,,,,,,,25.8206195831299,15.8092937469482,25.3228607177734
3586,278651300,47.3144964085,-122.5389830687,Tacoma,Pierce,,,,,,,,,,25.7666625976562,15.8201370239258,25.2781505584717
3587,279304255,47.3146547445,-122.5384145456,Tacoma,Pierce,,,,,,,,,,25.8175659179688,15.7879695892334,25.2073707580566
3588,279304924,47.3143819692,-122.5385797845,Tacoma,Pierce,,,,,,,,,,25.8195991516113,15.8138570785522,25.2936134338379
3589,279305206,47.3143815216,-122.5389236101,Tacoma,Pierce,,,,,,,,,,25.8513164520264,15.8249969482422,25.3005065917969
3590,279307373,47.3145675052,-122.5387676153,Tacoma,Pierce,,,,,,,,,,25.7654628753662,15.816276550293,25.2414836883545
3591,279307756,47.3149135983,-122.5383135211,Tacoma,Pierce,,,,,,,,,,25.75830078125,15.8026103973389,25.1757507324219
3592,279308659,47.315462492,-122.5380181994,Tacoma,Pierce,,,,,,,,,,25.755126953125,16.0704193115234,25.1925430297852
3593,279312289,47.3148101742,-122.5384049485,Tacoma,Pierce,,,,,,,,,,25.7629833221436,15.8040800094604,25.171365737915
3594,279312346,47.3156585138,-122.5395175005,,Pierce,,,,,,,,,,25.7430572509766,16.2774963378906,25.2115535736084
3595,279314972,47.3150742033,-122.5388606614,Tacoma,Pierce,,,,,,,,,,25.7521457672119,15.8115196228027,25.1910800933838
3596,279330339,47.3147066526,-122.5389190948,Tacoma,Pierce,,,,,,,,,,25.7503528594971,15.8010034561157,25.2138900756836
3597,279340923,47.314678338,-122.5389930868,Tacoma,Pierce,,,,,,,,,,25.7428436279297,15.7856369018555,25.238489151001
3598,279510879,47.3150636737,-122.5390489509,Tacoma,Pierce,,,,,,,,,,25.7521457672119,15.7987070083618,25.1909160614014
3599,280588286,47.30308,-122.5279533333,Tacoma,Pierce,,,,,,,,,,27.9224033355713,15.4372663497925,26.1237392425537
3600,280588473,47.302505,-122.528245,Tacoma,Pierce,,,,,,,,,,27.8512268066406,15.4446201324463,25.7278900146484
3601,280588602,47.3023133333,-122.5263366667,Tacoma,Pierce,,,,,,,,,,29.1119537353516,15.2501268386841,26.1320266723633
3602,280629891,47.24838,-122.5239883333,Tacoma,Pierce,,,,,,,,,,32.1034812927246,16.8163166046143,29.0780696868896
3603,280630304,47.2483392073,-122.5239649483,Tacoma,Pierce,,,,,,,,,,32.1034812927246,16.8163166046143,29.0780696868896
3604,280630487,47.2436334125,-122.5109874085,Tacoma,Pierce,,,,,,,,,,30.6690998077393,16.2049198150635,28.8870525360107
3605,280630522,47.2483489051,-122.5239584257,Tacoma,Pierce,,,,,,,,,,32.1034812927246,16.8163166046143,29.0780696868896
3606,280630628,47.2483514798,-122.5239798205,Tacoma,Pierce,,,,,,,,,,32.1034812927246,16.8163166046143,29.0780696868896
3607,280631307,47.2483644262,-122.5239212633,Tacoma,Pierce,,,,,,,,,,32.1034812927246,16.8163166046143,29.0780696868896
3608,280631725,47.2485027421,-122.5240242854,Tacoma,Pierce,,,,,,,,,,32.0988845825195,16.8340835571289,29.0109729766846
3609,280632022,47.2483990526,-122.5240690929,Tacoma,Pierce,,,,,,,,,,32.1087684631348,16.8175029754639,29.0191230773926
3611,280632228,47.2483630479,-122.5239194279,Tacoma,Pierce,,,,,,,,,,32.1034812927246,16.8163166046143,29.0780696868896
3612,280632445,47.2462322345,-122.5219935179,Tacoma,Pierce,,,,,,,,,,31.8562335968018,16.2126541137695,28.8389873504639
3613,280632490,47.2484048605,-122.5239620373,Tacoma,Pierce,,,,,,,,,,32.1034812927246,16.8163166046143,29.0780696868896
3614,280632992,47.2483926175,-122.5239249609,Tacoma,Pierce,,,,,,,,,,32.1034812927246,16.8163166046143,29.0780696868896
3615,280635739,47.2484249056,-122.5240759179,Tacoma,Pierce,,,,,,,,,,32.0988845825195,16.8340835571289,29.0109729766846
3616,281094036,47.3154291639,-122.5381532698,Tacoma,Pierce,,,,,,,,,,25.755126953125,16.0809574127197,25.2086639404297
3617,281104445,47.3175864111,-122.5433691503,Tacoma,Pierce,,,,,,,,,,25.6174659729004,16.7786426544189,25.4104309082031
3618,281104500,47.317453793,-122.5430526986,Tacoma,Pierce,,,,,,,,,,25.6190128326416,16.751989364624,25.4154071807861
3619,281104546,47.3173772271,-122.54305576,Tacoma,Pierce,,,,,,,,,,25.6216373443604,16.7474308013916,25.4144668579102
3620,281106315,47.317581184,-122.5435954947,Tacoma,Pierce,,,,,,,,,,25.6070175170898,16.7837200164795,25.3966407775879
3621,281108220,47.31690305,-122.5438410338,Tacoma,Pierce,,,,,,,,,,25.673807144165,16.6977005004883,25.4084606170654
3622,281109224,47.3169967085,-122.5436805462,Tacoma,Pierce,,,,,,,,,,25.6581497192383,16.7245006561279,25.4086074829102
3623,281109851,47.3171197269,-122.5440766066,Tacoma,Pierce,,,,,,,,,,25.6330375671387,16.7486438751221,25.3998508453369
3624,281109895,47.3171760566,-122.5441550161,Tacoma,Pierce,,,,,,,,,,25.6284599304199,16.7535095214844,25.4006958007812
3625,281111970,47.3164124539,-122.5443059689,Tacoma,Pierce,,,,,,,,,,25.6917304992676,16.6915740966797,25.4207592010498
3626,281114148,47.3162976919,-122.54437774,Tacoma,Pierce,,,,,,,,,,25.6900367736816,16.6740970611572,25.4204063415527
3627,281115042,47.3160258499,-122.5444889737,Tacoma,Pierce,,,,,,,,,,25.6845035552979,16.6826229095459,25.4117164611816
3628,281129643,47.316424466,-122.5442686933,Tacoma,Pierce,,,,,,,,,,25.6938762664795,16.6760292053223,25.4208068847656
3629,281132755,47.3170460511,-122.5438393207,Tacoma,Pierce,,,,,,,,,,25.6410293579102,16.7330932617188,25.4137058258057
3630,281133109,47.3165459421,-122.5439413967,Tacoma,Pierce,,,,,,,,,,25.6845436096191,16.674976348877,25.4406261444092
3631,281133751,47.3164868979,-122.5439644534,Tacoma,Pierce,,,,,,,,,,25.6879234313965,16.6478500366211,25.4433860778809
3632,284850843,45.5944130249,-122.6550151901,Portland,Multnomah,,,,,,,30.9714107513428,14.5481700897217,28.7911396026611,,,
3633,285403565,47.3045783333,-122.5161133333,Tacoma,Pierce,,,,,,,,,,27.9071865081787,15.8931303024292,26.4790992736816
3634,285508804,47.3053899415,-122.5164569241,Tacoma,Pierce,,,,,,,,,,27.1615009307861,15.7664232254028,25.5316028594971
3635,285678462,47.1348805,-122.296075,,Pierce,,,,84.8000030517578,58.7999992370605,82,,,,,,
3636,285756951,47.1028476236,-122.5862575044,"DuPont, WA",Pierce,,,,,,,,,,,,
3637,285854310,47.29253,-122.5159133333,Tacoma,Pierce,,,,,,,,,,31.2551898956299,15.7756700515747,29.1900291442871
3638,285861608,47.1963833333,-122.45482,Tacoma,Pierce,,,,,,,,,,29.8714466094971,15.3489265441895,29.3953304290771
3640,286721426,47.2118866667,-122.535255,,Pierce,,,,,,,,,,30.1485805511475,15.7281169891357,29.3595523834229
3641,286870816,47.3114083032,-122.5334054364,Tacoma,Pierce,,,,,,,,,,26.2636566162109,15.4912595748901,25.2619094848633
3642,286874958,47.3130901567,-122.5333524137,Tacoma,Pierce,,,,,,,,,,26.1499633789062,15.6424598693848,25.2471733093262
3643,286876086,47.3129414144,-122.5333095275,Tacoma,Pierce,,,,,,,,,,26.1618366241455,15.4801397323608,25.314079284668
3644,286881580,47.3114856074,-122.5343227755,Tacoma,Pierce,,,,,,,,,,26.2337265014648,15.5443296432495,25.1261138916016
3645,286882820,47.3166150332,-122.5353839389,Tacoma,Pierce,,,,,,,,,,25.5981597900391,16.787769317627,25.4327201843262
3646,286884669,47.3165812173,-122.5356432558,Tacoma,Pierce,,,,,,,,,,25.6273059844971,16.7720127105713,25.453706741333
3647,286974733,47.3114121435,-122.5342644572,Tacoma,Pierce,,,,,,,,,,26.2450408935547,15.5394763946533,25.1324596405029
3648,286974784,47.3129183185,-122.5332136525,Tacoma,Pierce,,,,,,,,,,26.1618366241455,15.4801397323608,25.314079284668
3649,287057838,47.3166850125,-122.5355203668,Tacoma,Pierce,,,,,,,,,,25.570520401001,16.7979526519775,25.4388103485107
3650,288831230,47.3040869975,-122.5338864157,Tacoma,Pierce,,,,,,,,,,25.74094581604,16.0202293395996,25.1108875274658
3651,288832425,47.3040604809,-122.5338577471,Tacoma,Pierce,,,,,,,,,,25.7133464813232,16.0347270965576,25.158447265625
3652,288836318,47.3042174347,-122.5337922298,Tacoma,Pierce,,,,,,,,,,25.8798141479492,15.9042167663574,25.2379035949707
3653,288836778,47.3052829394,-122.5346068908,Tacoma,Pierce,,,,,,,,,,25.68967628479,16.0314292907715,25.0939559936523
3654,288837796,47.3053785612,-122.5343810121,Tacoma,Pierce,,,,,,,,,,25.9902439117432,15.8607063293457,25.1216163635254
3655,288838206,47.3053737255,-122.5344426923,Tacoma,Pierce,,,,,,,,,,25.9902439117432,15.8607063293457,25.1216163635254
3656,288840210,47.3054010236,-122.5344162009,Tacoma,Pierce,,,,,,,,,,25.9902439117432,15.8607063293457,25.1216163635254
3657,288841667,47.3054338167,-122.5344604053,Tacoma,Pierce,,,,,,,,,,26.0452499389648,15.8426570892334,25.1499061584473
3658,288841931,47.3052777015,-122.5345837993,Tacoma,Pierce,,,,,,,,,,25.7658233642578,15.9378471374512,25.0402069091797
3659,288842745,47.30549086,-122.534425199,Tacoma,Pierce,,,,,,,,,,26.0452499389648,15.8426570892334,25.1499061584473
3660,288848356,47.3056148749,-122.5344370292,Tacoma,Pierce,,,,,,,,,,26.1306171417236,15.8371028900146,25.1968269348145
3661,288849180,47.3059968613,-122.5350675637,Tacoma,Pierce,,,,,,,,,,25.8074836730957,16.0023136138916,25.0694561004639
3662,288849326,47.305464891,-122.5343378098,Tacoma,Pierce,,,,,,,,,,26.0452499389648,15.8426570892334,25.1499061584473
3663,288849525,47.3055823561,-122.5345219085,Tacoma,Pierce,,,,,,,,,,26.0219135284424,15.8556337356567,25.1402969360352
3664,288850684,47.3060209616,-122.5350384001,Tacoma,Pierce,,,,,,,,,,25.8074836730957,16.0023136138916,25.0694561004639
3665,288851974,47.3060149693,-122.5351675592,Tacoma,Pierce,,,,,,,,,,25.6976070404053,16.0763072967529,25.1123294830322
3666,288866532,47.3059682847,-122.5351826599,Tacoma,Pierce,,,,,,,,,,25.6976070404053,16.0763072967529,25.1123294830322
3667,288866631,47.3059610628,-122.5351232679,Tacoma,Pierce,,,,,,,,,,25.8074836730957,16.0023136138916,25.0694561004639
3668,288866791,47.3061174019,-122.5351872766,Tacoma,Pierce,,,,,,,,,,25.7332973480225,16.048849105835,25.0624561309814
3669,290742581,47.30745734,-122.536421988,Tacoma,Pierce,,,,,,,,,,25.6961898803711,16.2546806335449,25.2804470062256
3670,290745479,47.309346481,-122.5386389638,Tacoma,Pierce,,,,,,,,,,25.5094394683838,16.3781871795654,25.3263206481934
3671,290747571,47.3098449183,-122.5390727125,Tacoma,Pierce,,,,,,,,,,25.4794902801514,16.5199165344238,25.3442859649658
3672,290748362,47.3100786722,-122.5389468478,Tacoma,Pierce,,,,,,,,,,25.5106830596924,16.3291339874268,25.229700088501
3673,290748998,47.3100432703,-122.5390466132,Tacoma,Pierce,,,,,,,,,,25.5106830596924,16.3291339874268,25.229700088501
3674,290749900,47.3101648666,-122.5389057095,Tacoma,Pierce,,,,,,,,,,25.6536235809326,16.1918640136719,25.1450901031494
3675,290750534,47.3101062466,-122.5390842794,Tacoma,Pierce,,,,,,,,,,25.4968109130859,16.3646240234375,25.2839164733887
3676,290754138,47.3105141664,-122.5394757911,Tacoma,Pierce,,,,,,,,,,25.5071773529053,16.25563621521,25.2155609130859
3677,290755271,47.3109025059,-122.5393422205,Tacoma,Pierce,,,,,,,,,,25.6944961547852,15.8136796951294,25.0447998046875
3678,290755568,47.3107650723,-122.5392873317,Tacoma,Pierce,,,,,,,,,,25.7119140625,15.8738632202148,25.0402698516846
3679,290756402,47.3108705127,-122.5394162942,Tacoma,Pierce,,,,,,,,,,25.6944961547852,15.8136796951294,25.0447998046875
3680,290757003,47.3107697797,-122.5392401811,Tacoma,Pierce,,,,,,,,,,25.7119140625,15.8738632202148,25.0402698516846
3681,290757787,47.3108264204,-122.5394630391,Tacoma,Pierce,,,,,,,,,,25.5819225311279,16.0035858154297,25.1165161132812
3682,290758652,47.3104928111,-122.5392946681,Tacoma,Pierce,,,,,,,,,,25.5873126983643,16.0781936645508,25.1346664428711
3683,290759652,47.3109160137,-122.5394913752,Tacoma,Pierce,,,,,,,,,,25.6268100738525,15.8707704544067,25.1081790924072
3684,290759999,47.311025942,-122.5390561235,Tacoma,Pierce,,,,,,,,,,25.9801139831543,15.8419399261475,25.0090999603271
3685,290764088,47.31135574,-122.5400878281,Tacoma,Pierce,,,,,,,,,,25.6091976165771,15.8820867538452,25.159460067749
3686,290764369,47.3100354212,-122.5389633385,Tacoma,Pierce,,,,,,,,,,25.5106830596924,16.3291339874268,25.229700088501
3687,290764691,47.3108571735,-122.5390909499,Tacoma,Pierce,,,,,,,,,,25.8858642578125,15.8386468887329,25.0228633880615
3688,290765229,47.3110674994,-122.5405398449,Tacoma,Pierce,,,,,,,,,,25.5655708312988,16.6113700866699,25.3615875244141
3689,290765586,47.3114393678,-122.5402259652,Tacoma,Pierce,,,,,,,,,,25.6063041687012,15.9039163589478,25.1928195953369
3690,290765644,47.3109113748,-122.5392674044,Tacoma,Pierce,,,,,,,,,,25.8170127868652,15.7978763580322,25.0280170440674
3691,290766037,47.3110816804,-122.5402351843,Tacoma,Pierce,,,,,,,,,,25.5640125274658,16.1712532043457,25.2311458587646
3692,290766476,47.3115361635,-122.539948993,Tacoma,Pierce,,,,,,,,,,25.6124801635742,15.7998237609863,25.1640396118164
3693,290766805,47.3115006355,-122.5404135235,Tacoma,Pierce,,,,,,,,,,25.6372241973877,15.9478168487549,25.2322273254395
3694,290767239,47.3114073409,-122.5403648558,Tacoma,Pierce,,,,,,,,,,25.6027202606201,15.934663772583,25.2099266052246
3695,290767969,47.3114503397,-122.539958541,Tacoma,Pierce,,,,,,,,,,25.6041126251221,15.813946723938,25.1797866821289
3696,290768230,47.3115587024,-122.540006024,Tacoma,Pierce,,,,,,,,,,25.6170330047607,15.796667098999,25.1977233886719
3697,290769767,47.3115635187,-122.5400167162,Tacoma,Pierce,,,,,,,,,,25.6170330047607,15.796667098999,25.1977233886719
3698,290773001,47.3116798868,-122.5400371866,Tacoma,Pierce,,,,,,,,,,25.6205062866211,15.7375268936157,25.1869697570801
3699,290793485,47.3114789211,-122.5402687453,Tacoma,Pierce,,,,,,,,,,25.6103706359863,15.9098167419434,25.206916809082
3700,290793505,47.3116583331,-122.5397518004,Tacoma,Pierce,,,,,,,,,,25.6946239471436,15.7394399642944,25.1145191192627
3701,292696621,47.3120256379,-122.540374269,Tacoma,Pierce,,,,,,,,,,25.6536960601807,15.7485666275024,25.1812763214111
3702,292697490,47.3118972034,-122.5400597044,Tacoma,Pierce,,,,,,,,,,25.6364669799805,15.7282466888428,25.1563205718994
3703,292698966,47.3120203095,-122.5402736669,Tacoma,Pierce,,,,,,,,,,25.6499996185303,15.7346267700195,25.1319561004639
3704,292699540,47.311922753,-122.5401827728,Tacoma,Pierce,,,,,,,,,,25.6658992767334,15.7307395935059,25.1599502563477
3705,292700587,47.3121926063,-122.5403061287,Tacoma,Pierce,,,,,,,,,,25.6642971038818,15.7268104553223,25.0936241149902
3706,292701846,47.3123250889,-122.5401725333,Tacoma,Pierce,,,,,,,,,,25.7286071777344,15.7684803009033,25.0794734954834
3707,292703544,47.3121713799,-122.5407559431,Tacoma,Pierce,,,,,,,,,,25.6509838104248,15.7545604705811,25.2196865081787
3708,292703793,47.3119742789,-122.5404078743,Tacoma,Pierce,,,,,,,,,,25.6512069702148,15.7545862197876,25.2211132049561
3709,292704320,47.3122269148,-122.5409468397,Tacoma,Pierce,,,,,,,,,,25.6801338195801,15.8146533966064,25.2373924255371
3710,292705995,47.312095032,-122.5406970564,Tacoma,Pierce,,,,,,,,,,25.652156829834,15.815580368042,25.2386131286621
3711,292706930,47.3120406362,-122.5406698953,Tacoma,Pierce,,,,,,,,,,25.652156829834,15.815580368042,25.2386131286621
3712,292709217,47.3120808698,-122.5406113725,Tacoma,Pierce,,,,,,,,,,25.6522331237793,15.7566270828247,25.2039070129395
3713,292709384,47.3119234882,-122.5408395485,Tacoma,Pierce,,,,,,,,,,25.6449108123779,15.8628797531128,25.2320709228516
3714,292709910,47.3117970537,-122.540985905,Tacoma,Pierce,,,,,,,,,,25.6236057281494,16.0860557556152,25.2755126953125
3715,292711722,47.311768729,-122.5406836885,Tacoma,Pierce,,,,,,,,,,25.6370372772217,15.913366317749,25.2517871856689
3716,292721296,47.3119713789,-122.5409601497,Tacoma,Pierce,,,,,,,,,,25.6464729309082,15.9306936264038,25.2483425140381
3717,292721329,47.3133181439,-122.5434868696,Tacoma,Pierce,,,,,,,,,,25.6490631103516,16.7264595031738,25.3730792999268
3718,294667883,47.3138010634,-122.5430971017,Tacoma,Pierce,,,,,,,,,,25.6936626434326,16.5591697692871,25.3104496002197
3719,294670224,47.3141705367,-122.5435732712,Tacoma,Pierce,,,,,,,,,,25.69508934021,16.5934467315674,25.2957324981689
3720,294671310,47.3140850596,-122.5435143663,Tacoma,Pierce,,,,,,,,,,25.6950531005859,16.5896072387695,25.2868938446045
3721,294671669,47.314119645,-122.543626682,Tacoma,Pierce,,,,,,,,,,25.69508934021,16.5934467315674,25.2957324981689
3722,294673998,47.3150348772,-122.543933211,Tacoma,Pierce,,,,,,,,,,25.7065563201904,16.5612468719482,25.3077201843262
3723,294677029,47.3147354922,-122.5439493434,Tacoma,Pierce,,,,,,,,,,25.7006893157959,16.5649967193604,25.3117942810059
3724,294679237,47.3152665997,-122.544939222,Tacoma,Pierce,,,,,,,,,,25.6312141418457,16.7158432006836,25.3988075256348
3725,294679858,47.3150109815,-122.5443620289,Tacoma,Pierce,,,,,,,,,,25.7001171112061,16.6199741363525,25.3226203918457
3726,294680423,47.3153556124,-122.5449930216,Tacoma,Pierce,,,,,,,,,,25.6389865875244,16.7228527069092,25.4160461425781
3727,294686937,47.3156129823,-122.5450563202,Tacoma,Pierce,,,,,,,,,,25.6482105255127,16.7163467407227,25.4255142211914
3728,294687372,47.317338421,-122.5460657806,Tacoma,Pierce,,,,,,,,,,25.3318290710449,16.8310527801514,25.5247573852539
3729,294702785,47.3178273254,-122.5452938037,Tacoma,Pierce,,,,,,,,,,25.3006229400635,16.8399658203125,25.5208072662354
3730,294702919,47.3179183854,-122.5452127309,Tacoma,Pierce,,,,,,,,,,25.2347393035889,16.8432769775391,25.5296535491943
3731,294703016,47.3179483251,-122.5450195112,Tacoma,Pierce,,,,,,,,,,25.2999973297119,16.8393001556396,25.5257263183594
3732,294713041,47.3158835719,-122.5449869729,Tacoma,Pierce,,,,,,,,,,25.6701469421387,16.6946563720703,25.4399662017822
3733,294713185,47.3178168999,-122.5451325773,Tacoma,Pierce,,,,,,,,,,25.3233203887939,16.8395862579346,25.5257263183594
3734,296584209,47.3166617946,-122.5361510824,Tacoma,Pierce,,,,,,,,,,25.6490592956543,16.753059387207,25.450553894043
3735,296585307,47.3168046723,-122.5359849701,Tacoma,Pierce,,,,,,,,,,25.5366325378418,16.8001441955566,25.4420375823975
3736,296585846,47.3169706939,-122.5363512456,Tacoma,Pierce,,,,,,,,,,25.5212440490723,16.8144340515137,25.4401969909668
3737,296587716,47.3172535258,-122.5363637164,Tacoma,Pierce,,,,,,,,,,25.34255027771,16.8354339599609,25.4819240570068
3738,296587892,47.3172629483,-122.5365710894,Tacoma,Pierce,,,,,,,,,,25.3402462005615,16.8361339569092,25.4812240600586
3739,296590631,47.3172952165,-122.5369077147,Tacoma,Pierce,,,,,,,,,,25.3627262115479,16.8356838226318,25.4806232452393
3740,296591537,47.3173133733,-122.5370015886,Tacoma,Pierce,,,,,,,,,,25.3204441070557,16.8364124298096,25.4831924438477
3741,296593981,47.3173220268,-122.537713447,Tacoma,Pierce,,,,,,,,,,25.3716659545898,16.8377799987793,25.4774398803711
3742,296597296,47.3166054234,-122.5377248219,Tacoma,Pierce,,,,,,,,,,25.6834869384766,16.6647834777832,25.3646392822266
3743,296598122,47.3166113334,-122.5378151439,Tacoma,Pierce,,,,,,,,,,25.6844062805176,16.6385631561279,25.376127243042
3744,296600092,47.3162089324,-122.5381760647,Tacoma,Pierce,,,,,,,,,,25.7379302978516,16.3511524200439,25.307523727417
3745,296603360,47.3158509618,-122.5390732647,Tacoma,Pierce,,,,,,,,,,25.7427234649658,16.3017272949219,25.2134990692139
3746,296619598,47.3171185842,-122.5376836025,Tacoma,Pierce,,,,,,,,,,25.5364208221436,16.7941932678223,25.5211029052734
3747,296620143,47.3164040002,-122.5396592185,Tacoma,Pierce,,,,,,,,,,25.7290802001953,16.351734161377,25.2537708282471
3748,298477937,47.3173208907,-122.5376299951,Tacoma,Pierce,,,,,,,,,,25.3668041229248,16.8378601074219,25.4789733886719
3749,298480201,47.3169423542,-122.5403133909,Tacoma,Pierce,,,,,,,,,,25.6660594940186,16.7283763885498,25.3675060272217
3750,298480292,47.3170526642,-122.5401917893,Tacoma,Pierce,,,,,,,,,,25.6307830810547,16.7481098175049,25.3957595825195
3751,298482047,47.315876867,-122.5383127026,Tacoma,Pierce,,,,,,,,,,25.7388134002686,16.2528228759766,25.2325973510742
3752,298482184,47.3171800889,-122.5402980687,Tacoma,Pierce,,,,,,,,,,25.6329402923584,16.745964050293,25.3663330078125
3753,298483160,47.3171086768,-122.5405022301,Tacoma,Pierce,,,,,,,,,,25.6303062438965,16.7493095397949,25.393404006958
3754,298483276,47.3171640415,-122.5405514935,Tacoma,Pierce,,,,,,,,,,25.6346797943115,16.7436237335205,25.3595161437988
3755,298484660,47.3171561696,-122.5405831769,Tacoma,Pierce,,,,,,,,,,25.6346797943115,16.7436237335205,25.3595161437988
3756,298485256,47.3171036168,-122.5405703448,Tacoma,Pierce,,,,,,,,,,25.6303062438965,16.7493095397949,25.393404006958
3757,298485325,47.3172287431,-122.5406683145,Tacoma,Pierce,,,,,,,,,,25.6357460021973,16.7410697937012,25.3640460968018
3758,298487825,47.3178663655,-122.540027062,Tacoma,Pierce,,,,,,,,,,25.4156398773193,16.8135890960693,25.3972034454346
3759,298491229,47.3160987993,-122.5393479358,Tacoma,Pierce,,,,,,,,,,25.7408027648926,16.3397636413574,25.2291526794434
3760,298492208,47.317990569,-122.5426776417,Tacoma,Pierce,,,,,,,,,,25.5244064331055,16.8061542510986,25.4487495422363
3761,298493674,47.3180839756,-122.5413372534,Tacoma,Pierce,,,,,,,,,,25.4698791503906,16.8200531005859,25.4534091949463
3762,298493982,47.3180224742,-122.542357306,Tacoma,Pierce,,,,,,,,,,25.5305233001709,16.8038272857666,25.4594593048096
3763,298495720,47.3171869278,-122.5404060295,Tacoma,Pierce,,,,,,,,,,25.6274394989014,16.745433807373,25.3667335510254
3764,298496421,47.3178808835,-122.5424058932,Tacoma,Pierce,,,,,,,,,,25.5265827178955,16.806957244873,25.4447765350342
3765,298496548,47.317853367,-122.5432868092,Tacoma,Pierce,,,,,,,,,,25.5352993011475,16.8053359985352,25.44162940979
3766,298496585,47.3179112814,-122.5414398676,Tacoma,Pierce,,,,,,,,,,25.533992767334,16.8008460998535,25.4343738555908
3767,298497047,47.3178950772,-122.5431702909,Tacoma,Pierce,,,,,,,,,,25.5421237945557,16.7998199462891,25.4413661956787
3768,298497537,47.3178832869,-122.5432613671,Tacoma,Pierce,,,,,,,,,,25.5419235229492,16.7993392944336,25.4551601409912
3769,298498025,47.3178717699,-122.5432949865,Tacoma,Pierce,,,,,,,,,,25.5419235229492,16.7993392944336,25.4551601409912
3770,298498189,47.3177621927,-122.5433188798,Tacoma,Pierce,,,,,,,,,,25.572359085083,16.801570892334,25.4342803955078
3771,298499891,47.3180142258,-122.5434958794,Tacoma,Pierce,,,,,,,,,,25.4421539306641,16.818754196167,25.4636631011963
3772,298501220,47.3177595058,-122.5436452542,Tacoma,Pierce,,,,,,,,,,25.5378875732422,16.8061771392822,25.4044094085693
3773,298526618,47.317797372,-122.5436899091,Tacoma,Pierce,,,,,,,,,,25.5410499572754,16.7972736358643,25.4187641143799
3774,298532115,47.3177705558,-122.5434747492,Tacoma,Pierce,,,,,,,,,,25.5578727722168,16.8062305450439,25.3903064727783
3775,299225262,47.3065017732,-122.5326071867,Tacoma,Pierce,,,,,,,,,,26.3961658477783,15.432466506958,25.2113132476807
3776,299229349,47.3066147331,-122.5331468208,Tacoma,Pierce,,,,,,,,,,26.3487968444824,15.5436429977417,25.2515830993652
3777,299231139,47.3068052205,-122.5338454518,Tacoma,Pierce,,,,,,,,,,26.3104400634766,15.6513729095459,25.1679573059082
3778,299234407,47.3067594497,-122.5338075396,Tacoma,Pierce,,,,,,,,,,26.3105030059814,15.6836462020874,25.1792430877686
3779,299239179,47.3066596409,-122.5339268504,Tacoma,Pierce,,,,,,,,,,26.3114376068115,15.7374668121338,25.1740608215332
3780,299240571,47.3066361119,-122.5338550944,Tacoma,Pierce,,,,,,,,,,26.3114376068115,15.7374668121338,25.1740608215332
3781,299240954,47.3067572065,-122.5343740894,Tacoma,Pierce,,,,,,,,,,26.2874031066895,15.8489532470703,25.1654300689697
3782,299244198,47.3067589644,-122.5344230579,Tacoma,Pierce,,,,,,,,,,26.2874031066895,15.8489532470703,25.1654300689697
3783,299244898,47.3070170517,-122.5346760286,Tacoma,Pierce,,,,,,,,,,26.2545070648193,15.8972730636597,25.4305572509766
3784,299247467,47.3070334049,-122.534473313,Tacoma,Pierce,,,,,,,,,,26.2665100097656,15.8584871292114,25.5094032287598
3785,299247578,47.3070613187,-122.5346481291,Tacoma,Pierce,,,,,,,,,,26.2518730163574,15.8865766525269,25.4378890991211
3786,299264992,47.3070644495,-122.5347948634,Tacoma,Pierce,,,,,,,,,,26.2480926513672,15.9178628921509,25.3390102386475
3787,299277157,47.3066765181,-122.5337695052,Tacoma,Pierce,,,,,,,,,,26.3172969818115,15.6436967849731,25.1790294647217
3788,299277324,47.3067017053,-122.5337914486,Tacoma,Pierce,,,,,,,,,,26.3172969818115,15.6436967849731,25.1790294647217
3789,299277460,47.3066603663,-122.5339119097,Tacoma,Pierce,,,,,,,,,,26.3114376068115,15.7374668121338,25.1740608215332
3790,299277573,47.3070592836,-122.5346242347,Tacoma,Pierce,,,,,,,,,,26.2518730163574,15.8865766525269,25.4378890991211
3791,299277672,47.3070224806,-122.5347426356,Tacoma,Pierce,,,,,,,,,,26.2486457824707,15.9321031570435,25.3006629943848
3792,299277794,47.306791655,-122.5348020999,Tacoma,Pierce,,,,,,,,,,26.2328090667725,15.9456596374512,25.3164901733398
3793,301018908,47.3181587503,-122.5433878981,Tacoma,Pierce,,,,,,,,,,25.3311195373535,16.833833694458,25.5118103027344
3794,301019648,47.3180700808,-122.5437347344,Tacoma,Pierce,,,,,,,,,,25.3443698883057,16.82106590271,25.5370235443115
3795,301020646,47.3181922961,-122.5433405188,Tacoma,Pierce,,,,,,,,,,25.335277557373,16.8319664001465,25.5118103027344
3796,301021277,47.318123104,-122.5437264352,Tacoma,Pierce,,,,,,,,,,25.3443698883057,16.82106590271,25.5370235443115
3797,301024691,47.3179096884,-122.543717587,Tacoma,Pierce,,,,,,,,,,25.4875602722168,16.8144359588623,25.4445323944092
3798,301025705,47.318283557,-122.5433562046,Tacoma,Pierce,,,,,,,,,,25.3080730438232,16.8409957885742,25.5278739929199
3799,301026043,47.3178963015,-122.5437436728,Tacoma,Pierce,,,,,,,,,,25.4875602722168,16.8144359588623,25.4445323944092
3800,301026385,47.3179194844,-122.5443720891,Tacoma,Pierce,,,,,,,,,,25.3825092315674,16.8231201171875,25.5503330230713
3801,301029757,47.3179755163,-122.5443491911,Tacoma,Pierce,,,,,,,,,,25.3310775756836,16.8304405212402,25.5248737335205
3802,301032098,47.3180142442,-122.5445271127,Tacoma,Pierce,,,,,,,,,,25.3250102996826,16.8362236022949,25.5245742797852
3803,301033266,47.3178763164,-122.5446497153,Tacoma,Pierce,,,,,,,,,,25.3308391571045,16.8307209014893,25.5244235992432
3804,301036561,47.3178926079,-122.5443568436,Tacoma,Pierce,,,,,,,,,,25.3825092315674,16.8231201171875,25.5503330230713
3805,301038065,47.316049852,-122.5441059515,Tacoma,Pierce,,,,,,,,,,25.6988792419434,16.5905437469482,25.4254894256592
3806,301038529,47.3179477253,-122.5446082187,Tacoma,Pierce,,,,,,,,,,25.3308391571045,16.8307209014893,25.5244235992432
3807,301061759,47.3161247872,-122.5436227547,Tacoma,Pierce,,,,,,,,,,25.7154541015625,16.5656261444092,25.4157276153564
3808,301066110,47.3161579868,-122.5441456567,Tacoma,Pierce,,,,,,,,,,25.6913032531738,16.5884990692139,25.4478130340576
3809,301066206,47.3165756139,-122.5438423132,Tacoma,Pierce,,,,,,,,,,25.6797409057617,16.6194229125977,25.4200134277344
3810,301122809,47.3180336946,-122.5436576679,Tacoma,Pierce,,,,,,,,,,25.4043292999268,16.818754196167,25.4780731201172
3811,301122903,47.3181652933,-122.5436165724,Tacoma,Pierce,,,,,,,,,,25.3283195495605,16.8362064361572,25.5163440704346
3812,301122931,47.318123416,-122.5435435263,Tacoma,Pierce,,,,,,,,,,25.3697738647461,16.8209857940674,25.5498542785645
3813,301122981,47.3178704822,-122.5441966445,Tacoma,Pierce,,,,,,,,,,25.4841175079346,16.8130702972412,25.4341735839844
3814,301123039,47.317980745,-122.5443433045,Tacoma,Pierce,,,,,,,,,,25.3310775756836,16.8304405212402,25.5248737335205
3815,301123089,47.3179608817,-122.5443588664,Tacoma,Pierce,,,,,,,,,,25.3825092315674,16.8231201171875,25.5503330230713
3816,301123177,47.3162280842,-122.5440880404,Tacoma,Pierce,,,,,,,,,,25.6883029937744,16.6016998291016,25.4479331970215
3817,301123239,47.316253259,-122.5435495668,Tacoma,Pierce,,,,,,,,,,25.7124423980713,16.5775604248047,25.4561996459961
3818,301906274,47.30720212,-122.5351996737,Tacoma,Pierce,,,,,,,,,,26.2746124267578,15.9416198730469,25.5162773132324
3819,301907190,47.3072914582,-122.5353877372,Tacoma,Pierce,,,,,,,,,,26.2452239990234,15.9219436645508,25.4703540802002
3820,301907542,47.3072452858,-122.5352796418,Tacoma,Pierce,,,,,,,,,,26.2635307312012,15.937970161438,25.5267372131348
3821,301913679,47.307658557,-122.5359850926,Tacoma,Pierce,,,,,,,,,,26.1729202270508,15.9688997268677,25.5002765655518
3822,301914902,47.3077679848,-122.5361606969,Tacoma,Pierce,,,,,,,,,,26.1768398284912,15.9847869873047,25.4419174194336
3823,301915474,47.3077821038,-122.536263962,Tacoma,Pierce,,,,,,,,,,26.1215000152588,16.0579891204834,25.3597431182861
3824,301915638,47.3077189311,-122.5362722263,Tacoma,Pierce,,,,,,,,,,26.0381660461426,16.0455436706543,25.2973976135254
3825,301917710,47.3079679846,-122.5363641402,Tacoma,Pierce,,,,,,,,,,26.1253337860107,16.1019325256348,25.3237533569336
3826,301919652,47.3081456976,-122.5361901117,Tacoma,Pierce,,,,,,,,,,26.2162227630615,16.021110534668,25.4321098327637
3827,301921368,47.3079274267,-122.5364745011,Tacoma,Pierce,,,,,,,,,,25.9674701690674,16.0998573303223,25.2991790771484
3828,301922316,47.3083129736,-122.5366660059,Tacoma,Pierce,,,,,,,,,,26.145715713501,16.1284408569336,25.3203296661377
3829,301922955,47.3078033204,-122.5361981008,Tacoma,Pierce,,,,,,,,,,26.1215000152588,16.0579891204834,25.3597431182861
3830,301922985,47.3079216377,-122.5362768024,Tacoma,Pierce,,,,,,,,,,26.1617259979248,16.0488033294678,25.4279766082764
3831,301926077,47.3087917164,-122.537458921,Tacoma,Pierce,,,,,,,,,,25.8756332397461,16.1945533752441,25.2414073944092
3832,301933154,47.3075608132,-122.5362596624,Tacoma,Pierce,,,,,,,,,,25.9491558074951,16.0951671600342,25.314489364624
3833,301933199,47.3084229084,-122.5369314861,Tacoma,Pierce,,,,,,,,,,26.0000228881836,16.0734672546387,25.313440322876
3834,302660533,47.2425333333,-122.49347,Tacoma,Pierce,,,,,,,,,,31.9070262908936,15.2446603775024,29.3894538879395
3835,302662051,47.2419166338,-122.4932244911,Tacoma,Pierce,,,,,,,,,,31.344030380249,15.3915529251099,29.4382972717285
3836,302666823,47.2418152088,-122.4932099991,Tacoma,Pierce,,,,,,,,,,31.3339233398438,15.3986101150513,29.48215675354
3837,302667993,47.2410777783,-122.4931974503,Tacoma,Pierce,,,,,,,,,,31.2304592132568,15.019829750061,29.7613964080811
3838,302669296,47.2400585246,-122.4932954218,Tacoma,Pierce,,,,,,,,,,31.300235748291,14.7622871398926,29.8816871643066
3839,302672510,47.2352424175,-122.4924192428,Tacoma,Pierce,,,,,,,,,,31.4234466552734,15.1647129058838,30.0536441802979
3840,302673553,47.235201961,-122.4924135278,Tacoma,Pierce,,,,,,,,,,31.4463806152344,15.1773767471313,30.0820808410645
3841,302677642,47.2352037057,-122.491235711,Tacoma,Pierce,,,,,,,,,,31.2808570861816,15.1982669830322,29.6979808807373
3842,302685057,47.2383013242,-122.4894901962,Tacoma,Pierce,,,,,,,,,,31.1406173706055,15.2093896865845,29.1908073425293
3843,302689208,47.2405693296,-122.4900963446,Tacoma,Pierce,,,,,,,,,,31.1232833862305,14.807653427124,29.2703971862793
3844,302689705,47.2405478395,-122.4901852122,Tacoma,Pierce,,,,,,,,,,31.1342296600342,14.8005466461182,29.2487106323242
3845,302693366,47.2390571582,-122.4904313126,Tacoma,Pierce,,,,,,,,,,31.1205730438232,15.1141996383667,28.7717971801758
3846,302700184,47.2420617654,-122.4919657342,Tacoma,Pierce,,,,,,,,,,31.2697868347168,15.0815362930298,29.2578430175781
3847,302700972,47.2421244437,-122.4918879386,Tacoma,Pierce,,,,,,,,,,31.2796459197998,15.0561933517456,29.2033023834229
3848,302701330,47.2421407742,-122.4918004025,Tacoma,Pierce,,,,,,,,,,31.2445068359375,15.0160503387451,29.2160739898682
3849,302702167,47.2420996286,-122.4918859519,Tacoma,Pierce,,,,,,,,,,31.2796459197998,15.0561933517456,29.2033023834229
3850,302704359,47.2424449789,-122.4923416391,Tacoma,Pierce,,,,,,,,,,31.3075923919678,15.0556735992432,29.1175308227539
3851,302707946,47.2424810834,-122.493022054,Tacoma,Pierce,,,,,,,,,,31.5101737976074,15.1680297851562,29.3132972717285
3852,302724027,47.2425406496,-122.4930254882,Tacoma,Pierce,,,,,,,,,,31.5279903411865,15.1202735900879,29.2899627685547
3853,302724232,47.2425667469,-122.4931672319,Tacoma,Pierce,,,,,,,,,,31.5827102661133,15.1673669815063,29.340503692627
3854,302734344,47.2347458834,-122.4211289021,Tacoma,Pierce,,,,,,,,,,32.4428749084473,16.5452728271484,28.781213760376
3855,302735060,47.2347307938,-122.4211185401,Tacoma,Pierce,,,,,,,,,,32.4428749084473,16.5452728271484,28.781213760376
3856,302735689,47.2349308915,-122.4208210542,Tacoma,Pierce,,,,,,,,,,32.4482612609863,16.5029239654541,28.664213180542
3857,302736396,47.2349248525,-122.4209683395,Tacoma,Pierce,,,,,,,,,,32.4365997314453,16.5089626312256,28.7361068725586
3858,302739322,47.2362693846,-122.4219606558,Tacoma,Pierce,,,,,,,,,,32.5565071105957,17.2216701507568,29.2553825378418
3859,302740140,47.2360783392,-122.4199377416,Tacoma,Pierce,,,,,,,,,,32.7529296875,16.4164638519287,28.5297031402588
3860,302740359,47.2357763872,-122.4230607666,Tacoma,Pierce,,,,,,,,,,32.4360389709473,17.4196166992188,30.107982635498
3861,302740568,47.2357721351,-122.4231094989,Tacoma,Pierce,,,,,,,,,,32.4360389709473,17.4196166992188,30.107982635498
3862,302740996,47.2355793493,-122.4231820691,Tacoma,Pierce,,,,,,,,,,32.376594543457,17.3925628662109,30.0632724761963
3863,302741294,47.2353946854,-122.4235645073,Tacoma,Pierce,,,,,,,,,,32.3225364685059,17.4048137664795,30.1552124023438
3864,302741678,47.2353328591,-122.4239768396,Tacoma,Pierce,,,,,,,,,,32.1771697998047,17.5011367797852,30.5623569488525
3865,302742931,47.2351040152,-122.4234591465,Tacoma,Pierce,,,,,,,,,,32.3549690246582,17.0952472686768,29.9500274658203
3866,302743347,47.2351189869,-122.4232478108,Tacoma,Pierce,,,,,,,,,,32.4072303771973,17.0287628173828,29.8257236480713
3867,302744410,47.2351816648,-122.4230192373,Tacoma,Pierce,,,,,,,,,,32.402214050293,17.0408458709717,29.539909362793
3868,302744814,47.2353211247,-122.4231104639,Tacoma,Pierce,,,,,,,,,,32.3935585021973,17.1395874023438,29.8542366027832
3869,302745828,47.2351572078,-122.4227332612,Tacoma,Pierce,,,,,,,,,,32.4524688720703,16.8794193267822,29.4700202941895
3870,302747630,47.2345466667,-122.4233616667,Tacoma,Pierce,,,,,,,,,,32.5104370117188,16.8280200958252,29.4728469848633
3871,302748261,47.2345473097,-122.4232466236,Tacoma,Pierce,,,,,,,,,,32.5428657531738,16.8257732391357,29.4387874603271
3872,302749374,47.234306035,-122.4236286249,Tacoma,Pierce,,,,,,,,,,32.5696220397949,16.8144664764404,29.3923969268799
3873,302751302,47.2343629579,-122.4234626012,Tacoma,Pierce,,,,,,,,,,32.5800018310547,16.8070526123047,29.394136428833
3874,302752228,47.2344927733,-122.4224595673,Tacoma,Pierce,,,,,,,,,,32.5777931213379,16.7153739929199,29.1691474914551
3875,303335300,47.2816081135,-122.5099678459,Tacoma,Pierce,,,,,,,,,,31.2896633148193,15.9595098495483,29.1987590789795
3876,304239754,47.1371916667,-122.0711221667,,Pierce,,,,,,,,,,,,
3877,304322430,47.19588,-122.4553916667,Tacoma,Pierce,,,,,,,,,,30.7435073852539,15.7018995285034,28.9981842041016
3878,304323301,47.1960313105,-122.4554743962,Tacoma,Pierce,,,,,,,,,,30.7392902374268,15.6994533538818,28.9901561737061
3879,304324351,47.1962686699,-122.4554144342,Tacoma,Pierce,,,,,,,,,,30.5234298706055,15.6427097320557,29.0718574523926
3880,304325863,47.1964107221,-122.4553473969,Tacoma,Pierce,,,,,,,,,,30.5097465515137,15.6871337890625,29.0125560760498
3881,304326750,47.1964327628,-122.4554378373,Tacoma,Pierce,,,,,,,,,,30.5550994873047,15.6016397476196,29.0216770172119
3882,304327480,47.1967015788,-122.4556027303,Tacoma,Pierce,,,,,,,,,,30.3766098022461,15.6583862304688,29.0372371673584
3883,304328987,47.1966327138,-122.4554949189,Tacoma,Pierce,,,,,,,,,,30.3587093353271,15.664119720459,29.0054569244385
3884,304330888,47.1972066378,-122.4561939022,Tacoma,Pierce,,,,,,,,,,30.33034324646,15.3029069900513,29.3281097412109
3885,304332075,47.1972968587,-122.4579658077,Tacoma,Pierce,,,,,,,,,,30.8602867126465,15.6715831756592,29.2290458679199
3886,304333621,47.1970082349,-122.4580347561,Tacoma,Pierce,,,,,,,,,,31.0284175872803,15.779426574707,29.1520862579346
3887,304335238,47.195939547,-122.4578852659,Tacoma,Pierce,,,,,,,,,,31.5382194519043,16.1067600250244,29.080810546875
3888,304335921,47.1952966667,-122.457795,Tacoma,Pierce,,,,,,,,,,31.4462604522705,16.2907276153564,29.3647575378418
3889,304336571,47.1930112968,-122.457705046,Tacoma,Pierce,,,,,,,,,,31.0448131561279,16.8981266021729,29.6020126342773
3890,304337339,47.1929774028,-122.4575219961,Tacoma,Pierce,,,,,,,,,,31.3667068481445,16.9806671142578,29.6352634429932
3891,304825677,47.2194531446,-122.3973253736,Tacoma,Pierce,,,,,,,,,,32.4486427307129,15.9725704193115,29.4131603240967
3892,304826642,47.2195557842,-122.3973202461,Tacoma,Pierce,,,,,,,,,,32.5829620361328,15.9772996902466,29.4049263000488
3893,304827363,47.2198682299,-122.397425964,Tacoma,Pierce,,,,,,,,,,32.6084823608398,15.9804000854492,29.4172859191895
3894,304829782,47.2194669527,-122.3962981713,Tacoma,Pierce,,,,,,,,,,31.3903732299805,15.942756652832,29.6983337402344
3895,304834348,47.2137051056,-122.3959282754,Tacoma,Pierce,,,,,,,,,,30.5459632873535,15.326060295105,29.0870494842529
3896,304837262,47.2139453197,-122.3953901957,Tacoma,Pierce,,,,,,,,,,30.7893009185791,15.5281934738159,29.3877334594727
3897,304838332,47.2141616885,-122.3954152906,Tacoma,Pierce,,,,,,,,,,30.8393268585205,15.5350465774536,29.3268299102783
3898,304838541,47.21401162,-122.395397921,Tacoma,Pierce,,,,,,,,,,30.8081130981445,15.5426464080811,29.3399639129639
3899,304838992,47.2138612947,-122.3953975364,Tacoma,Pierce,,,,,,,,,,30.76123046875,15.4757070541382,29.3986892700195
3900,304839071,47.2137837424,-122.3953508629,Tacoma,Pierce,,,,,,,,,,30.7098007202148,15.4482898712158,29.4356174468994
3901,304839205,47.213776019,-122.3953247945,Tacoma,Pierce,,,,,,,,,,30.7098007202148,15.4482898712158,29.4356174468994
3902,304839314,47.2134857256,-122.3952435036,Tacoma,Pierce,,,,,,,,,,30.7019290924072,15.421799659729,29.3935794830322
3903,304839423,47.2145583219,-122.3953928415,Tacoma,Pierce,,,,,,,,,,30.9746208190918,15.7420234680176,29.1140060424805
3904,304839778,47.2145427543,-122.3952109927,Tacoma,Pierce,,,,,,,,,,30.9156227111816,15.8210430145264,29.1294002532959
3905,304839854,47.2146167191,-122.3953767649,Tacoma,Pierce,,,,,,,,,,30.9828224182129,15.7979164123535,29.0933399200439
3906,304839936,47.2151321903,-122.3955211834,Tacoma,Pierce,,,,,,,,,,31.0559692382812,15.8650436401367,29.0751838684082
3907,304840001,47.2155471612,-122.3953684241,Tacoma,Pierce,,,,,,,,,,31.0234203338623,15.9312162399292,28.9928798675537
3908,304840081,47.215697823,-122.3952995582,Tacoma,Pierce,,,,,,,,,,31.0712070465088,15.9342498779297,28.9738368988037
3909,304840145,47.2157514782,-122.395424137,Tacoma,Pierce,,,,,,,,,,31.0948696136475,15.9117937088013,29.0153102874756
3910,304840289,47.2163606829,-122.3951895825,Tacoma,Pierce,,,,,,,,,,31.0411262512207,15.9217596054077,29.0013866424561
3911,304840724,47.2165101643,-122.3969616801,Tacoma,Pierce,,,,,,,,,,31.3331604003906,16.0323905944824,29.1552200317383
3912,304840852,47.2168121201,-122.3956760949,Tacoma,Pierce,,,,,,,,,,31.0848827362061,15.9391164779663,29.138240814209
3913,304841456,47.2172677824,-122.3962300154,Tacoma,Pierce,,,,,,,,,,31.2094860076904,15.9915504455566,29.3171291351318
3914,304842293,47.2174234431,-122.3960188981,Tacoma,Pierce,,,,,,,,,,31.1853904724121,15.9517030715942,29.1764907836914
3915,305863784,47.2794662242,-122.4786767354,Tacoma,Pierce,,,,,,,,,,29.1007308959961,15.55406665802,26.7299060821533
3916,305869185,47.2789701923,-122.4787409433,Tacoma,Pierce,,,,,,,,,,28.8948307037354,15.4514331817627,26.8640365600586
3917,305869361,47.2790583095,-122.4790957736,Tacoma,Pierce,,,,,,,,,,28.9256134033203,15.263500213623,26.8743839263916
3918,305869712,47.2790508972,-122.4792648634,Tacoma,Pierce,,,,,,,,,,28.9084873199463,15.2530899047852,26.9025897979736
3919,305869949,47.2788403318,-122.4793811397,Tacoma,Pierce,,,,,,,,,,28.9358158111572,15.2113304138184,26.8918704986572
3920,305871337,47.2788403318,-122.4793811397,Tacoma,Pierce,,,,,,,,,,28.9358158111572,15.2113304138184,26.8918704986572
3921,305872195,47.2762379407,-122.4872213458,Tacoma,Pierce,,,,,,,,,,30.7311000823975,15.701060295105,29.0759563446045
3922,305877812,47.2767515231,-122.4839301875,Tacoma,Pierce,,,,,,,,,,30.7016468048096,15.762996673584,29.5998039245605
3923,305887861,47.2777920175,-122.4900409059,Tacoma,Pierce,,,,,,,,,,30.7870197296143,15.7957534790039,28.5414867401123
3924,305887942,47.2763855948,-122.4871961458,Tacoma,Pierce,,,,,,,,,,30.7655296325684,15.7178535461426,29.0410709381104
3925,305888513,47.2767745916,-122.4827442048,Tacoma,Pierce,,,,,,,,,,30.6351566314697,15.6636934280396,29.4193897247314
3926,305889461,47.2768407491,-122.4824081942,Tacoma,Pierce,,,,,,,,,,30.6200160980225,15.6182565689087,29.3772773742676
3927,305889922,47.276805729,-122.4823282882,Tacoma,Pierce,,,,,,,,,,30.6174736022949,15.6200437545776,29.3512840270996
3928,305894388,47.2773493208,-122.4813022456,Tacoma,Pierce,,,,,,,,,,30.4452934265137,15.5406665802002,29.1898632049561
3929,306046892,47.2775794304,-122.4809714708,Tacoma,Pierce,,,,,,,,,,30.1916275024414,15.5118198394775,28.9299201965332
3930,306046957,47.2776809832,-122.4806598431,Tacoma,Pierce,,,,,,,,,,30.1280193328857,15.5037403106689,28.8063735961914
3931,306047046,47.2779041246,-122.4806350285,Tacoma,Pierce,,,,,,,,,,30.0839767456055,15.3596134185791,28.7328338623047
3932,306047138,47.2779568421,-122.4804718779,Tacoma,Pierce,,,,,,,,,,30.0375061035156,15.399450302124,28.6598606109619
3933,306047207,47.2780667275,-122.4803241009,Tacoma,Pierce,,,,,,,,,,29.8695831298828,15.4095268249512,28.5150127410889
3934,306047287,47.2784052926,-122.479615709,Tacoma,Pierce,,,,,,,,,,29.4365158081055,15.4342231750488,27.1363067626953
3935,306047346,47.27813584,-122.4801258719,Tacoma,Pierce,,,,,,,,,,29.6330642700195,15.3746995925903,28.290096282959
3936,306047433,47.2781064165,-122.4800055098,Tacoma,Pierce,,,,,,,,,,29.5732841491699,15.3979063034058,28.0337772369385
3937,306047474,47.2773530252,-122.4813330134,Tacoma,Pierce,,,,,,,,,,30.4452934265137,15.5406665802002,29.1898632049561
3938,306047517,47.2767814445,-122.4822043087,Tacoma,Pierce,,,,,,,,,,30.5913696289062,15.6102561950684,29.3374633789062
3939,306083977,47.3093758879,-122.5376308491,Tacoma,Pierce,,,,,,,,,,26.0574760437012,16.0529499053955,25.2996063232422
3940,306084022,47.3094200689,-122.5377581047,Tacoma,Pierce,,,,,,,,,,26.0084171295166,16.0603542327881,25.2854957580566
3941,306084191,47.3094050084,-122.5375987607,Tacoma,Pierce,,,,,,,,,,26.181245803833,15.9615802764893,25.3720359802246
3942,306084529,47.3094437002,-122.5376699686,Tacoma,Pierce,,,,,,,,,,26.1364593505859,16.0236263275146,25.3064670562744
3943,306085261,47.3094884578,-122.5376954585,Tacoma,Pierce,,,,,,,,,,26.180757522583,15.9895696640015,25.3466262817383
3944,306086918,47.3097862948,-122.5379928148,Tacoma,Pierce,,,,,,,,,,26.1618099212646,15.9869899749756,25.3627262115479
3945,306087170,47.3097363724,-122.5379099929,Tacoma,Pierce,,,,,,,,,,26.1187763214111,15.9966535568237,25.3138160705566
3946,306087659,47.3097255595,-122.5379472971,Tacoma,Pierce,,,,,,,,,,26.1187763214111,15.9966535568237,25.3138160705566
3947,306088277,47.3098672472,-122.5379927964,Tacoma,Pierce,,,,,,,,,,26.1748466491699,15.993483543396,25.3793830871582
3948,306088618,47.3097499432,-122.537917519,Tacoma,Pierce,,,,,,,,,,26.1187763214111,15.9966535568237,25.3138160705566
3949,306088658,47.3098625822,-122.5379064095,Tacoma,Pierce,,,,,,,,,,26.1748466491699,15.993483543396,25.3793830871582
3950,306089377,47.3099235626,-122.5380234048,Tacoma,Pierce,,,,,,,,,,26.1290225982666,15.9858570098877,25.3082466125488
3951,306090745,47.3099252744,-122.5378909878,Tacoma,Pierce,,,,,,,,,,26.1748466491699,15.993483543396,25.3793830871582
3952,306090965,47.3100133807,-122.537923877,Tacoma,Pierce,,,,,,,,,,26.1932201385498,15.9868431091309,25.3645992279053
3953,306092575,47.3099471827,-122.5378749102,Tacoma,Pierce,,,,,,,,,,26.1932201385498,15.9868431091309,25.3645992279053
3954,306096066,47.3100887905,-122.5379556815,Tacoma,Pierce,,,,,,,,,,26.1921272277832,15.9715299606323,25.3640041351318
3955,306096214,47.3102909235,-122.5378691778,Tacoma,Pierce,,,,,,,,,,26.2020130157471,15.9846429824829,25.3565330505371
3956,306096543,47.3101472834,-122.5380210566,Tacoma,Pierce,,,,,,,,,,26.188756942749,15.9644269943237,25.3541927337646
3957,306096798,47.3099650983,-122.5379689272,Tacoma,Pierce,,,,,,,,,,26.1932201385498,15.9868431091309,25.3645992279053
3958,306098334,47.3103447248,-122.5378341996,Tacoma,Pierce,,,,,,,,,,26.2013130187988,15.9784536361694,25.3598976135254
3959,306098795,47.3103176683,-122.5378757521,Tacoma,Pierce,,,,,,,,,,26.2020130157471,15.9846429824829,25.3565330505371
3960,306100739,47.3103184629,-122.5378904531,Tacoma,Pierce,,,,,,,,,,26.2020130157471,15.9846429824829,25.3565330505371
3961,306101158,47.310350342,-122.5378828729,Tacoma,Pierce,,,,,,,,,,26.2020130157471,15.9846429824829,25.3565330505371
3962,306102123,47.3100900379,-122.5378270122,Tacoma,Pierce,,,,,,,,,,26.2016525268555,15.9874668121338,25.3574371337891
3963,306102356,47.3110926032,-122.5383713139,Tacoma,Pierce,,,,,,,,,,26.1721572875977,15.9213132858276,25.3266124725342
3964,306102487,47.310237947,-122.5377612129,Tacoma,Pierce,,,,,,,,,,26.2020130157471,15.9869298934937,25.3530139923096
3965,306102498,47.3106372952,-122.5381355423,Tacoma,Pierce,,,,,,,,,,26.1776065826416,15.9679470062256,25.3331775665283
3966,306118400,47.3112302475,-122.5385189371,Tacoma,Pierce,,,,,,,,,,26.1472339630127,15.9006500244141,25.3070793151855
3967,306121728,47.3102952973,-122.5379726579,Tacoma,Pierce,,,,,,,,,,26.2020130157471,15.9846429824829,25.3565330505371
3968,306158225,47.3111967064,-122.5384327886,Tacoma,Pierce,,,,,,,,,,26.1472339630127,15.9006500244141,25.3070793151855
3969,307808429,47.3106291397,-122.5381218837,Tacoma,Pierce,,,,,,,,,,26.1999340057373,15.9493169784546,25.3530902862549
3970,307810476,47.3113854421,-122.5385878044,Tacoma,Pierce,,,,,,,,,,26.0997657775879,15.8852033615112,25.2851028442383
3971,307810531,47.311415339,-122.5385751793,Tacoma,Pierce,,,,,,,,,,26.0997657775879,15.8852033615112,25.2851028442383
3972,307810569,47.3114090976,-122.5383474817,Tacoma,Pierce,,,,,,,,,,26.169900894165,15.8910102844238,25.3299770355225
3973,307810624,47.3111688225,-122.5383664645,Tacoma,Pierce,,,,,,,,,,26.1748561859131,15.908353805542,25.3216171264648
3974,307812330,47.3115877696,-122.5387775525,Tacoma,Pierce,,,,,,,,,,26.0958824157715,15.8819265365601,25.1983394622803
3975,307813058,47.3113001685,-122.5386952034,Tacoma,Pierce,,,,,,,,,,26.087984085083,15.891806602478,25.1656970977783
3976,307814040,47.3115711354,-122.5388762537,Tacoma,Pierce,,,,,,,,,,26.0503959655762,15.868953704834,25.0704040527344
3977,307814254,47.3114344615,-122.5388478565,Tacoma,Pierce,,,,,,,,,,26.0566291809082,15.8697700500488,25.0852069854736
3978,307815717,47.3116457182,-122.5386953928,Tacoma,Pierce,,,,,,,,,,26.0989837646484,15.8896131515503,25.2958698272705
3979,307816049,47.311516493,-122.538776955,Tacoma,Pierce,,,,,,,,,,26.0875339508057,15.8790702819824,25.1636638641357
3980,307816356,47.3115804131,-122.5389446999,Tacoma,Pierce,,,,,,,,,,26.0456504821777,15.8518199920654,25.0488567352295
3981,307816514,47.311578061,-122.5388480365,Tacoma,Pierce,,,,,,,,,,26.0503959655762,15.868953704834,25.0704040527344
3982,307817129,47.3116822441,-122.5388179413,Tacoma,Pierce,,,,,,,,,,26.0525970458984,15.8814964294434,25.1077365875244
3983,307817705,47.3115291318,-122.5388043542,Tacoma,Pierce,,,,,,,,,,26.0532970428467,15.8703002929688,25.0661125183105
3984,307820553,47.3118342655,-122.5390167811,Tacoma,Pierce,,,,,,,,,,26.0310592651367,15.8838663101196,25.0642757415771
3985,307820657,47.3115775302,-122.538787781,Tacoma,Pierce,,,,,,,,,,26.0503959655762,15.868953704834,25.0704040527344
3986,307821303,47.3117142717,-122.5386590009,Tacoma,Pierce,,,,,,,,,,26.0989837646484,15.8896131515503,25.2958698272705
3987,307822056,47.3118762249,-122.5389781998,Tacoma,Pierce,,,,,,,,,,26.0310592651367,15.8838663101196,25.0642757415771
3988,307822372,47.3117257525,-122.5387180537,Tacoma,Pierce,,,,,,,,,,26.0989837646484,15.8896131515503,25.2958698272705
3989,307822437,47.3126222653,-122.5393501111,Tacoma,Pierce,,,,,,,,,,25.7226963043213,15.9073467254639,25.0997867584229
3990,307822444,47.3125499136,-122.5390645617,Tacoma,Pierce,,,,,,,,,,25.8153533935547,15.8840837478638,25.1305999755859
3991,307824235,47.3126159401,-122.5389345556,Tacoma,Pierce,,,,,,,,,,25.8306159973145,15.840479850769,25.1705074310303
3992,307824832,47.3117297184,-122.5387791183,Tacoma,Pierce,,,,,,,,,,26.0989837646484,15.8896131515503,25.2958698272705
3993,307825387,47.3125272311,-122.5389998661,Tacoma,Pierce,,,,,,,,,,25.8634357452393,15.8944501876831,25.2065830230713
3994,307825438,47.3127028029,-122.5393910154,Tacoma,Pierce,,,,,,,,,,25.7205867767334,15.9145431518555,25.1417865753174
3995,307825448,47.3126202572,-122.5390836755,Tacoma,Pierce,,,,,,,,,,25.8153533935547,15.8840837478638,25.1305999755859
3996,307825545,47.3127236231,-122.5394058333,Tacoma,Pierce,,,,,,,,,,25.7205867767334,15.9145431518555,25.1417865753174
3997,307826528,47.3126222349,-122.5392119697,Tacoma,Pierce,,,,,,,,,,25.7635097503662,15.9033603668213,25.1096897125244
3998,307826780,47.3125780543,-122.5393215587,Tacoma,Pierce,,,,,,,,,,25.7226963043213,15.9073467254639,25.0997867584229
3999,307843809,47.3127272294,-122.5391187953,Tacoma,Pierce,,,,,,,,,,25.7892627716064,15.8470869064331,25.1803035736084
4000,307845111,47.3127623032,-122.5390978689,Tacoma,Pierce,,,,,,,,,,25.7892627716064,15.8470869064331,25.1803035736084
4001,307846778,47.3128659844,-122.5392119629,Tacoma,Pierce,,,,,,,,,,25.7691459655762,15.8485898971558,25.1831874847412
4002,307846912,47.3128423802,-122.5392106278,Tacoma,Pierce,,,,,,,,,,25.7691459655762,15.8485898971558,25.1831874847412
4003,307895690,47.79850924,-122.27627952,City of Brier,Snohomish,,,,,,,,,,,,
4004,308469192,47.3129166367,-122.5391367245,Tacoma,Pierce,,,,,,,,,,25.7584667205811,15.7965831756592,25.1921539306641
4005,308474704,47.3129058307,-122.539276432,Tacoma,Pierce,,,,,,,,,,25.7875308990479,15.8408670425415,25.1974925994873
4006,308500312,47.3131217193,-122.5401437966,Tacoma,Pierce,,,,,,,,,,25.7312507629395,15.9054136276245,25.1247062683105
4007,309560264,47.3132194836,-122.5404896003,Tacoma,Pierce,,,,,,,,,,25.7516841888428,15.9014434814453,25.1479091644287
4008,309563576,47.3134106332,-122.5406045743,Tacoma,Pierce,,,,,,,,,,25.7563934326172,15.896276473999,25.1600131988525
4009,309566490,47.3133986874,-122.54096752,Tacoma,Pierce,,,,,,,,,,25.7488327026367,15.8536834716797,25.1737728118896
4010,309567290,47.3136126867,-122.5409885977,Tacoma,Pierce,,,,,,,,,,25.7625331878662,15.9009199142456,25.1965599060059
4011,309617355,47.3135150727,-122.5412428466,Tacoma,Pierce,,,,,,,,,,25.7453136444092,15.8458471298218,25.1725559234619
4012,309617500,47.3135696795,-122.5416497181,Tacoma,Pierce,,,,,,,,,,25.7318458557129,16.0773658752441,25.2087936401367
4013,309617552,47.3169914657,-122.5434989364,Tacoma,Pierce,,,,,,,,,,25.6547565460205,16.7246475219727,25.4014225006104
4014,309617626,47.316976684,-122.5434898209,Tacoma,Pierce,,,,,,,,,,25.6735801696777,16.6951999664307,25.4095573425293
4015,312997579,47.3131548631,-122.5380167093,Tacoma,Pierce,,,,,,,,,,26.0340900421143,15.7571229934692,25.4256839752197
4016,312998956,47.3136419058,-122.5372449752,Tacoma,Pierce,,,,,,,,,,25.9672431945801,15.7378435134888,25.3138866424561
4017,312999194,47.3143235916,-122.5370745973,Tacoma,Pierce,,,,,,,,,,25.7923164367676,15.7584667205811,25.2015132904053
4018,313005487,47.3144311516,-122.5368657095,Tacoma,Pierce,,,,,,,,,,25.7634201049805,15.8046264648438,25.1689624786377
4019,314648641,47.3157734331,-122.5369705075,Tacoma,Pierce,,,,,,,,,,25.7499008178711,16.0623397827148,25.2354927062988
4020,314677839,47.3156817368,-122.5399184623,Tacoma,Pierce,,,,,,,,,,25.7456398010254,16.2637634277344,25.2278442382812
4021,314677915,47.3161929031,-122.5405411164,Tacoma,Pierce,,,,,,,,,,25.7152500152588,16.2990341186523,25.2660961151123
4022,314678005,47.3170272359,-122.5409085065,Tacoma,Pierce,,,,,,,,,,25.6628532409668,16.7353267669678,25.3512496948242
4023,316329643,48.7544350606,-122.424460603,"Bellingham, Washington, USA",Whatcom,,,,,,,,,,,,
4024,316355081,47.3068104207,-122.5352296095,Tacoma,Pierce,,,,,,,,,,26.1689872741699,15.9002571105957,25.2901268005371
4025,316362995,47.3074263511,-122.5361860229,Tacoma,Pierce,,,,,,,,,,25.8690929412842,16.1111927032471,25.3078002929688
4026,316375472,47.3101264105,-122.5380577239,Tacoma,Pierce,,,,,,,,,,26.188756942749,15.9644269943237,25.3541927337646
4027,317027707,47.310705,-122.5382800007,Tacoma,Pierce,,,,,,,,,,26.1232528686523,15.9429330825806,25.3006706237793
4028,317030470,47.3108607433,-122.5384077486,Tacoma,Pierce,,,,,,,,,,26.1173725128174,15.9311771392822,25.2915267944336
4029,317032550,47.3108388607,-122.5383704867,Tacoma,Pierce,,,,,,,,,,26.1746559143066,15.9292335510254,25.3414993286133
4030,317037367,47.3110137436,-122.5385629002,Tacoma,Pierce,,,,,,,,,,26.0989837646484,15.9308862686157,25.133903503418
4031,317039450,47.311293315,-122.5387184466,Tacoma,Pierce,,,,,,,,,,26.087984085083,15.891806602478,25.1656970977783
4032,317053246,47.3114638573,-122.5390218246,Tacoma,Pierce,,,,,,,,,,26.0368804931641,15.8778867721558,25.032262802124
4033,318055964,47.3125595501,-122.5398953597,Tacoma,Pierce,,,,,,,,,,25.750150680542,15.8884162902832,25.0741291046143
4034,318057244,47.3126659951,-122.5399462763,Tacoma,Pierce,,,,,,,,,,25.7485370635986,15.9119834899902,25.0764408111572
4035,318063162,47.3128330072,-122.5402847971,Tacoma,Pierce,,,,,,,,,,25.7064361572266,15.8414163589478,25.0742092132568
4036,318075752,47.3130299307,-122.5404719376,Tacoma,Pierce,,,,,,,,,,25.7481441497803,15.8729734420776,25.1122226715088
4037,318075845,47.3130037133,-122.5409336282,Tacoma,Pierce,,,,,,,,,,25.7487258911133,15.7642869949341,25.1466903686523
4038,318075959,47.3130782276,-122.5408508847,Tacoma,Pierce,,,,,,,,,,25.7475070953369,15.8060569763184,25.1419258117676
4039,318076037,47.3131050338,-122.5410414039,Tacoma,Pierce,,,,,,,,,,25.750919342041,15.7542333602905,25.1656608581543
4040,319996401,45.5151054947,-122.6680619115,Portland,Multnomah,,,,,,,31.7071380615234,17.3264389038086,28.1043510437012,,,
4041,319999153,45.5134452927,-122.6664459666,Portland,Multnomah,,,,,,,32.0509834289551,17.3462905883789,28.5943489074707,,,
4042,320523235,45.5165339768,-122.672418282,Portland,Multnomah,,,,,,,32.6399116516113,17.1443958282471,27.5210514068604,,,
4043,320527193,45.5187801955,-122.6725861388,Portland,Multnomah,,,,,,,31.2965526580811,17.1355457305908,27.4215850830078,,,
4044,321104380,47.3165762107,-122.5468947664,Tacoma,Pierce,,,,,,,,,,25.3294830322266,16.8390369415283,25.5300731658936
4045,321108434,47.3176591979,-122.5443369895,Tacoma,Pierce,,,,,,,,,,25.5449600219727,16.8029193878174,25.4171695709229
4046,321108976,47.317488084,-122.5459519718,Tacoma,Pierce,,,,,,,,,,25.3324527740479,16.8382740020752,25.5306758880615
4047,321109322,47.3166427135,-122.5466739028,Tacoma,Pierce,,,,,,,,,,25.3807258605957,16.8214206695557,25.4843864440918
4048,321132124,47.3175696831,-122.5443421227,Tacoma,Pierce,,,,,,,,,,25.5595760345459,16.8050403594971,25.382303237915
4049,321132185,47.3175367131,-122.5440045922,Tacoma,Pierce,,,,,,,,,,25.5894374847412,16.8014640808105,25.3839359283447
4050,321136190,47.3178166477,-122.5446300552,Tacoma,Pierce,,,,,,,,,,25.4011096954346,16.8221874237061,25.5534858703613
4051,321162005,47.3176782345,-122.5445564697,Tacoma,Pierce,,,,,,,,,,25.5300693511963,16.7994632720947,25.4460830688477
4052,321338965,45.5471369976,-122.0800929691,,Multnomah,,,,,,,,,,,,
4053,321339066,45.5446446536,-122.0785937382,,Multnomah,,,,,,,,,,,,
4054,321339128,45.5403116068,-122.0835007845,,Multnomah,,,,,,,,,,,,
4055,321339137,45.5386146382,-122.0867965539,,Multnomah,,,,,,,,,,,,
4056,321339148,45.5373678103,-122.0843866039,,Multnomah,,,,,,,,,,,,
4057,321339161,45.533520271,-122.0692014737,,Multnomah,,,,,,,,,,,,
4058,321493508,45.5156089141,-122.5956504265,Portland,Multnomah,,,,,,,29.7561626434326,16.206823348999,27.3204345703125,,,
4059,321691459,45.5153651722,-122.595835738,Portland,Multnomah,,,,,,,29.6828765869141,16.251823425293,27.3247032165527,,,
4060,321693528,45.5159281172,-122.5949213283,Portland,Multnomah,,,,,,,29.9240474700928,15.8688087463379,27.2587661743164,,,
4061,321696867,45.5132132623,-122.5899925647,Portland,Multnomah,,,,,,,30.1940746307373,15.0125255584717,26.8151893615723,,,
4062,321699928,45.5074680364,-122.5904253871,Portland,Multnomah,,,,,,,31.4002170562744,15.1760730743408,28.0261116027832,,,
4063,321700508,45.5073212681,-122.5902734763,Portland,Multnomah,,,,,,,31.3970794677734,15.255277633667,28.0307712554932,,,
4064,321705698,45.508668608,-122.5934641943,Portland,Multnomah,,,,,,,30.5045413970947,14.9744148254395,26.9124011993408,,,
4065,321707757,45.5086627091,-122.5931596478,Portland,Multnomah,,,,,,,30.417106628418,14.9966239929199,26.8649234771729,,,
4066,321726766,49.2332249722,-122.849219,,Greater Vancouver,,,,,,,,,,,,
4067,322083041,45.5071921545,-122.5960657099,Portland,Multnomah,,,,,,,31.1219787597656,15.0769233703613,27.1261978149414,,,
4068,322084486,45.5081139086,-122.5967140446,Portland,Multnomah,,,,,,,31.1036930084229,14.9986181259155,27.5525989532471,,,
4069,322084930,45.5081161393,-122.5968038722,Portland,Multnomah,,,,,,,31.1215229034424,14.9898900985718,27.5587387084961,,,
4070,322085303,45.5080411471,-122.5968029422,Portland,Multnomah,,,,,,,31.1352596282959,14.9856109619141,27.5648040771484,,,
4071,322087355,45.508605,-122.5970883333,Portland,Multnomah,,,,,,,30.9911422729492,14.9949712753296,27.6373023986816,,,
4072,322087754,45.5083797229,-122.5971980274,Portland,Multnomah,,,,,,,31.0346508026123,15.0091533660889,27.6451950073242,,,
4073,322089210,45.510092244,-122.5980309681,Portland,Multnomah,,,,,,,30.0982437133789,15.8948421478271,27.6162509918213,,,
4074,322112371,45.5171883333,-122.7143333333,Portland,Multnomah,,,,,,,27.5777111053467,15.8887138366699,27.4219970703125,,,
4075,322116928,45.5172216667,-122.7147966667,Portland,Multnomah,,,,,,,27.4973106384277,15.8633155822754,27.4136257171631,,,
4076,322142997,45.5174916667,-122.7189633333,Portland,Multnomah,,,,,,,27.4632835388184,15.3465795516968,27.3701171875,,,
4077,322162205,45.5172466667,-122.7145383333,Portland,Multnomah,,,,,,,27.5740604400635,15.9059743881226,27.4165725708008,,,
4078,322162369,45.5167966667,-122.7179866667,Portland,Multnomah,,,,,,,27.4260807037354,15.4108610153198,27.3827972412109,,,
4079,322162434,45.5167666667,-122.7180333333,Portland,Multnomah,,,,,,,27.455623626709,15.4748125076294,27.3814945220947,,,
4080,322162498,45.5170633333,-122.7180166667,Portland,Multnomah,,,,,,,27.4829883575439,15.242504119873,27.3943290710449,,,
4081,322162571,45.5174783333,-122.7189716667,Portland,Multnomah,,,,,,,27.456844329834,15.3469667434692,27.3689708709717,,,
4082,322167830,45.5194966667,-122.7189783333,Portland,Multnomah,,,,,,,27.4949760437012,15.8115606307983,27.4878692626953,,,
4083,322262001,45.5129420101,-122.7105277997,Portland,Multnomah,,,,,,,27.3791637420654,15.509635925293,27.3800792694092,,,
4084,322265740,45.5117649411,-122.711570163,Portland,Multnomah,,,,,,,27.2777652740479,15.135066986084,27.3422508239746,,,
4085,322265841,45.5117391609,-122.712143697,Portland,Multnomah,,,,,,,27.3709411621094,15.1279373168945,27.343713760376,,,
4086,322269436,45.5115716667,-122.7149283333,Portland,Multnomah,,,,,,,27.3081855773926,14.9592370986938,27.3528308868408,,,
4087,322270921,45.5124480751,-122.7154724709,Portland,Multnomah,,,,,,,27.228609085083,14.9673004150391,27.3423233032227,,,
4088,322433660,45.5164642912,-122.7136303951,Portland,Multnomah,,,,,,,27.5558109283447,15.4234228134155,27.406810760498,,,
4089,322436586,45.5168533333,-122.7185833333,Portland,Multnomah,,,,,,,27.6083087921143,15.528546333313,27.3766422271729,,,
4090,322439730,45.5162044103,-122.7146388219,Portland,Multnomah,,,,,,,27.5065956115723,15.3190793991089,27.4085960388184,,,
4091,322440334,45.5164082582,-122.7148304322,Portland,Multnomah,,,,,,,27.4982242584229,15.2961320877075,27.4157104492188,,,
4092,322440742,45.516442624,-122.7148399038,Portland,Multnomah,,,,,,,27.4957675933838,15.288854598999,27.4162502288818,,,
4093,322449362,45.5164900236,-122.7148863395,Portland,Multnomah,,,,,,,27.4850158691406,15.2883892059326,27.4128074645996,,,
4094,322460397,47.3175871914,-122.5421432397,Tacoma,Pierce,,,,,,,,,,25.6018371582031,16.7620697021484,25.429759979248
4095,322461392,47.3177155962,-122.5425016705,Tacoma,Pierce,,,,,,,,,,25.5786037445068,16.7903671264648,25.4294395446777
4096,322461487,47.3177403818,-122.5425955338,Tacoma,Pierce,,,,,,,,,,25.5786037445068,16.7919006347656,25.4294395446777
4097,322463101,47.3178211693,-122.5438516299,Tacoma,Pierce,,,,,,,,,,25.538293838501,16.7982292175293,25.4181804656982
4098,322463106,47.3177561269,-122.543799984,Tacoma,Pierce,,,,,,,,,,25.5408134460449,16.8022708892822,25.4099369049072
4099,322463143,47.3178608067,-122.5438202929,Tacoma,Pierce,,,,,,,,,,25.538293838501,16.7982292175293,25.4181804656982
4100,322463486,47.3177078545,-122.5438897002,Tacoma,Pierce,,,,,,,,,,25.5442142486572,16.8000965118408,25.4142093658447
4101,322464420,47.3177347446,-122.5440993627,Tacoma,Pierce,,,,,,,,,,25.5434226989746,16.7977638244629,25.4125308990479
4102,322466475,47.3176691273,-122.5440722698,Tacoma,Pierce,,,,,,,,,,25.5462703704834,16.8079624176025,25.3852806091309
4103,322474761,47.3177492315,-122.5438302846,Tacoma,Pierce,,,,,,,,,,25.5408134460449,16.8022708892822,25.4099369049072
4104,322636411,45.4955819241,-122.5603419797,Portland,Multnomah,,,,,,,30.6500625610352,14.9205369949341,29.3249111175537,,,
4105,322637131,45.494887596,-122.560656136,Portland,Multnomah,,,,,,,30.9684143066406,14.873327255249,29.6338291168213,,,
4106,322637578,45.4947644809,-122.5607053567,Portland,Multnomah,,,,,,,31.0704002380371,14.87575340271,29.7162075042725,,,
4107,322637888,45.4946789322,-122.5606717496,Portland,Multnomah,,,,,,,31.1182880401611,14.887656211853,29.7120761871338,,,
4108,322638462,45.4944760744,-122.5594881642,Portland,Multnomah,,,,,,,31.0490684509277,14.6245145797729,29.7332515716553,,,
4109,322639890,45.4957459867,-122.5566324034,Portland,Multnomah,,,,,,,30.7673988342285,14.229416847229,28.3350963592529,,,
4110,322651367,45.5168416667,-122.7179033333,Portland,Multnomah,,,,,,,27.4436016082764,15.2731418609619,27.3834857940674,,,
4111,323117627,45.516262,-122.715212,Portland,Multnomah,,,,,,,27.416051864624,15.3102159500122,27.4079093933105,,,
4112,323117966,45.516262,-122.715212,Portland,Multnomah,,,,,,,27.416051864624,15.3102159500122,27.4079093933105,,,
4113,323118624,45.516262,-122.715212,Portland,Multnomah,,,,,,,27.416051864624,15.3102159500122,27.4079093933105,,,
4114,323119404,45.516262,-122.715212,Portland,Multnomah,,,,,,,27.416051864624,15.3102159500122,27.4079093933105,,,
4115,323338953,45.5166194402,-122.7145064716,Portland,Multnomah,,,,,,,27.5515537261963,15.2774524688721,27.4176368713379,,,
4116,323350455,45.5168230383,-122.7180124894,Portland,Multnomah,,,,,,,27.4545669555664,15.4547643661499,27.3826675415039,,,
4117,323350547,45.5167143724,-122.7179588438,Portland,Multnomah,,,,,,,27.4075679779053,15.4073505401611,27.3826141357422,,,
4118,323350691,45.5168315769,-122.7177576913,Portland,Multnomah,,,,,,,27.4595222473145,15.2594413757324,27.3901252746582,,,
4119,323350812,45.5171265028,-122.7178902195,Portland,Multnomah,,,,,,,27.4937076568604,15.2540588378906,27.3986930847168,,,
4120,323529607,45.4778679356,-122.6709226721,Portland,Multnomah,,,,,,,32.4456024169922,16.8729209899902,29.6943531036377,,,
4121,323532163,45.4769745536,-122.6706845808,Portland,Multnomah,,,,,,,32.1838531494141,16.8756065368652,29.5662822723389,,,
4122,323532760,45.4769692274,-122.6706868077,Portland,Multnomah,,,,,,,32.1830940246582,16.8738822937012,29.5642318725586,,,
4123,323536477,45.4761562925,-122.6700380672,Portland,Multnomah,,,,,,,32.0424919128418,16.8107109069824,29.4121589660645,,,
4124,323538451,45.4749689092,-122.670782998,Portland,Multnomah,,,,,,,31.9982814788818,16.5392742156982,29.4541797637939,,,
4125,323540272,45.4717596732,-122.6706043548,Portland,Multnomah,,,,,,,31.3342113494873,16.6673240661621,28.9724864959717,,,
4126,323542197,45.4725371308,-122.6706508692,Portland,Multnomah,,,,,,,31.5753936767578,16.7127895355225,29.0157222747803,,,
4127,323543431,45.4730673479,-122.6707052048,Portland,Multnomah,,,,,,,31.8242568969727,16.683557510376,29.026252746582,,,
4128,323544662,45.4739393307,-122.6708309281,Portland,Multnomah,,,,,,,31.7714900970459,16.5719661712646,29.0856628417969,,,
4129,323545531,45.4741956528,-122.6706206478,Portland,Multnomah,,,,,,,31.8667278289795,16.530725479126,29.1193885803223,,,
4130,323547656,45.4755515058,-122.670944527,Portland,Multnomah,,,,,,,31.8879737854004,16.6540260314941,29.4677486419678,,,
4131,323549237,45.4768198738,-122.6709942044,Portland,Multnomah,,,,,,,32.1630973815918,16.7982730865479,29.5936012268066,,,
4132,323878066,47.3065085343,-122.5346534429,Tacoma,Pierce,,,,,,,,,,26.2254524230957,15.9252767562866,25.2634372711182
4133,323878331,47.3066051339,-122.5347749904,Tacoma,Pierce,,,,,,,,,,26.2608032226562,15.9090967178345,25.4722270965576
4134,323878333,47.3064727188,-122.5345842194,Tacoma,Pierce,,,,,,,,,,26.2231502532959,15.8960199356079,25.1311225891113
4135,323878448,47.3065043801,-122.5344312197,Tacoma,Pierce,,,,,,,,,,26.268913269043,15.8525362014771,25.1425724029541
4136,323878548,47.3064154806,-122.534365207,Tacoma,Pierce,,,,,,,,,,26.2615699768066,15.864706993103,25.1245136260986
4137,323879922,47.3063243077,-122.5345437133,Tacoma,Pierce,,,,,,,,,,26.2134609222412,15.9065637588501,25.1539630889893
4138,323880114,47.3061421022,-122.5344223495,Tacoma,Pierce,,,,,,,,,,26.2225494384766,15.8916501998901,25.087574005127
4139,323881076,47.3058195523,-122.5341205766,Tacoma,Pierce,,,,,,,,,,26.2472305297852,15.8572435379028,25.0827007293701
4140,323881572,47.3064764129,-122.534445669,Tacoma,Pierce,,,,,,,,,,26.2615699768066,15.864706993103,25.1245136260986
4141,323882195,47.3060250744,-122.53412663,Tacoma,Pierce,,,,,,,,,,26.2423572540283,15.8443670272827,25.0855159759521
4142,323882381,47.3063828094,-122.5341690704,Tacoma,Pierce,,,,,,,,,,26.2522563934326,15.8171501159668,25.1402072906494
4143,323882455,47.3058452861,-122.5340891973,Tacoma,Pierce,,,,,,,,,,26.2472305297852,15.8572435379028,25.0827007293701
4144,323882611,47.3058615543,-122.5340111276,Tacoma,Pierce,,,,,,,,,,26.2447738647461,15.8320035934448,25.1175003051758
4145,323882882,47.3051241621,-122.5339208481,Tacoma,Pierce,,,,,,,,,,26.23268699646,15.8690795898438,25.2037200927734
4146,323883706,47.3066362965,-122.5330002978,Tacoma,Pierce,,,,,,,,,,26.3642692565918,15.4465370178223,25.2504730224609
4147,323886439,47.3065275047,-122.53367831,Tacoma,Pierce,,,,,,,,,,26.3123607635498,15.6701498031616,25.1655769348145
4148,323886621,47.3065083767,-122.5335841606,Tacoma,Pierce,,,,,,,,,,26.3091125488281,15.6376667022705,25.1980972290039
4149,323887531,47.3028261312,-122.5281562284,Tacoma,Pierce,,,,,,,,,,27.8727607727051,15.4443635940552,25.8684864044189
4150,323887796,47.3063550064,-122.5345636638,Tacoma,Pierce,,,,,,,,,,26.2134609222412,15.9065637588501,25.1539630889893
4151,323890937,47.248484121,-122.5239658365,Tacoma,Pierce,,,,,,,,,,32.1104850769043,16.831470489502,29.0157032012939
4152,323890941,47.2484633333,-122.5240083333,Tacoma,Pierce,,,,,,,,,,32.0988845825195,16.8340835571289,29.0109729766846
4153,323890945,47.24842002,-122.52390237,Tacoma,Pierce,,,,,,,,,,32.1104850769043,16.831470489502,29.0157032012939
4154,323890955,47.2484945762,-122.523907836,Tacoma,Pierce,,,,,,,,,,32.1104850769043,16.831470489502,29.0157032012939
4155,323890981,47.2486155346,-122.5242838212,Tacoma,Pierce,,,,,,,,,,32.0507850646973,16.817195892334,28.9619026184082
4156,323891077,47.2484497809,-122.5240110908,Tacoma,Pierce,,,,,,,,,,32.0988845825195,16.8340835571289,29.0109729766846
4157,323891296,47.2484509321,-122.5239344315,Tacoma,Pierce,,,,,,,,,,32.1104850769043,16.831470489502,29.0157032012939
4158,323891493,47.2484354756,-122.5240500095,Tacoma,Pierce,,,,,,,,,,32.0988845825195,16.8340835571289,29.0109729766846
4159,323891690,47.2485891128,-122.524106501,Tacoma,Pierce,,,,,,,,,,32.0871887207031,16.8325634002686,29.0266857147217
4160,323891708,47.306912877,-122.533984525,Tacoma,Pierce,,,,,,,,,,26.3112640380859,15.7021703720093,25.2967529296875
4161,323892222,47.2484753711,-122.5240225591,Tacoma,Pierce,,,,,,,,,,32.0988845825195,16.8340835571289,29.0109729766846
4162,323901155,47.30485872,-122.5335945037,Tacoma,Pierce,,,,,,,,,,26.2331695556641,15.846396446228,25.3535804748535
4163,323901358,47.3062135151,-122.5330392418,Tacoma,Pierce,,,,,,,,,,26.3495674133301,15.5513334274292,25.2507266998291
4164,323902341,47.3057669953,-122.5342085216,Tacoma,Pierce,,,,,,,,,,26.1840896606445,15.8809795379639,25.1590175628662
4165,323917645,47.3073268033,-122.5322305503,Tacoma,Pierce,,,,,,,,,,26.4795608520508,15.3973398208618,25.248119354248
4166,323917727,47.3047217845,-122.5338012758,Tacoma,Pierce,,,,,,,,,,26.1740207672119,15.8611669540405,25.2856826782227
4167,323922597,47.3059087467,-122.5339880034,Tacoma,Pierce,,,,,,,,,,26.248462677002,15.8299837112427,25.1205902099609
4168,324219668,45.5232530218,-122.7007510871,Portland,Multnomah,,,,,,,29.3663635253906,16.6631145477295,28.2477226257324,,,
4169,325380425,47.530571,-122.395992,,King,89.2300872802734,60.592113494873,83.9785385131836,,,,,,,,,
4170,325380909,47.530571,-122.395992,,King,89.2300872802734,60.592113494873,83.9785385131836,,,,,,,,,
4171,325715983,47.3057144571,-122.5312446144,Tacoma,Pierce,,,,,,,,,,26.5371837615967,15.4413404464722,25.8535823822021
4172,325716105,47.3056327165,-122.5311309111,Tacoma,Pierce,,,,,,,,,,26.5375671386719,15.4351596832275,25.7767772674561
4173,325717111,47.305354172,-122.5305700197,Tacoma,Pierce,,,,,,,,,,26.5028133392334,15.331693649292,25.3141765594482
4174,325718421,47.3053214389,-122.5310287291,Tacoma,Pierce,,,,,,,,,,26.5419540405273,15.4173736572266,25.6559505462646
4175,325720898,47.3053238489,-122.5311431203,Tacoma,Pierce,,,,,,,,,,26.5313358306885,15.4225769042969,25.7066307067871
4176,325723838,47.3045436249,-122.5304903988,Tacoma,Pierce,,,,,,,,,,26.5228366851807,15.284460067749,25.2028427124023
4177,325724791,47.3056958531,-122.5310591475,Tacoma,Pierce,,,,,,,,,,26.545482635498,15.4405937194824,25.8486003875732
4178,325724909,47.297940612,-122.5072749173,,Pierce,,,,,,,,,,27.0626602172852,16.5213069915771,28.8696041107178
4179,325724976,47.3055763612,-122.5307524259,Tacoma,Pierce,,,,,,,,,,26.5071239471436,15.3847703933716,25.4499225616455
4180,325726123,47.3052472431,-122.5313212989,Tacoma,Pierce,,,,,,,,,,26.4518737792969,15.4402170181274,25.6769275665283
4181,325726141,47.3036941899,-122.5304391281,Tacoma,Pierce,,,,,,,,,,26.5209770202637,15.2777662277222,25.6227760314941
4182,325726183,47.3052609898,-122.5308059545,Tacoma,Pierce,,,,,,,,,,26.4998302459717,15.3842267990112,25.4839458465576
4183,325727102,47.3049906131,-122.5304984693,Tacoma,Pierce,,,,,,,,,,26.504222869873,15.2924928665161,25.1493091583252
4184,325727237,47.3056209038,-122.5311842192,Tacoma,Pierce,,,,,,,,,,26.5340824127197,15.453293800354,25.8578624725342
4185,325745418,47.3045103925,-122.5305450929,Tacoma,Pierce,,,,,,,,,,26.5174865722656,15.2939968109131,25.2162208557129
4186,325745677,47.303970514,-122.5301778362,Tacoma,Pierce,,,,,,,,,,26.5532875061035,15.267653465271,25.2655391693115
4187,325750491,47.3056706163,-122.5310771745,Tacoma,Pierce,,,,,,,,,,26.5375671386719,15.4351596832275,25.7767772674561
4188,325750572,47.305286655,-122.5310572187,Tacoma,Pierce,,,,,,,,,,26.5001792907715,15.4168395996094,25.6406364440918
4189,325750642,47.3052248087,-122.5307455358,Tacoma,Pierce,,,,,,,,,,26.5053462982178,15.3420562744141,25.3130874633789
4190,325750752,47.3037454724,-122.5301962763,Tacoma,Pierce,,,,,,,,,,26.5596599578857,15.2745933532715,25.5341567993164
4191,325769310,47.3035990908,-122.5303982276,Tacoma,Pierce,,,,,,,,,,26.5159606933594,15.2908229827881,25.6592807769775
4192,325793672,47.303797885,-122.5302141345,Tacoma,Pierce,,,,,,,,,,26.5513534545898,15.2707033157349,25.4784641265869
4193,325793946,47.304120462,-122.5303736124,Tacoma,Pierce,,,,,,,,,,26.54172706604,15.2703304290771,25.2189674377441
4194,325794024,47.3048003555,-122.5304738648,Tacoma,Pierce,,,,,,,,,,26.4947566986084,15.2832736968994,25.1733474731445
4195,326124020,47.4518556678,-122.4603046055,,King,,,,,,,,,,,,
4196,326231328,47.3037419237,-122.5296921283,Tacoma,Pierce,,,,,,,,,,26.5796737670898,15.2802295684814,25.3218040466309
4197,326233445,47.3035781876,-122.5294829408,Tacoma,Pierce,,,,,,,,,,26.6016426086426,15.2942762374878,25.1492366790771
4198,326233480,47.3035502432,-122.5284735934,Tacoma,Pierce,,,,,,,,,,27.67138671875,15.4066066741943,25.5310974121094
4199,326233536,47.3035398964,-122.5287539278,Tacoma,Pierce,,,,,,,,,,27.1590995788574,15.3923902511597,25.2837867736816
4200,326234686,47.3037608292,-122.5282025616,Tacoma,Pierce,,,,,,,,,,27.7054405212402,15.4076433181763,25.4421730041504
4201,326234855,47.30377454,-122.52824107,Tacoma,Pierce,,,,,,,,,,27.7162227630615,15.3977098464966,25.349193572998
4202,326235030,47.303729502,-122.528205737,Tacoma,Pierce,,,,,,,,,,27.7054405212402,15.4076433181763,25.4421730041504
4203,326235199,47.3036324631,-122.5293141998,Tacoma,Pierce,,,,,,,,,,26.6696891784668,15.305100440979,25.2242527008057
4204,326235677,47.3035623431,-122.5287178997,Tacoma,Pierce,,,,,,,,,,27.1590995788574,15.3923902511597,25.2837867736816
4205,326235882,47.3036974195,-122.5281380919,Tacoma,Pierce,,,,,,,,,,27.7054405212402,15.4076433181763,25.4421730041504
4206,326236049,47.3035450331,-122.5287096397,Tacoma,Pierce,,,,,,,,,,27.1590995788574,15.3923902511597,25.2837867736816
4207,326236118,47.3038303448,-122.5280490741,Tacoma,Pierce,,,,,,,,,,27.7535037994385,15.4152164459229,25.4552898406982
4208,326237292,47.3036382208,-122.52952634,Tacoma,Pierce,,,,,,,,,,26.5969638824463,15.2932929992676,25.2068958282471
4209,326237441,47.3037817355,-122.5282809298,Tacoma,Pierce,,,,,,,,,,27.6133708953857,15.3825063705444,25.2261562347412
4210,326237665,47.3039580221,-122.5280362359,Tacoma,Pierce,,,,,,,,,,27.7455158233643,15.3972730636597,25.3320636749268
4211,326237806,47.3036773821,-122.528810228,Tacoma,Pierce,,,,,,,,,,27.121410369873,15.3452529907227,25.2293758392334
4212,326237852,47.3032813011,-122.5275691599,Tacoma,Pierce,,,,,,,,,,27.6456203460693,15.4974069595337,26.2845230102539
4213,326237929,47.3036168337,-122.5297506619,Tacoma,Pierce,,,,,,,,,,26.581449508667,15.2863063812256,25.2484035491943
4214,326238247,47.3035169373,-122.5281743211,Tacoma,Pierce,,,,,,,,,,27.7955131530762,15.4218730926514,25.8112373352051
4215,326238944,47.3037882898,-122.5281907392,Tacoma,Pierce,,,,,,,,,,27.7162227630615,15.3977098464966,25.349193572998
4216,326239214,47.3036708061,-122.5279975879,Tacoma,Pierce,,,,,,,,,,27.6872138977051,15.4436902999878,25.88108253479
4217,326239691,47.3038223157,-122.5279177793,Tacoma,Pierce,,,,,,,,,,27.6834526062012,15.4362335205078,25.4892902374268
4218,326239975,47.3037056458,-122.5260744831,Tacoma,Pierce,,,,,,,,,,28.6548137664795,15.2844734191895,26.0173263549805
4219,326240084,47.2783548,-122.5187726,Tacoma,Pierce,,,,,,,,,,30.675760269165,16.3887462615967,27.9983558654785
4220,326240366,47.3034893777,-122.5281234138,Tacoma,Pierce,,,,,,,,,,27.5576229095459,15.435266494751,25.9787769317627
4221,326240704,47.303764354,-122.5283264932,Tacoma,Pierce,,,,,,,,,,27.6554470062256,15.3850002288818,25.2799472808838
4222,326240735,47.3036276431,-122.5281417376,Tacoma,Pierce,,,,,,,,,,27.7140674591064,15.4174995422363,25.6480693817139
4223,326242581,47.30362735,-122.52562702,Tacoma,Pierce,,,,,,,,,,28.7852973937988,15.2365064620972,26.0602169036865
4224,326242965,47.3037429287,-122.527972206,Tacoma,Pierce,,,,,,,,,,27.7018909454346,15.4426069259644,25.6082630157471
4225,326247580,47.3036429406,-122.5264835983,Tacoma,Pierce,,,,,,,,,,28.5515842437744,15.4435930252075,25.9947566986084
4226,326248095,47.3034909767,-122.5264243801,Tacoma,Pierce,,,,,,,,,,28.6210994720459,15.3756303787231,26.1020927429199
4227,326248171,47.3036863657,-122.5262920559,Tacoma,Pierce,,,,,,,,,,28.5786933898926,15.3906469345093,25.9787139892578
4228,326250109,47.3035522307,-122.5264581994,Tacoma,Pierce,,,,,,,,,,28.5946063995361,15.4085931777954,26.0329837799072
4229,326250991,47.3034238943,-122.5258657849,Tacoma,Pierce,,,,,,,,,,28.8258171081543,15.2360801696777,26.1032772064209
4230,326251371,47.3035426539,-122.5263835214,Tacoma,Pierce,,,,,,,,,,28.6584339141846,15.360203742981,26.0268173217773
4231,326251412,47.3034858054,-122.5264912995,Tacoma,Pierce,,,,,,,,,,28.6210994720459,15.3756303787231,26.1020927429199
4232,326251468,47.3034850679,-122.5255334412,Tacoma,Pierce,,,,,,,,,,28.8811340332031,15.2329397201538,26.03981590271
4233,326252470,47.3034486135,-122.5280066112,Tacoma,Pierce,,,,,,,,,,27.5576229095459,15.435266494751,25.9787769317627
4234,326252530,47.3034702209,-122.5280688189,Tacoma,Pierce,,,,,,,,,,27.5576229095459,15.435266494751,25.9787769317627
4235,326252575,47.3035085254,-122.5279645646,Tacoma,Pierce,,,,,,,,,,27.6239967346191,15.440486907959,25.959493637085
4236,326253064,47.3035968177,-122.5264187084,Tacoma,Pierce,,,,,,,,,,28.5515842437744,15.4435930252075,25.9947566986084
4237,326253136,47.3035444308,-122.5264276125,Tacoma,Pierce,,,,,,,,,,28.5946063995361,15.4085931777954,26.0329837799072
4238,326253178,47.3035211977,-122.5259515517,Tacoma,Pierce,,,,,,,,,,28.7631225585938,15.2433032989502,26.0525741577148
4239,326280042,45.5390722222,-122.599225,Portland,Multnomah,,,,,,,31.3920574188232,15.2694540023804,29.1082382202148,,,
4240,326280110,45.5395194444,-122.5987222222,Portland,Multnomah,,,,,,,31.4735164642334,15.2470550537109,29.2349815368652,,,
4241,326280147,45.5391194444,-122.5988444444,Portland,Multnomah,,,,,,,31.3995552062988,15.2591915130615,29.0476589202881,,,
4242,327290431,47.3036199396,-122.5260858313,Tacoma,Pierce,,,,,,,,,,28.6639728546143,15.2694835662842,25.9995899200439
4243,327290440,47.30347841,-122.526059347,Tacoma,Pierce,,,,,,,,,,28.7223167419434,15.2839164733887,26.0579795837402
4244,327292117,47.3031582784,-122.5255800721,Tacoma,Pierce,,,,,,,,,,29.0600757598877,15.1973733901978,26.0507659912109
4245,327292120,47.3031123755,-122.5251264846,Tacoma,Pierce,,,,,,,,,,29.1982975006104,15.1774168014526,25.8111000061035
4246,327292565,47.3029916682,-122.5255400528,Tacoma,Pierce,,,,,,,,,,29.1198635101318,15.1861763000488,26.0960159301758
4247,327296130,47.3019667487,-122.5243592965,Tacoma,Pierce,,,,,,,,,,30.1763973236084,15.2028570175171,26.7606964111328
4248,327297107,47.3019450591,-122.5241288783,Tacoma,Pierce,,,,,,,,,,29.9526824951172,15.165846824646,26.6838073730469
4249,327297373,47.3020048836,-122.5244252299,Tacoma,Pierce,,,,,,,,,,30.1763973236084,15.2028570175171,26.7606964111328
4250,327305131,47.3018802144,-122.5241908306,Tacoma,Pierce,,,,,,,,,,29.9760093688965,15.1806869506836,26.7094058990479
4251,327308184,47.3025703939,-122.525060976,Tacoma,Pierce,,,,,,,,,,29.4069557189941,15.2366466522217,26.0931758880615
4252,327925905,45.5166416667,-122.7145166667,Portland,Multnomah,,,,,,,27.5432300567627,15.2778177261353,27.4167232513428,,,
4253,327926055,45.5166395206,-122.7144534053,Portland,Multnomah,,,,,,,27.5727100372314,15.2801380157471,27.4133853912354,,,
4254,327926159,45.5168346121,-122.7141308714,Portland,Multnomah,,,,,,,27.6409149169922,15.8302993774414,27.4080295562744,,,
4255,327926202,45.516882063,-122.7140767444,Portland,Multnomah,,,,,,,27.6464939117432,15.887885093689,27.4188137054443,,,
4256,327926473,45.5472557593,-122.6825438815,Portland,Multnomah,,,,,,,32.146427154541,16.6045703887939,28.7628707885742,,,
4257,327926540,45.5470783333,-122.6823883333,Portland,Multnomah,,,,,,,32.1893081665039,16.6469879150391,28.7705764770508,,,
4258,327927400,45.5487553049,-122.6834601132,Portland,Multnomah,,,,,,,32.0413665771484,16.5707530975342,29.067253112793,,,
4259,327928356,45.5491956817,-122.6830297533,Portland,Multnomah,,,,,,,31.9433898925781,16.5527057647705,29.1768264770508,,,
4260,327929578,45.5493063882,-122.6827342593,Portland,Multnomah,,,,,,,31.9145946502686,16.522741317749,29.2406635284424,,,
4261,327931522,45.5492640581,-122.6825348612,Portland,Multnomah,,,,,,,31.9149417877197,16.5253086090088,29.2355251312256,,,
4262,328136469,45.5174133333,-122.7179666667,Portland,Multnomah,,,,,,,27.4964084625244,15.3167638778687,27.4072761535645,,,
4263,328137558,45.5173848992,-122.7193195608,Portland,Multnomah,,,,,,,27.4505577087402,15.34801197052,27.3659381866455,,,
4264,328138065,45.5174538684,-122.7191684285,Portland,Multnomah,,,,,,,27.4438514709473,15.3476085662842,27.3663902282715,,,
4265,328964229,45.5214771074,-122.7043611637,Portland,Multnomah,,,,,,,28.7007884979248,16.4790363311768,27.4251976013184,,,
4266,328964942,45.5213828845,-122.7044554283,Portland,Multnomah,,,,,,,28.7163982391357,16.4870662689209,27.4214038848877,,,
4267,328965626,45.5212891242,-122.7042319347,Portland,Multnomah,,,,,,,28.7422294616699,16.4848575592041,27.4052963256836,,,
4268,328966409,45.5213945685,-122.7043954657,Portland,Multnomah,,,,,,,28.725061416626,16.4825229644775,27.4268226623535,,,
4269,328967180,45.5211723735,-122.7045402749,Portland,Multnomah,,,,,,,28.7827396392822,16.5021228790283,27.3213863372803,,,
4270,328967923,45.5206148001,-122.7047376988,Portland,Multnomah,,,,,,,28.3738651275635,16.5176219940186,27.3535709381104,,,
4271,328968168,45.5205560429,-122.7048307379,Portland,Multnomah,,,,,,,28.3119850158691,16.5119323730469,27.3652610778809,,,
4272,328980173,47.45986739,-122.59772446,,Kitsap,,,,,,,,,,,,
4273,328993046,45.517457,-122.715039,Portland,Multnomah,,,,,,,27.4963874816895,15.8958806991577,27.4152374267578,,,
4274,328994285,45.517995,-122.715074,Portland,Multnomah,,,,,,,27.49827003479,15.6389541625977,27.437032699585,,,
4275,328995350,45.51794,-122.713297,Portland,Multnomah,,,,,,,27.7100505828857,16.1273040771484,27.4984683990479,,,
4276,329262698,47.1059416667,-122.38378,,Pierce,,,,84.0999984741211,56.4000015258789,80.1999969482422,,,,,,
4277,329371264,47.313072448,-122.5404771319,Tacoma,Pierce,,,,,,,,,,25.7481441497803,15.8729734420776,25.1122226715088
4278,329372121,47.3129067546,-122.5401086911,Tacoma,Pierce,,,,,,,,,,25.7152042388916,15.8850831985474,25.0849533081055
4279,329372460,47.3131542831,-122.5404178957,Tacoma,Pierce,,,,,,,,,,25.7512874603271,15.9044666290283,25.1204872131348
4280,329380486,47.3130031638,-122.5406386212,Tacoma,Pierce,,,,,,,,,,25.7495002746582,15.8227863311768,25.1366558074951
4281,329383508,47.3109973185,-122.5307021088,Tacoma,Pierce,,,,,,,,,,26.2364635467529,15.2129735946655,25.457426071167
4282,329389702,47.3131429063,-122.540304351,Tacoma,Pierce,,,,,,,,,,25.7514133453369,15.8934268951416,25.1247062683105
4283,329389750,47.3161814425,-122.5388026084,Tacoma,Pierce,,,,,,,,,,25.7366027832031,16.341423034668,25.2861957550049
4284,329389780,47.310794329,-122.530772753,Tacoma,Pierce,,,,,,,,,,26.2278099060059,15.1900196075439,25.5586166381836
4285,329389820,47.3098220277,-122.5309317395,Tacoma,Pierce,,,,,,,,,,26.4472827911377,15.1971168518066,25.7862968444824
4286,329389844,47.3096283231,-122.5304776967,Tacoma,Pierce,,,,,,,,,,26.4646091461182,15.1883697509766,25.7896575927734
4287,329390402,47.3097826871,-122.5307063789,Tacoma,Pierce,,,,,,,,,,26.4644508361816,15.1826267242432,25.7885074615479
4288,329414475,45.4706388889,-122.722825,Portland,Multnomah,,,,,,,29.5629997253418,14.9611845016479,24.2321033477783,,,
4289,329414673,45.4706388889,-122.722825,Portland,Multnomah,,,,,,,29.5629997253418,14.9611845016479,24.2321033477783,,,
4290,329414828,45.4706416667,-122.7228472222,Portland,Multnomah,,,,,,,29.5626811981201,14.9584331512451,24.2298107147217,,,
4291,329414931,45.4701833333,-122.7227083333,Portland,Multnomah,,,,,,,29.5302104949951,15.1104221343994,24.3157081604004,,,
4292,329415442,45.4701833333,-122.7227083333,Portland,Multnomah,,,,,,,29.5302104949951,15.1104221343994,24.3157081604004,,,
4293,329416551,45.4701833333,-122.7227083333,Portland,Multnomah,,,,,,,29.5302104949951,15.1104221343994,24.3157081604004,,,
4294,329416882,45.4756,-122.7197722222,Portland,Multnomah,,,,,,,30.5228042602539,14.6391677856445,25.2964515686035,,,
4295,329417096,45.4756,-122.7197722222,Portland,Multnomah,,,,,,,30.5228042602539,14.6391677856445,25.2964515686035,,,
4296,329462000,47.3043461035,-122.5168184546,Tacoma,Pierce,,,,,,,,,,27.9362735748291,15.6647500991821,27.3032474517822
4297,329496364,47.303745,-122.5160866667,Tacoma,Pierce,,,,,,,,,,28.2989273071289,15.8668003082275,27.4860572814941
4298,329498259,45.5807334417,-122.7094584538,Portland,Multnomah,,,,,,,31.3267803192139,14.0033693313599,28.9222393035889,,,
4299,329504147,47.17967,-122.4926216667,,Pierce,,,,80.0999984741211,56.5999984741211,77.1999969482422,,,,31.5174674987793,15.8515195846558,27.2810802459717
4300,329509079,47.4939616667,-123.2114333333,,Mason,,,,,,,,,,,,
4301,329514866,47.1786113977,-122.4928067252,,Pierce,,,,80.0999984741211,56.7000007629395,77.5,,,,31.5841102600098,16.0857200622559,27.9210071563721
4302,329526326,47.2953416667,-122.6024866667,,Pierce,,,,,,,,,,,,
4303,329533062,47.200328,-122.570751,,Pierce,,,,,,,,,,32.5716133117676,16.5777130126953,28.8595962524414
4304,329715727,47.206182178,-122.3967270496,Tacoma,Pierce,,,,,,,,,,30.9391136169434,15.6313133239746,28.3418941497803
4305,329787380,45.516819,-122.718251,Portland,Multnomah,,,,,,,27.4626331329346,15.4814605712891,27.3712024688721,,,
4306,329787704,45.515984,-122.718869,Portland,Multnomah,,,,,,,27.3922290802002,15.4613208770752,27.3785533905029,,,
4307,329788507,45.515961,-122.718641,Portland,Multnomah,,,,,,,27.4092350006104,15.4464702606201,27.3705635070801,,,
4308,329788909,45.516066,-122.719005,Portland,Multnomah,,,,,,,27.4086093902588,15.5015649795532,27.3696594238281,,,
4309,329789228,45.515646,-122.719011,Portland,Multnomah,,,,,,,27.2771682739258,15.5308485031128,27.3546314239502,,,
4310,330244052,48.368098,-124.603279,,Clallam,,,,,,,,,,,,
4311,330244225,48.368018,-124.603495,,Clallam,,,,,,,,,,,,
4312,330244444,48.3676771,-124.6042369,,Clallam,,,,,,,,,,,,
4313,330244729,48.367582,-124.603261,,Clallam,,,,,,,,,,,,
4314,331580501,47.3041038132,-122.516464525,Tacoma,Pierce,,,,,,,,,,27.9937400817871,15.812403678894,27.2390041351318
4315,331581238,47.3040732688,-122.5165161673,Tacoma,Pierce,,,,,,,,,,27.9818000793457,15.7292032241821,27.4300632476807
4316,331581816,47.3037525126,-122.5160099264,Tacoma,Pierce,,,,,,,,,,28.2989273071289,15.8668003082275,27.4860572814941
4317,331591431,47.3102057151,-122.5246068888,Tacoma,Pierce,,,,,,,,,,25.5006504058838,16.5738296508789,25.3276023864746
4318,331600160,47.3084286196,-122.5219981652,Tacoma,Pierce,,,,,,,,,,25.4984874725342,16.36767578125,25.2049770355225
4319,331607957,45.513292,122.719692,,Baicheng,,,,,,,,,,,,
4320,331608404,45.513432,122.719634,,Baicheng,,,,,,,,,,,,
4321,331608586,45.513537,122.719606,,Baicheng,,,,,,,,,,,,
4322,331609315,45.513559,122.719535,,Baicheng,,,,,,,,,,,,
4323,331609605,45.513656,122.719527,,Baicheng,,,,,,,,,,,,
4324,331610013,45.513696,122.719527,,Baicheng,,,,,,,,,,,,
4325,331610380,45.513723,122.719652,,Baicheng,,,,,,,,,,,,
4326,331610722,45.513834,122.71968,,Baicheng,,,,,,,,,,,,
4327,331610920,45.513875,122.719702,,Baicheng,,,,,,,,,,,,
4328,331856684,47.22593,-122.51371,Fircrest,Pierce,,,,,,,,,,30.3078269958496,15.9430170059204,29.5228061676025
4329,333996769,45.3105931818,-121.7310705666,,Clackamas,,,,,,,,,,,,
4330,334507288,45.3560007997,-121.9671462,,Clackamas,,,,,,,,,,,,
4331,334507970,45.3560469997,-121.9664707997,,Clackamas,,,,,,,,,,,,
4345,341407467,47.286989,-122.386766,Tacoma,Pierce,,,,,,,,,,32.0470123291016,15.7108697891235,29.095552444458
4346,341407999,47.286989,-122.386766,Tacoma,Pierce,,,,,,,,,,32.0470123291016,15.7108697891235,29.095552444458
4347,341408243,47.286989,-122.386766,Tacoma,Pierce,,,,,,,,,,32.0470123291016,15.7108697891235,29.095552444458
4348,341408975,47.286989,-122.386766,Tacoma,Pierce,,,,,,,,,,32.0470123291016,15.7108697891235,29.095552444458
4349,341409309,47.286989,-122.386766,Tacoma,Pierce,,,,,,,,,,32.0470123291016,15.7108697891235,29.095552444458
4351,342485083,47.2478116667,-122.4597166667,Tacoma,Pierce,,,,,,,,,,32.0198364257812,17.1773567199707,29.0823574066162
4352,342485264,47.252995,-122.4591383333,Tacoma,Pierce,,,,,,,,,,32.0060157775879,16.7266902923584,29.7098064422607
4353,342485722,47.2395272647,-122.4579189812,Tacoma,Pierce,,,,,,,,,,31.7039470672607,16.959939956665,27.62672996521
4354,342487667,47.2476283333,-122.449105,Tacoma,Pierce,,,,,,,,,,31.5729064941406,17.6840896606445,29.4040699005127
4355,342487739,47.2479533333,-122.4491716667,Tacoma,Pierce,,,,,,,,,,31.7926139831543,17.9113292694092,29.510347366333
4356,342491111,47.2563033333,-122.46045,Tacoma,Pierce,,,,,,,,,,31.3362827301025,17.7753658294678,31.2946491241455
4357,343843119,47.260278,-122.448234,Tacoma,Pierce,,,,,,,,,,30.2115993499756,17.3360233306885,29.7612838745117
4358,343843653,47.260278,-122.448234,Tacoma,Pierce,,,,,,,,,,30.2115993499756,17.3360233306885,29.7612838745117
4359,343843778,47.260278,-122.448234,Tacoma,Pierce,,,,,,,,,,30.2115993499756,17.3360233306885,29.7612838745117
4360,349046274,45.4455356964,-122.6997503793,Portland,Multnomah,,,,,,,27.3195896148682,15.1362762451172,27.3042850494385,,,
4361,356639579,47.2484051507,-122.5241201665,Tacoma,Pierce,,,,,,,,,,32.1087684631348,16.8175029754639,29.0191230773926
4362,356640649,47.2484798842,-122.5240948069,Tacoma,Pierce,,,,,,,,,,32.0988845825195,16.8340835571289,29.0109729766846
4363,356640771,47.2483172204,-122.5241813569,Tacoma,Pierce,,,,,,,,,,32.1059875488281,16.805362701416,29.069486618042
4364,356643575,47.2487487778,-122.5226745556,Tacoma,Pierce,,,,,,,,,,32.0717697143555,16.7740707397461,28.9433536529541
4365,356645196,47.2484149318,-122.5239149015,Tacoma,Pierce,,,,,,,,,,32.1104850769043,16.831470489502,29.0157032012939
4366,356645336,47.2483966841,-122.5239102915,Tacoma,Pierce,,,,,,,,,,32.1034812927246,16.8163166046143,29.0780696868896
4367,359297357,46.8688391846,-122.4879983398,,Pierce,,,,,,,,,,,,
