"","id","latitude","longitude","place_town_name","place_county_name"
"1",4601133,47.7103004456,-122.3679733276,"","King"
"2",6913373,48.0243496245,-122.6784553527,"","Jefferson"
"3",8254344,48.018843,-122.671725,"","Jefferson"
"4",12363639,47.6226150776,-117.0557749808,"","Spokane"
"5",12563075,46.2137060812,-115.537214935,"","Idaho"
"6",12969530,47.002998477,-116.677039665,"","Latah"
"7",19006459,45.487538793,-122.5718280809,"Portland","Multnomah"
"8",19184654,47.7430914414,-122.3109349687,"","King"
"9",20544675,48.4761422127,-123.3113130648,"Saanich, British Columbia","Capital"
"10",25981751,48.4574580791,-123.335596862,"Saanich, British Columbia","Capital"
"11",26204238,48.4959589876,-123.3322602239,"Saanich, British Columbia","Capital"
"12",26884358,48.4566683189,-123.324836362,"Saanich, British Columbia","Capital"
"13",27216264,48.0204805556,-122.6987,"","Jefferson"
"14",27742079,48.7738250189,-123.9218526706,"","Cowichan Valley"
"15",28711929,48.4595301194,-123.3357877623,"Saanich, British Columbia","Capital"
"16",29603942,48.4579203438,-123.3131297868,"Oak Bay","Capital"
"17",32015164,48.4377004757,-123.3262594284,"Saanich, British Columbia","Capital"
"18",37020791,48.4522189778,-123.3339328835,"Saanich, British Columbia","Capital"
"19",37281634,48.4656098637,-123.3000747462,"Saanich, British Columbia","Capital"
"20",48715992,49.2104824,-122.5237505,"","Greater Vancouver"
"21",49543580,45.4021694444,-121.5705472222,"","Hood River"
"22",50208705,45.47232,-122.653725,"Portland","Multnomah"
"23",51552951,49.3392528,-122.9737917,"","Greater Vancouver"
"24",51656142,49.319717218,-122.9689331866,"","Greater Vancouver"
"25",51849686,45.5162883333,-122.5966416667,"Portland","Multnomah"
"26",52964145,47.6509785313,-122.3072987795,"","King"
"27",52996969,45.5276366667,-122.73137,"Portland","Multnomah"
"28",53230757,49.2409174,-122.8086868,"","Greater Vancouver"
"29",53539955,49.1915136,-122.6040854,"","Greater Vancouver"
"30",53766205,48.4625312452,-123.3567977925,"Saanich, British Columbia","Capital"
"31",55095755,45.3880116667,-122.8368616667,"","Washington"
"32",57555960,49.1847692967,-122.7737085567,"","Greater Vancouver"
"33",57676245,44.8503555556,-121.8456972222,"","Marion"
"34",57888423,49.3440217133,-123.0047542833,"","Greater Vancouver"
"35",58576022,49.77567643,-123.1109970667,"","Squamish-Lillooet"
"36",58862868,49.3902320967,-123.3506584733,"","Greater Vancouver"
"37",60516594,49.3768795717,-123.331412925,"","Greater Vancouver"
"38",61398540,47.6614026155,-122.2832440962,"","King"
"39",61399467,48.1705133577,-122.1901978925,"","Snohomish"
"40",61400313,47.6751263319,-122.2610672191,"","King"
"41",61401102,47.6761844239,-122.2620814294,"","King"
"42",61401305,47.6761706532,-122.2624612972,"","King"
"43",61401534,48.4179449564,-122.5708103925,"","Skagit"
"44",61423931,47.6654002946,-122.2830562674,"","King"
"45",61537163,49.5516249567,-123.2381864917,"","Squamish-Lillooet"
"46",61624246,47.7494723567,-122.2079986731,"Bothell City Limits","King"
"47",61624408,47.750082372,-122.2083493488,"Bothell City Limits","King"
"48",61624619,47.750931613,-122.2077266787,"Bothell City Limits","King"
"49",61923541,49.6453608117,-123.2046451717,"","Squamish-Lillooet"
"50",62133383,47.1098824501,-121.8078283388,"","King"
"51",62139519,47.188739637,-122.3279077002,"Puyallup, WA","Pierce"
"52",62243128,48.4605392581,-122.603415996,"","Skagit"
"53",62250074,48.4631052101,-122.6036728175,"","Skagit"
"54",62264694,48.4735473851,-122.6052082983,"","Skagit"
"55",63186072,47.5499451813,-122.2555292119,"","King"
"56",63253840,47.4873686833,-121.7194069,"","King"
"57",63255638,47.4874740833,-121.719034,"","King"
"58",63298788,47.30351667,-122.516525,"Tacoma","Pierce"
"59",63298939,47.49236667,-122.06390283,"","King"
"60",63522352,48.77449167,-122.48045333,"Bellingham, Washington, USA","Whatcom"
"61",63842953,46.9126149119,-122.928994596,"","Thurston"
"62",63843211,46.9305018039,-122.9364521429,"","Thurston"
"63",64575034,48.73001167,-122.30381667,"Bellingham, Washington, USA","Whatcom"
"64",64707952,49.3241004942,-122.9444732664,"","Greater Vancouver"
"65",65241620,46.7251093693,-117.0099777327,"","Latah"
"66",65344987,47.0751628056,-122.9717604071,"","Thurston"
"67",65345686,47.0734039722,-122.974052,"","Thurston"
"68",65346596,47.073191,-122.973572,"","Thurston"
"69",65827522,47.24783333,-122.48095833,"Tacoma","Pierce"
"70",65827983,47.24966333,-122.48195,"Tacoma","Pierce"
"71",65828255,47.667575,-122.28566667,"","King"
"72",65988466,47.869898,-117.15701,"","Spokane"
"73",66016390,49.213897705,-122.9076461792,"","Greater Vancouver"
"74",66054060,47.7240478,-122.24479483,"","King"
"75",66054151,47.72321235,-122.24449684,"","King"
"76",66062190,47.7237474,-122.2460907,"","King"
"77",66197132,47.54998579,-122.25541078,"","King"
"78",66312732,47.337491,-122.78079,"","Pierce"
"79",66362924,48.7561284146,-122.4399149046,"Bellingham, Washington, USA","Whatcom"
"80",66390991,47.5853700039,-121.7307021417,"","King"
"81",66585862,47.302145,-122.52431333,"Tacoma","Pierce"
"82",66835176,47.7725805394,-123.4725164625,"","Jefferson"
"83",66837428,48.0279406462,-122.7745359278,"","Jefferson"
"84",66966170,47.35965333,-122.59307833,"","Pierce"
"85",66966372,47.35971167,-122.59216333,"","Pierce"
"86",67182029,47.7023001324,-122.3092648925,"","King"
"87",67207257,46.72489167,-117.01312222,"","Latah"
"88",67542612,47.6252466667,-122.2997966667,"","King"
"89",67542762,47.635475,-122.3067633333,"","King"
"90",67548524,47.6256466667,-122.32447,"","King"
"91",67558333,47.6307916667,-122.3163216667,"","King"
"92",67590491,47.4658932933,-122.4595996596,"","King"
"93",67689415,47.5519633333,-122.2535333333,"","King"
"94",67725403,48.0160669965,-122.6740913852,"","Jefferson"
"95",67737614,47.5526916667,-122.2513966667,"","King"
"96",67810237,49.1400721667,-123.9437333333,"","Nanaimo"
"97",67839053,47.5305116731,-121.9771116667,"","King"
"98",67931089,45.4870293878,-122.572003305,"Portland","Multnomah"
"99",68079062,47.4666169515,-122.4585582124,"","King"
"100",68228219,47.5487655278,-122.2830995545,"","King"
"101",68245512,45.7996305556,-122.6816666667,"","Clark"
"102",68245540,45.7996305556,-122.6816666667,"","Clark"
"103",68262877,48.5230966667,-123.3922416667,"Saanich, British Columbia","Capital"
"104",68280669,47.494947,-122.069072,"","King"
"105",68283750,47.37774577,-121.98251864,"","King"
"106",68284552,47.3764328664,-121.9804870337,"","King"
"107",68317487,46.7521083333,-121.8123222222,"","Pierce"
"108",68317528,46.7498861111,-121.8134277778,"","Pierce"
"109",68378273,47.2452264559,-122.4858716225,"Tacoma","Pierce"
"110",68382043,49.3051834106,-123.0087814331,"","Greater Vancouver"
"111",68382155,49.3054275511,-123.0087966917,"","Greater Vancouver"
"112",68398550,48.4676371887,-122.6294711666,"","Skagit"
"113",68431464,47.6176083333,-122.3131866667,"","King"
"114",68431725,47.46565,-120.324845,"","Chelan"
"115",68439913,49.40448,-123.559975,"","Sunshine Coast"
"116",68441859,49.4056783333,-123.5576383333,"","Sunshine Coast"
"117",68471695,49.3424606322,-123.135772705,"","Greater Vancouver"
"118",68476388,49.38953,-123.5527033333,"","Sunshine Coast"
"119",68499123,47.37513916,-122.06213208,"","King"
"120",68500224,47.37402186,-122.06353545,"","King"
"121",68502979,47.37528402,-122.06636817,"","King"
"122",68516263,49.1191833333,-123.987695,"","Nanaimo"
"123",68522616,49.3299179075,-122.9988174436,"","Greater Vancouver"
"124",68522813,49.3309783933,-122.9989929197,"","Greater Vancouver"
"125",68523103,49.3142318725,-122.9924468992,"","Greater Vancouver"
"126",68570665,49.13985,-123.9508833333,"","Nanaimo"
"127",68571073,49.1434833333,-123.9441966667,"","Nanaimo"
"128",68579641,49.3167686461,-122.9893341064,"","Greater Vancouver"
"129",68579840,49.3151702881,-122.9834060667,"","Greater Vancouver"
"130",68579958,49.3361167906,-123.1038208006,"","Greater Vancouver"
"131",68580031,NA,NA,"",""
"132",68580064,49.3348503111,-123.1087951658,"","Greater Vancouver"
"133",68580097,NA,NA,"",""
"134",68580149,49.3354492186,-123.1105957031,"","Greater Vancouver"
"135",68580268,49.3347854614,-123.1087722778,"","Greater Vancouver"
"136",68615753,48.78845078,-123.25926273,"","Capital"
"137",68615871,48.78860374,-123.25902646,"","Capital"
"138",68622048,49.3167648314,-122.9522476194,"","Greater Vancouver"
"139",68622120,49.3166275022,-122.9518203733,"","Greater Vancouver"
"140",68628574,48.78857688,-123.25877383,"","Capital"
"141",68628652,48.78858687,-123.2584036,"","Capital"
"142",68629089,48.78602822,-123.25561992,"","Capital"
"143",68646417,48.4652533333,-123.3159116667,"Oak Bay","Capital"
"144",68658537,49.2908333333,-123.0491666667,"","Greater Vancouver"
"145",68658762,49.2920875547,-123.0506973264,"","Greater Vancouver"
"146",68658879,49.2918205261,-123.0500946044,"","Greater Vancouver"
"147",68699666,49.3158912658,-123.0074920653,"","Greater Vancouver"
"148",68699838,49.3199043272,-123.0372772217,"","Greater Vancouver"
"149",68699970,49.3182293388,-123.0107101053,"","Greater Vancouver"
"150",68700424,49.3166666667,-123.0105555556,"","Greater Vancouver"
"151",68710615,48.74760947,-123.18361577,"","Capital"
"152",68710668,48.74747218,-123.18347626,"","Capital"
"153",68729584,47.3788803997,-121.9730033,"","King"
"154",68730344,47.450698,-122.073259,"East Renton Highlands City Limits","King"
"155",68737226,47.4225318,-122.0737244,"","King"
"156",68742200,49.3134727478,-122.9989166258,"","Greater Vancouver"
"157",68742288,49.33297348,-123.0438461303,"","Greater Vancouver"
"158",68742508,49.3332939147,-123.0440216064,"","Greater Vancouver"
"159",68745750,47.6363666667,-122.3068616667,"","King"
"160",68746053,47.6358866667,-122.307045,"","King"
"161",68769712,47.6368033333,-122.3067633333,"","King"
"162",68770643,47.6346133333,-122.3060833333,"","King"
"163",68782040,49.13295,-123.95398,"","Nanaimo"
"164",68782322,49.1394778333,-123.9482416667,"","Nanaimo"
"165",68824430,48.4619973456,-123.3271415207,"Saanich, British Columbia","Capital"
"166",68826674,48.4620358716,-123.3270326412,"Saanich, British Columbia","Capital"
"167",68828161,48.460970658,-123.3274957437,"Saanich, British Columbia","Capital"
"168",68870055,47.74183872,-122.13816869,"","King"
"169",68887396,49.3236808775,-123.0997695922,"","Greater Vancouver"
"170",68937551,47.619858,-122.293119,"","King"
"171",68982233,49.2102777778,-123.1444444444,"","Greater Vancouver"
"172",68982848,45.4782466667,-122.6722033333,"Portland","Multnomah"
"173",68983264,49.2099342344,-123.14503479,"","Greater Vancouver"
"174",68985916,49.2124328611,-123.1475677489,"","Greater Vancouver"
"175",68986033,49.2130737303,-123.141693115,"","Greater Vancouver"
"176",68987311,49.2078633333,-124.0411528333,"","Nanaimo"
"177",69031450,48.4592050362,-123.3358310346,"Saanich, British Columbia","Capital"
"178",69079934,47.6706215786,-122.3097227422,"","King"
"179",69100155,47.6795021335,-122.3936154372,"","King"
"180",69100473,47.679485106,-122.3922885117,"","King"
"181",69100576,47.6795331343,-122.3918578495,"","King"
"182",69120460,47.62587,-122.2941133333,"","King"
"183",69162815,48.4615312504,-123.3188999709,"Oak Bay","Capital"
"184",69178256,49.3041534422,-122.9611053467,"","Greater Vancouver"
"185",69232120,48.4616259784,-123.3413791243,"Saanich, British Columbia","Capital"
"186",69232770,49.3159065244,-123.0062561033,"","Greater Vancouver"
"187",69232973,49.3081665039,-123.0038146972,"","Greater Vancouver"
"188",69236663,47.3700916667,-122.320305,"Des Moines City Limits","King"
"189",69267891,49.1887092589,-122.7954635619,"","Greater Vancouver"
"190",69268074,49.1900138853,-122.7938842772,"","Greater Vancouver"
"191",69268876,49.2076759336,-122.7697525022,"","Greater Vancouver"
"192",69269086,49.2054443358,-122.7647171019,"","Greater Vancouver"
"193",69269145,49.2060279844,-122.7766036986,"","Greater Vancouver"
"194",69377380,46.9596633333,-123.1019666667,"","Thurston"
"195",69382016,48.81577454,-123.30467988,"","Capital"
"196",69438855,47.5662033333,-122.3074416667,"","King"
"197",69463782,47.7123031667,-122.3725999722,"","King"
"198",69478668,49.3262634275,-123.0171051025,"","Greater Vancouver"
"199",69534281,47.631695,-122.2963033333,"","King"
"200",69595055,49.3157424925,-123.1018371581,"","Greater Vancouver"
"201",69595290,49.3275947569,-123.0863189697,"","Greater Vancouver"
"202",69595515,49.3274345397,-123.0735549925,"","Greater Vancouver"
"203",69689185,49.3091354369,-122.9911499022,"","Greater Vancouver"
"204",69721399,49.2868232725,-122.9521636961,"","Greater Vancouver"
"205",69721567,49.2869148253,-122.9809341431,"","Greater Vancouver"
"206",69770286,49.3178138731,-122.9447402953,"","Greater Vancouver"
"207",69784473,49.2404022217,-122.9594345092,"","Greater Vancouver"
"208",69964682,47.21985,-122.3960333333,"Tacoma","Pierce"
"209",69964977,47.1719924371,-122.3142673662,"Puyallup, WA","Pierce"
"210",69965459,47.1795583333,-122.3205633333,"Puyallup, WA","Pierce"
"211",69971033,47.7549833333,-122.3626333333,"","King"
"212",69971407,47.7476913109,-122.3608824232,"","King"
"213",69972018,47.753895,-122.3621966667,"","King"
"214",70014534,47.4895343664,-122.4733704329,"","King"
"215",70014877,47.489842706,-122.4727122858,"","King"
"216",70015042,47.4894727435,-122.4711368233,"","King"
"217",70015240,47.48921739,-122.47082916,"","King"
"218",70015410,47.4891528473,-122.470806241,"","King"
"219",70025028,47.5676333333,-122.0942,"Issaquah City Limits","King"
"220",70046682,47.37766452,-122.05853367,"","King"
"221",70064801,45.47808,-122.6536633333,"Portland","Multnomah"
"222",70100910,48.4617837097,-123.3459513337,"Saanich, British Columbia","Capital"
"223",70133946,45.4824362791,-122.7157948539,"Portland","Multnomah"
"224",70145725,49.0138932997,-122.6571849997,"","Greater Vancouver"
"225",70155662,49.0329014,-122.6865643,"","Greater Vancouver"
"226",70155782,49.0324251997,-122.6867404,"","Greater Vancouver"
"227",70156012,49.0372702,-122.6856743997,"","Greater Vancouver"
"228",70156131,49.0374951,-122.6855776,"","Greater Vancouver"
"229",70156277,49.0379219,-122.6863326997,"","Greater Vancouver"
"230",70156394,49.0356754,-122.684178,"","Greater Vancouver"
"231",70158471,49.035713,-122.6847570997,"","Greater Vancouver"
"232",70173063,46.745,-116.990286,"","Latah"
"233",70173315,46.745,-116.990286,"","Latah"
"234",70209008,47.7121569722,-122.3705740278,"","King"
"235",70261548,49.1637805,-124.045775,"","Nanaimo"
"236",70271934,48.4940500651,-121.5473778361,"","Skagit"
"237",70272155,48.49388754,-121.5470406321,"","Skagit"
"238",70284424,45.8516911744,-122.7428368014,"","Clark"
"239",70287841,49.1624666667,-124.0346611667,"","Nanaimo"
"240",70328851,48.7704949,-122.35530228,"Bellingham, Washington, USA","Whatcom"
"241",70328892,48.77053196,-122.35532627,"Bellingham, Washington, USA","Whatcom"
"242",70346309,48.5862865811,-123.4267072286,"","Capital"
"243",70346863,48.5852277372,-123.4269705042,"","Capital"
"244",70347039,48.5850626556,-123.4262385126,"","Capital"
"245",70347299,48.5847627511,-123.425984541,"","Capital"
"246",70347495,48.5847854661,-123.4260540269,"","Capital"
"247",70347646,48.582434,-123.426837,"","Capital"
"248",70378160,47.866675,-121.671395,"","Snohomish"
"249",70378415,47.8735783333,-121.65162,"","Snohomish"
"250",70380081,45.4903102778,-122.7481347222,"","Washington"
"251",70453730,47.64144254,-117.4659364,"","Spokane"
"252",70475459,47.2888498,-122.27639101,"","King"
"253",70478984,49.3264007567,-122.9494476317,"","Greater Vancouver"
"254",70523478,47.4661026944,-122.1446225833,"Renton City Limits","King"
"255",70528957,45.8532296727,-122.742680479,"","Clark"
"256",70569043,45.8622805453,-122.7444118239,"","Clark"
"257",70573673,45.861050209,-122.7463806898,"","Clark"
"258",70594617,46.9788383333,-122.3696216667,"","Pierce"
"259",70594726,46.977305,-122.3704083333,"","Pierce"
"260",70594778,46.9773216667,-122.3704533333,"","Pierce"
"261",70594904,46.9776533333,-122.370255,"","Pierce"
"262",70595016,46.914405,-122.2751216667,"","Pierce"
"263",70642957,49.3077201842,-123.0621871947,"","Greater Vancouver"
"264",70691696,49.309703756,-123.0392146111,"","Greater Vancouver"
"265",70820202,45.8489773315,-122.7544119642,"","Clark"
"266",70832153,48.4939340004,-123.3704023944,"Saanich, British Columbia","Capital"
"267",70855690,47.680208,-122.256595,"","King"
"268",70856332,47.680208,-122.256595,"","King"
"269",70858087,47.67082,-122.307245,"","King"
"270",70985842,45.4733722222,-122.5517944444,"Portland","Multnomah"
"271",71137792,49.0173482,-122.6633489,"","Greater Vancouver"
"272",71158602,49.3108290444,-123.0735740438,"","Greater Vancouver"
"273",71162633,47.0315861667,-122.8867833333,"","Thurston"
"274",71167547,46.9485358336,-122.8650806566,"","Thurston"
"275",71169344,46.948282,-122.863655,"","Thurston"
"276",71178383,49.5010216667,-123.82978,"","Sunshine Coast"
"277",71182969,49.5017583333,-123.830375,"","Sunshine Coast"
"278",71183091,49.5021466667,-123.8318633333,"","Sunshine Coast"
"279",71185996,48.4927015496,-123.3687003313,"Saanich, British Columbia","Capital"
"280",71262651,46.7302283333,-116.9976583333,"","Latah"
"281",71265935,49.3939883333,-123.5014883333,"","Sunshine Coast"
"282",71266241,49.3937033333,-123.5025333333,"","Sunshine Coast"
"283",71271392,47.7692916667,-122.2832633333,"","King"
"284",71345061,47.2701116667,-121.9392866667,"","King"
"285",71346055,49.4295216667,-123.6400833333,"","Sunshine Coast"
"286",71346187,49.4297716667,-123.6401666667,"","Sunshine Coast"
"287",71347153,47.3164133333,-121.9079666667,"","King"
"288",71363926,49.4272033333,-123.63948,"","Sunshine Coast"
"289",71383170,47.210242,-122.469824,"Tacoma","Pierce"
"290",71383174,47.210676,-122.470536,"Tacoma","Pierce"
"291",71396943,49.1839742,-121.7439143,"Chilliwack","Fraser Valley"
"292",71501927,47.3178416667,-122.5401616667,"Tacoma","Pierce"
"293",71508181,49.2836154,-122.9375808,"","Greater Vancouver"
"294",71552775,47.956676106,-122.8009181105,"","Jefferson"
"295",71555235,NA,NA,"",""
"296",71565664,47.620767,-122.294641,"","King"
"297",71612477,49.1764216667,-123.9665833333,"","Nanaimo"
"298",71666134,49.2910451997,-123.0413693997,"","Greater Vancouver"
"299",71715930,47.2045966667,-122.3959883333,"Tacoma","Pierce"
"300",71720072,45.457253,-122.674974,"Portland","Multnomah"
"301",71806396,47.20335,-122.396645,"Tacoma","Pierce"
"302",71806938,47.025325,-122.926705,"","Thurston"
"303",71825898,45.5487888889,-122.4908416667,"","Multnomah"
"304",71829263,49.1963471997,-123.0079067,"","Greater Vancouver"
"305",71855239,47.0249361667,-122.9316716667,"","Thurston"
"306",71964402,47.6690001414,-122.3064531294,"","King"
"307",71965329,47.6671937155,-122.3063763512,"","King"
"308",71965523,47.6659960673,-122.3064768502,"","King"
"309",71979089,45.336908,-122.69333,"","Clackamas"
"310",72022600,45.447609,-122.689683,"Portland","Multnomah"
"311",72065430,45.3711388889,-122.6151611111,"","Clackamas"
"312",72065774,46.7211133333,-116.97767,"","Latah"
"313",72065878,45.3716305556,-122.6156833333,"","Clackamas"
"314",72066160,46.7338716667,-116.9890966667,"","Latah"
"315",72072083,45.3722361111,-122.6171166667,"","Clackamas"
"316",72122740,48.5264266306,-123.3742944907,"Saanich, British Columbia","Capital"
"317",72123614,48.5264286225,-123.3745040472,"Saanich, British Columbia","Capital"
"318",72127519,48.5264106016,-123.3735360785,"Saanich, British Columbia","Capital"
"319",72197393,49.3150212997,-123.0400278997,"","Greater Vancouver"
"320",72216210,45.835125,-122.7500916667,"","Clark"
"321",72225862,49.5231083333,-123.76085,"","Sunshine Coast"
"322",72231921,45.460528,-122.738275,"Portland","Multnomah"
"323",72288005,45.5510289722,-122.6162419722,"Portland","Multnomah"
"324",72340913,45.2968220454,-121.7846876448,"","Clackamas"
"325",72340914,45.2968220454,-121.7846876448,"","Clackamas"
"326",72383195,48.0966333333,-123.4551916667,"","Clallam"
"327",72407726,45.4585916667,-122.7203472222,"Portland","Multnomah"
"328",72415023,48.0416555,-123.5904,"","Clallam"
"329",72428716,45.4576027778,-122.7227305556,"Portland","Multnomah"
"330",72455259,48.459907,-122.399951,"","Skagit"
"331",72496632,40.8759729119,-124.07726537,"","Humboldt"
"332",72544980,45.4732509284,-122.424381897,"","Multnomah"
"333",72559419,48.7763774194,-123.3025827259,"","Capital"
"334",72581876,48.0412361667,-123.5904083333,"","Clallam"
"335",72586545,48.0974471667,-123.4549783333,"","Clallam"
"336",72587008,48.1138888333,-123.4246216667,"","Clallam"
"337",72609584,46.9219655342,-122.9079936326,"","Thurston"
"338",72652403,49.4968033333,-123.7826083333,"","Sunshine Coast"
"339",72728549,45.4814840055,-122.4600563462,"","Multnomah"
"340",72729701,45.4785892837,-122.4576019507,"","Multnomah"
"341",72758141,45.5212916667,-122.6245944444,"Portland","Multnomah"
"342",72860248,45.5956055556,-122.7867694444,"Portland","Multnomah"
"343",72905217,45.507138829,-122.6276432512,"Portland","Multnomah"
"344",72963654,40.8800163416,-124.072517383,"","Humboldt"
"345",72973074,47.617,-122.3180616667,"","King"
"346",73016070,46.8722890138,-123.0240059064,"","Thurston"
"347",73044020,47.00305744,-122.99857279,"","Thurston"
"348",73044199,47.00246792,-123.00066241,"","Thurston"
"349",73044358,47.00243177,-123.00116383,"","Thurston"
"350",73051714,45.4778379048,-122.4578558673,"","Multnomah"
"351",73075398,47.6571783333,-122.2870633333,"","King"
"352",73075666,47.6539116667,-122.3080833333,"","King"
"353",73076517,47.3749311,-122.95905226,"","Mason"
"354",73140023,45.5401669303,-122.7231626307,"Portland","Multnomah"
"355",73149192,49.3173189997,-123.0108385997,"","Greater Vancouver"
"356",73166229,48.4855044564,-123.3288446632,"Saanich, British Columbia","Capital"
"357",73166488,48.4855109478,-123.3286067203,"Saanich, British Columbia","Capital"
"358",73167293,48.4857309219,-123.3285137748,"Saanich, British Columbia","Capital"
"359",73231509,48.975968,-123.029366,"","Whatcom"
"360",73412138,47.0304053178,-123.0928886046,"","Thurston"
"361",73420038,47.0708833333,-122.97632,"","Thurston"
"362",73427478,47.3174747412,-122.2985423525,"","King"
"363",73458585,45.3377916667,-122.5918416667,"","Clackamas"
"364",73648037,45.5305315757,-122.7239389467,"Portland","Multnomah"
"365",73648884,45.530548003,-122.72394704,"Portland","Multnomah"
"366",73649028,45.5312833945,-122.7269503479,"","Multnomah"
"367",73651917,45.5323106877,-122.7289356719,"","Multnomah"
"368",73652878,45.5365970925,-122.719349636,"Portland","Multnomah"
"369",73685073,47.6659263298,-122.3067141419,"","King"
"370",73685232,47.6655803249,-122.3066579831,"","King"
"371",73685339,47.665534895,-122.3063529656,"","King"
"372",73692747,48.5031355188,-123.3724722498,"Saanich, British Columbia","Capital"
"373",73775302,45.5029340438,-122.5055471581,"Portland","Multnomah"
"374",73780982,47.645255,-122.530175,"","Kitsap"
"375",73805528,45.5008972222,-122.50115,"Portland","Multnomah"
"376",73811111,47.6306116667,-122.2943116667,"","King"
"377",73816352,45.3656944444,-122.594025,"","Clackamas"
"378",73817066,45.3514638889,-122.5965111111,"","Clackamas"
"379",73817579,45.3514611111,-122.5964361111,"","Clackamas"
"380",73956266,47.03231119,-123.09495145,"","Thurston"
"381",73956371,47.02887894,-123.09284637,"","Thurston"
"382",73956438,47.02858471,-123.09311972,"","Thurston"
"383",74067486,49.4231133333,-123.4895333333,"","Sunshine Coast"
"384",74110440,48.4882166667,-124.2905883333,"","Capital"
"385",74111027,48.4882166667,-124.2906583333,"","Capital"
"386",74116396,44.6132207519,-121.9475018111,"","Linn"
"387",74171790,45.4761720216,-122.6842602064,"Portland","Multnomah"
"388",74173604,47.43163503,-121.75977463,"","King"
"389",74182596,48.80703317,-123.28180188,"","Capital"
"390",74182740,47.43098299,-121.74289186,"","King"
"391",74182835,47.43101293,-121.74289305,"","King"
"392",74198582,45.7195722222,-123.931375,"Manzanita, Oregon, US","Tillamook"
"393",74202666,47.56667279,-123.35965555,"","Mason"
"394",74202711,47.56558488,-123.3683759,"","Mason"
"395",74203159,47.53146465,-123.36108681,"","Mason"
"396",74258933,48.5078903055,-123.3717292362,"Saanich, British Columbia","Capital"
"397",74265847,48.508582,-123.37185,"Saanich, British Columbia","Capital"
"398",74266354,48.504326,-123.370267,"Saanich, British Columbia","Capital"
"399",74266893,48.504326,-123.370267,"Saanich, British Columbia","Capital"
"400",74274529,45.3677083333,-122.5765472222,"","Clackamas"
"401",74292996,48.36163769,-122.5278773,"","Skagit"
"402",74297110,45.5170136374,-122.7135728031,"Portland","Multnomah"
"403",74307649,45.6488055556,-122.6608333333,"","Clark"
"404",74313531,45.6488055556,-122.6608333333,"","Clark"
"405",74314977,45.6491694444,-122.6600527778,"","Clark"
"406",74333715,45.5695694444,-122.6061194444,"Portland","Multnomah"
"407",74336075,45.65075,-122.6548888889,"","Clark"
"408",74340220,45.65075,-122.6548888889,"","Clark"
"409",74341621,45.657025,-122.5866722222,"","Clark"
"410",74342017,45.6819,-122.5903611111,"","Clark"
"411",74342450,45.6819,-122.5903611111,"","Clark"
"412",74342956,45.6819,-122.5903611111,"","Clark"
"413",74342998,44.357005,-122.2288133333,"","Linn"
"414",74384874,47.836662,-122.622727,"","Kitsap"
"415",74411465,48.4895968196,-123.3905461208,"Saanich, British Columbia","Capital"
"416",74414285,47.1239821581,-116.6092360765,"","Benewah"
"417",74414352,47.12408551,-116.60920204,"","Benewah"
"418",74437654,48.4697749722,-123.3563919722,"Saanich, British Columbia","Capital"
"419",74438022,48.469799,-123.356385,"Saanich, British Columbia","Capital"
"420",74438978,48.4450169722,-123.378219,"","Capital"
"421",74452160,47.12418186,-116.60946031,"","Benewah"
"422",74452280,47.12420239,-116.60931331,"","Benewah"
"423",74452392,47.12421263,-116.60938472,"","Benewah"
"424",74452550,47.12415099,-116.60945287,"","Benewah"
"425",74457766,45.3354166667,-122.5735861111,"","Clackamas"
"426",74457795,45.3354166667,-122.5735861111,"","Clackamas"
"427",74457826,45.3354166667,-122.5735861111,"","Clackamas"
"428",74457894,45.3354166667,-122.5735861111,"","Clackamas"
"429",74457907,45.3353944444,-122.5737777778,"","Clackamas"
"430",74457923,45.3353944444,-122.5737777778,"","Clackamas"
"431",74457978,45.3353944444,-122.5737777778,"","Clackamas"
"432",74458002,45.5792722222,-122.5738333333,"Portland","Multnomah"
"433",74458044,45.5792722222,-122.5738333333,"Portland","Multnomah"
"434",74458088,45.5792722222,-122.5738333333,"Portland","Multnomah"
"435",74458168,45.5792722222,-122.5738333333,"Portland","Multnomah"
"436",74458213,45.5792722222,-122.5738333333,"Portland","Multnomah"
"437",74469758,45.5273833333,-121.5210944444,"","Hood River"
"438",74490570,45.5792722222,-122.5738333333,"Portland","Multnomah"
"439",74490884,45.5792722222,-122.5738333333,"Portland","Multnomah"
"440",74491137,47.12401164,-116.60965673,"","Benewah"
"441",74491170,47.12403789,-116.60962786,"","Benewah"
"442",74491214,47.1240182021,-116.6097852588,"","Benewah"
"443",74491218,45.5792722222,-122.5738333333,"Portland","Multnomah"
"444",74491261,47.1240022333,-116.6097912937,"","Benewah"
"445",74493312,45.5792722222,-122.5738333333,"Portland","Multnomah"
"446",74532123,48.6695953577,-122.9585015774,"","San Juan"
"447",74532422,48.6703027782,-122.9675453156,"","San Juan"
"448",74548406,45.4727783333,-122.5028333333,"Portland","Multnomah"
"449",74576827,47.5259083333,-122.276575,"","King"
"450",74583964,47.5589850901,-123.376060836,"","Mason"
"451",74595969,48.4291809722,-123.350153,"","Capital"
"452",74596128,48.432298,-123.349726,"","Capital"
"453",74596443,48.4114319722,-123.3573669722,"","Capital"
"454",74687478,47.03130335,-122.90982385,"","Thurston"
"455",74698866,47.5771,-122.40358,"","King"
"456",74699359,47.57293,-122.3991466667,"","King"
"457",74699598,47.5744666667,-122.3996666667,"","King"
"458",74699945,47.575425,-122.4012083333,"","King"
"459",74700267,47.5720466667,-123.5634916667,"","Jefferson"
"460",74707714,48.4461299722,-123.3580079722,"","Capital"
"461",74735203,45.4971461482,-122.6717274863,"Portland","Multnomah"
"462",74744777,49.3779202414,-123.3251195673,"","Greater Vancouver"
"463",74780439,47.4636369339,-121.8466407807,"","King"
"464",74783046,47.01057731,-116.67737639,"","Latah"
"465",74786490,45.4774004167,-122.458059765,"","Multnomah"
"466",74791479,47.01028628,-116.67643465,"","Latah"
"467",74791553,47.01138595,-116.6748866,"","Latah"
"468",74791625,47.01147865,-116.67545603,"","Latah"
"469",74791681,47.01215263,-116.67482198,"","Latah"
"470",74791735,47.01326753,-116.67323197,"","Latah"
"471",74791794,47.01332833,-116.67269418,"","Latah"
"472",74791886,47.013493,-116.672216,"","Latah"
"473",74803282,45.5778783333,-122.77842,"Portland","Multnomah"
"474",74803766,45.5757916667,-122.7706616667,"Portland","Multnomah"
"475",74844221,49.015246,-122.6688719,"","Greater Vancouver"
"476",74845160,49.0298722,-122.6927718,"","Greater Vancouver"
"477",74847379,49.0583118,-122.6776531,"","Greater Vancouver"
"478",74847510,49.0528627,-122.6792565,"","Greater Vancouver"
"479",74848913,49.0225226,-122.6714960997,"","Greater Vancouver"
"480",74895710,48.5496466667,-122.6236333333,"","Skagit"
"481",74905203,46.8186416667,-116.9709383333,"","Latah"
"482",74941340,45.4798194444,-122.5152833333,"Portland","Multnomah"
"483",74964390,49.1885396875,-121.7510743961,"Chilliwack","Fraser Valley"
"484",74979676,48.413025,-123.4975055556,"","Capital"
"485",74980244,48.4330944444,-123.4705666667,"","Capital"
"486",74984092,45.3273638889,-122.5697166667,"","Clackamas"
"487",75106787,47.3546199718,-122.6024551689,"","Pierce"
"488",75182060,48.0887124235,-118.0031314865,"","Stevens"
"489",75247959,47.3808566714,-122.2323468794,"Kent City Limits","King"
"490",75279361,49.3162026997,-123.0567788,"","Greater Vancouver"
"491",75288018,45.3678694444,-122.5778,"","Clackamas"
"492",75288248,45.370975,-122.5780361111,"","Clackamas"
"493",75288741,45.370975,-122.5780361111,"","Clackamas"
"494",75289130,45.3672583333,-122.5823916667,"","Clackamas"
"495",75318152,47.21188,-122.535325,"","Pierce"
"496",75328214,48.5411462219,-122.1721506491,"","Skagit"
"497",75331496,47.12512815,-116.6127457,"","Benewah"
"498",75349356,45.3658027778,-122.5810638889,"","Clackamas"
"499",75364667,48.4759829722,-123.3335679722,"Saanich, British Columbia","Capital"
"500",75366277,45.3844472222,-122.4195972222,"","Clackamas"
"501",75400898,45.5457583333,-122.5661805556,"Portland","Multnomah"
"502",75402641,45.3839583333,-122.4197555556,"","Clackamas"
"503",75457035,48.5360709355,-123.4302126025,"Saanich, British Columbia","Capital"
"504",75463849,48.5368670557,-123.4305381018,"Saanich, British Columbia","Capital"
"505",75466278,48.5372102877,-123.430482321,"Saanich, British Columbia","Capital"
"506",75511114,45.6492861111,-122.7620833333,"Portland","Multnomah"
"507",75512119,45.6483083333,-122.7636,"Portland","Multnomah"
"508",75518626,47.4657904722,-122.1329766944,"","King"
"509",75560764,47.3132763133,-122.1864293797,"Auburn City Limits","King"
"510",75565908,45.4714091773,-122.721484024,"Portland","Multnomah"
"511",75566490,47.3120585131,-122.1762637329,"Auburn City Limits","King"
"512",75567911,45.4712550453,-122.7220161565,"Portland","Multnomah"
"513",75568638,45.4715251786,-122.7225284912,"Portland","Multnomah"
"514",75569027,45.4715810533,-122.720990733,"Portland","Multnomah"
"515",75569183,45.4714747083,-122.7224794407,"Portland","Multnomah"
"516",75569298,45.4714437976,-122.722758686,"Portland","Multnomah"
"517",75569485,45.4715431156,-122.7214778681,"Portland","Multnomah"
"518",75569831,45.4715002422,-122.7216917743,"Portland","Multnomah"
"519",75569925,48.4144444444,-123.5048666667,"","Capital"
"520",75570154,45.4711944284,-122.7220900824,"Portland","Multnomah"
"521",75570844,45.4718017392,-122.7210073919,"Portland","Multnomah"
"522",75571649,NA,NA,"",""
"523",75571653,45.4709691231,-122.7219081143,"Portland","Multnomah"
"524",75571770,45.4713502061,-122.7228506563,"Portland","Multnomah"
"525",75572036,45.4712310993,-122.7219676228,"Portland","Multnomah"
"526",75584154,45.4713134766,-122.7219157388,"Portland","Multnomah"
"527",75586671,45.47124686,-122.72188448,"Portland","Multnomah"
"528",75599170,45.5909277778,-122.7545555556,"Portland","Multnomah"
"529",75674889,45.517061,-122.704894,"Portland","Multnomah"
"530",75868865,45.52096159,-122.70200332,"Portland","Multnomah"
"531",75872644,45.5210192688,-122.7017770429,"Portland","Multnomah"
"532",75874917,45.52110358,-122.70148249,"Portland","Multnomah"
"533",75876301,47.12470234,-116.61254897,"","Benewah"
"534",75983648,45.5726354057,-122.6117502899,"Portland","Multnomah"
"535",76047406,45.296525,-122.3610833333,"","Clackamas"
"536",76049215,45.296525,-122.3610833333,"","Clackamas"
"537",76051057,45.2956833333,-122.3643666667,"","Clackamas"
"538",76051796,45.2951333333,-122.3640361111,"","Clackamas"
"539",76052738,45.2954176374,-122.3622099683,"","Clackamas"
"540",76053291,45.297275,-122.3488722222,"","Clackamas"
"541",76054693,45.2992277778,-122.3586166667,"","Clackamas"
"542",76164481,47.2105833333,-122.5343466667,"","Pierce"
"543",76168739,47.0708833333,-122.97632,"","Thurston"
"544",76187737,48.6729083333,-123.4267583333,"","Capital"
"545",76193417,49.1681195351,-123.9926426201,"","Nanaimo"
"546",76207008,49.1996737634,-122.4023231426,"","Fraser Valley"
"547",76299392,45.2949980578,-122.3649766669,"","Clackamas"
"548",76308690,47.5630141622,-122.3514437654,"","King"
"549",76318112,45.6572007539,-121.8677334386,"","Hood River"
"550",76342430,45.299425,-122.3543277778,"","Clackamas"
"551",76351038,48.5333106596,-123.4391660219,"Saanich, British Columbia","Capital"
"552",76386517,45.2993388889,-122.3520416667,"","Clackamas"
"553",76389103,45.2978416667,-122.3496805556,"","Clackamas"
"554",76439466,45.2980361111,-122.3728472222,"","Clackamas"
"555",76443010,45.3075027778,-122.3655861111,"","Clackamas"
"556",76444995,45.3076972222,-122.365125,"","Clackamas"
"557",76447094,45.3065333333,-122.3663833333,"","Clackamas"
"558",76605285,45.4555833333,-122.6732222222,"Portland","Multnomah"
"559",76624870,45.4559138889,-122.6704611111,"Portland","Multnomah"
"560",76629311,45.4566555556,-122.6703138889,"Portland","Multnomah"
"561",76631592,45.4566527778,-122.6710166667,"Portland","Multnomah"
"562",76640463,45.4566944444,-122.6720722222,"Portland","Multnomah"
"563",76666696,45.4554611111,-122.6745638889,"Portland","Multnomah"
"564",76667766,45.4554805556,-122.6745472222,"Portland","Multnomah"
"565",76690954,47.3778633333,-122.9755333333,"","Mason"
"566",76696107,45.4555361111,-122.6752611111,"Portland","Multnomah"
"567",76700302,45.3810972222,-122.6280083333,"","Clackamas"
"568",76709504,45.5228880141,-122.7029508447,"Portland","Multnomah"
"569",76722420,45.52352564,-122.70367434,"Portland","Multnomah"
"570",76729758,45.52336763,-122.70390359,"Portland","Multnomah"
"571",76733660,45.3816333333,-122.62775,"","Clackamas"
"572",76734896,47.50143,-122.459145,"","King"
"573",76754963,45.52332255,-122.70148982,"Portland","Multnomah"
"574",76771331,45.3824805556,-122.6253,"","Clackamas"
"575",76774849,47.59325,-122.1843633333,"Bellevue City Limits","King"
"576",76776436,47.5331283333,-122.1279611667,"","King"
"577",76833856,47.526795,-122.1256333333,"","King"
"578",76838542,45.3813861111,-122.626075,"","Clackamas"
"579",76844604,45.3803972222,-122.6263833333,"","Clackamas"
"580",76846077,45.3802222222,-122.6267277778,"","Clackamas"
"581",76849887,45.303025,-121.8624888889,"","Clackamas"
"582",76851330,45.303025,-121.8624888889,"","Clackamas"
"583",76936569,47.73401047,-123.15418854,"","Jefferson"
"584",76998196,47.3638533333,-123.1645805,"","Mason"
"585",77000399,47.3602633333,-123.1567611667,"","Mason"
"586",77001270,47.3624083333,-123.1640778333,"","Mason"
"587",77001984,47.363455,-123.1600583333,"","Mason"
"588",77003271,47.3634533333,-123.1620945,"","Mason"
"589",77029607,45.3067194444,-121.7890277778,"","Clackamas"
"590",77043715,49.1091229509,-122.8386877167,"","Greater Vancouver"
"591",77141304,45.2151055556,-121.5205361111,"","Wasco"
"592",77271971,49.1612445,-123.1962283333,"","Greater Vancouver"
"593",77392708,49.3305184997,-122.9914559997,"","Greater Vancouver"
"594",77494290,47.5393676758,-122.3720645719,"","King"
"595",77842743,49.2459958997,-122.9333301,"","Greater Vancouver"
"596",77842848,49.2464091,-122.9339274,"","Greater Vancouver"
"597",77848962,48.495877319,-123.3343011746,"Saanich, British Columbia","Capital"
"598",77931046,45.594787083,-122.7148089169,"Portland","Multnomah"
"599",77949430,49.3101612,-123.0459756,"","Greater Vancouver"
"600",78079304,47.525695,-122.26385,"","King"
"601",78177706,46.9425666667,-122.976045,"","Thurston"
"602",78178298,46.95845,-122.9926616667,"","Thurston"
"603",78250182,49.1832134053,-121.9166852663,"Chilliwack","Fraser Valley"
"604",78274636,49.2323832,-123.0869792,"","Greater Vancouver"
"605",78310109,48.4090583333,-123.5079722222,"","Capital"
"606",78311298,48.4440277778,-123.4615388889,"","Capital"
"607",78385648,45.4284966784,-123.2315582504,"","Yamhill"
"608",78386574,45.4285346065,-123.2313730103,"","Yamhill"
"609",78403242,46.9218883333,-122.2623883333,"","Pierce"
"610",78404025,46.9219799526,-122.2655187641,"","Pierce"
"611",78405805,45.4282787489,-123.2315444202,"","Yamhill"
"612",78405834,45.4282627395,-123.232085053,"","Yamhill"
"613",78414054,47.57589743,-122.54718148,"","Kitsap"
"614",78470567,48.444386,-123.3865519722,"","Capital"
"615",78474264,49.1847667692,-122.6163391836,"","Greater Vancouver"
"616",78489829,47.3814305803,-122.3192108051,"Des Moines City Limits","King"
"617",78497841,48.7309837118,-122.4527995661,"Bellingham, Washington, USA","Whatcom"
"618",78530805,48.5064472222,-123.3847277778,"","Capital"
"619",78530807,48.6818722222,-123.40815,"","Capital"
"620",78532491,48.439953,-123.378713,"","Capital"
"621",78535759,54.3182946,-130.3039703,"","Skeena-Queen Charlotte"
"622",78538515,47.13475368,-116.63154169,"","Benewah"
"623",78542679,47.8247799722,-123.012994,"","Jefferson"
"624",78549301,46.1813861111,-123.8374833333,"","Clatsop"
"625",78568346,49.1990049133,-122.5238031106,"","Greater Vancouver"
"626",78600923,47.3815871962,-122.3188506347,"Des Moines City Limits","King"
"627",78602504,54.2663243786,-130.2638121508,"","Skeena-Queen Charlotte"
"628",78604035,47.3815188418,-122.3187657261,"Des Moines City Limits","King"
"629",78604361,47.3815242062,-122.3187210505,"Des Moines City Limits","King"
"630",78609155,46.2487916667,-123.8630027778,"","Pacific"
"631",78614205,45.8456,-123.7599333333,"","Clatsop"
"632",78620270,45.7809388889,-123.417025,"","Clatsop"
"633",78624632,45.7820055556,-123.4057277778,"","Clatsop"
"634",78625146,47.3819896114,-122.3216067721,"Des Moines City Limits","King"
"635",78625631,47.3817737743,-122.3214492793,"Des Moines City Limits","King"
"636",78626609,47.3819594365,-122.3212611024,"Des Moines City Limits","King"
"637",78626989,47.382038394,-122.3212665507,"Des Moines City Limits","King"
"638",78627216,47.3819753202,-122.3213478551,"Des Moines City Limits","King"
"639",78627334,47.3819353804,-122.3213517946,"Des Moines City Limits","King"
"640",78627406,47.3819497973,-122.3214962987,"Des Moines City Limits","King"
"641",78627829,47.3818164412,-122.3213363719,"Des Moines City Limits","King"
"642",78627899,47.3818710074,-122.3213637808,"Des Moines City Limits","King"
"643",78628293,47.3818702531,-122.321416922,"Des Moines City Limits","King"
"644",78628463,47.3818681995,-122.3213486095,"Des Moines City Limits","King"
"645",78629139,47.3818644695,-122.3213473522,"Des Moines City Limits","King"
"646",78629438,47.381819333,-122.3213439157,"Des Moines City Limits","King"
"647",78629611,47.3818266672,-122.3213388027,"Des Moines City Limits","King"
"648",78629848,47.3818492564,-122.3213621044,"Des Moines City Limits","King"
"649",78632126,47.3818456941,-122.3212929537,"Des Moines City Limits","King"
"650",78632275,47.3819081393,-122.3212785368,"Des Moines City Limits","King"
"651",78632335,47.3819007632,-122.3212536426,"Des Moines City Limits","King"
"652",78632829,47.3819246516,-122.3217543774,"Des Moines City Limits","King"
"653",78632926,47.3819043674,-122.3217081932,"Des Moines City Limits","King"
"654",78633395,47.3819080554,-122.3217864801,"Des Moines City Limits","King"
"655",78633614,47.3819236877,-122.3217979633,"Des Moines City Limits","King"
"656",78633693,47.3818822811,-122.3219274637,"Des Moines City Limits","King"
"657",78634103,47.3818918784,-122.3219549564,"Des Moines City Limits","King"
"658",78780019,47.6261633333,-122.325425,"","King"
"659",78781760,47.63093,-122.3245783333,"","King"
"660",78785211,47.0317877876,-122.8870602698,"","Thurston"
"661",78799651,47.0234305,-122.371925,"","Pierce"
"662",78799751,46.9999283333,-122.3595283333,"","Pierce"
"663",78799864,46.9986283333,-122.3590866667,"","Pierce"
"664",78799974,46.9818333333,-122.357925,"","Pierce"
"665",78800052,46.9826283333,-122.2825783333,"","Pierce"
"666",78800152,46.974525,-122.2426616667,"","Pierce"
"667",78844909,45.3949606798,-122.7738870969,"","Washington"
"668",78890579,45.7175888889,-123.9161833333,"","Tillamook"
"669",78891107,45.7187611111,-123.9342222222,"Manzanita, Oregon, US","Tillamook"
"670",78927843,49.3113097997,-123.0173972,"","Greater Vancouver"
"671",78928189,49.3075648,-123.0206368,"","Greater Vancouver"
"672",78943497,45.7879527778,-123.4462333333,"","Clatsop"
"673",79043177,54.2492406769,-130.2002631593,"","Skeena-Queen Charlotte"
"674",79152102,48.6205736263,-122.9297278449,"","San Juan"
"675",79177881,48.3927466667,-122.4460133333,"","Skagit"
"676",79241066,47.541343307,-122.1400124207,"Bellevue City Limits","King"
"677",79312199,47.4908116667,-121.7264716667,"","King"
"678",79313397,47.5042716667,-121.7404333333,"","King"
"679",79314214,47.4965833333,-121.7326666667,"","King"
"680",79321969,45.8363553659,-122.7493919805,"","Clark"
"681",79330359,47.645845,-122.5385883333,"","Kitsap"
"682",79403269,45.4887771064,-122.4955972023,"Portland","Multnomah"
"683",79603325,48.4546479722,-123.352856,"Saanich, British Columbia","Capital"
"684",79687164,47.761247973,-122.4773598836,"","Kitsap"
"685",79689651,47.7612289042,-122.4775213191,"","Kitsap"
"686",79693489,47.7609568792,-122.477128593,"","Kitsap"
"687",79730671,49.3379563,-123.2509091,"","Greater Vancouver"
"688",79734615,45.4341972222,-122.5579833333,"","Clackamas"
"689",79734782,45.4341639126,-122.5578345358,"","Clackamas"
"690",79795380,45.51483,-122.7184133333,"Portland","Multnomah"
"691",79798662,45.5146951808,-122.7183352306,"Portland","Multnomah"
"692",79802035,45.5148046847,-122.7181148242,"Portland","Multnomah"
"693",79805855,45.5143433314,-122.7156651009,"Portland","Multnomah"
"694",79809971,45.5135813552,-122.7194119562,"Portland","Multnomah"
"695",79812540,45.5136650787,-122.7195340483,"Portland","Multnomah"
"696",79852049,48.4852292833,-123.3961022236,"Saanich, British Columbia","Capital"
"697",79859050,48.4852907005,-123.395706075,"Saanich, British Columbia","Capital"
"698",79874164,48.4634,-123.4097799722,"Saanich, British Columbia","Capital"
"699",80027083,48.5420481261,-122.1011530561,"","Skagit"
"700",80028063,48.5418935698,-122.1014352868,"","Skagit"
"701",80029654,48.5416747047,-122.1012114064,"","Skagit"
"702",80036061,48.542944693,-122.0992625589,"","Skagit"
"703",80037345,48.5427481569,-122.1006682877,"","Skagit"
"704",80068595,47.4594416667,-121.6123883333,"","King"
"705",80068716,47.4754116667,-121.6247633333,"","King"
"706",80069068,47.4897883333,-121.638145,"","King"
"707",80150464,47.123375,-122.2958666667,"","Pierce"
"708",80156061,46.9037966667,-122.2977616667,"","Pierce"
"709",80157099,46.8715283333,-122.335755,"","Pierce"
"710",80157966,46.8682216667,-122.33985,"","Pierce"
"711",80158765,46.8594466667,-122.3521333333,"","Pierce"
"712",80159296,48.4644759722,-123.3468809722,"Saanich, British Columbia","Capital"
"713",80161723,46.8729666667,-122.332175,"","Pierce"
"714",80190018,49.5581491,-123.2352118,"","Squamish-Lillooet"
"715",80190343,49.5519165997,-123.2363358,"","Squamish-Lillooet"
"716",80256420,47.3090906037,-122.1802914596,"Auburn City Limits","King"
"717",80258047,47.2024805556,-122.4519111111,"Tacoma","Pierce"
"718",80279776,45.2101972222,-122.2737222222,"","Clackamas"
"719",80280181,45.210625,-122.2711055556,"","Clackamas"
"720",80289561,45.34315,-121.9416916667,"","Clackamas"
"721",80291683,47.766039907,-122.4788183348,"","Kitsap"
"722",80297041,47.7517263495,-122.4783269081,"","Kitsap"
"723",80305174,48.553098,-123.571088,"","Cowichan Valley"
"724",80306022,48.506245,-123.556819,"","Capital"
"725",80356718,47.6678019444,-122.3259425,"","King"
"726",80366005,47.6339383333,-122.2941666667,"","King"
"727",80366709,47.6282466667,-122.29403,"","King"
"728",80392535,49.3380296997,-123.0402698,"","Greater Vancouver"
"729",80392698,49.339488,-123.03981,"","Greater Vancouver"
"730",80392816,49.3380969997,-123.0405664,"","Greater Vancouver"
"731",80425190,49.3318471997,-123.0440978997,"","Greater Vancouver"
"732",80436016,45.490249889,-122.2874362675,"","Multnomah"
"733",80528576,45.3430194444,-121.9414111111,"","Clackamas"
"734",80529761,45.1727895308,-121.697967276,"","Wasco"
"735",80623868,49.044227,-122.85979,"","Greater Vancouver"
"736",80637139,54.3119290145,-130.4020970408,"","Skeena-Queen Charlotte"
"737",80647843,47.64359717,-122.32025392,"","King"
"738",80653580,45.5183492555,-122.7153005732,"Portland","Multnomah"
"739",80654989,45.5174792139,-122.7150939592,"Portland","Multnomah"
"740",80685865,48.4566927225,-123.3247789829,"Saanich, British Columbia","Capital"
"741",80755067,45.5144452132,-122.7186296986,"Portland","Multnomah"
"742",80801854,47.66698347,-122.33171099,"","King"
"743",80802252,47.66687783,-122.32897739,"","King"
"744",80985118,47.55221,-122.25647,"","King"
"745",80985866,47.55221,-122.25647,"","King"
"746",80987370,47.55373,-122.25378,"","King"
"747",80995127,49.0647998785,-123.8002065942,"","Nanaimo"
"748",80995249,49.06450456,-123.79973982,"","Nanaimo"
"749",81097087,45.9808667398,-122.4593215473,"","Clark"
"750",81097775,45.9131529522,-122.5852600925,"","Clark"
"751",81139901,49.3220883997,-123.0443432,"","Greater Vancouver"
"752",81140152,49.3229804997,-123.0448530997,"","Greater Vancouver"
"753",81140215,49.3220707997,-123.0441112997,"","Greater Vancouver"
"754",81140255,49.3214560997,-123.0443652,"","Greater Vancouver"
"755",81228254,49.3224378997,-122.9710012997,"","Greater Vancouver"
"756",81358872,47.7607675642,-122.4782242255,"","Kitsap"
"757",81363664,47.7627423243,-122.4745063293,"","Kitsap"
"758",81459253,47.7321323836,-122.5525919289,"","Kitsap"
"759",81481815,45.5628666667,-122.8961888889,"","Washington"
"760",81482516,45.4983722222,-122.8394138889,"","Washington"
"761",81487639,45.4997694444,-122.8448972222,"","Washington"
"762",81515211,48.9126446386,-121.9975892252,"","Whatcom"
"763",81615404,46.9792116667,-122.36982,"","Pierce"
"764",81714595,46.7546383333,-122.9866416667,"","Lewis"
"765",81714821,46.5511866667,-122.876725,"","Lewis"
"766",81715045,46.4939616667,-122.8769216667,"","Lewis"
"767",81715657,45.9559166667,-122.5815666667,"","Cowlitz"
"768",81755200,46.976745,-122.3704133333,"","Pierce"
"769",81910497,45.5102233887,-122.716386357,"Portland","Multnomah"
"770",81933770,48.5164431962,-123.3661628077,"Saanich, British Columbia","Capital"
"771",81934378,48.5165568622,-123.3661171321,"Saanich, British Columbia","Capital"
"772",82037896,45.2788743212,-121.6152060404,"","Hood River"
"773",82096280,45.5000583333,-122.8452,"","Washington"
"774",82096361,45.5029416667,-122.842475,"","Washington"
"775",82099053,45.5757194444,-122.1118083333,"","Multnomah"
"776",82109949,45.5744916667,-122.1077166667,"","Multnomah"
"777",82112404,47.598295,-121.992675,"","King"
"778",82113245,47.5961916667,-121.995675,"","King"
"779",82113818,47.598355,-121.9929666667,"","King"
"780",82185786,47.7116069058,-122.5793471934,"","Kitsap"
"781",82203093,47.7615898289,-122.4773970154,"","Kitsap"
"782",82220359,47.7613908236,-122.4768622281,"","Kitsap"
"783",82230061,45.4729172867,-122.5040527248,"Portland","Multnomah"
"784",82316681,45.4995888379,-122.8443682195,"","Washington"
"785",82319512,45.51400254,-122.71962108,"Portland","Multnomah"
"786",82327258,45.51279488,-122.71597708,"Portland","Multnomah"
"787",82335470,45.5131859,-122.71408798,"Portland","Multnomah"
"788",82336309,45.51308712,-122.71432504,"Portland","Multnomah"
"789",82338709,45.5129284691,-122.7107568273,"Portland","Multnomah"
"790",82345498,45.511869751,-122.7149916162,"Portland","Multnomah"
"791",82350037,45.512407953,-122.715653116,"Portland","Multnomah"
"792",82371091,45.5115514482,-122.7180225124,"Portland","Multnomah"
"793",82371404,45.511552915,-122.7182631568,"Portland","Multnomah"
"794",82383912,45.57565,-122.1143916667,"","Multnomah"
"795",82387275,45.5758638889,-122.1150777778,"","Multnomah"
"796",82395029,45.5769388889,-122.1168027778,"","Multnomah"
"797",82444197,48.4923823233,-123.3657886304,"Saanich, British Columbia","Capital"
"798",82445420,45.5170283333,-122.7139116667,"Portland","Multnomah"
"799",82447728,47.31803,-122.5431133333,"Tacoma","Pierce"
"800",82448623,47.28328,-122.3219833333,"","King"
"801",82448925,45.5172713375,-122.7130117085,"Portland","Multnomah"
"802",82448987,45.5200605831,-122.7077576404,"Portland","Multnomah"
"803",82449489,45.5168133333,-122.7132783333,"Portland","Multnomah"
"804",82486150,49.3408256,-123.2262912,"","Greater Vancouver"
"805",82492592,45.5165995899,-122.713982787,"Portland","Multnomah"
"806",82494077,45.516205,-122.71435,"Portland","Multnomah"
"807",82693780,45.51645,-122.7148616667,"Portland","Multnomah"
"808",82696271,45.5164983181,-122.7148997428,"Portland","Multnomah"
"809",82745879,47.7608205203,-122.477416649,"","Kitsap"
"810",82752477,45.5179226585,-122.7133889963,"Portland","Multnomah"
"811",82892092,46.9332716667,-122.2665416667,"","Pierce"
"812",82894831,46.9220866667,-122.2622216667,"","Pierce"
"813",83022098,47.5344543457,-122.3953664304,"","King"
"814",83096820,45.5254529622,-122.7157519385,"Portland","Multnomah"
"815",83167574,47.862850721,-122.5146925451,"","Kitsap"
"816",83168797,47.8718109336,-122.5412038342,"","Kitsap"
"817",83196980,47.3112033333,-122.5389333333,"Tacoma","Pierce"
"818",83337382,50.21876491,-125.06637234,"","Comox-Strathcona"
"819",83348427,47.7047427476,-122.0918460697,"","King"
"820",83348870,47.7190948239,-122.0511452577,"","King"
"821",83350322,45.5080638889,-122.7157166667,"Portland","Multnomah"
"822",83415556,47.55218,-122.25359,"","King"
"823",83416123,45.4648849508,-122.3935955857,"","Multnomah"
"824",83443772,50.22302605,-125.06740439,"","Comox-Strathcona"
"825",83452082,50.22266156,-125.06764866,"","Comox-Strathcona"
"826",83472951,45.5110972222,-122.7153444444,"Portland","Multnomah"
"827",83473193,45.5182737383,-122.7175647765,"Portland","Multnomah"
"828",83473813,45.508175,-122.7132222222,"Portland","Multnomah"
"829",83562291,45.5115426239,-122.7116828907,"Portland","Multnomah"
"830",83563381,45.5113445539,-122.7121949884,"Portland","Multnomah"
"831",83566783,45.5110283884,-122.71904321,"Portland","Multnomah"
"832",83732062,48.5167539341,-123.3677906068,"Saanich, British Columbia","Capital"
"833",83800854,50.0874376,-125.3144324,"","Comox-Strathcona"
"834",83809392,45.517306,-122.718998,"Portland","Multnomah"
"835",83810196,45.517306,-122.718998,"Portland","Multnomah"
"836",83891414,49.2857816667,-124.37188,"","Nanaimo"
"837",83895855,49.2864416667,-124.3712366667,"","Nanaimo"
"838",83895856,49.2864566667,-124.3712516667,"","Nanaimo"
"839",83897208,49.2859562099,-124.3714820418,"","Nanaimo"
"840",83897209,49.2861233333,-124.3717433333,"","Nanaimo"
"841",84069353,48.6847490073,-122.9240437412,"","San Juan"
"842",84087144,48.6234672731,-122.8547254704,"","San Juan"
"843",84142481,49.3240659,-122.93885,"","Greater Vancouver"
"844",84264013,47.7612003638,-122.4776887895,"","Kitsap"
"845",84320891,45.5113843969,-122.7195812949,"Portland","Multnomah"
"846",84321788,45.5112442933,-122.7196410579,"Portland","Multnomah"
"847",84365621,45.5373633333,-123.00249445,"","Washington"
"848",84613520,49.109674,-122.760646,"","Greater Vancouver"
"849",84620183,45.351016,-121.968278,"","Clackamas"
"850",84648895,NA,NA,"",""
"851",84733991,48.4723731287,-122.4458573386,"","Skagit"
"852",84769737,54.3168503232,-130.3200381249,"","Skeena-Queen Charlotte"
"853",84932614,49.3537686,-123.2678987,"","Greater Vancouver"
"854",84940086,45.570525,-122.1253444444,"","Multnomah"
"855",84968283,45.778175,-122.6704033333,"","Clark"
"856",85000753,47.631705,-122.3130716667,"","King"
"857",85035731,47.1332083333,-122.8002383333,"","Thurston"
"858",85039935,47.24763,-122.49292,"Tacoma","Pierce"
"859",85054388,48.77419488,-122.33345074,"Bellingham, Washington, USA","Whatcom"
"860",85298626,48.9724433333,-125.6077666667,"","Alberni-Clayoquot"
"861",85409524,49.07611,-125.8455666667,"","Alberni-Clayoquot"
"862",85418178,49.63255944,-125.52924102,"","Comox-Strathcona"
"863",85418346,49.87408824,-126.16391271,"","Comox-Strathcona"
"864",85418435,50.27450204,-125.42484272,"","Comox-Strathcona"
"865",85418556,50.27416385,-125.42346533,"","Comox-Strathcona"
"866",85669427,49.115794,-122.770745,"","Greater Vancouver"
"867",85693634,47.672925,-122.2943116667,"","King"
"868",85694678,47.67402,-122.298425,"","King"
"869",85830468,48.4147482505,-123.7046259083,"","Capital"
"870",85830816,48.4145874856,-123.7042446155,"","Capital"
"871",85830934,48.4154140251,-123.698448278,"","Capital"
"872",85831032,48.4173541004,-123.6907006335,"","Capital"
"873",85831701,48.4176237881,-123.6903554667,"","Capital"
"874",85870718,49.2837416667,-124.2302033333,"","Nanaimo"
"875",85951101,45.51662688,-122.71450219,"Portland","Multnomah"
"876",85988471,49.275425,-124.1196183333,"","Nanaimo"
"877",85989702,49.276675,-124.9263033333,"","Alberni-Clayoquot"
"878",85990724,49.269185,-124.924005,"","Alberni-Clayoquot"
"879",85993500,45.51671999,-122.7180051,"Portland","Multnomah"
"880",86002017,45.4465797125,-122.8711571173,"","Washington"
"881",86341189,46.731155,-117.1742783333,"","Whitman"
"882",86350419,47.6340780321,-122.2991664306,"","King"
"883",86364022,45.51075,-122.4915694444,"Portland","Multnomah"
"884",86443651,47.0810347768,-122.7813376986,"","Thurston"
"885",86499162,49.117175,-122.769273,"","Greater Vancouver"
"886",86567573,50.2833265967,-125.1980270818,"","Comox-Strathcona"
"887",86581975,45.5159155789,-122.7185351365,"Portland","Multnomah"
"888",86585445,45.5159219648,-122.7190091377,"Portland","Multnomah"
"889",86730250,45.513346016,-122.7195829207,"Portland","Multnomah"
"890",86733691,45.5133719137,-122.7195891503,"Portland","Multnomah"
"891",86735676,45.5135385243,-122.7194133521,"Portland","Multnomah"
"892",86737269,45.5136622377,-122.7193925957,"Portland","Multnomah"
"893",86796350,43.5638338641,-123.3908069506,"","Douglas"
"894",86808849,49.2729466715,-124.7871085529,"","Alberni-Clayoquot"
"895",86808859,49.2730333333,-124.7873816667,"","Alberni-Clayoquot"
"896",86898029,49.2735383333,-124.7919983333,"","Alberni-Clayoquot"
"897",86907436,49.273585,-124.793965,"","Alberni-Clayoquot"
"898",86907438,49.2739533333,-124.79358,"","Alberni-Clayoquot"
"899",86923184,45.2848444444,-121.878625,"","Clackamas"
"900",86994138,47.7296033333,-122.5563883333,"","Kitsap"
"901",87029308,49.320287,-122.9941271,"","Greater Vancouver"
"902",87195425,49.3188659722,-122.9743739722,"","Greater Vancouver"
"903",87621560,47.30458,-122.5161533333,"Tacoma","Pierce"
"904",87625497,47.3724466667,-122.2552033333,"Kent City Limits","King"
"905",87674507,49.2925483333,-124.5010883333,"","Nanaimo"
"906",87733728,47.6204866667,-122.3300866667,"","King"
"907",87779139,45.293005,-121.880355,"","Clackamas"
"908",87813195,49.2864516667,-124.5129466667,"","Nanaimo"
"909",87949492,47.4626366667,-123.85782,"","Grays Harbor"
"910",88061558,47.4774283333,-122.0978695,"East Renton Highlands City Limits","King"
"911",88182512,48.8018609223,-122.198241502,"","Whatcom"
"912",88203191,40.8783132122,-124.0899209964,"","Humboldt"
"913",88343303,48.7800531774,-122.1823584661,"","Whatcom"
"914",88449289,48.6809383518,-122.2773599625,"Bellingham, Washington, USA","Whatcom"
"915",88589058,45.5167739722,-122.7179653333,"Portland","Multnomah"
"916",88589921,45.5169217778,-122.7178895,"Portland","Multnomah"
"917",88639769,49.106195,-122.755468,"","Greater Vancouver"
"918",88744515,47.1524416667,-121.681795,"","King"
"919",88771264,48.8537030857,-121.7949066684,"","Whatcom"
"920",88785771,49.33488,-124.9211833333,"","Alberni-Clayoquot"
"921",88864273,45.5873004673,-122.761043301,"Portland","Multnomah"
"922",88985611,47.3216152263,-122.2999921308,"","King"
"923",89124620,45.4964751704,-122.2868805473,"","Multnomah"
"924",89124631,45.4965594504,-122.2869015859,"","Multnomah"
"925",89124659,45.4969075509,-122.28790381,"","Multnomah"
"926",89144228,49.3326245605,-124.919018908,"","Alberni-Clayoquot"
"927",89240554,45.3232616667,-122.2886366667,"","Clackamas"
"928",89253731,47.188874,-122.32940942,"Puyallup, WA","Pierce"
"929",89262685,47.19470027,-122.15780066,"","Pierce"
"930",89281926,47.2453633333,-122.4411,"Tacoma","Pierce"
"931",89282903,47.1968533333,-122.4554366667,"Tacoma","Pierce"
"932",89374851,48.6967361353,-122.6822545007,"","Whatcom"
"933",89398239,45.5169074161,-122.7178410441,"Portland","Multnomah"
"934",89437680,47.7612916667,-122.2968,"","King"
"935",89489533,48.6812376385,-122.6332371309,"","Whatcom"
"936",89490980,48.6782958295,-122.6286207139,"","Whatcom"
"937",89493524,48.6707664156,-122.6226340234,"","Whatcom"
"938",89498281,48.6596986212,-122.6144459099,"","Whatcom"
"939",89530686,48.717294867,-122.6831486821,"","Whatcom"
"940",89582744,47.517005,-121.6084533333,"","King"
"941",89601530,45.4844633333,-122.612305,"Portland","Multnomah"
"942",89669701,48.7895337421,-122.4365658313,"Bellingham, Washington, USA","Whatcom"
"943",89675069,47.6459833333,-122.3352283333,"","King"
"944",89675673,47.6334416667,-122.3157366667,"","King"
"945",89710558,45.3503944444,-122.8447361111,"","Washington"
"946",89735546,48.4528833333,-115.7682,"","Lincoln"
"947",89737458,45.519549763,-122.7188150183,"Portland","Multnomah"
"948",89861240,49.11346,-122.75949,"","Greater Vancouver"
"949",89893852,45.5178589359,-122.7178966922,"Portland","Multnomah"
"950",89909893,48.5147866667,-122.60247,"","Skagit"
"951",89912304,48.7350466734,-122.4536612257,"Bellingham, Washington, USA","Whatcom"
"952",89920460,48.7181201827,-122.5039429218,"Bellingham, Washington, USA","Whatcom"
"953",90068303,48.8170175,-123.30232657,"","Capital"
"954",90069436,48.8186790775,-123.3037541807,"","Capital"
"955",90079880,48.8156051127,-122.2028595954,"","Whatcom"
"956",90081456,48.785754632,-122.1790955588,"","Whatcom"
"957",90089172,45.5176580619,-122.7172489383,"Portland","Multnomah"
"958",90091101,48.3997916667,-122.5709533333,"","Skagit"
"959",90092376,48.3987383333,-122.5707633333,"","Skagit"
"960",90093679,48.3972283333,-122.5710666667,"","Skagit"
"961",90168000,51.4456416667,-116.53543,"","Columbia-Shuswap"
"962",90172818,48.7957478464,-122.4902120233,"Bellingham, Washington, USA","Whatcom"
"963",90177615,48.8396226736,-122.2973679006,"","Whatcom"
"964",90444489,47.28793203,-122.32732861,"","King"
"965",90471272,48.9709225996,-122.068163082,"","Whatcom"
"966",90471626,48.9720162115,-122.0701060072,"","Whatcom"
"967",90472304,48.9737363622,-122.0704255253,"","Whatcom"
"968",90473338,48.974056573,-122.0679910854,"","Whatcom"
"969",90578830,48.6616022547,-122.2160838917,"Bellingham, Washington, USA","Whatcom"
"970",90611638,48.7176034495,-122.1893489733,"","Whatcom"
"971",90738744,49.333969,-122.936349,"","Greater Vancouver"
"972",90750461,45.8466482114,-121.9888091478,"","Skamania"
"973",90817505,45.4744266667,-122.6705816667,"Portland","Multnomah"
"974",90830926,48.8381880881,-122.1656838432,"","Whatcom"
"975",90850004,47.719481,-124.3149329722,"","Jefferson"
"976",91030638,48.8919374173,-122.1500371769,"","Whatcom"
"977",91060842,45.5178567991,-122.7178442015,"Portland","Multnomah"
"978",91150028,48.8181898696,-122.1771130711,"","Whatcom"
"979",91285348,45.8661333333,-122.70475,"","Clark"
"980",91298428,45.866255,-122.7044616667,"","Clark"
"981",91299562,45.8661033333,-122.7044916667,"","Clark"
"982",91422286,45.5135159072,-122.7194336654,"Portland","Multnomah"
"983",91426275,45.5137287014,-122.7197675129,"","Multnomah"
"984",91427678,45.513750073,-122.7197336237,"Portland","Multnomah"
"985",91442960,50.276581576,-118.0351181685,"","Central Kootenay"
"986",91449372,40.8760078378,-124.0778524026,"","Humboldt"
"987",91477503,45.5174321076,-122.7176315804,"Portland","Multnomah"
"988",91487008,48.48299414,-123.45130764,"Saanich, British Columbia","Capital"
"989",91491047,49.3993434531,-123.4673496567,"","Sunshine Coast"
"990",91494967,49.322352,-123.143808,"","Greater Vancouver"
"991",91495053,49.3223713,-123.1398039,"","Greater Vancouver"
"992",91568452,48.8465044051,-122.5772413239,"","Whatcom"
"993",91568935,48.8433233656,-122.5874950737,"","Whatcom"
"994",91572373,49.0350437258,-125.3626506647,"","Alberni-Clayoquot"
"995",91669909,49.113388,-122.759189,"","Greater Vancouver"
"996",91671669,48.7396258189,-122.3702301085,"Bellingham, Washington, USA","Whatcom"
"997",91707462,48.7102232747,-122.3312978446,"Bellingham, Washington, USA","Whatcom"
"998",91766020,48.7876996678,-122.4566609412,"Bellingham, Washington, USA","Whatcom"
"999",91922480,48.8331789642,-122.3771103099,"","Whatcom"
"1000",92017703,48.9202679852,-122.2904897109,"","Whatcom"
"1001",92025339,48.9396033023,-122.1514681354,"","Whatcom"
"1002",92029160,48.9672135165,-122.1636597812,"","Whatcom"
"1003",92030095,48.94397727,-122.2378614172,"","Whatcom"
"1004",92121276,47.1694666667,-122.1659861667,"","Pierce"
"1005",92123906,45.50193,-122.6227416667,"Portland","Multnomah"
"1006",92132264,45.5024963869,-122.6351615488,"Portland","Multnomah"
"1007",92260974,48.7840507585,-122.4562224001,"Bellingham, Washington, USA","Whatcom"
"1008",92304272,47.0388221667,-123.5188133333,"","Grays Harbor"
"1009",92304436,47.246955,-122.4848416667,"Tacoma","Pierce"
"1010",92375336,48.8365875092,-122.2502961382,"","Whatcom"
"1011",92421752,49.13792853,-123.75099035,"","Nanaimo"
"1012",92491792,47.4318916667,-122.2553033333,"Kent City Limits","King"
"1013",92494481,47.43175,-122.2556383333,"Kent City Limits","King"
"1014",92494642,47.431655,-122.2558833333,"Kent City Limits","King"
"1015",92531613,47.53054067,-122.06905539,"Issaquah City Limits","King"
"1016",92579391,47.52994119,-122.07701636,"Issaquah City Limits","King"
"1017",92579503,47.53012937,-122.07675156,"Issaquah City Limits","King"
"1018",92695744,47.3824366667,-122.3174216667,"Des Moines City Limits","King"
"1019",92700922,48.4408121975,-123.3912630938,"","Capital"
"1020",92715982,48.7663885239,-122.4651353806,"Bellingham, Washington, USA","Whatcom"
"1021",92719575,48.8146136062,-122.3312844336,"","Whatcom"
"1022",92835613,48.9784988188,-122.7322619408,"","Whatcom"
"1023",92837105,48.9579413627,-122.750271298,"","Whatcom"
"1024",92838506,48.9794309667,-122.79054299,"","Whatcom"
"1025",92840637,48.9655041464,-122.7816005051,"","Whatcom"
"1026",92944664,48.9146396498,-121.99874195,"","Whatcom"
"1027",93058323,48.611550856,-122.2332708165,"Bellingham, Washington, USA","Skagit"
"1028",93072429,48.67302,-121.0734416667,"","Whatcom"
"1029",93073576,48.67295,-121.0734166667,"","Whatcom"
"1030",93074037,48.6696583333,-121.2638783333,"","Whatcom"
"1031",93081614,48.5053974423,-122.2466439754,"","Skagit"
"1032",93084584,47.252575,-122.4829783333,"Tacoma","Pierce"
"1033",93084914,47.2525533333,-122.476945,"Tacoma","Pierce"
"1034",93085326,48.6638067568,-122.2101189941,"Bellingham, Washington, USA","Whatcom"
"1035",93086413,47.418005,-123.565505,"","Grays Harbor"
"1036",93086790,47.3923833333,-123.603845,"","Grays Harbor"
"1037",93088148,48.7708941032,-122.2006595135,"","Whatcom"
"1038",93224407,45.497395,-122.6397166667,"Portland","Multnomah"
"1039",93307318,47.8835760663,-122.6311262326,"","Jefferson"
"1040",93320242,45.487295,-122.5722283333,"Portland","Multnomah"
"1041",93387578,48.598223,-116.967681,"","Bonner"
"1042",93388172,48.8558685104,-122.3327274621,"","Whatcom"
"1043",93388545,48.8486191759,-122.3115346581,"","Whatcom"
"1044",93413987,48.1908216667,-113.9840083333,"","Flathead"
"1045",93521760,48.8311577827,-122.3067247868,"","Whatcom"
"1046",93528506,45.5140533333,-122.6009216667,"Portland","Multnomah"
"1047",93743208,48.819525025,-122.1635035425,"","Whatcom"
"1048",93750688,48.7241159786,-122.1742172912,"","Whatcom"
"1049",93750965,48.732638082,-122.12606024,"","Whatcom"
"1050",93796749,48.0248526566,-122.6798538384,"","Jefferson"
"1051",93798041,48.024418535,-122.6795078335,"","Jefferson"
"1052",93798592,48.0243144888,-122.6801193771,"","Jefferson"
"1053",93799295,48.0243431912,-122.6804090557,"","Jefferson"
"1054",93944771,47.380005,-122.3171916667,"Des Moines City Limits","King"
"1055",93961544,45.5202271689,-123.1103981378,"","Washington"
"1056",94061931,48.8385978793,-122.1534083784,"","Whatcom"
"1057",94062055,48.7937907539,-122.1160894632,"","Whatcom"
"1058",94062398,48.7741776245,-122.0595206693,"","Whatcom"
"1059",94062928,48.7763931066,-122.0831210911,"","Whatcom"
"1060",94063481,48.7282299194,-122.1437024698,"","Whatcom"
"1061",94063567,48.7289506703,-122.1426322684,"","Whatcom"
"1062",94121115,48.7587222099,-122.4665626511,"Bellingham, Washington, USA","Whatcom"
"1063",94125114,46.320415,-115.255671,"","Idaho"
"1064",94145216,48.760749406,-122.4549289048,"Bellingham, Washington, USA","Whatcom"
"1065",94160823,45.5200685126,-123.1104145433,"","Washington"
"1066",94283153,45.5166166667,-122.58335,"Portland","Multnomah"
"1067",94284521,45.5291833333,-122.583595,"Portland","Multnomah"
"1068",94294048,45.5164083333,-122.5853883333,"Portland","Multnomah"
"1069",94295324,45.5095283333,-122.5976416667,"Portland","Multnomah"
"1070",94339857,48.0190404427,-122.6722351203,"","Jefferson"
"1071",94445112,48.5234824842,-121.7632343994,"","Skagit"
"1072",94487596,47.195245,-122.4965366667,"Tacoma","Pierce"
"1073",94496093,45.5086420058,-122.7147665621,"Portland","Multnomah"
"1074",94517130,48.8234812735,-122.1822531894,"","Whatcom"
"1075",94524940,47.6889617778,-122.1072826389,"Redmond City Limits","King"
"1076",94526169,47.6671236944,-122.1472723333,"Redmond City Limits","King"
"1077",94526672,40.8749168157,-124.0765538163,"","Humboldt"
"1078",94527200,47.6938412222,-122.0967432778,"Redmond City Limits","King"
"1079",94527941,47.6926042778,-122.1124013611,"Redmond City Limits","King"
"1080",94528560,47.6923098889,-122.1188613333,"Redmond City Limits","King"
"1081",94529579,47.6894394444,-122.1097236667,"Redmond City Limits","King"
"1082",94753365,47.4802077469,-122.0790265315,"East Renton Highlands City Limits","King"
"1083",94772406,47.00504479,-122.8512597,"","Thurston"
"1084",94829141,48.7491991356,-122.4110198793,"Bellingham, Washington, USA","Whatcom"
"1085",94834038,47.710022,-122.376454,"","King"
"1086",94854784,48.719242,-122.474633,"Bellingham, Washington, USA","Whatcom"
"1087",94856665,48.7414827571,-122.4015184959,"Bellingham, Washington, USA","Whatcom"
"1088",94856921,48.7415612955,-122.4015908317,"Bellingham, Washington, USA","Whatcom"
"1089",94857201,48.7414931925,-122.4017327373,"Bellingham, Washington, USA","Whatcom"
"1090",95072177,48.8036514177,-122.3496431485,"","Whatcom"
"1091",95192018,48.4066973253,-122.3379306123,"","Skagit"
"1092",95193268,48.3965605093,-122.5358484685,"","Skagit"
"1093",95193795,48.3862070304,-122.5020750985,"","Skagit"
"1094",95299151,46.99794801,-122.88403967,"","Thurston"
"1095",95301158,48.7187793637,-122.2035908327,"","Whatcom"
"1096",95304470,48.7846598121,-122.1133344993,"","Whatcom"
"1097",95304727,48.7194646373,-122.1988168359,"","Whatcom"
"1098",95317914,45.51568,-122.715625,"Portland","Multnomah"
"1099",95318063,47.5685416667,-120.6033166667,"","Chelan"
"1100",95319296,45.517306,-122.718998,"Portland","Multnomah"
"1101",95320160,45.517306,-122.718998,"Portland","Multnomah"
"1102",95330503,48.9158229759,-122.1197691187,"","Whatcom"
"1103",95330888,48.924616551,-122.0786934346,"","Whatcom"
"1104",95331997,48.9277236963,-122.0294303074,"","Whatcom"
"1105",95332515,48.8901558074,-121.9464310259,"","Whatcom"
"1106",95333056,48.9020968029,-121.9118231535,"","Whatcom"
"1107",95440455,48.883770192,-122.3037867621,"","Whatcom"
"1108",95442070,48.9207707365,-122.3220542818,"","Whatcom"
"1109",95458502,48.24119812,-115.97471509,"","Lincoln"
"1110",95458768,48.24122121,-115.97475077,"","Lincoln"
"1111",95556782,45.514249127,-122.7156692076,"Portland","Multnomah"
"1112",95560049,45.513645039,-122.7192980003,"Portland","Multnomah"
"1113",95560676,45.5135233572,-122.7194187642,"Portland","Multnomah"
"1114",95561389,45.5134411943,-122.7194441102,"Portland","Multnomah"
"1115",95562252,45.5134404007,-122.7194795967,"Portland","Multnomah"
"1116",95562725,45.5133739748,-122.7195673454,"Portland","Multnomah"
"1117",95563529,45.5133122594,-122.7193844987,"Portland","Multnomah"
"1118",95564552,45.5132892623,-122.7196003157,"Portland","Multnomah"
"1119",95565443,45.5137634401,-122.7194804965,"Portland","Multnomah"
"1120",95565881,45.5137381381,-122.7196046956,"Portland","Multnomah"
"1121",95566100,45.5138059402,-122.7195119435,"Portland","Multnomah"
"1122",95569172,45.5145061193,-122.7185952344,"Portland","Multnomah"
"1123",95569344,45.5147562837,-122.7186023267,"Portland","Multnomah"
"1124",95575772,48.71246901,-122.511861138,"Bellingham, Washington, USA","Whatcom"
"1125",95577631,48.4526076,-123.7329227997,"","Capital"
"1126",95578042,49.6192782435,-125.0197285012,"","Comox-Strathcona"
"1127",95599434,47.5772833333,-122.1193083333,"Bellevue City Limits","King"
"1128",95656044,45.5147952004,-122.7183768153,"Portland","Multnomah"
"1129",95682994,48.6539711209,-122.4647514895,"Bellingham, Washington, USA","Whatcom"
"1130",95686548,48.6568051643,-122.4607529864,"Bellingham, Washington, USA","Whatcom"
"1131",95780842,45.5115572736,-122.7179157269,"Portland","Multnomah"
"1132",95781588,45.511627053,-122.7181566228,"Portland","Multnomah"
"1133",95783362,45.51405584,-122.71968817,"Portland","Multnomah"
"1134",95786773,45.5128056,-122.71620336,"Portland","Multnomah"
"1135",95788843,45.5101683,-122.7164968,"Portland","Multnomah"
"1136",95789426,45.51298069,-122.71411795,"Portland","Multnomah"
"1137",95791236,45.5124095036,-122.7153994796,"Portland","Multnomah"
"1138",95792512,45.5171813965,-122.6917111063,"Portland","Multnomah"
"1139",95796150,48.8251573201,-122.2151417658,"","Whatcom"
"1140",95814807,48.8276246024,-122.177805081,"","Whatcom"
"1141",95877537,45.5270183227,-122.5787481387,"Portland","Multnomah"
"1142",95879069,45.5386012327,-122.5993800258,"Portland","Multnomah"
"1143",95991266,45.5495544943,-122.5886278042,"Portland","Multnomah"
"1144",95992990,45.5389757781,-122.6005995927,"Portland","Multnomah"
"1145",95995137,45.5454126187,-122.6103982051,"Portland","Multnomah"
"1146",96130763,45.5809464895,-122.5730161741,"Portland","Multnomah"
"1147",96135987,45.624932232,-122.6609198749,"","Clark"
"1148",96143065,48.4870415184,-122.4220263403,"","Skagit"
"1149",96147250,45.6923829872,-122.6581038907,"","Clark"
"1150",96149618,45.7126429408,-122.7077968419,"","Clark"
"1151",96158642,45.5183902011,-122.7149906942,"Portland","Multnomah"
"1152",96166115,45.7794076616,-122.6604380831,"","Clark"
"1153",96253893,45.5724901121,-122.728009969,"Portland","Multnomah"
"1154",96260488,45.5908719673,-122.7506300434,"Portland","Multnomah"
"1155",96264266,45.5330934763,-122.8068870306,"","Washington"
"1156",96412200,43.6482094379,-123.85222435,"","Douglas"
"1157",96434447,47.6943591667,-122.0957769444,"Redmond City Limits","King"
"1158",96435374,47.6928390833,-122.0935226944,"Redmond City Limits","King"
"1159",96476929,43.3702492405,-124.2136506736,"Coos Bay","Coos"
"1160",96483487,43.1772217862,-124.1899332404,"","Coos"
"1161",96517215,43.9587065242,-124.1046255827,"","Lane"
"1162",96538903,43.1783498849,-123.8075675815,"","Coos"
"1163",96540895,44.6528469486,-124.0531067178,"","Lincoln"
"1164",96541341,43.73162,-122.44275,"","Lane"
"1165",96542433,43.73944,-122.45843,"","Lane"
"1166",96607092,44.6320214538,-124.0396534279,"","Lincoln"
"1167",96631555,46.86002025,-122.46244595,"","Thurston"
"1168",96631602,46.85980897,-122.46216826,"","Thurston"
"1169",96631683,46.85893411,-122.46208196,"","Thurston"
"1170",96631722,46.85049797,-122.44329571,"","Thurston"
"1171",96631852,46.85053979,-122.43658402,"","Thurston"
"1172",96631941,46.85048767,-122.43734704,"","Thurston"
"1173",96631980,46.84932486,-122.42947968,"","Thurston"
"1174",96632049,46.8497236,-122.43028302,"","Thurston"
"1175",96703914,45.1848222916,-123.9099924266,"","Tillamook"
"1176",96714334,45.4269798719,-123.8056746125,"","Tillamook"
"1177",96720884,45.7612338346,-123.9578567818,"","Tillamook"
"1178",96739254,45.3182179096,-123.9225518703,"","Tillamook"
"1179",96798237,46.1898281837,-123.8118074834,"","Clatsop"
"1180",96805109,46.1041734524,-123.2051249966,"","Columbia"
"1181",96809516,46.350801973,-122.9041120782,"","Cowlitz"
"1182",96810428,47.008534,-115.00696,"","Mineral"
"1183",96942626,48.8237607288,-122.3326567188,"","Whatcom"
"1184",96948017,45.468525,-122.63472,"Portland","Multnomah"
"1185",96953908,48.8026459833,-122.1986592561,"","Whatcom"
"1186",97041514,45.4798366667,-122.6215666667,"Portland","Multnomah"
"1187",97043616,47.6430298611,-122.1027078889,"Redmond City Limits","King"
"1188",97046350,45.46538,-122.591325,"Portland","Multnomah"
"1189",97048035,47.6418471944,-122.1028474167,"Redmond City Limits","King"
"1190",97048927,45.53695,-122.6447,"Portland","Multnomah"
"1191",97157713,47.6732116667,-122.3129366667,"","King"
"1192",97158070,47.0793060006,-122.9785345125,"","Thurston"
"1193",97158260,47.6743133333,-122.3154916667,"","King"
"1194",97161232,47.6269133333,-122.3243416667,"","King"
"1195",97217789,45.50422,-122.6415333333,"Portland","Multnomah"
"1196",97493630,45.5018383333,-122.68,"Portland","Multnomah"
"1197",97563005,45.5139273208,-122.718245448,"Portland","Multnomah"
"1198",97563486,45.5160856922,-122.7187958008,"Portland","Multnomah"
"1199",97563867,45.5154680235,-122.7190666601,"Portland","Multnomah"
"1200",97565380,45.5112087516,-122.7188941157,"Portland","Multnomah"
"1201",97566463,45.510858902,-122.7153108248,"Portland","Multnomah"
"1202",97566874,45.5115801564,-122.7122283051,"Portland","Multnomah"
"1203",97567109,45.5116507027,-122.7115839254,"Portland","Multnomah"
"1204",97656224,45.5007666667,-122.6794966667,"Portland","Multnomah"
"1205",97739553,45.50192,-122.6806866667,"Portland","Multnomah"
"1206",97817820,41.5387330683,-123.6560877137,"","Siskiyou"
"1207",97824772,46.90916538,-122.91558334,"","Thurston"
"1208",97916981,48.784337061,-122.4183536321,"Bellingham, Washington, USA","Whatcom"
"1209",98023346,48.8983297041,-122.6606731117,"","Whatcom"
"1210",98026234,45.5625983281,-122.6371468698,"Portland","Multnomah"
"1211",98027597,45.5632617558,-122.6403584798,"Portland","Multnomah"
"1212",98080339,45.5078916667,-122.59578,"Portland","Multnomah"
"1213",98122453,48.7539018756,-122.471425496,"Bellingham, Washington, USA","Whatcom"
"1214",98252186,47.4750966667,-122.176405,"Renton City Limits","King"
"1215",98295881,47.5474616667,-120.6921216667,"","Chelan"
"1216",98309621,47.5238103653,-122.0552830306,"Issaquah City Limits","King"
"1217",98310779,47.5239129598,-122.0552484972,"Issaquah City Limits","King"
"1218",98321583,47.5516063907,-122.0486556274,"Issaquah City Limits","King"
"1219",98324124,47.5538783333,-122.0530471667,"Issaquah City Limits","King"
"1220",98331457,47.6840666667,-122.3470383333,"","King"
"1221",98397971,45.3861796647,-121.8325913111,"","Clackamas"
"1222",98406457,45.5165521675,-122.7140411803,"Portland","Multnomah"
"1223",98407614,45.5162666667,-122.7145283333,"Portland","Multnomah"
"1224",98408897,45.5165271427,-122.7147519167,"Portland","Multnomah"
"1225",98409411,45.5164479443,-122.7148462155,"Portland","Multnomah"
"1226",98436205,48.5071400399,-123.3699578996,"Saanich, British Columbia","Capital"
"1227",98523302,47.6686497633,-122.4177722633,"","King"
"1228",98526875,47.6679374204,-122.4152882025,"","King"
"1229",98534545,47.6676253863,-122.3959722742,"","King"
"1230",98614339,47.2294129321,-122.3986816251,"Tacoma","Pierce"
"1231",98672958,47.51925,-122.0981445,"","King"
"1232",98673164,47.5196916667,-122.0933528333,"","King"
"1233",98673417,47.5192716667,-122.0945888333,"","King"
"1234",99245658,46.7226463379,-117.004391849,"","Latah"
"1235",99246428,46.7226594389,-117.0043750852,"","Latah"
"1236",99255815,45.4965216667,-122.6169966667,"Portland","Multnomah"
"1237",99256025,45.4964666667,-122.617295,"Portland","Multnomah"
"1238",99258672,48.8908508677,-122.1511814743,"","Whatcom"
"1239",99404535,47.1512666667,-122.3449633333,"","Pierce"
"1240",99581530,49.1299861111,-122.8421472222,"","Greater Vancouver"
"1241",99632132,45.6520283333,-123.29557,"","Washington"
"1242",99632525,45.6519166667,-123.2966216667,"","Washington"
"1243",99638860,45.438525,-123.0674583333,"","Washington"
"1244",99639431,45.653263,-123.299648,"","Washington"
"1245",99639550,45.653222,-123.299207,"","Washington"
"1246",99639577,45.63191,-123.350111,"","Washington"
"1247",99639939,45.652558202,-123.2969514281,"","Washington"
"1248",99643714,45.651712,-123.2963533889,"","Washington"
"1249",99646705,48.768507339,-122.4449675158,"Bellingham, Washington, USA","Whatcom"
"1250",99647085,48.7688986957,-122.4437598512,"Bellingham, Washington, USA","Whatcom"
"1251",99648706,48.7826592078,-122.4218130112,"Bellingham, Washington, USA","Whatcom"
"1252",99760722,47.5959633333,-120.6590583333,"","Chelan"
"1253",99905381,49.113625,-122.758916,"","Greater Vancouver"
"1254",99905709,49.11092,-122.76264,"","Greater Vancouver"
"1255",99906044,49.037314,-122.813573,"","Greater Vancouver"
"1256",99906602,49.108475,-122.763377,"","Greater Vancouver"
"1257",99907187,49.11522,-122.771212,"","Greater Vancouver"
"1258",99989148,47.4079866667,-121.6076366667,"","King"
"1259",100087686,48.66890526,-121.28024873,"","Whatcom"
"1260",100119694,45.5270083333,-122.6315916667,"Portland","Multnomah"
"1261",100163782,45.5825099582,-122.7339803149,"Portland","Multnomah"
"1262",100254943,47.7611694336,-122.4771195346,"","Kitsap"
"1263",100349458,47.1254888333,-122.4494533333,"","Pierce"
"1264",100349810,47.12555,-122.44958,"","Pierce"
"1265",100408079,47.6516716667,-122.416695,"","King"
"1266",100408266,47.6450216667,-122.4167466667,"","King"
"1267",100468174,44.0365843847,-123.058521403,"Eugene","Lane"
"1268",100526645,45.5174474884,-122.7176537925,"Portland","Multnomah"
"1269",100748581,47.6008633333,-122.17298,"Bellevue City Limits","King"
"1270",100801304,48.5464122085,-121.4319065586,"","Skagit"
"1271",100830971,47.1587945,-122.2738583333,"Puyallup, WA","Pierce"
"1272",100831081,47.15765,-122.2702783333,"Puyallup, WA","Pierce"
"1273",100831166,47.66317,-122.421045,"","King"
"1274",100844967,47.381775,-122.3172216667,"Des Moines City Limits","King"
"1275",100845021,47.3818466667,-122.31723,"Des Moines City Limits","King"
"1276",100891304,48.7880451496,-122.1913646534,"","Whatcom"
"1277",100950137,48.744134,-122.4305829722,"Bellingham, Washington, USA","Whatcom"
"1278",101023660,47.528086016,-121.9989620057,"Issaquah City Limits","King"
"1279",101028852,47.5272677746,-121.999771949,"Issaquah City Limits","King"
"1280",101031093,45.51662921,-122.71450371,"Portland","Multnomah"
"1281",101035329,45.51696697,-122.71807262,"Portland","Multnomah"
"1282",101035805,45.5168283,-122.71787887,"Portland","Multnomah"
"1283",101035868,45.51681816,-122.7177876,"Portland","Multnomah"
"1284",101035936,45.51719174,-122.71779122,"Portland","Multnomah"
"1285",101036496,48.755006429,-122.4197470397,"Bellingham, Washington, USA","Whatcom"
"1286",101038565,48.6748652361,-122.3075767234,"Bellingham, Washington, USA","Whatcom"
"1287",101048826,47.19527204,-122.45786443,"Tacoma","Pierce"
"1288",101173036,47.69118375,-122.1085468889,"Redmond City Limits","King"
"1289",101284702,47.7846048,-122.1955495,"Bothell City Limits","Snohomish"
"1290",101288321,47.535364215,-122.0684895448,"Issaquah City Limits","King"
"1291",101427013,47.5377366667,-122.1332166667,"Bellevue City Limits","King"
"1292",101433614,48.2750014509,-116.6170755029,"","Bonner"
"1293",101433964,48.2766602843,-116.5534649044,"","Bonner"
"1294",101493174,47.4356562025,-121.9666758142,"","King"
"1295",101493794,47.4362330813,-121.9646090564,"","King"
"1296",101497650,48.7304066776,-122.3086219914,"Bellingham, Washington, USA","Whatcom"
"1297",101548920,47.86104124,-122.08720457,"","Snohomish"
"1298",101560511,45.3041033333,-122.970375,"","Yamhill"
"1299",101560551,45.302855,-122.96772,"","Yamhill"
"1300",101565154,47.6980033333,-122.3923416667,"","King"
"1301",101567000,47.6979349594,-122.3975353161,"","King"
"1302",101567040,47.6794761984,-122.3835635138,"","King"
"1303",101574825,47.6832540713,-122.3763320139,"","King"
"1304",101579714,48.8381360089,-122.5668068603,"","Whatcom"
"1305",101641621,47.2477383333,-122.4803783333,"Tacoma","Pierce"
"1306",101646309,47.6595888889,-122.3558388889,"","King"
"1307",101649325,47.7067055556,-122.2957972222,"","King"
"1308",101652431,47.7128638889,-122.3084166667,"","King"
"1309",101666812,45.4720716667,-122.6784533333,"Portland","Multnomah"
"1310",101712010,47.81113,-121.52559667,"","Snohomish"
"1311",101767862,47.2587966667,-122.7490916667,"","Pierce"
"1312",101783944,47.543047035,-122.0541904557,"Issaquah City Limits","King"
"1313",101784777,47.5410664829,-122.0498092242,"Issaquah City Limits","King"
"1314",102023719,47.198349363,-122.4557404013,"Tacoma","Pierce"
"1315",102035369,48.7467204703,-122.4315645173,"Bellingham, Washington, USA","Whatcom"
"1316",102127009,45.438595,-123.0667111667,"","Washington"
"1317",102127507,45.4384883333,-123.0670083333,"","Washington"
"1318",102127943,45.43848,-123.0673138333,"","Washington"
"1319",102331797,49.2688449722,-123.1347839722,"","Greater Vancouver"
"1320",102331985,49.2691779722,-123.135208,"","Greater Vancouver"
"1321",102332049,49.269263,-123.1352779722,"","Greater Vancouver"
"1322",102332121,49.268877,-123.1352126,"","Greater Vancouver"
"1323",102363862,45.3039002315,-122.8036946392,"","Clackamas"
"1324",102364082,45.4385616667,-123.0678721667,"","Washington"
"1325",102364262,45.4385296984,-123.0683420086,"","Washington"
"1326",102386262,45.531148,-123.087054,"","Washington"
"1327",102386538,45.539158,-123.086867,"","Washington"
"1328",102386679,45.547814,-123.099742,"","Washington"
"1329",102485742,48.7537418382,-122.4318022281,"Bellingham, Washington, USA","Whatcom"
"1330",102625864,48.6679030434,-122.3275132477,"Bellingham, Washington, USA","Whatcom"
"1331",102678268,48.8082011262,-122.4244747683,"","Whatcom"
"1332",102784541,47.19837,-122.4556416667,"Tacoma","Pierce"
"1333",102959113,48.4015883333,-122.30413,"","Skagit"
"1334",102960078,47.596625,-122.1707216667,"Bellevue City Limits","King"
"1335",102968904,47.598538868,-122.1688221214,"Bellevue City Limits","King"
"1336",103163200,48.7435485737,-122.4123404548,"Bellingham, Washington, USA","Whatcom"
"1337",103217043,48.9777662474,-122.5349207595,"","Whatcom"
"1338",103263345,47.2026258333,-122.4509986111,"Tacoma","Pierce"
"1339",103306882,47.57498833,-121.98166547,"","King"
"1340",103397278,48.1008924756,-122.5911549479,"","Island"
"1341",103446045,48.9480130834,-122.6423610002,"","Whatcom"
"1342",103593057,48.8233715659,-122.5216223672,"","Whatcom"
"1343",103941118,55.2428366667,-127.5771333333,"","Kitimat-Stikine"
"1344",104307533,46.818345,-116.9677966667,"","Latah"
"1345",104726927,47.45808,-121.9678416667,"","King"
"1346",104731631,47.4529,-121.9683916667,"","King"
"1347",104776285,47.441455,-121.9692466667,"","King"
"1348",104890795,47.4504440697,-122.0115616826,"","King"
"1349",104891946,47.4073438555,-122.0096271027,"","King"
"1350",104935535,47.4469146599,-122.0075578989,"","King"
"1351",105076844,47.4820116667,-122.0556111667,"","King"
"1352",105240257,47.5447143118,-122.1610479538,"Newcastle City Limits","King"
"1353",105380048,47.45738852,-122.16143241,"","King"
"1354",105446764,47.2472416667,-122.4490133333,"Tacoma","Pierce"
"1355",105513601,48.404225,-122.6188666667,"","Island"
"1356",105624022,47.4470394245,-122.007480953,"","King"
"1357",105780106,48.2661776851,-116.5711436046,"","Bonner"
"1358",105791998,47.230045,-122.4257883333,"Tacoma","Pierce"
"1359",105980989,48.4813098456,-122.3217907548,"","Skagit"
"1360",106053205,47.64192,-122.373848,"","King"
"1361",106084351,47.5830216667,-122.1174,"Bellevue City Limits","King"
"1362",106131343,48.7565503759,-122.4378522858,"Bellingham, Washington, USA","Whatcom"
"1363",106144362,47.6625338903,-122.4173940455,"","King"
"1364",106194727,48.7939862236,-122.3884010687,"","Whatcom"
"1365",106501316,45.595222204,-122.7901829873,"Portland","Multnomah"
"1366",106505033,47.6626725299,-122.4173090916,"","King"
"1367",106550719,49.1740277778,-123.8500222222,"","Nanaimo"
"1368",106558318,47.6387633333,-122.3009716667,"","King"
"1369",106611034,48.5157883333,-122.6027366667,"","Skagit"
"1370",106611160,48.5148783333,-122.602495,"","Skagit"
"1371",106640201,48.48003,-122.61792,"","Skagit"
"1372",106683588,48.5017467625,-123.3673027068,"Saanich, British Columbia","Capital"
"1373",106685298,48.5016440264,-123.3672642927,"Saanich, British Columbia","Capital"
"1374",106897907,47.4360359989,-122.1864119545,"Renton City Limits","King"
"1375",106897926,47.440528193,-122.1927345917,"Renton City Limits","King"
"1376",106897952,47.4349676036,-122.2049205378,"Renton City Limits","King"
"1377",106947543,47.73358,-122.35298,"","King"
"1378",106948874,47.7241833333,-122.3651366667,"","King"
"1379",106949198,47.6985166667,-122.3808416667,"","King"
"1380",106950175,47.6888416667,-122.3779333333,"","King"
"1381",107016087,48.6105416667,-123.1458805,"","San Juan"
"1382",107155360,48.1425805,-123.18508,"","Clallam"
"1383",107195334,48.1439778333,-123.185775,"","Clallam"
"1384",107220192,47.65638,-122.3561866667,"","King"
"1385",107220272,47.6603283333,-122.356095,"","King"
"1386",107220490,47.6602133333,-122.3629216667,"","King"
"1387",107223818,47.68443,-122.3303533333,"","King"
"1388",107224461,47.6912083333,-122.302345,"","King"
"1389",107224666,47.50417444,-122.14826208,"Renton City Limits","King"
"1390",107224907,47.6911866667,-122.3025283333,"","King"
"1391",107225052,47.50416687,-122.14647305,"Renton City Limits","King"
"1392",107225684,47.6675838,-122.4003124,"","King"
"1393",107287792,48.1015361667,-123.520905,"","Clallam"
"1394",107299997,47.25368,-122.4917966667,"Tacoma","Pierce"
"1395",107336842,48.0506055,-123.78852,"","Clallam"
"1396",107439069,47.4729583333,-122.223275,"Renton City Limits","King"
"1397",107439154,47.66663,-122.4100883333,"","King"
"1398",107485713,47.1975046339,-124.1922674328,"","Grays Harbor"
"1399",107493720,47.1061983123,-124.1723459959,"","Grays Harbor"
"1400",107502297,47.44512209,-122.19121544,"Renton City Limits","King"
"1401",107502653,47.52748791,-122.19923301,"Renton City Limits","King"
"1402",107503341,47.52348504,-122.2049297,"Renton City Limits","King"
"1403",107505113,47.52758532,-122.19460508,"Renton City Limits","King"
"1404",107505451,47.52640526,-122.19375581,"Renton City Limits","King"
"1405",107505981,47.52642809,-122.19394692,"Renton City Limits","King"
"1406",107506213,47.52517588,-122.19430265,"Renton City Limits","King"
"1407",107506569,47.52457841,-122.19390803,"Renton City Limits","King"
"1408",107507103,47.52145343,-122.18882601,"Renton City Limits","King"
"1409",107508353,47.52145123,-122.1884319,"Renton City Limits","King"
"1410",107509358,47.50808136,-122.19624491,"Renton City Limits","King"
"1411",107509505,47.50257988,-122.17661843,"Renton City Limits","King"
"1412",107509716,47.50257714,-122.17657974,"Renton City Limits","King"
"1413",107509934,47.50385784,-122.17715693,"Renton City Limits","King"
"1414",107510152,47.503789,-122.177255,"Renton City Limits","King"
"1415",107511981,47.51840475,-122.15702242,"Renton City Limits","King"
"1416",107514370,47.49063392,-122.22301527,"Renton City Limits","King"
"1417",107515026,47.4873922507,-122.2187989578,"Renton City Limits","King"
"1418",107516067,47.48322768,-122.22053626,"Renton City Limits","King"
"1419",107516534,47.4837079,-122.220817,"Renton City Limits","King"
"1420",107574347,47.2444234515,-124.2094868794,"","Grays Harbor"
"1421",107655795,47.8281533333,-124.2642216667,"","Jefferson"
"1422",107723837,48.4028104491,-122.3467158526,"","Skagit"
"1423",107733670,47.6503282612,-122.3958091392,"","King"
"1424",107734927,47.644325,-122.4167783333,"","King"
"1425",107735423,47.640725,-122.4138633333,"","King"
"1426",107836045,47.48327517,-122.22106027,"Renton City Limits","King"
"1427",107836241,47.4277666,-122.1997064,"Renton City Limits","King"
"1428",107836448,47.4276966,-122.199956,"Renton City Limits","King"
"1429",107838410,47.4540786,-122.211692,"Renton City Limits","King"
"1430",107838787,47.4525316,-122.2125941,"Renton City Limits","King"
"1431",107850812,47.44786319,-122.19683435,"Renton City Limits","King"
"1432",107852500,47.46689253,-122.16270397,"Renton City Limits","King"
"1433",107852831,47.46997741,-122.16699908,"Renton City Limits","King"
"1434",107853422,47.4771107,-122.22354404,"Renton City Limits","King"
"1435",107855446,47.47807418,-122.22395076,"Renton City Limits","King"
"1436",107855536,47.48317699,-122.22027208,"Renton City Limits","King"
"1437",107855819,47.46573785,-122.23667923,"Renton City Limits","King"
"1438",107856302,47.46598863,-122.2367272,"Renton City Limits","King"
"1439",107857044,47.46567704,-122.23525252,"Renton City Limits","King"
"1440",107907007,47.5204396667,-122.009432763,"","King"
"1441",107907495,47.5204180833,-122.0094909334,"","King"
"1442",107914257,47.6309583333,-122.28457,"","King"
"1443",107914938,47.630845,-122.2840366667,"","King"
"1444",107915414,47.6306533333,-122.2841333333,"","King"
"1445",107915838,47.6307866667,-122.284125,"","King"
"1446",107917955,47.6106916667,-122.2975216667,"","King"
"1447",107918320,47.6091383333,-122.2975833333,"","King"
"1448",107918973,47.6050716667,-122.306275,"","King"
"1449",107919816,47.6032116667,-122.29895,"","King"
"1450",107920288,47.6020083333,-122.293725,"","King"
"1451",107921136,47.5999333333,-122.296105,"","King"
"1452",107925828,47.5963783333,-122.2877883333,"","King"
"1453",107981438,49.3440224435,-123.1079884619,"","Greater Vancouver"
"1454",108133723,47.6512716667,-122.3488216667,"","King"
"1455",108154457,49.61195,-124.0569695,"","Sunshine Coast"
"1456",108617146,47.69043,-122.2934633333,"","King"
"1457",108617731,47.6923833333,-122.2836,"","King"
"1458",108618443,47.6925416667,-122.2825616667,"","King"
"1459",108618985,47.692955,-122.282525,"","King"
"1460",108627260,47.69635,-122.280045,"","King"
"1461",108627268,47.6978833333,-122.280005,"","King"
"1462",108627321,47.6993466667,-122.2960133333,"","King"
"1463",108627364,47.7045166667,-122.28543,"","King"
"1464",108627414,47.711025,-122.2811366667,"","King"
"1465",108627665,47.714175,-122.2803033333,"","King"
"1466",108627812,47.73193,-122.289445,"","King"
"1467",108628000,47.6941716667,-122.2755583333,"","King"
"1468",108640007,47.37045,-122.2457283333,"Kent City Limits","King"
"1469",108658033,47.46808271,-122.22543268,"Renton City Limits","King"
"1470",108759155,47.44045263,-122.19290703,"Renton City Limits","King"
"1471",108762480,45.750184378,-121.6528091053,"","Skamania"
"1472",108763058,45.7499965258,-121.6528308789,"","Skamania"
"1473",108763659,45.7501388133,-121.6516268195,"","Skamania"
"1474",108770267,47.4358686313,-122.1807960793,"Renton City Limits","King"
"1475",108770497,47.4690523469,-122.1590209007,"Renton City Limits","King"
"1476",108771670,45.74853,-121.652145,"","Skamania"
"1477",108772116,45.7569,-121.6511466667,"","Skamania"
"1478",108773144,47.47884659,-122.15810283,"Renton City Limits","King"
"1479",108776483,47.47559078,-122.17638111,"Renton City Limits","King"
"1480",108776540,47.47582608,-122.17642567,"Renton City Limits","King"
"1481",108776574,47.46714686,-122.16436841,"Renton City Limits","King"
"1482",108776616,47.46718618,-122.16445402,"Renton City Limits","King"
"1483",108776635,47.46756614,-122.16531245,"Renton City Limits","King"
"1484",108776647,47.46697114,-122.1744248,"Renton City Limits","King"
"1485",108832587,49.171997,-122.353227,"","Fraser Valley"
"1486",108835450,49.288,-122.5923,"","Greater Vancouver"
"1487",108835581,47.5342,-122.3379966667,"","King"
"1488",108835600,47.545355,-122.3610833333,"","King"
"1489",108835665,47.5349366667,-122.3581866667,"","King"
"1490",108835732,47.5200616667,-122.360475,"","King"
"1491",108835771,47.5184783333,-122.3578416667,"","King"
"1492",108835871,47.5168216667,-122.2595283333,"","King"
"1493",108835930,47.5173716667,-122.2848666667,"","King"
"1494",108836002,47.5224416667,-122.2810133333,"","King"
"1495",108836046,47.5229133333,-122.2808133333,"","King"
"1496",108836112,47.52618,-122.27672,"","King"
"1497",108836146,47.5261833333,-122.2765583333,"","King"
"1498",108836230,47.5261783333,-122.27642,"","King"
"1499",108836286,49.288,-122.5923,"","Greater Vancouver"
"1500",108836366,47.526295,-122.2836533333,"","King"
"1501",108836462,47.55135,-122.2888033333,"","King"
"1502",108836535,47.55045,-122.2827833333,"","King"
"1503",108836577,47.5505,-122.281295,"","King"
"1504",108836665,47.5552366667,-122.2799383333,"","King"
"1505",108836722,47.5769966667,-122.3091133333,"","King"
"1506",108836751,49.288,-122.5923,"","Greater Vancouver"
"1507",108836763,47.5835133333,-122.308145,"","King"
"1508",108887796,49.2611861111,-122.5471333333,"","Greater Vancouver"
"1509",108888425,49.258467,-122.55195,"","Greater Vancouver"
"1510",108888781,49.258467,-122.55195,"","Greater Vancouver"
"1511",108889345,49.258467,-122.55195,"","Greater Vancouver"
"1512",108899391,48.9695223717,-122.7923786268,"","Whatcom"
"1513",108967112,47.234840581,-122.4232086722,"Tacoma","Pierce"
"1514",109090821,49.4831866667,-123.47978,"","Sunshine Coast"
"1515",109109396,47.5043633333,-122.2466583333,"","King"
"1516",109200176,48.7555166667,-122.4350366667,"Bellingham, Washington, USA","Whatcom"
"1517",109489682,48.3143749418,-122.234220989,"","Skagit"
"1518",109491773,48.4750803095,-122.6197737829,"","Skagit"
"1519",109503761,47.3210866158,-122.2947130914,"","King"
"1520",109603205,49.2864583333,-122.4931333333,"","Greater Vancouver"
"1521",110247911,45.5196222222,-122.7048694444,"Portland","Multnomah"
"1522",110248228,45.5214,-122.70175,"Portland","Multnomah"
"1523",110442659,47.7598020947,-122.6504937095,"","Kitsap"
"1524",110452156,48.1257945,-122.7832633333,"","Jefferson"
"1525",110628896,45.4737444444,-122.6763944444,"Portland","Multnomah"
"1526",110629060,45.4890527778,-122.6761833333,"Portland","Multnomah"
"1527",110629184,48.4941665194,-123.3638771783,"Saanich, British Columbia","Capital"
"1528",110729719,45.5906416667,-122.7883533333,"Portland","Multnomah"
"1529",110731927,45.59127,-122.7868283333,"Portland","Multnomah"
"1530",110795853,46.1478,-123.9165444444,"","Clatsop"
"1531",110896071,49.2370039952,-122.3474269733,"","Fraser Valley"
"1532",110996340,48.1308278333,-122.7965866667,"","Jefferson"
"1533",110999536,48.1334802043,-122.7992610076,"","Jefferson"
"1534",111015814,49.2280113512,-122.4338863045,"","Greater Vancouver"
"1535",111018643,48.1333184283,-122.7746114335,"","Jefferson"
"1536",111148900,47.9839166667,-122.77053,"","Jefferson"
"1537",111153469,47.9879783333,-122.7616383333,"","Jefferson"
"1538",111158824,49.304435,-124.250895,"","Nanaimo"
"1539",111163092,49.3037633333,-124.2494216667,"","Nanaimo"
"1540",111278851,49.2908633333,-124.662175,"","Nanaimo"
"1541",111345257,49.3156466667,-124.5547466667,"","Nanaimo"
"1542",111975728,47.4518953544,-122.0120884014,"","King"
"1543",112341407,54.5261934,-128.6483023,"","Kitimat-Stikine"
"1544",112341782,54.52525435,-128.64893642,"","Kitimat-Stikine"
"1545",112341881,54.52456628,-128.65036066,"","Kitimat-Stikine"
"1546",112342946,54.52518537,-128.64360953,"","Kitimat-Stikine"
"1547",112447904,47.5257976726,-121.9949862176,"Issaquah City Limits","King"
"1548",112449352,47.5261717989,-121.9950771612,"Issaquah City Limits","King"
"1549",112451060,47.5270459475,-121.9998904691,"Issaquah City Limits","King"
"1550",112530047,47.5283313622,-122.0212449697,"","King"
"1551",112530793,47.5282883333,-122.0211638333,"","King"
"1552",112531114,47.5283745058,-122.0212274424,"","King"
"1553",112531326,47.5284570146,-122.0209750273,"","King"
"1554",112531349,47.5282916667,-122.0210916667,"","King"
"1555",112531476,47.5284746848,-122.021088889,"","King"
"1556",112538847,47.5203665521,-122.0095601058,"","King"
"1557",112786608,54.44327564,-128.76030594,"","Kitimat-Stikine"
"1558",112882673,45.8619361111,-122.6703527778,"","Clark"
"1559",112989267,54.44268704,-128.76013548,"","Kitimat-Stikine"
"1560",112989936,54.44273972,-128.76159592,"","Kitimat-Stikine"
"1561",113143289,48.6931290838,-122.5082015991,"Bellingham, Washington, USA","Whatcom"
"1562",113310429,54.42084482,-128.61279043,"","Kitimat-Stikine"
"1563",113310510,54.41978326,-128.61486544,"","Kitimat-Stikine"
"1564",113447048,54.4783446,-128.5690972,"","Kitimat-Stikine"
"1565",113447516,54.42519628,-128.60710077,"","Kitimat-Stikine"
"1566",113486211,48.0841089956,-122.1877929568,"","Snohomish"
"1567",113502090,45.5019507325,-122.6800267586,"Portland","Multnomah"
"1568",113553976,45.4868861111,-122.73335,"Portland","Multnomah"
"1569",113554534,45.4659055556,-122.72325,"Portland","Multnomah"
"1570",113945280,48.1088261406,-122.5803553686,"","Island"
"1571",113967781,45.4683833333,-122.7114555556,"Portland","Multnomah"
"1572",113968293,45.4661361111,-122.7517472222,"Portland","Washington"
"1573",113974229,45.4682806149,-122.7135806903,"Portland","Multnomah"
"1574",113975117,45.5245083333,-122.6790527778,"Portland","Multnomah"
"1575",114005436,45.5659444444,-122.8942861111,"","Washington"
"1576",114007570,47.3690960412,-122.2729868901,"Kent City Limits","King"
"1577",114319848,49.056758,-122.347318,"","Fraser Valley"
"1578",114422589,49.320407,-122.9681415,"","Greater Vancouver"
"1579",114538331,54.5129715,-128.55749902,"","Kitimat-Stikine"
"1580",114936624,49.051858,-122.3553833997,"","Fraser Valley"
"1581",114984943,NA,NA,"",""
"1582",115253369,53.25649581,-132.01368941,"","Skeena-Queen Charlotte"
"1583",115257367,53.26059479,-132.00858939,"","Skeena-Queen Charlotte"
"1584",115263301,48.7197260918,-122.354401052,"Bellingham, Washington, USA","Whatcom"
"1585",115375167,47.01613473,-122.85205385,"","Thurston"
"1586",115620713,47.8381666868,-120.0198335667,"","Chelan"
"1587",115620911,47.8380931775,-120.0198432059,"","Chelan"
"1588",116337060,48.4743856593,-122.619552333,"","Skagit"
"1589",116599479,54.07208834,-131.76945142,"","Skeena-Queen Charlotte"
"1590",116602851,54.07548738,-131.74217372,"","Skeena-Queen Charlotte"
"1591",116603051,54.07861498,-131.71242853,"","Skeena-Queen Charlotte"
"1592",116603088,54.07855855,-131.71177006,"","Skeena-Queen Charlotte"
"1593",116603500,54.07905229,-131.70897023,"","Skeena-Queen Charlotte"
"1594",116603522,54.07867789,-131.71289278,"","Skeena-Queen Charlotte"
"1595",116869861,47.5194265461,-122.0980624204,"","King"
"1596",117218116,47.379530468,-122.3177437822,"Des Moines City Limits","King"
"1597",117385462,47.47311,-122.279741,"Tukwila City Limits","King"
"1598",117393444,48.600746,-123.152599,"","San Juan"
"1599",117396857,47.668731,-122.303724,"","King"
"1600",117400290,47.659101,-122.308602,"","King"
"1601",117484722,47.5312299421,-122.0155067929,"Issaquah City Limits","King"
"1602",117495884,47.65244,-122.307758,"","King"
"1603",117517305,47.959595,-122.2339966667,"","Snohomish"
"1604",117522586,47.1245709497,-116.6174342483,"","Benewah"
"1605",117522943,47.12405034,-116.61229998,"","Benewah"
"1606",117694372,47.6912388889,-122.3026277778,"","King"
"1607",117874866,45.4089305556,-122.7899583333,"","Washington"
"1608",117922354,47.16446,-122.537897,"","Pierce"
"1609",117928934,47.657645,-122.32322,"","King"
"1610",118135613,47.639393,-122.295159,"","King"
"1611",118290012,49.499255,-123.87207,"","Sunshine Coast"
"1612",118412760,47.661166,-122.307175,"","King"
"1613",118420310,47.4011466667,-121.51857,"","King"
"1614",118443273,47.656108,-122.306071,"","King"
"1615",118563301,48.4859719722,-123.3470839722,"Saanich, British Columbia","Capital"
"1616",118811479,47.656441,-122.308201,"","King"
"1617",118819638,47.1906397953,-122.3287020977,"Puyallup, WA","Pierce"
"1618",118964842,45.51663365,-122.71434905,"Portland","Multnomah"
"1619",118984524,45.51699995,-122.71771973,"Portland","Multnomah"
"1620",118984857,45.51693274,-122.71809886,"Portland","Multnomah"
"1621",118984935,45.51687512,-122.71786771,"Portland","Multnomah"
"1622",118985019,45.51707434,-122.71802904,"Portland","Multnomah"
"1623",118997104,49.2392736997,-122.9498897997,"","Greater Vancouver"
"1624",119009416,45.4938222222,-122.6226833333,"Portland","Multnomah"
"1625",119011113,45.5237444444,-122.7407666667,"","Multnomah"
"1626",119011664,45.5237444444,-122.7407666667,"","Multnomah"
"1627",119012081,45.5237444444,-122.7407666667,"","Multnomah"
"1628",119012894,45.5275583333,-122.7310972222,"Portland","Multnomah"
"1629",119013147,45.5271805556,-122.7298527778,"Portland","Multnomah"
"1630",119065165,47.6511033333,-122.3079,"","King"
"1631",119136167,47.5296793706,-122.3991026886,"","King"
"1632",119137548,47.9606944649,-122.2336131441,"","Snohomish"
"1633",119370152,48.951565,-124.690765,"","Alberni-Clayoquot"
"1634",119380392,49.30215,-122.6962883333,"","Greater Vancouver"
"1635",119380904,49.3003383333,-122.6919866667,"","Greater Vancouver"
"1636",119537068,48.755393,-122.425045,"Bellingham, Washington, USA","Whatcom"
"1637",119686002,47.658183,-122.307138,"","King"
"1638",119752480,48.5016868684,-123.4461083905,"Saanich, British Columbia","Capital"
"1639",119759288,48.7796272213,-122.4849743396,"Bellingham, Washington, USA","Whatcom"
"1640",119901420,47.672537,-122.311365,"","King"
"1641",120462620,45.3774722222,-122.6033444444,"","Clackamas"
"1642",120462748,45.5266277778,-122.6877611111,"Portland","Multnomah"
"1643",120618616,45.4797888889,-122.6353722222,"Portland","Multnomah"
"1644",120618786,45.4777472222,-122.6360916667,"Portland","Multnomah"
"1645",120618930,45.4776027778,-122.636175,"Portland","Multnomah"
"1646",120619075,45.4773388889,-122.6366055556,"Portland","Multnomah"
"1647",120619497,45.477482401,-122.6376020908,"Portland","Multnomah"
"1648",121140379,48.778552152,-122.4539532512,"Bellingham, Washington, USA","Whatcom"
"1649",121455214,48.6350875329,-122.3405826464,"Bellingham, Washington, USA","Skagit"
"1650",121462723,48.6202888287,-122.3345969617,"Bellingham, Washington, USA","Skagit"
"1651",121521502,48.8486824963,-122.4090239033,"","Whatcom"
"1652",121694631,49.259945,-123.0073399722,"","Greater Vancouver"
"1653",122254099,48.5376712494,-122.8701634427,"Lopez Island","San Juan"
"1654",122317336,48.469613,-123.34412,"Saanich, British Columbia","Capital"
"1655",122318386,48.469735,-123.3604739722,"Saanich, British Columbia","Capital"
"1656",122319237,48.468825,-123.3483889722,"Saanich, British Columbia","Capital"
"1657",122546688,48.9343305563,-122.2531959414,"","Whatcom"
"1658",122693230,48.0881039212,-122.7095576522,"","Jefferson"
"1659",122719307,48.4510709916,-123.2976769212,"Oak Bay","Capital"
"1660",123175479,47.0205187,-122.8140723,"","Thurston"
"1661",123175504,47.02084215,-122.8155576,"","Thurston"
"1662",123175545,47.01812115,-122.81562773,"","Thurston"
"1663",123407944,47.12361922,-122.85034078,"","Thurston"
"1664",123458654,47.1300829,-122.85243943,"","Thurston"
"1665",123459079,47.13080952,-122.85091477,"","Thurston"
"1666",123462069,47.13339278,-122.84248785,"","Thurston"
"1667",123617129,48.1089778333,-122.7802116667,"","Jefferson"
"1668",123883890,45.4704305556,-122.8580722222,"","Washington"
"1669",124373409,47.3795261696,-122.3230099486,"Des Moines City Limits","King"
"1670",124471134,49.3645166667,-123.1555416667,"","Greater Vancouver"
"1671",124471718,49.36467,-123.1555638333,"","Greater Vancouver"
"1672",124476543,49.3697,-123.1529388333,"","Greater Vancouver"
"1673",125525291,48.9747209765,-122.4086514115,"","Whatcom"
"1674",125727261,45.2109134,-122.3047071,"","Clackamas"
"1675",125802605,47.3873883333,-122.3024833333,"Des Moines City Limits","King"
"1676",125809304,47.3874533333,-122.3013616667,"Des Moines City Limits","King"
"1677",125811114,47.385955,-122.3024366667,"Des Moines City Limits","King"
"1678",125888754,43.7486,-122.0088138889,"","Lane"
"1679",125967671,47.12929742,-122.85434992,"","Thurston"
"1680",126170044,45.5330111111,-122.6988055556,"Portland","Multnomah"
"1681",126246096,47.13442956,-122.85222713,"","Thurston"
"1682",126246122,47.08349438,-122.87040118,"","Thurston"
"1683",126307172,45.4294166667,-122.7740111111,"","Washington"
"1684",126694108,46.9763308827,-122.8102910891,"","Thurston"
"1685",126696773,47.027322,-122.81641064,"","Thurston"
"1686",126707069,47.05386493,-122.83939575,"","Thurston"
"1687",126716288,48.4866033333,-122.646305,"","Skagit"
"1688",126720714,47.17314572,-122.82020043,"","Thurston"
"1689",126722734,47.17086792,-122.82133454,"","Thurston"
"1690",126756679,46.96913945,-122.77854122,"","Thurston"
"1691",126876747,47.12136529,-122.7798345,"","Thurston"
"1692",126883188,47.11655133,-122.77808199,"","Thurston"
"1693",126999414,48.5212707139,-123.3668531811,"Saanich, British Columbia","Capital"
"1694",127024607,48.8380938599,-122.25721322,"","Whatcom"
"1695",127034895,47.4409216667,-121.6769333333,"","King"
"1696",127035153,47.439645,-121.6764666667,"","King"
"1697",127124879,45.6611095788,-122.6731729602,"","Clark"
"1698",127126098,45.660732652,-122.6735419391,"","Clark"
"1699",127126848,45.660732652,-122.6735419391,"","Clark"
"1700",127127271,45.660732652,-122.6735419391,"","Clark"
"1701",127129981,45.5185364513,-122.7143644186,"Portland","Multnomah"
"1702",127130908,45.5174204149,-122.7147765366,"Portland","Multnomah"
"1703",127417082,46.3513083333,-122.9045888889,"","Cowlitz"
"1704",127779593,47.2773722222,-122.6662611111,"","Pierce"
"1705",127800617,47.2771305556,-122.6664055556,"","Pierce"
"1706",127848282,47.369403,-122.211398,"Kent City Limits","King"
"1707",128245986,47.1762787271,-122.1937765508,"","Pierce"
"1708",128748428,49.740475,-123.9076783333,"","Sunshine Coast"
"1709",128867330,45.3646166667,-122.5938166667,"","Clackamas"
"1710",129159774,47.40503,-122.3273633333,"Des Moines City Limits","King"
"1711",129166354,47.3936670226,-122.3179369286,"Des Moines City Limits","King"
"1712",129633790,47.433311786,-123.4741086513,"","Mason"
"1713",129712559,48.4854749619,-123.3951478837,"Saanich, British Columbia","Capital"
"1714",129871445,49.2785227764,-122.7754837275,"","Greater Vancouver"
"1715",129905235,47.4318003902,-123.4779458866,"","Mason"
"1716",129911132,45.511306,-122.718024,"Portland","Multnomah"
"1717",130248324,48.8066146046,-122.1249464527,"","Whatcom"
"1718",130258674,48.1765193766,-122.1461466327,"","Snohomish"
"1719",130566492,47.4820866667,-121.7322216667,"North Bend City Limits","King"
"1720",131509542,48.8468430833,-122.3108071089,"","Whatcom"
"1721",131519143,45.4041138889,-122.4989361111,"","Clackamas"
"1722",131634749,47.0815305,-122.7810533333,"","Thurston"
"1723",131766370,49.2153805556,-123.0387916667,"","Greater Vancouver"
"1724",131813448,45.6926888889,-122.8705694444,"","Multnomah"
"1725",132244546,45.4668805556,-122.6640972222,"Portland","Multnomah"
"1726",132244618,45.4662777778,-122.6697583333,"Portland","Multnomah"
"1727",132245120,45.4297972222,-122.5769972222,"","Clackamas"
"1728",132370176,49.525105,-115.0561361667,"","East Kootenay"
"1729",132706523,47.6266530483,-122.6636065264,"","Kitsap"
"1730",132760420,47.611626,-122.298386,"","King"
"1731",132760457,47.612853,-122.288047,"","King"
"1732",132849620,48.0466195,-123.1145695,"","Clallam"
"1733",132867871,48.8481507789,-122.3007676005,"","Whatcom"
"1734",132867900,48.8500997932,-122.2958665341,"","Whatcom"
"1735",133084604,47.6507658115,-122.1908617342,"","King"
"1736",133122265,49.6302059532,-125.5247771586,"","Comox-Strathcona"
"1737",133122267,49.6314846009,-125.5291974391,"","Comox-Strathcona"
"1738",133131304,47.6487799224,-122.1919195418,"","King"
"1739",133366025,47.1763145132,-122.1947295686,"","Pierce"
"1740",133662607,46.693578,-123.741058,"","Pacific"
"1741",133663903,46.654671,-123.66373,"","Pacific"
"1742",133697323,47.7735006826,-122.3364350582,"","King"
"1743",133842152,48.5385505397,-122.369037196,"","Skagit"
"1744",133932283,48.7148013626,-122.4570270628,"Bellingham, Washington, USA","Whatcom"
"1745",133984341,47.3902028846,-122.4547559034,"","King"
"1746",134333710,45.6621111111,-122.8385,"","Multnomah"
"1747",134334105,46.1160083333,-121.9031027778,"","Skamania"
"1748",134334346,46.1251777778,-121.9098666667,"","Skamania"
"1749",134335085,46.1048222542,-122.0546973869,"","Skamania"
"1750",134693945,49.492355,-123.98987,"","Sunshine Coast"
"1751",134931662,47.390207,-122.454721,"","King"
"1752",134938499,47.1767933537,-122.1938132782,"","Pierce"
"1753",135009388,45.5138366256,-122.7196017693,"Portland","Multnomah"
"1754",135011257,45.5139088024,-122.7193917998,"Portland","Multnomah"
"1755",135013590,48.7061620687,-122.4625054747,"Bellingham, Washington, USA","Whatcom"
"1756",135057477,45.5137589392,-122.7193720726,"Portland","Multnomah"
"1757",135057522,45.513789665,-122.7193871065,"Portland","Multnomah"
"1758",135057607,45.5136757571,-122.7193446297,"Portland","Multnomah"
"1759",135162451,47.1288280315,-122.8477722779,"","Thurston"
"1760",135162916,47.1251604192,-122.8485467657,"","Thurston"
"1761",135261606,48.7623930723,-122.1804745495,"","Whatcom"
"1762",135555179,45.5175356241,-122.7146820725,"Portland","Multnomah"
"1763",135557424,45.5185793993,-122.714394063,"Portland","Multnomah"
"1764",135562034,45.5178909233,-122.7127831731,"Portland","Multnomah"
"1765",135580853,45.5196842665,-122.7189267958,"Portland","Multnomah"
"1766",135684414,45.5135436514,-122.7194136177,"Portland","Multnomah"
"1767",135686956,45.5134500655,-122.7194780413,"Portland","Multnomah"
"1768",135690084,45.5133417811,-122.71939272,"Portland","Multnomah"
"1769",135690159,45.5132610614,-122.7192713438,"Portland","Multnomah"
"1770",135690775,45.5132637835,-122.7195683295,"Portland","Multnomah"
"1771",135732121,45.5133567036,-122.7198958211,"","Multnomah"
"1772",135756372,45.517407381,-122.7173763515,"Portland","Multnomah"
"1773",135944995,45.5115614046,-122.7180416482,"Portland","Multnomah"
"1774",135946552,45.5115928242,-122.7182386144,"Portland","Multnomah"
"1775",135949960,45.5128345243,-122.7160011766,"Portland","Multnomah"
"1776",135953271,45.5143476304,-122.7156598199,"Portland","Multnomah"
"1777",135954714,45.5130445367,-122.7142757037,"Portland","Multnomah"
"1778",135955994,45.5132065859,-122.7141328883,"Portland","Multnomah"
"1779",136114463,45.5199638889,-122.9293638889,"","Washington"
"1780",136456424,45.9210805556,-123.4954166667,"","Clatsop"
"1781",136517957,48.5611069707,-122.44330924,"","Skagit"
"1782",136715883,45.5166339874,-122.7145158377,"Portland","Multnomah"
"1783",136849075,45.518267,-122.716565,"Portland","Multnomah"
"1784",136850007,45.517808,-122.71726,"","Multnomah"
"1785",136850350,46.80968,-116.8923333333,"","Latah"
"1786",136850455,46.809805,-116.8936466667,"","Latah"
"1787",136850559,45.517681,-122.717793,"","Multnomah"
"1788",136850799,46.8088133333,-116.8957666667,"","Latah"
"1789",136979076,48.7767448526,-122.4845703319,"Bellingham, Washington, USA","Whatcom"
"1790",137075723,45.5164920346,-122.7139614247,"Portland","Multnomah"
"1791",137077021,45.516175003,-122.71437,"Portland","Multnomah"
"1792",137080559,45.5165969541,-122.7149043731,"Portland","Multnomah"
"1793",137081844,45.516577684,-122.7147733179,"Portland","Multnomah"
"1794",137082266,45.5167813523,-122.7144318912,"Portland","Multnomah"
"1795",137364657,53.35318793,-132.28136256,"","Skeena-Queen Charlotte"
"1796",137464325,45.5125295073,-122.7155487995,"Portland","Multnomah"
"1797",137465599,45.5117368343,-122.7148196455,"Portland","Multnomah"
"1798",137466997,45.511762336,-122.7123433613,"Portland","Multnomah"
"1799",137467552,45.5116038522,-122.7116079456,"Portland","Multnomah"
"1800",137469921,45.5159680786,-122.7184319624,"Portland","Multnomah"
"1801",137470870,45.51551215,-122.7189569789,"Portland","Multnomah"
"1802",137472321,45.5160676396,-122.7188472916,"Portland","Multnomah"
"1803",137474571,45.5160445195,-122.7188973703,"Portland","Multnomah"
"1804",137556021,49.3894,-123.350045,"","Greater Vancouver"
"1805",137718193,45.5252444444,-122.7174694444,"Portland","Multnomah"
"1806",137899081,45.4671463,-122.7128648,"","Multnomah"
"1807",137913218,48.5329438294,-123.0198829249,"","San Juan"
"1808",137928531,48.5325022371,-123.0145426467,"","San Juan"
"1809",138031364,48.6170433522,-123.0472531915,"","San Juan"
"1810",138147524,48.9768309874,-123.0263886228,"","Whatcom"
"1811",138307134,53.21531186,-132.03011947,"","Skeena-Queen Charlotte"
"1812",138307984,53.21536323,-132.03050925,"","Skeena-Queen Charlotte"
"1813",138468319,45.5001305556,-122.6894972222,"Portland","Multnomah"
"1814",138468446,45.4998805556,-122.6894416667,"Portland","Multnomah"
"1815",138468659,45.5020472222,-122.6935388889,"Portland","Multnomah"
"1816",138769987,47.3799161803,-122.3208278799,"Des Moines City Limits","King"
"1817",139032476,48.7754929614,-122.0468552783,"","Whatcom"
"1818",139043739,45.5175233333,-122.71754,"Portland","Multnomah"
"1819",139043930,45.51684,-122.7176616667,"Portland","Multnomah"
"1820",139044587,45.5165516667,-122.7181616667,"Portland","Multnomah"
"1821",139044791,45.5171883333,-122.7168366667,"Portland","Multnomah"
"1822",139058459,45.5168883333,-122.713395,"Portland","Multnomah"
"1823",139164836,45.8468485152,-122.5198889723,"","Clark"
"1824",139268846,48.7667010039,-122.3441727832,"Bellingham, Washington, USA","Whatcom"
"1825",139269911,48.7647511764,-122.3432936892,"Bellingham, Washington, USA","Whatcom"
"1826",139490281,50.01710225,-123.13259595,"","Squamish-Lillooet"
"1827",139546540,48.7880369764,-122.170891352,"","Whatcom"
"1828",139936811,48.018939,-123.597019,"","Clallam"
"1829",139936820,48.012298,-123.593697,"","Clallam"
"1830",140024019,48.462552,-123.3418083,"Saanich, British Columbia","Capital"
"1831",140094304,47.4248166667,-122.4537583333,"","King"
"1832",140094507,47.424275,-122.4529716667,"","King"
"1833",140094658,47.4248283333,-122.4538033333,"","King"
"1834",140187475,NA,NA,"",""
"1835",140187564,47.4237715225,-122.4538480703,"","King"
"1836",140452180,48.4686294,-123.37083139,"Saanich, British Columbia","Capital"
"1837",140539933,45.5183663292,-122.7163428328,"Portland","Multnomah"
"1838",140653300,45.5177798653,-122.7176939524,"Portland","Multnomah"
"1839",140653314,45.5180593551,-122.7171236159,"Portland","Multnomah"
"1840",140680481,47.379385312,-122.3208195228,"Des Moines City Limits","King"
"1841",140712027,48.46421713,-123.31135914,"Saanich, British Columbia","Capital"
"1842",140934309,48.44651312,-123.7210367,"","Capital"
"1843",141737713,47.4519,-122.011375,"","King"
"1844",141761674,47.9367833333,-122.1211861667,"","Snohomish"
"1845",141828129,47.5698147761,-122.0945586172,"Issaquah City Limits","King"
"1846",141829287,47.5688164914,-122.0947876946,"Issaquah City Limits","King"
"1847",141829490,48.7011592284,-122.4966875464,"Bellingham, Washington, USA","Whatcom"
"1848",141832071,47.5675910572,-122.0942181443,"Issaquah City Limits","King"
"1849",141833197,47.5669893623,-122.094925996,"Issaquah City Limits","King"
"1850",141834278,47.5661816402,-122.0952007548,"Issaquah City Limits","King"
"1851",141919953,47.4808966667,-122.0547333333,"","King"
"1852",141921185,47.4811121644,-122.0549437049,"","King"
"1853",141922931,47.4823752232,-122.0546952077,"","King"
"1854",142068677,47.5283845342,-122.0210590234,"","King"
"1855",142113455,46.955356658,-122.7820950374,"","Thurston"
"1856",142113993,46.9552669492,-122.7821979672,"","Thurston"
"1857",142114385,46.955302192,-122.7821718156,"","Thurston"
"1858",142114754,46.9553296538,-122.7821758389,"","Thurston"
"1859",142313142,47.6366858092,-122.6584146918,"","Kitsap"
"1860",142476371,47.00652351,-122.86875399,"","Thurston"
"1861",142703955,47.7258225572,-122.1866550194,"","King"
"1862",143684750,48.8150249149,-122.319923602,"","Whatcom"
"1863",143962480,48.9202408867,-122.3501604795,"","Whatcom"
"1864",144027727,47.4465295533,-122.0019752161,"","King"
"1865",144328238,48.5297449554,-123.382820376,"Saanich, British Columbia","Capital"
"1866",144439163,48.48923889,-123.44372011,"Saanich, British Columbia","Capital"
"1867",144440550,48.8389928821,-122.443450056,"","Whatcom"
"1868",145054828,47.23658592,-122.45704277,"Tacoma","Pierce"
"1869",145065493,50.875713,-124.940671,"","Comox-Strathcona"
"1870",145069407,47.23767516,-122.45207275,"Tacoma","Pierce"
"1871",145069927,47.23911137,-122.45427476,"Tacoma","Pierce"
"1872",145372548,47.26715326,-122.51362684,"Tacoma","Pierce"
"1873",145373987,47.26566961,-122.50399299,"Tacoma","Pierce"
"1874",145376461,47.26536384,-122.48573358,"Tacoma","Pierce"
"1875",145376812,47.26569972,-122.48430261,"Tacoma","Pierce"
"1876",145440816,47.24707758,-122.44720136,"Tacoma","Pierce"
"1877",145441228,47.24692979,-122.4473679,"Tacoma","Pierce"
"1878",145441528,47.24711523,-122.44692623,"Tacoma","Pierce"
"1879",145443546,47.25753098,-122.44982575,"Tacoma","Pierce"
"1880",145444010,47.25839413,-122.44992922,"Tacoma","Pierce"
"1881",145444329,47.25855436,-122.44989817,"Tacoma","Pierce"
"1882",145444960,47.25924004,-122.44968713,"Tacoma","Pierce"
"1883",145445391,47.26058549,-122.4503282,"Tacoma","Pierce"
"1884",145447796,47.26239274,-122.44894183,"Tacoma","Pierce"
"1885",145448260,47.26105254,-122.44850744,"Tacoma","Pierce"
"1886",145457978,47.24929618,-122.49944908,"Tacoma","Pierce"
"1887",145458207,47.24957402,-122.49949661,"Tacoma","Pierce"
"1888",145458444,47.24963116,-122.49949948,"Tacoma","Pierce"
"1889",145536810,47.24467451,-122.49924458,"Tacoma","Pierce"
"1890",145537069,47.24477791,-122.49920534,"Tacoma","Pierce"
"1891",145537271,47.24489913,-122.49899434,"Tacoma","Pierce"
"1892",145537547,47.24484457,-122.49882213,"Tacoma","Pierce"
"1893",145541198,47.24868222,-122.49957439,"Tacoma","Pierce"
"1894",145610525,47.26859,-122.51109444,"Tacoma","Pierce"
"1895",145611367,47.26925115,-122.50803813,"Tacoma","Pierce"
"1896",145613198,47.2693571,-122.49780661,"Tacoma","Pierce"
"1897",145615551,47.26904946,-122.48439609,"Tacoma","Pierce"
"1898",145693283,47.24497002,-122.49909683,"Tacoma","Pierce"
"1899",145719107,45.59667,-122.424805,"","Clark"
"1900",145779480,47.27026943,-122.50270783,"Tacoma","Pierce"
"1901",145779813,47.27011329,-122.50260655,"Tacoma","Pierce"
"1902",145780377,47.2704895,-122.4958196,"Tacoma","Pierce"
"1903",145780728,47.27029713,-122.49494777,"Tacoma","Pierce"
"1904",145783378,47.27096936,-122.48351632,"Tacoma","Pierce"
"1905",145783729,47.27146053,-122.48272204,"Tacoma","Pierce"
"1906",145783881,47.27151204,-122.48244003,"Tacoma","Pierce"
"1907",145784528,47.27107395,-122.47549003,"Tacoma","Pierce"
"1908",145784706,47.27075349,-122.47485851,"Tacoma","Pierce"
"1909",145986295,48.39914076,-123.4971654,"","Capital"
"1910",145990836,47.24431019,-122.52655585,"Tacoma","Pierce"
"1911",145991111,47.24843031,-122.52397067,"Tacoma","Pierce"
"1912",145992584,47.24978954,-122.51947305,"Tacoma","Pierce"
"1913",146004174,45.51568,-122.715625,"Portland","Multnomah"
"1914",146005093,45.517306,-122.718998,"Portland","Multnomah"
"1915",146006691,45.517306,-122.718998,"Portland","Multnomah"
"1916",146063649,47.22013071,-122.42108769,"Tacoma","Pierce"
"1917",146063699,47.22003389,-122.4209839,"Tacoma","Pierce"
"1918",146064369,47.21160332,-122.42101846,"Tacoma","Pierce"
"1919",146070023,48.43856858,-123.53064579,"","Capital"
"1920",146076681,47.19411676,-122.4207837,"Tacoma","Pierce"
"1921",146076738,47.1939878,-122.42089673,"Tacoma","Pierce"
"1922",146077369,47.21061624,-122.42076031,"Tacoma","Pierce"
"1923",146077783,47.21400986,-122.42056963,"Tacoma","Pierce"
"1924",146144187,47.26932874,-122.50797891,"Tacoma","Pierce"
"1925",146144410,47.26943502,-122.50794952,"Tacoma","Pierce"
"1926",146144611,47.26939364,-122.50792488,"Tacoma","Pierce"
"1927",146146812,47.26930954,-122.48500728,"Tacoma","Pierce"
"1928",146147055,47.26881905,-122.48435342,"Tacoma","Pierce"
"1929",146151610,47.25563389,-122.44746888,"Tacoma","Pierce"
"1930",146157092,47.25586567,-122.44648221,"Tacoma","Pierce"
"1931",146254839,49.3381416667,-123.4151383333,"","Greater Vancouver"
"1932",146254876,49.3381583333,-123.41452,"","Greater Vancouver"
"1933",146299340,47.24276721,-122.4931141,"Tacoma","Pierce"
"1934",146299425,47.24273799,-122.49308933,"Tacoma","Pierce"
"1935",146299652,47.24250188,-122.49304336,"Tacoma","Pierce"
"1936",146299967,47.2424421,-122.4929338,"Tacoma","Pierce"
"1937",146300065,47.24236412,-122.49226009,"Tacoma","Pierce"
"1938",146301110,47.24006089,-122.49339849,"Tacoma","Pierce"
"1939",146301454,47.24115744,-122.49324225,"Tacoma","Pierce"
"1940",146301552,47.24184849,-122.49320872,"Tacoma","Pierce"
"1941",146301617,47.24178893,-122.49314752,"Tacoma","Pierce"
"1942",146301888,47.24215983,-122.49371243,"Tacoma","Pierce"
"1943",146301970,47.24232827,-122.49395736,"Tacoma","Pierce"
"1944",146302029,47.24239989,-122.49391603,"Tacoma","Pierce"
"1945",146353078,47.24436555,-122.52654023,"Tacoma","Pierce"
"1946",146353319,47.24441551,-122.52644359,"Tacoma","Pierce"
"1947",146353544,47.24450649,-122.52651345,"Tacoma","Pierce"
"1948",146353822,47.24490547,-122.52663145,"Tacoma","Pierce"
"1949",146354059,47.24499574,-122.52666979,"Tacoma","Pierce"
"1950",146354196,47.24502816,-122.52663009,"Tacoma","Pierce"
"1951",146354526,47.24500041,-122.52674409,"Tacoma","Pierce"
"1952",146354864,47.24581016,-122.52618979,"Tacoma","Pierce"
"1953",146355514,47.24943021,-122.52599789,"Tacoma","Pierce"
"1954",146356257,47.24976726,-122.51662535,"Tacoma","Pierce"
"1955",146356562,47.24977444,-122.51655703,"Tacoma","Pierce"
"1956",146356725,47.24982222,-122.5165631,"Tacoma","Pierce"
"1957",146356826,47.24973127,-122.51636896,"Tacoma","Pierce"
"1958",146360770,47.24495835,-122.48567333,"Tacoma","Pierce"
"1959",146471517,47.2518283333,-122.40998,"Tacoma","Pierce"
"1960",146471700,47.2406383333,-122.4793783333,"Tacoma","Pierce"
"1961",146474342,49.3773775595,-123.3251429537,"","Greater Vancouver"
"1962",146477318,49.3778241473,-123.3237163537,"","Greater Vancouver"
"1963",146489443,47.2475075,-122.55190191,"Tacoma","Pierce"
"1964",146489870,47.2463542,-122.5523494,"Tacoma","Pierce"
"1965",146490095,47.24754101,-122.55203145,"Tacoma","Pierce"
"1966",146491471,47.24939379,-122.54885249,"Tacoma","Pierce"
"1967",146491734,47.2485998,-122.5490474,"Tacoma","Pierce"
"1968",146492795,47.24835069,-122.54988742,"Tacoma","Pierce"
"1969",146515132,45.3956383333,-122.7695783333,"","Washington"
"1970",146560499,47.25042093,-122.50692647,"Tacoma","Pierce"
"1971",146560743,47.25044739,-122.50692544,"Tacoma","Pierce"
"1972",146563983,47.24100169,-122.49506346,"Tacoma","Pierce"
"1973",146564167,47.24109656,-122.49509646,"Tacoma","Pierce"
"1974",146564373,47.24111169,-122.49513213,"Tacoma","Pierce"
"1975",146564859,47.24111162,-122.49522777,"Tacoma","Pierce"
"1976",146565163,47.2408724,-122.49487141,"Tacoma","Pierce"
"1977",146565825,47.24051276,-122.49394157,"Tacoma","Pierce"
"1978",146569633,47.23568791,-122.4687753,"Tacoma","Pierce"
"1979",146729920,46.76291613,-121.8069233,"","Pierce"
"1980",146778811,47.1581573489,-122.2727152469,"Puyallup, WA","Pierce"
"1981",146782370,47.25849728,-122.50531187,"Tacoma","Pierce"
"1982",146782680,47.2840229872,-122.501914139,"","Pierce"
"1983",146783202,47.25645254,-122.50558942,"Tacoma","Pierce"
"1984",146784815,47.24984186,-122.49502657,"Tacoma","Pierce"
"1985",146785182,47.24909895,-122.49323343,"Tacoma","Pierce"
"1986",146785383,47.24913224,-122.49167549,"Tacoma","Pierce"
"1987",146785571,47.24908809,-122.4916243,"Tacoma","Pierce"
"1988",146785647,47.24911478,-122.49134112,"Tacoma","Pierce"
"1989",146786460,47.24738772,-122.48256573,"Tacoma","Pierce"
"1990",146787527,47.24519901,-122.47508829,"Tacoma","Pierce"
"1991",146787642,47.24521983,-122.47453105,"Tacoma","Pierce"
"1992",146984661,47.26817396,-122.46577925,"Tacoma","Pierce"
"1993",146984766,47.26812539,-122.46566375,"Tacoma","Pierce"
"1994",147138094,47.15313413,-122.17395333,"","Pierce"
"1995",147138318,47.15225946,-122.17418854,"","Pierce"
"1996",147138462,47.15253666,-122.17435886,"","Pierce"
"1997",147142637,47.26665989,-122.51256358,"Tacoma","Pierce"
"1998",147143210,47.26396365,-122.5126116,"Tacoma","Pierce"
"1999",147146231,47.26274747,-122.48609155,"Tacoma","Pierce"
"2000",147146636,47.26292188,-122.48486599,"Tacoma","Pierce"
"2001",147147753,47.26187509,-122.47450932,"Tacoma","Pierce"
"2002",147147924,47.26185455,-122.47408909,"Tacoma","Pierce"
"2003",147148151,47.26162312,-122.47400663,"Tacoma","Pierce"
"2004",147156046,47.0259705278,-122.0306225833,"","Pierce"
"2005",147158189,47.0276426667,-122.0314133611,"","Pierce"
"2006",147158320,47.01716934,-122.02568737,"","Pierce"
"2007",147158358,47.00726782,-121.99962942,"","Pierce"
"2008",147159512,47.01219049,-122.0091135,"","Pierce"
"2009",147160997,47.00836804,-122.00134539,"","Pierce"
"2010",147166208,47.0410891667,-122.0396341389,"","Pierce"
"2011",147166336,47.0404846944,-122.0389566389,"","Pierce"
"2012",147209604,47.03106461,-122.78681937,"","Thurston"
"2013",147278029,47.26696778,-122.45897193,"Tacoma","Pierce"
"2014",147279520,47.26879006,-122.4717567,"Tacoma","Pierce"
"2015",147289110,47.27416656,-122.50901039,"Tacoma","Pierce"
"2016",147289884,47.27483439,-122.50376679,"Tacoma","Pierce"
"2017",147418048,47.2655475,-122.5105184,"Tacoma","Pierce"
"2018",147419694,47.2540620125,-122.5002487587,"Tacoma","Pierce"
"2019",147424471,47.237828081,-122.4603951406,"Tacoma","Pierce"
"2020",147568018,47.01294059,-122.80887732,"","Thurston"
"2021",147654474,46.79864292,-122.29847192,"","Pierce"
"2022",147862163,47.604604047,-122.1597001938,"Bellevue City Limits","King"
"2023",147862808,47.6045211011,-122.1598343249,"Bellevue City Limits","King"
"2024",147864714,47.6044447586,-122.159878466,"Bellevue City Limits","King"
"2025",147864736,47.6039187154,-122.1596440718,"Bellevue City Limits","King"
"2026",148125974,47.2127686895,-122.4178692886,"Tacoma","Pierce"
"2027",148126319,47.2129597533,-122.4182454015,"Tacoma","Pierce"
"2028",148128768,47.2278325904,-122.4196747059,"Tacoma","Pierce"
"2029",148369369,48.1378166667,-123.1296445,"","Clallam"
"2030",148561196,47.07960926,-122.1996649,"","Pierce"
"2031",148699115,49.3597195,-123.1128909,"","Greater Vancouver"
"2032",148699465,49.360049,-123.115139,"","Greater Vancouver"
"2033",148700009,NA,NA,"",""
"2034",148700220,49.3541217,-123.1116721,"","Greater Vancouver"
"2035",148704941,49.3391227997,-123.4216810383,"","Greater Vancouver"
"2036",149657563,46.0695403994,-123.7880977616,"","Clatsop"
"2037",149664986,46.1988388066,-123.943942152,"","Clatsop"
"2038",149672350,46.1820141452,-123.8167464361,"","Clatsop"
"2039",149742565,46.3769553526,-123.7938065082,"","Pacific"
"2040",150003326,47.2509703275,-122.4959557441,"Tacoma","Pierce"
"2041",150004072,47.2507950079,-122.4878193565,"Tacoma","Pierce"
"2042",150004319,47.250820446,-122.4877605697,"Tacoma","Pierce"
"2043",150006241,47.2463285494,-122.4747680009,"Tacoma","Pierce"
"2044",150110576,45.5267666667,-122.7990305556,"","Washington"
"2045",150110831,45.5300361111,-122.7860055556,"","Washington"
"2046",150148863,47.1919637186,-122.42575428,"Tacoma","Pierce"
"2047",150150893,47.1927671738,-122.4391798591,"Tacoma","Pierce"
"2048",150152339,47.2026922578,-122.4396832828,"Tacoma","Pierce"
"2049",150152828,47.2045732111,-122.4398756151,"Tacoma","Pierce"
"2050",150153819,47.2086908338,-122.4397098387,"Tacoma","Pierce"
"2051",150155424,47.2199298034,-122.440735306,"Tacoma","Pierce"
"2052",150155514,47.2199963691,-122.4407818133,"Tacoma","Pierce"
"2053",150156263,47.2229795211,-122.4415473335,"Tacoma","Pierce"
"2054",150436086,47.1982042037,-122.4402902419,"Tacoma","Pierce"
"2055",150437127,47.2018011547,-122.4382798733,"Tacoma","Pierce"
"2056",150437810,47.2050550887,-122.4384048674,"Tacoma","Pierce"
"2057",150439099,47.2112361111,-122.4379444444,"Tacoma","Pierce"
"2058",150439305,47.2146928891,-122.4389035694,"Tacoma","Pierce"
"2059",150440108,47.2200391518,-122.4392470279,"Tacoma","Pierce"
"2060",150499409,49.485557,-123.866326,"","Sunshine Coast"
"2061",150524036,47.2634081869,-122.4838421961,"Tacoma","Pierce"
"2062",150525110,47.2635754478,-122.484898735,"Tacoma","Pierce"
"2063",150525544,47.2561144224,-122.4898904097,"Tacoma","Pierce"
"2064",150525575,47.2635935108,-122.4878145476,"Tacoma","Pierce"
"2065",150525983,47.2645389782,-122.4921219467,"Tacoma","Pierce"
"2066",150526009,47.2570901178,-122.494440023,"Tacoma","Pierce"
"2067",150526103,47.2642328245,-122.4944127908,"Tacoma","Pierce"
"2068",150526111,47.2737192929,-122.4768027296,"Tacoma","Pierce"
"2069",150526159,47.2660006439,-122.480872023,"Tacoma","Pierce"
"2070",150526336,47.2635666252,-122.4944684222,"Tacoma","Pierce"
"2071",150526497,47.2637098935,-122.4737957307,"Tacoma","Pierce"
"2072",150526666,47.2574830149,-122.4931357984,"Tacoma","Pierce"
"2073",150526690,47.2631723201,-122.4743475952,"Tacoma","Pierce"
"2074",150526745,47.2676190819,-122.4729637854,"Tacoma","Pierce"
"2075",150526748,47.2667003301,-122.4751744555,"Tacoma","Pierce"
"2076",150526984,47.2626092646,-122.4737888283,"Tacoma","Pierce"
"2077",150527044,47.2634027636,-122.4914750706,"Tacoma","Pierce"
"2078",150527098,47.271061237,-122.4838077034,"Tacoma","Pierce"
"2079",150527192,47.2692685902,-122.4798488011,"Tacoma","Pierce"
"2080",150527212,47.2679801803,-122.471641231,"Tacoma","Pierce"
"2081",150527243,47.2713788052,-122.4827552874,"Tacoma","Pierce"
"2082",150527277,47.263038084,-122.4728680217,"Tacoma","Pierce"
"2083",150527328,47.266683016,-122.4740177746,"Tacoma","Pierce"
"2084",150527397,47.2570735217,-122.4845637941,"Tacoma","Pierce"
"2085",150527442,47.2715580108,-122.4825008087,"Tacoma","Pierce"
"2086",150527493,47.2631910956,-122.4716953934,"Tacoma","Pierce"
"2087",150527578,47.2659341653,-122.4946872193,"Tacoma","Pierce"
"2088",150527616,47.2635523975,-122.470701635,"Tacoma","Pierce"
"2089",150527652,47.2689300104,-122.4705961796,"Tacoma","Pierce"
"2090",150527654,47.2627688152,-122.4861369189,"Tacoma","Pierce"
"2091",150527747,47.2692216868,-122.4707713148,"Tacoma","Pierce"
"2092",150527763,47.2639180161,-122.4698303362,"Tacoma","Pierce"
"2093",150527766,47.25818691,-122.48600389,"Tacoma","Pierce"
"2094",150527905,47.26390752,-122.4694029749,"Tacoma","Pierce"
"2095",150527913,47.2691404011,-122.4706683381,"Tacoma","Pierce"
"2096",150527959,47.2616988654,-122.4855935947,"Tacoma","Pierce"
"2097",150528022,47.2655566007,-122.4881920538,"Tacoma","Pierce"
"2098",150528030,47.264935598,-122.4692964038,"Tacoma","Pierce"
"2099",150528183,47.2691832499,-122.4728448181,"Tacoma","Pierce"
"2100",150528223,47.2618457111,-122.4914840956,"Tacoma","Pierce"
"2101",150528442,47.2615184868,-122.4931067975,"Tacoma","Pierce"
"2102",150528452,47.2643437749,-122.4675025978,"Tacoma","Pierce"
"2103",150528471,47.2691083279,-122.4727261748,"Tacoma","Pierce"
"2104",150528476,47.2737265785,-122.4767814656,"Tacoma","Pierce"
"2105",150528757,47.2729762579,-122.4745507956,"Tacoma","Pierce"
"2106",150528849,47.2610654613,-122.4916337019,"Tacoma","Pierce"
"2107",150528913,47.2631608788,-122.4644222484,"Tacoma","Pierce"
"2108",150528960,47.2658599157,-122.4716968809,"Tacoma","Pierce"
"2109",150529084,47.2608474736,-122.4860667532,"Tacoma","Pierce"
"2110",150529093,47.2608267386,-122.4855280913,"Tacoma","Pierce"
"2111",150529103,47.2687654107,-122.4717271499,"Tacoma","Pierce"
"2112",150529104,47.2630320909,-122.4637200964,"Tacoma","Pierce"
"2113",150529316,47.2629124392,-122.4632020948,"Tacoma","Pierce"
"2114",150529367,47.2689186892,-122.4729917663,"Tacoma","Pierce"
"2115",150529414,47.2627679771,-122.463420611,"Tacoma","Pierce"
"2116",150529518,47.2690085555,-122.4704713841,"Tacoma","Pierce"
"2117",150529565,47.2626735969,-122.4635051844,"Tacoma","Pierce"
"2118",150529676,47.269249275,-122.4707748166,"Tacoma","Pierce"
"2119",150530302,47.2681054177,-122.4657547556,"Tacoma","Pierce"
"2120",150530402,47.25903289,-122.48748874,"Tacoma","Pierce"
"2121",150530474,47.261845381,-122.4740677235,"Tacoma","Pierce"
"2122",150530687,47.2618514579,-122.4747065083,"Tacoma","Pierce"
"2123",150531386,47.2604,-122.4562,"Tacoma","Pierce"
"2124",150531446,47.257125,-122.46788,"Tacoma","Pierce"
"2125",150531581,47.2601966667,-122.4566333333,"Tacoma","Pierce"
"2126",150533949,47.259845,-122.4586633333,"Tacoma","Pierce"
"2127",150534212,47.26088,-122.4583133333,"Tacoma","Pierce"
"2128",150534458,47.2626,-122.4631283333,"Tacoma","Pierce"
"2129",150534804,47.2619033333,-122.4655916667,"Tacoma","Pierce"
"2130",150534907,47.2598716667,-122.46765,"Tacoma","Pierce"
"2131",150535234,47.2588616667,-122.4661716667,"Tacoma","Pierce"
"2132",150678701,47.1914381091,-122.4247279179,"Tacoma","Pierce"
"2133",150683223,47.2069020884,-122.4365959727,"Tacoma","Pierce"
"2134",150685745,47.2257843537,-122.4375042169,"Tacoma","Pierce"
"2135",150857222,47.0557772687,-122.964839885,"","Thurston"
"2136",150858089,47.0557772687,-122.964839885,"","Thurston"
"2137",150858920,47.0557772687,-122.964839885,"","Thurston"
"2138",150876742,47.2640041728,-122.4816268288,"Tacoma","Pierce"
"2139",151147793,47.1952672927,-122.4244641355,"Tacoma","Pierce"
"2140",151147953,47.1952875116,-122.4243615297,"Tacoma","Pierce"
"2141",151151105,47.2116568845,-122.4302083452,"Tacoma","Pierce"
"2142",151406132,45.51828552,-122.71640683,"Portland","Multnomah"
"2143",151417214,47.1976499801,-122.441716756,"Tacoma","Pierce"
"2144",151417357,47.1976167839,-122.4416910781,"Tacoma","Pierce"
"2145",151418507,47.201888764,-122.4413360295,"Tacoma","Pierce"
"2146",151419198,47.2053527525,-122.4423051652,"Tacoma","Pierce"
"2147",151644155,47.1924501848,-122.4154871653,"Tacoma","Pierce"
"2148",151644600,47.1923825946,-122.4154397172,"Tacoma","Pierce"
"2149",151644904,47.1923039588,-122.4150513045,"Tacoma","Pierce"
"2150",151645080,47.192297292,-122.4150218174,"Tacoma","Pierce"
"2151",151647329,47.2004466434,-122.413561595,"Tacoma","Pierce"
"2152",151647796,47.1999414,-122.4107472,"Tacoma","Pierce"
"2153",151650727,47.2117530945,-122.4178455896,"Tacoma","Pierce"
"2154",151652276,47.2154750037,-122.4220256968,"Tacoma","Pierce"
"2155",151960783,47.2048034909,-122.4327424308,"Tacoma","Pierce"
"2156",151961576,47.2076647,-122.4327831,"Tacoma","Pierce"
"2157",151976820,47.612112578,-121.9908315693,"","King"
"2158",152285812,47.195743694,-122.4308933745,"Tacoma","Pierce"
"2159",152287763,47.1958567499,-122.4426497028,"Tacoma","Pierce"
"2160",152288065,47.1961439117,-122.442559254,"Tacoma","Pierce"
"2161",152288775,47.196200295,-122.4424560071,"Tacoma","Pierce"
"2162",152290677,47.2047078042,-122.4425593788,"Tacoma","Pierce"
"2163",152293387,47.2195754468,-122.4427420521,"Tacoma","Pierce"
"2164",152402748,47.22797621,-122.443342373,"Tacoma","Pierce"
"2165",152403147,47.2277877987,-122.4433769784,"Tacoma","Pierce"
"2166",152403423,47.2276307928,-122.4439156448,"Tacoma","Pierce"
"2167",152403714,47.2275302785,-122.4439208395,"Tacoma","Pierce"
"2168",152404066,47.2266703083,-122.4437388709,"Tacoma","Pierce"
"2169",152405067,47.2264655289,-122.4438509428,"Tacoma","Pierce"
"2170",152405443,47.2265395969,-122.4445017906,"Tacoma","Pierce"
"2171",152406095,47.226386014,-122.4437067096,"Tacoma","Pierce"
"2172",152406376,47.2261677589,-122.4436991168,"Tacoma","Pierce"
"2173",152406861,47.2258178837,-122.4435150697,"Tacoma","Pierce"
"2174",152407252,47.2257418977,-122.4433284085,"Tacoma","Pierce"
"2175",152407722,47.2255739,-122.444789,"Tacoma","Pierce"
"2176",152411151,47.2255271,-122.440608,"Tacoma","Pierce"
"2177",152411568,47.2255298335,-122.4410555718,"Tacoma","Pierce"
"2178",152412356,47.2247793254,-122.4427215096,"Tacoma","Pierce"
"2179",152412648,47.2249552716,-122.4428915481,"Tacoma","Pierce"
"2180",152413430,47.2249976459,-122.4428965317,"Tacoma","Pierce"
"2181",152413739,47.2250054669,-122.4429975328,"Tacoma","Pierce"
"2182",152414140,47.224904817,-122.4430732722,"Tacoma","Pierce"
"2183",152414526,47.2253243231,-122.4432191928,"Tacoma","Pierce"
"2184",152467472,49.8254694444,-119.3660833333,"","Central Okanagan"
"2185",152538331,47.1983077578,-122.4345891922,"Tacoma","Pierce"
"2186",152538987,47.2002686055,-122.4359941786,"Tacoma","Pierce"
"2187",153220632,47.2310207396,-122.4217249417,"Tacoma","Pierce"
"2188",153221584,47.230396624,-122.4230501523,"Tacoma","Pierce"
"2189",153222251,47.2304046,-122.4258016,"Tacoma","Pierce"
"2190",153222392,47.2301410777,-122.425454912,"Tacoma","Pierce"
"2191",153222758,47.2301707712,-122.425495647,"Tacoma","Pierce"
"2192",153222992,47.2302291736,-122.4255379556,"Tacoma","Pierce"
"2193",153223387,47.2304460897,-122.4255410656,"Tacoma","Pierce"
"2194",153347785,47.6522286993,-122.1874104245,"","King"
"2195",153475795,47.1971639221,-122.4103522042,"Tacoma","Pierce"
"2196",153476456,47.1971949991,-122.4129599488,"Tacoma","Pierce"
"2197",153476761,47.1971452233,-122.4125838405,"Tacoma","Pierce"
"2198",153480242,47.2080019396,-122.4106934689,"Tacoma","Pierce"
"2199",153484975,47.2249512682,-122.4162607667,"Tacoma","Pierce"
"2200",153485044,47.224949397,-122.4162990493,"Tacoma","Pierce"
"2201",153485213,47.224973193,-122.4162890057,"Tacoma","Pierce"
"2202",153848029,47.2296285499,-122.4157026502,"Tacoma","Pierce"
"2203",153848945,47.228857502,-122.4168827153,"Tacoma","Pierce"
"2204",154029927,45.5923616667,-122.418595,"","Clark"
"2205",154179313,47.2233159352,-122.418601495,"Tacoma","Pierce"
"2206",154180485,47.2236514478,-122.4152958516,"Tacoma","Pierce"
"2207",154183734,47.224465123,-122.4175616515,"Tacoma","Pierce"
"2208",154191005,47.2281199093,-122.4257165816,"Tacoma","Pierce"
"2209",154191056,47.2285913105,-122.4255212205,"Tacoma","Pierce"
"2210",154191124,47.2285538494,-122.4256405992,"Tacoma","Pierce"
"2211",154191682,47.2289674393,-122.4263357423,"Tacoma","Pierce"
"2212",154192143,47.2293161933,-122.4243246845,"Tacoma","Pierce"
"2213",154193842,47.2319197739,-122.4241644847,"Tacoma","Pierce"
"2214",154329053,47.2364712412,-122.4183380502,"Tacoma","Pierce"
"2215",154330583,47.2343042577,-122.4188574457,"Tacoma","Pierce"
"2216",154332912,47.2325996382,-122.4160342377,"Tacoma","Pierce"
"2217",154333542,47.2322586451,-122.4180959662,"Tacoma","Pierce"
"2218",154333847,47.2320918,-122.4186977,"Tacoma","Pierce"
"2219",154334667,47.2334144,-122.4209225,"Tacoma","Pierce"
"2220",154334878,47.2332976168,-122.4210304348,"Tacoma","Pierce"
"2221",154335034,47.2333201472,-122.4208297814,"Tacoma","Pierce"
"2222",154336268,47.2308486095,-122.4183627556,"Tacoma","Pierce"
"2223",154336890,47.2310919653,-122.4153227793,"Tacoma","Pierce"
"2224",154339533,47.2292104001,-122.4198953011,"Tacoma","Pierce"
"2225",154340004,47.2290795343,-122.4190076559,"Tacoma","Pierce"
"2226",154514582,47.2616886275,-122.4798422787,"Tacoma","Pierce"
"2227",154592828,47.1986964068,-122.408472871,"Tacoma","Pierce"
"2228",154593173,47.1987456953,-122.4084407917,"Tacoma","Pierce"
"2229",154596386,47.2058194119,-122.4077536479,"Tacoma","Pierce"
"2230",154603688,47.2299207971,-122.4090206404,"Tacoma","Pierce"
"2231",154603898,47.2298571932,-122.4089373096,"Tacoma","Pierce"
"2232",155706492,49.8795456045,-119.421342127,"","Central Okanagan"
"2233",155707461,49.8798908525,-119.4220106676,"","Central Okanagan"
"2234",155707943,49.8798884759,-119.4222651422,"","Central Okanagan"
"2235",155708243,49.8793200469,-119.4238369167,"","Central Okanagan"
"2236",155708349,49.8799859141,-119.4193388522,"","Central Okanagan"
"2237",155708628,49.8799115932,-119.4220646471,"","Central Okanagan"
"2238",155708828,49.8793660659,-119.423612617,"","Central Okanagan"
"2239",155708970,49.8793185346,-119.4245922938,"","Central Okanagan"
"2240",155799182,46.9232966667,-122.2842716667,"","Pierce"
"2241",156604423,47.0505618676,-122.7915538344,"","Thurston"
"2242",156612299,47.0393214472,-122.8004817417,"","Thurston"
"2243",156612709,47.0401003721,-122.8004182827,"","Thurston"
"2244",156613244,47.0401583828,-122.800358983,"","Thurston"
"2245",156613559,47.0404413788,-122.8004911615,"","Thurston"
"2246",156614048,47.0404198018,-122.8003412251,"","Thurston"
"2247",156614202,47.0404251144,-122.8002882939,"","Thurston"
"2248",156614618,47.0404330307,-122.800234037,"","Thurston"
"2249",156614882,47.0407592141,-122.8002448981,"","Thurston"
"2250",156615064,47.0406829896,-122.8002926379,"","Thurston"
"2251",156615140,47.0407752186,-122.8002520052,"","Thurston"
"2252",156615343,47.0408329345,-122.8001961947,"","Thurston"
"2253",156615617,47.0408407045,-122.8003297859,"","Thurston"
"2254",156615823,47.0408351326,-122.8001975148,"","Thurston"
"2255",156641329,47.044675798,-122.8127901604,"","Thurston"
"2256",156642358,47.044684929,-122.8124554585,"","Thurston"
"2257",156644655,47.0495072358,-122.8081161609,"","Thurston"
"2258",156677046,NA,NA,"",""
"2259",157336221,49.1271198,-122.86654925,"","Greater Vancouver"
"2260",157353174,49.49575285,-117.34466264,"","Central Kootenay"
"2261",157644407,49.6260777778,-116.9917277778,"","Central Kootenay"
"2262",157645181,49.6260833333,-116.9917277778,"","Central Kootenay"
"2263",157882637,49.4368805556,-117.2569916667,"","Central Kootenay"
"2264",158204829,47.3129385621,-122.1754709117,"Auburn City Limits","King"
"2265",158214019,47.312636817,-122.1753933339,"Auburn City Limits","King"
"2266",158218811,47.3178209244,-122.1733146709,"Auburn City Limits","King"
"2267",158221117,47.3118906683,-122.175499505,"Auburn City Limits","King"
"2268",158223996,47.3115401667,-122.1758247266,"","King"
"2269",158228821,47.3114343915,-122.1761455374,"Auburn City Limits","King"
"2270",158233917,47.3152458812,-122.1747560807,"Auburn City Limits","King"
"2271",158237322,47.3113549431,-122.1771481211,"Auburn City Limits","King"
"2272",158240520,47.311221009,-122.1774525646,"Auburn City Limits","King"
"2273",158245774,47.3185921192,-122.1730096483,"Auburn City Limits","King"
"2274",158246924,47.3155045933,-122.1751265285,"Auburn City Limits","King"
"2275",158250305,47.3105044187,-122.1784730988,"Auburn City Limits","King"
"2276",158256035,47.3106631508,-122.1791468458,"Auburn City Limits","King"
"2277",158259385,47.3166588204,-122.1745831119,"Auburn City Limits","King"
"2278",158840885,47.6322216667,-122.3129583333,"","King"
"2279",158930709,47.3061767263,-122.1826363779,"","King"
"2280",158940753,47.306735,-122.184665,"","King"
"2281",158945033,47.307024,-122.188369,"","King"
"2282",158948236,47.306907,-122.188379,"","King"
"2283",158953549,47.30669,-122.188172,"","King"
"2284",158958228,47.309743,-122.185312,"Auburn City Limits","King"
"2285",158961092,47.310073,-122.185206,"Auburn City Limits","King"
"2286",158964173,47.310275,-122.185115,"Auburn City Limits","King"
"2287",158966549,47.310236,-122.185251,"Auburn City Limits","King"
"2288",158972834,49.9094697349,-116.9226786867,"","Central Kootenay"
"2289",158973889,49.9093147063,-116.9247939438,"","Central Kootenay"
"2290",159322238,49.2559462997,-122.8348816997,"","Greater Vancouver"
"2291",159467574,47.6493428261,-122.1894118312,"","King"
"2292",159468049,47.6493769837,-122.1894145839,"","King"
"2293",159468687,47.6493088444,-122.1893227096,"","King"
"2294",159469256,47.6493734768,-122.1894883005,"","King"
"2295",160794304,47.2301883333,-122.4254833333,"Tacoma","Pierce"
"2296",160794563,47.230275,-122.4256883333,"Tacoma","Pierce"
"2297",160794677,47.230225,-122.4256533333,"Tacoma","Pierce"
"2298",160795203,47.2304166667,-122.4255,"Tacoma","Pierce"
"2299",160795365,47.23035,-122.4257283333,"Tacoma","Pierce"
"2300",161291691,47.5306798319,-122.0194959576,"Issaquah City Limits","King"
"2301",161328841,47.3118677778,-122.1762404722,"Auburn City Limits","King"
"2302",161329638,47.311807,-122.17618,"Auburn City Limits","King"
"2303",161330225,47.31190611,-122.1764927,"Auburn City Limits","King"
"2304",161330843,47.31187927,-122.1762975,"Auburn City Limits","King"
"2305",161331379,47.31176,-122.176,"Auburn City Limits","King"
"2306",161331832,47.31169,-122.176,"Auburn City Limits","King"
"2307",161332165,47.31184,-122.176,"Auburn City Limits","King"
"2308",161332655,47.31213,-122.176,"Auburn City Limits","King"
"2309",161457630,48.040545,-122.126728,"","Snohomish"
"2310",164061864,45.2766719997,-121.9405727,"","Clackamas"
"2311",164065210,45.2763401997,-121.9406175997,"","Clackamas"
"2312",165330448,45.480626,-122.716516,"Portland","Multnomah"
"2313",165657612,45.0512981997,-122.4901358,"","Clackamas"
"2314",165658384,45.0513952,-122.4902668,"","Clackamas"
"2315",165659040,45.0512991,-122.4902079,"","Clackamas"
"2316",165987599,45.2991458997,-122.8016733997,"","Clackamas"
"2317",165987664,47.678004586,-122.2660817856,"","King"
"2318",165988486,47.6766954595,-122.2665349975,"","King"
"2319",165989388,45.3895109179,-122.6576335024,"","Clackamas"
"2320",166153462,47.2723883333,-122.4699166667,"Tacoma","Pierce"
"2321",166308069,47.6771800031,-122.2610166667,"","King"
"2322",166308590,47.6774950031,-122.2609783333,"","King"
"2323",167914074,47.6758442405,-122.2526652355,"","King"
"2324",168603217,47.2978583333,-122.5196833333,"Tacoma","Pierce"
"2325",168603353,47.2974366667,-122.5197666667,"Tacoma","Pierce"
"2326",168603435,47.2968866667,-122.5195533333,"Tacoma","Pierce"
"2327",168749668,47.45178,-122.01264445,"","King"
"2328",168752490,47.45187,-122.0126583333,"","King"
"2329",168754876,47.4536283333,-122.0121083333,"","King"
"2330",168771226,47.4534216667,-122.01179445,"","King"
"2331",168931798,47.5424166667,-122.002875,"Issaquah City Limits","King"
"2332",169062628,47.6754112227,-122.2537862972,"","King"
"2333",169659692,47.2374623051,-122.4652746886,"Tacoma","Pierce"
"2334",169697499,47.3039999706,-122.5157992914,"Tacoma","Pierce"
"2335",173426760,49.1301472222,-122.842025,"","Greater Vancouver"
"2336",173958029,47.6505460952,-122.1906015243,"","King"
"2337",173958399,47.6505693111,-122.1905695963,"","King"
"2338",173962988,45.2999835,-122.7513648,"","Clackamas"
"2339",174033187,46.9271616667,-113.7583166667,"","Missoula"
"2340",174154735,45.519732372,-122.7189810304,"Portland","Multnomah"
"2341",174162697,45.5180467424,-122.7171811775,"Portland","Multnomah"
"2342",174165643,45.5177040443,-122.7178152499,"Portland","Multnomah"
"2343",174166337,45.5183075973,-122.7164001264,"Portland","Multnomah"
"2344",174552745,47.6529532,-121.7959775,"","King"
"2345",178155830,48.774576,-123.3703119997,"","Capital"
"2346",178155930,48.774576,-123.3703119997,"","Capital"
"2347",179789621,47.6022777778,-121.9011305556,"","King"
"2348",179876530,47.43077986,-121.95363841,"","King"
"2349",182681390,47.7610777921,-122.5883657891,"","Kitsap"
"2350",182900003,49.270265,-125.18,"","Alberni-Clayoquot"
"2351",183004876,45.4663302843,-122.6713767183,"Portland","Multnomah"
"2352",183005906,49.27388,-125.1818983333,"","Alberni-Clayoquot"
"2353",183007814,45.4764749855,-122.6709163842,"Portland","Multnomah"
"2354",183119583,45.5139762725,-122.7195683335,"Portland","Multnomah"
"2355",183123448,45.5138311582,-122.7194655408,"Portland","Multnomah"
"2356",183134544,45.5139342556,-122.7194648703,"Portland","Multnomah"
"2357",183161129,45.5133736739,-122.7193502897,"Portland","Multnomah"
"2358",183166228,45.513696,-122.719527,"Portland","Multnomah"
"2359",183168711,47.431617,-122.081121,"","King"
"2360",183389876,45.517575,-122.7178416667,"Portland","Multnomah"
"2361",183394876,45.5176083333,-122.7187616667,"Portland","Multnomah"
"2362",183401896,45.5176033333,-122.71872,"Portland","Multnomah"
"2363",183630907,45.4110118541,-122.6606231555,"","Clackamas"
"2364",183886955,45.5175883333,-122.7186716667,"Portland","Multnomah"
"2365",184168195,45.5168113772,-122.7180116787,"Portland","Multnomah"
"2366",184221787,45.5170616667,-122.717905,"Portland","Multnomah"
"2367",184392340,45.48627786,-122.65024901,"Portland","Multnomah"
"2368",184395159,45.48557626,-122.65019967,"Portland","Multnomah"
"2369",184409219,NA,NA,"",""
"2370",184409331,NA,NA,"",""
"2371",184427581,45.51676243,-122.7182024,"Portland","Multnomah"
"2372",184466110,45.5175308945,-122.7175732323,"Portland","Multnomah"
"2373",184554137,45.5136008157,-122.7194363896,"Portland","Multnomah"
"2374",184625581,45.51818,-122.7166283333,"Portland","Multnomah"
"2375",185100460,48.791835,-125.1153233333,"","Alberni-Clayoquot"
"2376",185160072,45.5171697223,-122.7144249945,"Portland","Multnomah"
"2377",185167024,45.5158898717,-122.718338504,"Portland","Multnomah"
"2378",185184513,45.5137133333,-122.71962,"Portland","Multnomah"
"2379",185186534,45.513245,-122.7195133333,"Portland","Multnomah"
"2380",185237466,45.51794,-122.713297,"Portland","Multnomah"
"2381",185337032,45.511204702,-122.7188462762,"Portland","Multnomah"
"2382",185338518,45.511103967,-122.7186582641,"Portland","Multnomah"
"2383",185340693,45.5112659187,-122.719607195,"Portland","Multnomah"
"2384",185342906,45.5111757713,-122.7195981425,"Portland","Multnomah"
"2385",185343834,45.5113575748,-122.7194665467,"Portland","Multnomah"
"2386",185374900,45.5190353227,-122.7091478803,"Portland","Multnomah"
"2387",185375548,45.5174027404,-122.7155792832,"Portland","Multnomah"
"2388",185523701,45.5167083333,-122.7146916667,"Portland","Multnomah"
"2389",185525872,45.5174366667,-122.7190466667,"Portland","Multnomah"
"2390",185526027,45.5175216667,-122.7189033333,"Portland","Multnomah"
"2391",185526479,45.51693,-122.7179716667,"Portland","Multnomah"
"2392",185647178,45.516461,-122.713987,"Portland","Multnomah"
"2393",185648242,45.51654,-122.714853,"Portland","Multnomah"
"2394",185648954,45.516504,-122.714723,"Portland","Multnomah"
"2395",185649594,45.516441,-122.714718,"Portland","Multnomah"
"2396",185650018,45.516193,-122.714558,"Portland","Multnomah"
"2397",185686562,45.4762138889,-122.5555444444,"Portland","Multnomah"
"2398",185781933,45.5116508807,-122.7180972028,"Portland","Multnomah"
"2399",185782730,45.5108224171,-122.7173513513,"Portland","Multnomah"
"2400",185786308,45.5113926595,-122.7161169943,"Portland","Multnomah"
"2401",185790836,45.5131891816,-122.7142801571,"Portland","Multnomah"
"2402",185791192,45.5131633382,-122.7142777717,"Portland","Multnomah"
"2403",185793808,45.5143479912,-122.7159150185,"Portland","Multnomah"
"2404",186050708,45.5195552271,-122.7188610649,"Portland","Multnomah"
"2405",186051285,45.5177024605,-122.716651363,"Portland","Multnomah"
"2406",186051779,45.5188163702,-122.7182070296,"Portland","Multnomah"
"2407",186208125,47.6980784238,-122.0836497967,"Redmond City Limits","King"
"2408",186250051,NA,NA,"",""
"2409",186250875,45.2466144997,-122.5247173,"","Clackamas"
"2410",186789764,47.1844583333,-122.3467466667,"","Pierce"
"2411",187665073,45.5750138,-122.6486742,"Portland","Multnomah"
"2412",187674196,45.5166416667,-122.71805,"Portland","Multnomah"
"2413",187674335,45.5165183333,-122.7179666667,"Portland","Multnomah"
"2414",187674701,45.5170516667,-122.7178233333,"Portland","Multnomah"
"2415",187682549,45.5168333333,-122.7175933333,"Portland","Multnomah"
"2416",187848837,45.4972843821,-121.8187692686,"","Hood River"
"2417",187849670,45.4969504317,-121.8189458908,"","Hood River"
"2418",187955552,48.66949811,-113.61161402,"","Glacier"
"2419",188221281,48.1437555,-123.18628,"","Clallam"
"2420",188303146,45.481643052,-122.6507481097,"Portland","Multnomah"
"2421",188306469,45.4675183353,-122.6569828951,"Portland","Multnomah"
"2422",188309432,45.4606298828,-122.6431666276,"Portland","Multnomah"
"2423",188311655,45.4611823708,-122.6329420042,"","Clackamas"
"2424",188315192,45.4800195247,-122.6217151993,"Portland","Multnomah"
"2425",188318031,45.4856416444,-122.6237036382,"Portland","Multnomah"
"2426",188319712,45.4945129669,-122.6246962232,"Portland","Multnomah"
"2427",188426458,45.5007955805,-122.6817015466,"Portland","Multnomah"
"2428",188429206,45.5249333333,-122.635595,"Portland","Multnomah"
"2429",188430346,45.5253616667,-122.6358533333,"Portland","Multnomah"
"2430",188431243,45.5248288232,-122.63604273,"Portland","Multnomah"
"2431",188432780,45.5272450663,-122.6319681217,"Portland","Multnomah"
"2432",188728242,47.6799537467,-122.3810773666,"","King"
"2433",188731966,47.6794608854,-122.3833866632,"","King"
"2434",188732200,47.6795230872,-122.3834429326,"","King"
"2435",188945324,47.6833137853,-122.3762761211,"","King"
"2436",189035221,47.6898845633,-122.3665791856,"","King"
"2437",189149330,45.4866847303,-122.6149902308,"Portland","Multnomah"
"2438",189151463,45.477645,-122.613955,"Portland","Multnomah"
"2439",189151698,45.477722548,-122.6139551495,"Portland","Multnomah"
"2440",189152210,45.4739783333,-122.6134833333,"Portland","Multnomah"
"2441",189153982,45.4648666667,-122.604685,"Portland","Multnomah"
"2442",189155601,45.47177,-122.59955,"Portland","Multnomah"
"2443",189156214,45.4730733333,-122.5981716667,"Portland","Multnomah"
"2444",189157578,45.481025,-122.59507,"Portland","Multnomah"
"2445",189159929,45.473025,-122.5912716667,"Portland","Multnomah"
"2446",189160946,45.4735466667,-122.5905883333,"Portland","Multnomah"
"2447",189163248,45.4671316667,-122.55933,"Portland","Multnomah"
"2448",189164496,45.4640716667,-122.57147,"Portland","Multnomah"
"2449",189282484,45.5200652289,-122.5974399836,"Portland","Multnomah"
"2450",189283852,45.528205702,-122.5925142743,"Portland","Multnomah"
"2451",189285312,45.5250408802,-122.602434373,"Portland","Multnomah"
"2452",189286484,45.5264445143,-122.5990249692,"Portland","Multnomah"
"2453",189287845,45.5294497882,-122.6207769104,"Portland","Multnomah"
"2454",189288805,45.5291170647,-122.6109139502,"Portland","Multnomah"
"2455",189376328,47.1617533797,-122.274059119,"Puyallup, WA","Pierce"
"2456",189503592,47.4863111104,-122.1646943462,"Renton City Limits","King"
"2457",189510924,47.24937927,-122.52555295,"Tacoma","Pierce"
"2458",189511721,47.2495116731,-122.52572,"Tacoma","Pierce"
"2459",189511775,47.249425,-122.52558,"Tacoma","Pierce"
"2460",189511919,47.24949026,-122.52560397,"Tacoma","Pierce"
"2461",189512693,47.2494666667,-122.52562,"Tacoma","Pierce"
"2462",189512849,NA,NA,"",""
"2463",189595090,45.5202237779,-122.6664966284,"Portland","Multnomah"
"2464",189894593,45.4964459963,-122.4989685109,"Portland","Multnomah"
"2465",189895335,45.4968217775,-122.5101504463,"Portland","Multnomah"
"2466",189897121,45.505102813,-122.5608730089,"Portland","Multnomah"
"2467",189899044,45.4932966131,-122.4847320256,"Portland","Multnomah"
"2468",189900591,45.4859519572,-122.5341524749,"Portland","Multnomah"
"2469",189901728,45.4933158648,-122.5597648673,"Portland","Multnomah"
"2470",189902753,45.518464709,-122.5428497573,"Portland","Multnomah"
"2471",189903234,45.5132476695,-122.5437592261,"Portland","Multnomah"
"2472",189904007,45.5091215077,-122.5350054713,"Portland","Multnomah"
"2473",190351099,45.5137538041,-122.6682883838,"Portland","Multnomah"
"2474",190352018,45.5150478753,-122.6680021641,"Portland","Multnomah"
"2475",190421085,45.4694322233,-122.7434313466,"Portland","Multnomah"
"2476",190422338,45.4823146275,-122.7085913503,"Portland","Multnomah"
"2477",190437071,45.3097411904,-121.823487518,"","Clackamas"
"2478",190437606,45.5594533333,-122.595305,"Portland","Multnomah"
"2479",190438768,45.5590166667,-122.594895,"Portland","Multnomah"
"2480",190440100,45.5591283333,-122.59378,"Portland","Multnomah"
"2481",190457933,45.4763366667,-122.6853116667,"Portland","Multnomah"
"2482",190459742,45.4815666667,-122.6977783333,"Portland","Multnomah"
"2483",190460000,45.4814633333,-122.6987533333,"Portland","Multnomah"
"2484",190462888,45.4783783333,-122.688545,"Portland","Multnomah"
"2485",190462995,45.4782866667,-122.6882783333,"Portland","Multnomah"
"2486",190505451,45.5123150396,-122.6882739646,"Portland","Multnomah"
"2487",190531459,45.4770783333,-122.687195,"Portland","Multnomah"
"2488",190973252,49.3177145663,-123.1057865969,"","Greater Vancouver"
"2489",191027609,45.4723057342,-122.6784873964,"Portland","Multnomah"
"2490",191139168,49.3342216667,-123.097375,"","Greater Vancouver"
"2491",191202735,45.5561407369,-122.5639316143,"Portland","Multnomah"
"2492",191204889,45.5484901465,-122.5517060576,"Portland","Multnomah"
"2493",191206427,45.5370671835,-122.5406841521,"Portland","Multnomah"
"2494",191207255,45.5402726145,-122.5556433545,"Portland","Multnomah"
"2495",191208171,45.5379038709,-122.5422329047,"Portland","Multnomah"
"2496",191210073,45.5443286496,-122.4932785237,"Portland","Multnomah"
"2497",191210850,45.5455580702,-122.493753459,"Portland","Multnomah"
"2498",191211311,45.5457157573,-122.4941289433,"Portland","Multnomah"
"2499",191211771,45.5455098509,-122.4942994633,"Portland","Multnomah"
"2500",191214590,45.5632883333,-122.6404283333,"Portland","Multnomah"
"2501",191215334,45.49612246,-122.60450322,"Portland","Multnomah"
"2502",191216774,45.54902,-122.6443633333,"Portland","Multnomah"
"2503",191218932,45.5518116667,-122.6444866667,"Portland","Multnomah"
"2504",191220301,45.5107882862,-122.6773103563,"Portland","Multnomah"
"2505",191291194,45.49571607,-122.59735552,"Portland","Multnomah"
"2506",191292702,45.49933719,-122.57819865,"Portland","Multnomah"
"2507",191294337,45.50301032,-122.57291279,"Portland","Multnomah"
"2508",191295547,45.49417455,-122.56723253,"Portland","Multnomah"
"2509",191299010,45.51419023,-122.57604332,"Portland","Multnomah"
"2510",191301185,45.51976014,-122.57294745,"Portland","Multnomah"
"2511",191307148,45.55827,-122.6271283333,"Portland","Multnomah"
"2512",191308204,45.5583,-122.626945,"Portland","Multnomah"
"2513",191426207,45.5193519935,-122.6667115767,"Portland","Multnomah"
"2514",191430342,45.4796133333,-122.6877833333,"Portland","Multnomah"
"2515",191560738,45.5582502855,-122.7753273933,"","Clackamas"
"2516",191616282,45.555295,-122.6264883333,"Portland","Multnomah"
"2517",191617260,45.55537,-122.6266866667,"Portland","Multnomah"
"2518",191619039,45.54052,-122.6220166667,"Portland","Multnomah"
"2519",191621640,45.549595,-122.6557466667,"Portland","Multnomah"
"2520",191623388,45.4999326636,-122.6893786156,"Portland","Multnomah"
"2521",191625420,45.5026370008,-122.6921857988,"Portland","Multnomah"
"2522",191797807,49.3344716667,-123.0931638333,"","Greater Vancouver"
"2523",191800688,49.3349416667,-123.0935666667,"","Greater Vancouver"
"2524",191959349,47.6181833333,-122.3545616667,"","King"
"2525",192101081,45.5917734529,-122.7220849378,"Portland","Multnomah"
"2526",192101768,45.5918561563,-122.7221746969,"Portland","Multnomah"
"2527",192103152,45.5847240597,-122.7278310091,"Portland","Multnomah"
"2528",192162928,45.3023533943,-121.7949650065,"","Clackamas"
"2529",192382107,45.51019932,-122.61310711,"Portland","Multnomah"
"2530",192384390,45.50897115,-122.61319163,"Portland","Multnomah"
"2531",192429083,47.6560055556,-121.9973777778,"","King"
"2532",192429225,47.6560055556,-121.9973777778,"","King"
"2533",192429291,47.6575555556,-122.010625,"","King"
"2534",192481609,47.555695,-122.24855,"","King"
"2535",192516128,48.91763,-122.2532116667,"","Whatcom"
"2536",192516610,48.9175833333,-122.2531533333,"","Whatcom"
"2537",192518265,48.916275,-122.2492616667,"","Whatcom"
"2538",192587063,45.4975882484,-122.6931283425,"Portland","Multnomah"
"2539",192587853,45.4976598899,-122.6909600571,"Portland","Multnomah"
"2540",192588906,45.5111639492,-122.6961739179,"Portland","Multnomah"
"2541",192591015,45.5240577922,-122.6857852507,"Portland","Multnomah"
"2542",192591421,45.5242712191,-122.6860741748,"Portland","Multnomah"
"2543",192592689,45.5304130725,-122.7151698804,"Portland","Multnomah"
"2544",192658161,45.5180768264,-122.6954955754,"Portland","Multnomah"
"2545",193457566,44.938132,-123.8473014,"","Lincoln"
"2546",193743765,45.501389,-122.845611,"","Washington"
"2547",193961691,47.51124853,-122.50878236,"","Kitsap"
"2548",193961904,47.51126926,-122.50867391,"","Kitsap"
"2549",193962168,47.51130418,-122.50846886,"","Kitsap"
"2550",193962206,47.51130583,-122.50859777,"","Kitsap"
"2551",194142728,45.59045,-122.716658,"Portland","Multnomah"
"2552",194463439,45.5726916667,-122.6116033333,"Portland","Multnomah"
"2553",195115893,45.5037386343,-122.6822652296,"Portland","Multnomah"
"2554",195301910,47.3754222222,-121.8752333333,"","King"
"2555",195305815,47.6751018126,-122.2668011935,"","King"
"2556",195702615,45.5035883333,-122.68283,"Portland","Multnomah"
"2557",196074203,47.452945602,-121.9896994773,"","King"
"2558",196078203,47.4466077366,-122.0077967492,"","King"
"2559",196085104,47.4516437743,-122.011914844,"","King"
"2560",197019062,47.6747800031,-122.2540283333,"","King"
"2561",197090721,47.6891991097,-122.2650985325,"","King"
"2562",197091634,47.3260484,-122.1789434,"Auburn City Limits","King"
"2563",197162805,45.5872466667,-122.7022166667,"Portland","Multnomah"
"2564",197627829,49.3513912,-123.2213995,"","Greater Vancouver"
"2565",197913378,45.3088616667,-121.7405916667,"","Clackamas"
"2566",197934255,47.6759309449,-122.2605801377,"","King"
"2567",198350046,49.3159154,-123.1022399997,"","Greater Vancouver"
"2568",198453537,49.3250971,-123.088902,"","Greater Vancouver"
"2569",198453659,49.3252779,-123.0868916997,"","Greater Vancouver"
"2570",200660595,47.2925363901,-122.5151285717,"Tacoma","Pierce"
"2571",200660686,47.2909656214,-122.5122513996,"Tacoma","Pierce"
"2572",200660773,47.2908785753,-122.5122669061,"Tacoma","Pierce"
"2573",200661034,47.2909414396,-122.5121996832,"Tacoma","Pierce"
"2574",200661067,47.2910325928,-122.512317449,"Tacoma","Pierce"
"2575",200661209,47.2931228299,-122.5044988935,"Tacoma","Pierce"
"2576",200661364,47.2907734663,-122.5121491404,"Tacoma","Pierce"
"2577",200661383,47.2930666293,-122.5072494989,"Tacoma","Pierce"
"2578",200661518,47.2898462601,-122.5119685942,"Tacoma","Pierce"
"2579",200661569,47.2890346726,-122.5044700824,"Tacoma","Pierce"
"2580",200661590,47.2924088428,-122.5158480898,"Tacoma","Pierce"
"2581",200661817,47.2895657679,-122.5123915713,"Tacoma","Pierce"
"2582",200662142,47.2895405721,-122.5123500546,"Tacoma","Pierce"
"2583",200662230,47.2987146948,-122.5127270486,"","Pierce"
"2584",200663155,47.2890364007,-122.5092034881,"Tacoma","Pierce"
"2585",200663264,47.2964073069,-122.5150908121,"","Pierce"
"2586",200663288,47.2881284729,-122.5125062094,"Tacoma","Pierce"
"2587",200663314,47.29641267,-122.5150192812,"","Pierce"
"2588",200664110,47.2908415692,-122.5125250687,"Tacoma","Pierce"
"2589",200664192,47.2900169995,-122.5077373256,"Tacoma","Pierce"
"2590",200664262,47.291853726,-122.498373231,"Tacoma","Pierce"
"2591",200665533,47.2863824212,-122.517463015,"Tacoma","Pierce"
"2592",200665582,47.2864853684,-122.5209886954,"Tacoma","Pierce"
"2593",200666651,47.2908137413,-122.512595812,"Tacoma","Pierce"
"2594",200666953,47.2792230898,-122.5163481756,"Tacoma","Pierce"
"2595",200667030,47.2850465376,-122.5167413674,"Tacoma","Pierce"
"2596",200667269,47.2790116667,-122.51583,"Tacoma","Pierce"
"2597",200667447,47.2787485867,-122.5160062659,"Tacoma","Pierce"
"2598",200667825,47.2872647597,-122.521631336,"Tacoma","Pierce"
"2599",200668173,47.2885304977,-122.5238872834,"Tacoma","Pierce"
"2600",200670074,47.2822543933,-122.5037078095,"Tacoma","Pierce"
"2601",200670312,47.2840146846,-122.5012790819,"Tacoma","Pierce"
"2602",200671758,47.288065902,-122.4943173957,"Tacoma","Pierce"
"2603",200671849,47.2837873048,-122.5025968602,"Tacoma","Pierce"
"2604",200672406,47.2808093173,-122.5011173751,"Tacoma","Pierce"
"2605",200672466,47.2981194997,-122.5199568076,"Tacoma","Pierce"
"2606",200673664,47.2894030697,-122.5012139085,"Tacoma","Pierce"
"2607",200673716,47.2887142618,-122.4959167235,"Tacoma","Pierce"
"2608",200851551,45.5233624718,-122.700883113,"Portland","Multnomah"
"2609",200967210,48.1485722222,-123.8247916667,"","Clallam"
"2610",201179595,47.263825718,-122.5424127413,"Tacoma","Pierce"
"2611",201180151,47.2617167275,-122.5399086273,"Tacoma","Pierce"
"2612",201225674,NA,NA,"",""
"2613",201712657,45.4283439053,-122.5467959046,"","Clackamas"
"2614",203038552,47.1991,-122.44899,"Tacoma","Pierce"
"2615",206896529,45.3843105997,-122.740446,"","Clackamas"
"2616",212412121,47.6645600789,-122.2712476442,"","King"
"2617",212428221,49.1110388889,-122.7698888889,"","Greater Vancouver"
"2618",214021115,47.3030092009,-122.5294234884,"Tacoma","Pierce"
"2619",214025429,47.3038466667,-122.5330666667,"Tacoma","Pierce"
"2620",214027782,47.3036648197,-122.5328595804,"Tacoma","Pierce"
"2621",214066568,47.2494286811,-122.5255851635,"Tacoma","Pierce"
"2622",214067701,47.24947818,-122.52592904,"Tacoma","Pierce"
"2623",214068412,47.2493486638,-122.5256022131,"Tacoma","Pierce"
"2624",214068497,47.2337124915,-122.5095287957,"","Pierce"
"2625",214069454,47.2494272,-122.52574222,"Tacoma","Pierce"
"2626",214069602,47.2493673541,-122.5256009703,"Tacoma","Pierce"
"2627",214069634,47.2494160249,-122.5258934603,"Tacoma","Pierce"
"2628",214069818,47.249375,-122.5256666667,"Tacoma","Pierce"
"2629",214069888,47.2494966667,-122.5260083333,"Tacoma","Pierce"
"2630",214070126,47.24948,-122.5255666667,"Tacoma","Pierce"
"2631",214070394,47.24946846,-122.52568635,"Tacoma","Pierce"
"2632",214071025,47.2494,-122.5258466667,"Tacoma","Pierce"
"2633",214071052,47.249518845,-122.5263109793,"Tacoma","Pierce"
"2634",214075180,47.249405,-122.5256366667,"Tacoma","Pierce"
"2635",214075194,47.2494616667,-122.525755,"Tacoma","Pierce"
"2636",214097686,47.24936722,-122.52570859,"Tacoma","Pierce"
"2637",214452903,45.317249042,-122.6637505275,"","Clackamas"
"2638",217719394,47.0014138883,-122.3600616667,"","Pierce"
"2639",218043688,53.68236791,-132.97513524,"","Skeena-Queen Charlotte"
"2640",218043726,53.6825269,-132.97539985,"","Skeena-Queen Charlotte"
"2641",218944053,50.172985,-125.301689,"","Comox-Strathcona"
"2642",219117067,47.0530183521,-122.9558058736,"","Thurston"
"2643",219380095,45.4812616149,-122.7156050876,"Portland","Multnomah"
"2644",220789800,47.0320888889,-122.9466777778,"","Thurston"
"2645",220799727,47.0326791581,-122.9480355397,"","Thurston"
"2646",220800065,47.0330386086,-122.9481535397,"","Thurston"
"2647",221214435,47.25408,-122.4813833333,"Tacoma","Pierce"
"2648",221941207,45.51901619,-122.71947077,"Portland","Multnomah"
"2649",224108053,45.510136,-122.941801,"","Washington"
"2650",225844182,48.7603166997,-123.4772504997,"","Capital"
"2651",225844305,48.7603167997,-123.4772495997,"","Capital"
"2652",226295571,48.4216759153,-122.5955453537,"","Skagit"
"2653",226997307,47.3517116667,-122.2813866667,"","King"
"2654",227005279,47.3856083333,-122.262695,"Kent City Limits","King"
"2655",227005624,47.371595,-122.2837916667,"Kent City Limits","King"
"2656",227193562,47.4413444119,-122.2253439417,"Renton City Limits","King"
"2657",227200283,47.4413547518,-122.2253774763,"Renton City Limits","King"
"2658",227200477,47.4413416667,-122.224395,"Renton City Limits","King"
"2659",227332445,47.3066783333,-122.5191633333,"Tacoma","Pierce"
"2660",227337280,47.3084216667,-122.5242116667,"Tacoma","Pierce"
"2661",227338181,47.2828,-122.2091216667,"Auburn City Limits","King"
"2662",227339139,47.3098883333,-122.5294,"Tacoma","Pierce"
"2663",227365871,47.30997,-122.5320416667,"Tacoma","Pierce"
"2664",227366134,47.310855,-122.5335916667,"Tacoma","Pierce"
"2665",227366298,47.3108283333,-122.5342866667,"Tacoma","Pierce"
"2666",227377076,47.3735366667,-122.322175,"Des Moines City Limits","King"
"2667",227385087,47.5777015978,-122.4022601414,"","King"
"2668",227385879,47.5774927129,-122.4022277776,"","King"
"2669",227387405,47.577131568,-122.4017956212,"","King"
"2670",227387833,47.5770020558,-122.4017635705,"","King"
"2671",227389557,47.5768400678,-122.4016736378,"","King"
"2672",227390692,47.5766515914,-122.4014498386,"","King"
"2673",227393575,47.5765427454,-122.4026013043,"","King"
"2674",227425085,47.3697616667,-122.2921366667,"Kent City Limits","King"
"2675",227432795,47.36208,-122.2908633333,"Kent City Limits","King"
"2676",227433534,47.36205,-122.290725,"Kent City Limits","King"
"2677",227913936,47.67817,-122.6894216667,"","Kitsap"
"2678",227914137,47.67822,-122.689475,"","Kitsap"
"2679",228052370,47.3622583333,-122.2909466667,"Kent City Limits","King"
"2680",228934321,44.0472333333,-124.0974055,"","Lane"
"2681",229095302,45.5195311868,-122.7191094259,"Portland","Multnomah"
"2682",229099275,45.5183836524,-122.7163624953,"Portland","Multnomah"
"2683",229106901,45.5180512791,-122.7171663921,"Portland","Multnomah"
"2684",229310488,47.248216,-122.550315,"Tacoma","Pierce"
"2685",229633066,48.7511959136,-122.4262031279,"Bellingham, Washington, USA","Whatcom"
"2686",229725691,47.2793833333,-122.2020866667,"Auburn City Limits","King"
"2687",229809729,47.3040383333,-122.5167033333,"Tacoma","Pierce"
"2688",230180773,47.4891583333,-122.3180783333,"Burien City Limits","King"
"2689",230181144,47.5104966667,-122.34365,"","King"
"2690",230182792,47.51028,-122.3432166667,"","King"
"2691",230183697,47.510205,-122.3432,"","King"
"2692",230185019,47.5102116667,-122.3431866667,"","King"
"2693",230188821,47.5112283333,-122.3444666667,"","King"
"2694",230366011,47.4040416667,-122.2713866667,"Kent City Limits","King"
"2695",230366358,47.4040033333,-122.2713383333,"Kent City Limits","King"
"2696",230367000,47.4045716667,-122.2722383333,"Kent City Limits","King"
"2697",230367986,47.404525,-122.2724133333,"Kent City Limits","King"
"2698",230369927,47.4050616667,-122.2718366667,"Kent City Limits","King"
"2699",230370265,47.40522,-122.27163,"Kent City Limits","King"
"2700",230411520,47.318475,-122.4131916667,"","King"
"2701",230414153,47.3186866667,-122.413605,"","King"
"2702",230415574,47.3183216667,-122.4135883333,"","King"
"2703",230415732,47.318755,-122.4130083333,"","King"
"2704",230415773,47.3192333333,-122.4136116667,"","King"
"2705",230575528,47.3199,-122.414025,"","King"
"2706",230586240,47.296673,-122.403109,"Tacoma","Pierce"
"2707",230830560,47.21031,-122.405051,"Tacoma","Pierce"
"2708",230832679,47.210366,-122.405238,"Tacoma","Pierce"
"2709",230870949,47.209464,-122.406338,"Tacoma","Pierce"
"2710",230882068,47.208909,-122.406121,"Tacoma","Pierce"
"2711",231019033,47.536575,-122.0385445,"Issaquah City Limits","King"
"2712",231019221,47.5363716667,-122.0384666667,"Issaquah City Limits","King"
"2713",231019369,47.5352583333,-122.0419388333,"Issaquah City Limits","King"
"2714",231019667,47.53555,-122.0403361667,"Issaquah City Limits","King"
"2715",231019905,47.5355716667,-122.0412971667,"Issaquah City Limits","King"
"2716",231019972,47.5356116667,-122.0414583333,"Issaquah City Limits","King"
"2717",231647653,47.5880366667,-122.6434783333,"","Kitsap"
"2718",231648301,47.5882533333,-122.6434633333,"","Kitsap"
"2719",231648970,47.587925,-122.6437916667,"","Kitsap"
"2720",231649960,47.5860366667,-122.64425,"","Kitsap"
"2721",231942054,47.4052666667,-122.271645,"Kent City Limits","King"
"2722",231942135,47.3718133333,-122.283805,"Kent City Limits","King"
"2723",232946824,47.3050321036,-122.5176688441,"Tacoma","Pierce"
"2724",232990742,47.3046731763,-122.5163898804,"Tacoma","Pierce"
"2725",233571384,47.3042873203,-122.5170258955,"Tacoma","Pierce"
"2726",234382521,47.6624633333,-122.4162916667,"","King"
"2727",234382568,47.662495,-122.4162966667,"","King"
"2728",234382705,47.66335,-122.417,"","King"
"2729",234382971,47.6641116667,-122.4168383333,"","King"
"2730",234383167,47.6646416667,-122.4175333333,"","King"
"2731",234383222,47.66547,-122.4170216667,"","King"
"2732",234383272,47.6675916667,-122.41555,"","King"
"2733",234383730,47.667745,-122.4152,"","King"
"2734",234383858,47.66797,-122.4161133333,"","King"
"2735",234383996,47.668225,-122.4174333333,"","King"
"2736",234394642,47.3061065237,-122.5187528228,"Tacoma","Pierce"
"2737",234396069,47.5746033333,-122.63372,"","Kitsap"
"2738",234401098,47.3062313721,-122.5185747911,"Tacoma","Pierce"
"2739",234401211,47.3062351859,-122.5185093285,"Tacoma","Pierce"
"2740",234708244,47.6773560685,-122.2529639236,"","King"
"2741",234746725,47.227619,-122.443245,"Tacoma","Pierce"
"2742",234755859,47.30722,-122.3185966667,"","King"
"2743",234757274,47.3072366667,-122.3185883333,"","King"
"2744",234758330,47.307255,-122.318695,"","King"
"2745",234758638,47.3071966667,-122.31865,"","King"
"2746",234761532,47.307205,-122.31862,"","King"
"2747",234954018,47.3065083333,-122.5186916667,"Tacoma","Pierce"
"2748",234956011,47.3066328202,-122.5186798572,"Tacoma","Pierce"
"2749",234958919,47.3066904354,-122.5191071537,"Tacoma","Pierce"
"2750",234966967,47.3068652072,-122.5194951019,"Tacoma","Pierce"
"2751",235002390,47.1619392158,-122.2874516887,"Puyallup, WA","Pierce"
"2752",235758778,47.278105,-122.1973583333,"Auburn City Limits","King"
"2753",235759035,47.2785833333,-122.1969383333,"Auburn City Limits","King"
"2754",235759315,47.2788783333,-122.1964116667,"Auburn City Limits","King"
"2755",235759691,47.279295,-122.1967916667,"Auburn City Limits","King"
"2756",235760125,47.2794216667,-122.1965416667,"Auburn City Limits","King"
"2757",235760313,47.277375,-122.1996466667,"Auburn City Limits","King"
"2758",235760592,47.27758,-122.199455,"Auburn City Limits","King"
"2759",235760784,47.2789083333,-122.198975,"Auburn City Limits","King"
"2760",235761157,47.2789633333,-122.19905,"Auburn City Limits","King"
"2761",235761285,47.2759366667,-122.2021783333,"Auburn City Limits","King"
"2762",235966565,47.486825,-122.3112033333,"Seatac City Limits","King"
"2763",235967015,47.4867533333,-122.3112033333,"Seatac City Limits","King"
"2764",235967106,47.486775,-122.3112716667,"Seatac City Limits","King"
"2765",235967708,47.4867883333,-122.3113716667,"Seatac City Limits","King"
"2766",235968691,47.4870866667,-122.310905,"Seatac City Limits","King"
"2767",236326879,47.3054337921,-122.5190070459,"Tacoma","Pierce"
"2768",236329173,47.3051882023,-122.5188956504,"Tacoma","Pierce"
"2769",236351850,47.3053760827,-122.5188752824,"Tacoma","Pierce"
"2770",236351982,47.3052957422,-122.5189000928,"Tacoma","Pierce"
"2771",236352114,47.3052543131,-122.5189191713,"Tacoma","Pierce"
"2772",236352345,47.3051762064,-122.5188854176,"Tacoma","Pierce"
"2773",236352445,47.3050203131,-122.5188810659,"Tacoma","Pierce"
"2774",236352543,47.3049841531,-122.5188862627,"Tacoma","Pierce"
"2775",236352678,47.3049491131,-122.5189438463,"Tacoma","Pierce"
"2776",236352742,47.3050351531,-122.5187817403,"Tacoma","Pierce"
"2777",236352804,47.3050462631,-122.5187923853,"Tacoma","Pierce"
"2778",236352970,47.3045206331,-122.5187900384,"Tacoma","Pierce"
"2779",236353073,47.3042397531,-122.5188058802,"Tacoma","Pierce"
"2780",236353244,47.3036032331,-122.5187960734,"Tacoma","Pierce"
"2781",236656883,47.3754216667,-122.313745,"Des Moines City Limits","King"
"2782",236657061,47.3753133333,-122.3148583333,"Des Moines City Limits","King"
"2783",236657150,47.372525,-122.323555,"Des Moines City Limits","King"
"2784",236657246,47.373355,-122.3223716667,"Des Moines City Limits","King"
"2785",236657432,47.3739166667,-122.322425,"Des Moines City Limits","King"
"2786",236657743,47.375075,-122.32145,"Des Moines City Limits","King"
"2787",236657829,47.3754383333,-122.3202533333,"Des Moines City Limits","King"
"2788",236658107,47.3754166667,-122.318925,"Des Moines City Limits","King"
"2789",236658196,47.3757633333,-122.31533,"Des Moines City Limits","King"
"2790",236658279,47.3753883333,-122.318825,"Des Moines City Limits","King"
"2791",237141966,47.239331,-122.494356,"Tacoma","Pierce"
"2792",237145038,47.240881,-122.49483,"Tacoma","Pierce"
"2793",237352877,47.5566883333,-122.2480166667,"","King"
"2794",237353199,47.5558783333,-122.24755,"","King"
"2795",237353693,47.55517,-122.2472133333,"","King"
"2796",237354052,47.5541,-122.2468416667,"","King"
"2797",237354236,47.5538366667,-122.2467033333,"","King"
"2798",237354763,47.5530133333,-122.2466966667,"","King"
"2799",237354861,47.5525383333,-122.246825,"","King"
"2800",237356216,47.54932,-122.2522416667,"","King"
"2801",237356754,47.5493,-122.2529533333,"","King"
"2802",237356978,47.5491916667,-122.25408,"","King"
"2803",237909753,47.3091592094,-122.5240576433,"Tacoma","Pierce"
"2804",237918831,47.3096991231,-122.5272146719,"Tacoma","Pierce"
"2805",237923863,47.3104526873,-122.5290861503,"Tacoma","Pierce"
"2806",237927875,47.3089612367,-122.5307267866,"Tacoma","Pierce"
"2807",237931639,47.3087305431,-122.5311642232,"Tacoma","Pierce"
"2808",237935754,47.3084209218,-122.5312101913,"Tacoma","Pierce"
"2809",237937638,47.3101933522,-122.532474865,"Tacoma","Pierce"
"2810",237952977,47.3101429655,-122.5325768736,"Tacoma","Pierce"
"2811",237955035,47.3101055716,-122.5290866197,"Tacoma","Pierce"
"2812",237955164,47.3094083731,-122.5297470299,"Tacoma","Pierce"
"2813",237955236,47.3085012431,-122.5308679418,"Tacoma","Pierce"
"2814",237955393,47.3082695231,-122.5312070736,"Tacoma","Pierce"
"2815",237955519,47.3098711731,-122.5319642947,"Tacoma","Pierce"
"2816",237955596,47.3101027636,-122.5325035864,"Tacoma","Pierce"
"2817",238435912,47.65055,-122.19365,"","King"
"2818",238436589,47.64822,-122.1894383333,"","King"
"2819",238436723,47.6485366667,-122.1889883333,"","King"
"2820",238438159,47.6495783333,-122.18902,"","King"
"2821",238438676,47.65008,-122.1892616667,"","King"
"2822",238439117,47.6502833333,-122.190955,"","King"
"2823",238439354,47.6502116667,-122.1913,"","King"
"2824",238440013,47.6499283333,-122.1918116667,"","King"
"2825",238440537,47.6501166667,-122.1914666667,"","King"
"2826",238441046,47.65007,-122.193445,"","King"
"2827",238447663,47.3092165246,-122.5243525857,"Tacoma","Pierce"
"2828",238449375,47.3099279618,-122.5253924803,"Tacoma","Pierce"
"2829",238451883,47.3098813231,-122.526238298,"Tacoma","Pierce"
"2830",238455499,47.3085988431,-122.5247323049,"Tacoma","Pierce"
"2831",238457146,47.3077778264,-122.5251572551,"Tacoma","Pierce"
"2832",238460136,47.3074145631,-122.5259254667,"Tacoma","Pierce"
"2833",238462789,47.3072798177,-122.5260517001,"Tacoma","Pierce"
"2834",238464703,47.3065301531,-122.5280505313,"Tacoma","Pierce"
"2835",238475549,47.3073834647,-122.525992524,"Tacoma","Pierce"
"2836",238475681,47.3065858831,-122.5286475906,"Tacoma","Pierce"
"2837",238707094,47.3060531194,-122.5307584051,"Tacoma","Pierce"
"2838",239733594,47.1584058044,-122.2876553894,"Puyallup, WA","Pierce"
"2839",239734078,47.1584099293,-122.2875635401,"Puyallup, WA","Pierce"
"2840",239734595,47.1621426406,-122.2862888321,"Puyallup, WA","Pierce"
"2841",239735192,47.1609223259,-122.2877047974,"Puyallup, WA","Pierce"
"2842",239838989,47.1597679893,-122.2858242211,"Puyallup, WA","Pierce"
"2843",239840415,47.1590302471,-122.2854602336,"Puyallup, WA","Pierce"
"2844",240171708,47.3045034429,-122.5328697001,"Tacoma","Pierce"
"2845",240174445,47.3045232579,-122.5328653578,"Tacoma","Pierce"
"2846",240176472,47.3046305274,-122.5326490773,"Tacoma","Pierce"
"2847",240178374,47.304296263,-122.5326950815,"Tacoma","Pierce"
"2848",240179241,47.3043031153,-122.5325363596,"Tacoma","Pierce"
"2849",240180347,47.3040977587,-122.5324919355,"Tacoma","Pierce"
"2850",240181955,47.304143386,-122.5325482066,"Tacoma","Pierce"
"2851",240182877,47.3046512438,-122.5325879338,"Tacoma","Pierce"
"2852",240185426,47.3041823069,-122.5325692772,"Tacoma","Pierce"
"2853",240187568,47.3040514067,-122.5323567354,"Tacoma","Pierce"
"2854",240188509,47.303734638,-122.5327988411,"Tacoma","Pierce"
"2855",240188752,47.3039735714,-122.5325254897,"Tacoma","Pierce"
"2856",240192663,47.3042099986,-122.5328111704,"Tacoma","Pierce"
"2857",240192756,47.3040950632,-122.5325485158,"Tacoma","Pierce"
"2858",241912320,47.3042750875,-122.5332643034,"Tacoma","Pierce"
"2859",241913614,47.3039379015,-122.533310835,"Tacoma","Pierce"
"2860",241914631,47.3040606021,-122.5334054438,"Tacoma","Pierce"
"2861",241915784,47.3039986949,-122.5330630106,"Tacoma","Pierce"
"2862",241916881,47.303955392,-122.5331043174,"Tacoma","Pierce"
"2863",241917857,47.3038886721,-122.5331691933,"Tacoma","Pierce"
"2864",241920011,47.30378679,-122.533303639,"Tacoma","Pierce"
"2865",241921325,47.3038294168,-122.5329765914,"Tacoma","Pierce"
"2866",241922454,47.3038306728,-122.5327586594,"Tacoma","Pierce"
"2867",241923428,47.3038563873,-122.5327237277,"Tacoma","Pierce"
"2868",241924447,47.3037777788,-122.5327652711,"Tacoma","Pierce"
"2869",241925604,47.303661732,-122.5329146349,"Tacoma","Pierce"
"2870",241927524,47.3040760031,-122.5327599044,"Tacoma","Pierce"
"2871",241928137,47.3040301231,-122.5334755065,"Tacoma","Pierce"
"2872",241938355,47.3040733362,-122.5328351701,"Tacoma","Pierce"
"2873",242110641,47.3041464934,-122.5324798663,"Tacoma","Pierce"
"2874",242110760,47.3043435918,-122.5315724622,"","Pierce"
"2875",242110879,47.3041881168,-122.5327750731,"Tacoma","Pierce"
"2876",242186489,45.4932789412,-122.6987124515,"Portland","Multnomah"
"2877",242523646,47.3038966463,-122.5240282083,"Tacoma","Pierce"
"2878",242524986,47.3040473829,-122.5239400653,"Tacoma","Pierce"
"2879",242525399,47.304127105,-122.5241678729,"Tacoma","Pierce"
"2880",242528323,47.3040786731,-122.5239570992,"Tacoma","Pierce"
"2881",242529625,47.3042624908,-122.5239395919,"Tacoma","Pierce"
"2882",242530306,47.3041408331,-122.5239809324,"Tacoma","Pierce"
"2883",242530716,47.3041278984,-122.524228331,"Tacoma","Pierce"
"2884",242531816,47.3040904213,-122.5241245791,"Tacoma","Pierce"
"2885",242533133,47.3037659942,-122.5244042722,"Tacoma","Pierce"
"2886",242534084,47.3036921331,-122.5242078696,"Tacoma","Pierce"
"2887",242534641,47.3037935874,-122.5243185369,"Tacoma","Pierce"
"2888",242535874,47.303500479,-122.5241102993,"Tacoma","Pierce"
"2889",242537038,47.3035885672,-122.5240665706,"Tacoma","Pierce"
"2890",242539109,47.3036747824,-122.5240619331,"Tacoma","Pierce"
"2891",242540433,47.3033330531,-122.5242866114,"Tacoma","Pierce"
"2892",242541489,47.3034492059,-122.5240099821,"Tacoma","Pierce"
"2893",242541921,47.30330638,-122.5241818241,"Tacoma","Pierce"
"2894",242542100,47.3037491972,-122.5239928534,"Tacoma","Pierce"
"2895",242542571,47.3033608631,-122.5240886404,"Tacoma","Pierce"
"2896",242547345,47.3029182206,-122.5249033396,"Tacoma","Pierce"
"2897",242549073,47.3041174395,-122.5247836157,"Tacoma","Pierce"
"2898",242549868,47.3030499783,-122.5240480515,"Tacoma","Pierce"
"2899",242558967,47.3030352543,-122.5240807155,"Tacoma","Pierce"
"2900",242559078,47.3045735918,-122.5243023772,"Tacoma","Pierce"
"2901",243662613,47.3043502482,-122.5242911826,"Tacoma","Pierce"
"2902",243664542,47.3042984025,-122.5243951548,"Tacoma","Pierce"
"2903",243665705,47.3043126295,-122.5245169028,"Tacoma","Pierce"
"2904",243666470,47.304314735,-122.5245461638,"Tacoma","Pierce"
"2905",243669946,47.3050388831,-122.5241940788,"Tacoma","Pierce"
"2906",243671521,47.3053207831,-122.5236763188,"Tacoma","Pierce"
"2907",243674496,47.3052412831,-122.5230455671,"Tacoma","Pierce"
"2908",243677228,47.3054229731,-122.5231889446,"Tacoma","Pierce"
"2909",243678189,47.3042706871,-122.5246790283,"Tacoma","Pierce"
"2910",243680547,47.3042724894,-122.5247672056,"Tacoma","Pierce"
"2911",243680862,47.3053298411,-122.5232686518,"Tacoma","Pierce"
"2912",243681047,47.3054860631,-122.5232475036,"Tacoma","Pierce"
"2913",243681819,47.3059047845,-122.5234966322,"Tacoma","Pierce"
"2914",243681976,47.3055681863,-122.5240803445,"Tacoma","Pierce"
"2915",243700631,47.3062045264,-122.5238232052,"Tacoma","Pierce"
"2916",243702325,47.3088612831,-122.522580339,"Tacoma","Pierce"
"2917",243702631,47.3074044831,-122.5237198396,"Tacoma","Pierce"
"2918",243705213,47.3060504839,-122.5238254574,"Tacoma","Pierce"
"2919",243705929,47.3061096878,-122.523759422,"Tacoma","Pierce"
"2920",243706022,47.3087290732,-122.5225554237,"Tacoma","Pierce"
"2921",243722110,45.3082382027,-121.8378829492,"","Clackamas"
"2922",244211789,47.3043056414,-122.5240490311,"Tacoma","Pierce"
"2923",244211839,47.304061097,-122.5241816295,"Tacoma","Pierce"
"2924",244938596,45.4792833333,-122.6834416667,"Portland","Multnomah"
"2925",245641853,45.4915473792,-121.830053311,"","Hood River"
"2926",245644708,45.487666673,-121.8148883333,"","Hood River"
"2927",245825372,45.4778833333,-122.6708633333,"Portland","Multnomah"
"2928",245828842,45.4769044742,-122.6706139651,"Portland","Multnomah"
"2929",245832539,45.4762516667,-122.670105,"Portland","Multnomah"
"2930",245836790,45.4740708461,-122.6699766052,"Portland","Multnomah"
"2931",245839379,45.4716605461,-122.6705411264,"Portland","Multnomah"
"2932",245841492,45.4725249298,-122.6707778313,"Portland","Multnomah"
"2933",245843201,45.473084841,-122.6707852912,"Portland","Multnomah"
"2934",245845342,45.4740349297,-122.6706971136,"Portland","Multnomah"
"2935",245847341,45.4742896976,-122.6707397775,"Portland","Multnomah"
"2936",245849366,45.4757838557,-122.670918312,"Portland","Multnomah"
"2937",245850731,45.476881885,-122.6708800906,"Portland","Multnomah"
"2938",246007121,45.513875,-122.719702,"Portland","Multnomah"
"2939",246007626,45.513834,-122.71968,"Portland","Multnomah"
"2940",246014686,45.513696,-122.719527,"Portland","Multnomah"
"2941",246016361,45.513723,-122.719652,"Portland","Multnomah"
"2942",246020132,45.513537,-122.719606,"Portland","Multnomah"
"2943",246179666,46.5950423768,-122.9101353139,"","Lewis"
"2944",246354053,47.3035851676,-122.5254241854,"Tacoma","Pierce"
"2945",246355878,47.3037594431,-122.525760313,"Tacoma","Pierce"
"2946",246357329,47.3040010763,-122.5264915086,"Tacoma","Pierce"
"2947",246358840,47.3040059031,-122.5267278605,"Tacoma","Pierce"
"2948",246359662,47.3090102131,-122.5225497187,"Tacoma","Pierce"
"2949",246360574,47.3041436757,-122.5278266695,"Tacoma","Pierce"
"2950",246361705,47.3041642169,-122.5279228442,"Tacoma","Pierce"
"2951",246362055,47.3038538789,-122.5283090555,"Tacoma","Pierce"
"2952",246364151,47.3039050831,-122.5284605043,"Tacoma","Pierce"
"2953",246364393,47.3039102031,-122.5284343066,"Tacoma","Pierce"
"2954",246364959,47.3037906638,-122.5282103077,"Tacoma","Pierce"
"2955",246366970,47.3039230335,-122.5283631129,"Tacoma","Pierce"
"2956",246367279,47.3038664763,-122.5283616799,"Tacoma","Pierce"
"2957",246367411,47.3038155019,-122.5286541975,"Tacoma","Pierce"
"2958",246371320,47.3039749903,-122.5285156193,"Tacoma","Pierce"
"2959",246371533,47.3040266231,-122.5286033905,"Tacoma","Pierce"
"2960",246371960,47.3039843331,-122.5285416353,"Tacoma","Pierce"
"2961",246375388,47.3041370046,-122.5274892739,"Tacoma","Pierce"
"2962",246376618,47.3039160646,-122.5282701969,"Tacoma","Pierce"
"2963",246376682,47.3038042562,-122.5284647645,"Tacoma","Pierce"
"2964",246376839,47.3039871014,-122.5285660386,"Tacoma","Pierce"
"2965",246376892,47.3039567794,-122.5285133504,"Tacoma","Pierce"
"2966",246376958,47.3039683031,-122.5284991868,"Tacoma","Pierce"
"2967",246496405,45.5128722351,-122.7162438207,"Portland","Multnomah"
"2968",246992700,45.5168316667,-122.714595,"Portland","Multnomah"
"2969",247008341,45.501244,-122.845542,"","Washington"
"2970",247010162,45.5176083333,-122.7180616667,"Portland","Multnomah"
"2971",247010233,45.5169016667,-122.717885,"Portland","Multnomah"
"2972",247010321,45.5169433333,-122.7177666667,"Portland","Multnomah"
"2973",247010384,45.5172233333,-122.7178466667,"Portland","Multnomah"
"2974",247648447,47.3037772979,-122.528632092,"Tacoma","Pierce"
"2975",247649163,47.3039299022,-122.5286072432,"Tacoma","Pierce"
"2976",247650814,47.3038472594,-122.5283663315,"Tacoma","Pierce"
"2977",247651158,47.303835676,-122.528798226,"Tacoma","Pierce"
"2978",247652022,47.3039604028,-122.5287067779,"Tacoma","Pierce"
"2979",247652097,47.3038551456,-122.5287117422,"Tacoma","Pierce"
"2980",247653125,47.3037852905,-122.5287674307,"Tacoma","Pierce"
"2981",247653693,47.3037986643,-122.5289356522,"Tacoma","Pierce"
"2982",247656792,47.3038466301,-122.5288714062,"Tacoma","Pierce"
"2983",247656986,47.303860538,-122.5288901646,"Tacoma","Pierce"
"2984",247658553,47.3047591231,-122.5301413026,"Tacoma","Pierce"
"2985",247660774,47.3048299331,-122.5303058937,"Tacoma","Pierce"
"2986",247672989,47.3037474031,-122.5289946255,"Tacoma","Pierce"
"2987",247673089,47.3044552431,-122.5304130853,"Tacoma","Pierce"
"2988",247771455,47.3038603924,-122.5289188981,"Tacoma","Pierce"
"2989",247771547,47.304443381,-122.5303775075,"Tacoma","Pierce"
"2990",247771583,47.3047025048,-122.5302516303,"Tacoma","Pierce"
"2991",247771630,47.3048017656,-122.5303316649,"Tacoma","Pierce"
"2992",248285906,45.5131669112,-122.7141137915,"Portland","Multnomah"
"2993",248288387,45.5143227308,-122.7156443033,"Portland","Multnomah"
"2994",248291746,45.5116490571,-122.7180056632,"Portland","Multnomah"
"2995",248292477,45.5119667394,-122.7187076852,"Portland","Multnomah"
"2996",248346431,45.4788094915,-122.4986648889,"Portland","Multnomah"
"2997",249237014,45.5087265124,-122.5966088905,"Portland","Multnomah"
"2998",249237886,45.5085843885,-122.5970380439,"Portland","Multnomah"
"2999",249238802,45.5085548005,-122.5934209212,"Portland","Multnomah"
"3000",249242493,45.5074892541,-122.5904655338,"Portland","Multnomah"
"3001",249242755,45.5131647117,-122.5900817974,"Portland","Multnomah"
"3002",249243682,45.5157759299,-122.5947504045,"Portland","Multnomah"
"3003",249438595,45.5416574393,-122.7908456946,"","Multnomah"
"3004",249554393,47.2443522096,-122.5238160789,"Tacoma","Pierce"
"3005",249554534,47.2444216342,-122.523811683,"Tacoma","Pierce"
"3006",249554655,47.244391,-122.523831,"Tacoma","Pierce"
"3007",249554952,47.2443670954,-122.5238554836,"Tacoma","Pierce"
"3008",249554954,47.2444274091,-122.5238420629,"Tacoma","Pierce"
"3009",249554987,47.24449543,-122.52383891,"Tacoma","Pierce"
"3010",249555016,47.2444033536,-122.5238545607,"Tacoma","Pierce"
"3011",249555042,47.2443951806,-122.5238936116,"Tacoma","Pierce"
"3012",249555061,47.24451817,-122.52373037,"Tacoma","Pierce"
"3013",249923634,47.3043111261,-122.5325540117,"Tacoma","Pierce"
"3014",249924761,47.3037392915,-122.532829404,"Tacoma","Pierce"
"3015",249930734,47.3055819662,-122.5303995783,"Tacoma","Pierce"
"3016",249931311,47.3055213495,-122.5304963346,"Tacoma","Pierce"
"3017",249932247,47.3055425923,-122.5304894865,"Tacoma","Pierce"
"3018",249934191,47.3057084544,-122.5305482422,"Tacoma","Pierce"
"3019",249938227,47.3060040731,-122.5314769453,"Tacoma","Pierce"
"3020",249938248,47.3050424019,-122.5303001338,"Tacoma","Pierce"
"3021",249938319,47.3050722831,-122.5302247648,"Tacoma","Pierce"
"3022",249938434,47.3053115431,-122.5302775084,"Tacoma","Pierce"
"3023",249938462,47.3052966531,-122.5301883261,"Tacoma","Pierce"
"3024",249938489,47.3054497231,-122.5304478408,"Tacoma","Pierce"
"3025",249938513,47.3055020431,-122.5304489134,"Tacoma","Pierce"
"3026",249954187,47.3044878816,-122.5316703072,"Tacoma","Pierce"
"3027",249954222,47.3049334913,-122.5303504454,"Tacoma","Pierce"
"3028",250367922,45.515912,-122.717202,"","Multnomah"
"3029",250454369,45.4955632197,-122.5602044261,"Portland","Multnomah"
"3030",250454684,45.4957831541,-122.5605249853,"Portland","Multnomah"
"3031",250455155,45.4947690579,-122.5606110451,"Portland","Multnomah"
"3032",250457151,45.4945504848,-122.5594224653,"Portland","Multnomah"
"3033",250702265,45.4946746229,-122.5606569917,"Portland","Multnomah"
"3034",250702644,45.4948416667,-122.5605666667,"Portland","Multnomah"
"3035",250704650,45.4957057435,-122.556445051,"Portland","Multnomah"
"3036",250722766,47.3031454653,-122.5240590402,"Tacoma","Pierce"
"3037",250723012,47.3058270919,-122.5308896914,"Tacoma","Pierce"
"3038",250723945,47.3059603631,-122.5307387899,"Tacoma","Pierce"
"3039",250724348,47.3062039531,-122.5320723615,"Tacoma","Pierce"
"3040",250724710,47.3061199335,-122.5321522362,"Tacoma","Pierce"
"3041",250725397,47.3061647026,-122.5320390155,"Tacoma","Pierce"
"3042",250726045,47.3054148515,-122.5323002239,"Tacoma","Pierce"
"3043",250727749,47.3047599731,-122.5330675311,"Tacoma","Pierce"
"3044",250731033,47.3047222753,-122.5324219027,"Tacoma","Pierce"
"3045",250733444,49.1170971667,-122.7995,"","Greater Vancouver"
"3046",250796723,47.3051841648,-122.5327756067,"Tacoma","Pierce"
"3047",250796726,47.3050522514,-122.533190248,"Tacoma","Pierce"
"3048",250863265,45.5183916667,-122.7163083333,"Portland","Multnomah"
"3049",250863588,45.5177916667,-122.7173083333,"Portland","Multnomah"
"3050",250863708,45.5178116667,-122.7177366667,"Portland","Multnomah"
"3051",250864331,45.4705916667,-122.7227866667,"Portland","Multnomah"
"3052",250864825,45.4705883333,-122.7228,"Portland","Multnomah"
"3053",250865069,45.4705866667,-122.72282,"Portland","Multnomah"
"3054",250865863,45.4705,-122.7226533333,"Portland","Multnomah"
"3055",250962862,45.473045,-122.72252,"Portland","Multnomah"
"3056",250963508,45.475645,-122.72048,"Portland","Multnomah"
"3057",250964000,45.4755633333,-122.7198333333,"Portland","Multnomah"
"3058",250964651,45.4750333333,-122.7200916667,"Portland","Multnomah"
"3059",251810839,47.3084764484,-122.5302907791,"Tacoma","Pierce"
"3060",251815441,47.3070797603,-122.5314876987,"Tacoma","Pierce"
"3061",251816634,47.3063698298,-122.5315982531,"Tacoma","Pierce"
"3062",251816727,47.3070237306,-122.52932471,"Tacoma","Pierce"
"3063",251817718,47.3078212693,-122.5288741722,"Tacoma","Pierce"
"3064",251818433,47.3077587711,-122.5290482346,"Tacoma","Pierce"
"3065",251819326,47.3085014784,-122.5289629876,"Tacoma","Pierce"
"3066",251820093,47.3088009905,-122.5303628494,"Tacoma","Pierce"
"3067",251822084,47.3080089631,-122.5306483249,"Tacoma","Pierce"
"3068",251822129,47.3077038831,-122.5310910879,"Tacoma","Pierce"
"3069",251822165,47.3077913631,-122.5308629609,"Tacoma","Pierce"
"3070",251822209,47.3071783831,-122.5315304585,"Tacoma","Pierce"
"3071",251900888,47.3080572845,-122.5286531697,"Tacoma","Pierce"
"3072",251958291,45.516532846,-122.713978848,"Portland","Multnomah"
"3073",251959102,45.5165546562,-122.7149595257,"Portland","Multnomah"
"3074",251960435,45.5165233915,-122.7148063927,"Portland","Multnomah"
"3075",251961658,45.5164281984,-122.714785369,"Portland","Multnomah"
"3076",251962123,45.5163654154,-122.7144524492,"Portland","Multnomah"
"3077",252526151,47.7116952925,-122.3777212793,"","King"
"3078",252526152,47.7117422161,-122.3775699246,"","King"
"3079",252632353,47.3063140112,-122.5183311006,"Tacoma","Pierce"
"3080",252632785,47.3063003769,-122.5185349729,"Tacoma","Pierce"
"3081",252633042,47.306403491,-122.51855967,"Tacoma","Pierce"
"3082",252633822,47.3067196782,-122.5191712758,"Tacoma","Pierce"
"3083",252634225,47.3067245092,-122.5190509257,"Tacoma","Pierce"
"3084",252635022,47.3071524594,-122.5198312384,"Tacoma","Pierce"
"3085",252636222,47.3072106718,-122.5197359362,"Tacoma","Pierce"
"3086",252637463,47.3085143564,-122.5224677816,"Tacoma","Pierce"
"3087",252637685,47.3072159631,-122.5198022755,"Tacoma","Pierce"
"3088",252638037,47.3086342231,-122.5229984071,"Tacoma","Pierce"
"3089",252640600,47.3078168929,-122.5222303068,"Tacoma","Pierce"
"3090",252640842,47.310529612,-122.5282444899,"Tacoma","Pierce"
"3091",252646090,47.3167772831,-122.5402153584,"Tacoma","Pierce"
"3092",252654578,47.3105357727,-122.5286086836,"Tacoma","Pierce"
"3093",252978482,45.5215712364,-122.7019009622,"Portland","Multnomah"
"3094",252980289,45.5212751166,-122.7024048796,"Portland","Multnomah"
"3095",252980814,45.52158965,-122.7011785044,"Portland","Multnomah"
"3096",252981222,45.5214843653,-122.7014792127,"Portland","Multnomah"
"3097",252981694,45.520961585,-122.7014695208,"Portland","Multnomah"
"3098",252982185,45.5206586078,-122.7018623056,"Portland","Multnomah"
"3099",252982606,45.5206491548,-122.7023542252,"Portland","Multnomah"
"3100",253070960,47.3883341919,-122.3017667234,"Des Moines City Limits","King"
"3101",253072625,47.3879666667,-122.3005366667,"Des Moines City Limits","King"
"3102",253072854,47.3889583333,-122.3005366667,"Des Moines City Limits","King"
"3103",253072865,47.3894883333,-122.3004216667,"Des Moines City Limits","King"
"3104",253073222,47.3890134367,-122.3004887347,"Des Moines City Limits","King"
"3105",253073249,47.3883341919,-122.3017667234,"Des Moines City Limits","King"
"3106",253073376,47.387975,-122.3013616667,"Des Moines City Limits","King"
"3107",253073564,47.3883341919,-122.3017667234,"Des Moines City Limits","King"
"3108",253073581,47.388872034,-122.3010554352,"Des Moines City Limits","King"
"3109",253073894,47.38853,-122.3010116667,"Des Moines City Limits","King"
"3110",253073954,47.38817,-122.30213,"Des Moines City Limits","King"
"3111",253115922,47.387425,-122.3022,"Des Moines City Limits","King"
"3112",253116376,47.3880416667,-122.30237,"Des Moines City Limits","King"
"3113",253122395,45.649071,-122.762973,"Portland","Multnomah"
"3114",253181078,47.387975,-122.301475,"Des Moines City Limits","King"
"3115",253181346,47.3895216667,-122.3003833333,"Des Moines City Limits","King"
"3116",253255887,47.3879527778,-122.30265,"Des Moines City Limits","King"
"3117",253256193,47.3879527778,-122.30265,"Des Moines City Limits","King"
"3118",253435609,45.5208058134,-122.7014342155,"Portland","Multnomah"
"3119",253540605,47.1942087875,-122.4540870264,"Tacoma","Pierce"
"3120",253574506,47.245939,-122.526148,"Tacoma","Pierce"
"3121",253808512,45.5184715185,-122.7146085303,"Portland","Multnomah"
"3122",253810941,45.5174923928,-122.7150174266,"Portland","Multnomah"
"3123",253812703,45.5169935908,-122.7141465103,"Portland","Multnomah"
"3124",253812746,45.5172800388,-122.7134066456,"Portland","Multnomah"
"3125",253822988,45.5168094937,-122.7147232888,"Portland","Multnomah"
"3126",253847067,47.3879366667,-122.301255,"Des Moines City Limits","King"
"3127",253847239,47.3874466667,-122.30147,"Des Moines City Limits","King"
"3128",254048764,47.2182966731,-122.446495,"Tacoma","Pierce"
"3129",254053219,47.3089265997,-122.5223764997,"Tacoma","Pierce"
"3130",254251069,47.390755,-122.6753083333,"","Pierce"
"3131",254268524,47.0531666667,-122.9816283333,"","Thurston"
"3132",254364467,47.195325,-122.4551166667,"Tacoma","Pierce"
"3133",254444856,45.5494064283,-122.6829876667,"Portland","Multnomah"
"3134",254445543,45.5492098952,-122.6820383638,"Portland","Multnomah"
"3135",254449407,47.2191687552,-122.39714181,"Tacoma","Pierce"
"3136",254553791,45.5227518645,-122.7041162344,"Portland","Multnomah"
"3137",254554213,45.5223428122,-122.7047366882,"Portland","Multnomah"
"3138",254554714,45.5222607076,-122.7045013102,"Portland","Multnomah"
"3139",254555125,45.5231067359,-122.7047416785,"Portland","Multnomah"
"3140",254555702,45.5234074904,-122.703871912,"Portland","Multnomah"
"3141",254555982,45.5234970424,-122.7037761581,"Portland","Multnomah"
"3142",254572363,45.5238729206,-122.7045913696,"Portland","Multnomah"
"3143",254661671,45.5808077555,-122.710844358,"Portland","Multnomah"
"3144",254662386,45.5804365424,-122.7091093052,"Portland","Multnomah"
"3145",254663175,45.5780969897,-122.7104531662,"Portland","Multnomah"
"3146",254663874,45.578842957,-122.7106469513,"Portland","Multnomah"
"3147",254664848,45.5773178874,-122.7123527321,"Portland","Multnomah"
"3148",254665524,45.5796651197,-122.7128723181,"Portland","Multnomah"
"3149",254841389,47.3080556546,-122.532009405,"Tacoma","Pierce"
"3150",254841726,47.3080732123,-122.5322979686,"Tacoma","Pierce"
"3151",254841895,47.3083440711,-122.5323185288,"Tacoma","Pierce"
"3152",254842328,47.3082929191,-122.5320132149,"Tacoma","Pierce"
"3153",254842992,47.3084362291,-122.5321976976,"Tacoma","Pierce"
"3154",254843388,47.308530414,-122.5319147336,"Tacoma","Pierce"
"3155",254843853,47.3087205918,-122.5326008659,"Tacoma","Pierce"
"3156",254844048,47.3087456794,-122.5324871739,"Tacoma","Pierce"
"3157",254844767,47.3093105623,-122.532785123,"Tacoma","Pierce"
"3158",254845110,47.3091625987,-122.5327602841,"Tacoma","Pierce"
"3159",254846082,47.3094056249,-122.5329012358,"Tacoma","Pierce"
"3160",254846315,47.3097147631,-122.5329008052,"Tacoma","Pierce"
"3161",254846485,47.3094108344,-122.5328731772,"Tacoma","Pierce"
"3162",254847925,47.3096260768,-122.5329331934,"Tacoma","Pierce"
"3163",254848054,47.3098935121,-122.5331130342,"Tacoma","Pierce"
"3164",254848507,47.3107018915,-122.5331110704,"Tacoma","Pierce"
"3165",254848821,47.3096564979,-122.5329021627,"Tacoma","Pierce"
"3166",254849460,47.310128598,-122.5330264236,"Tacoma","Pierce"
"3167",254851381,47.3093312452,-122.5328389361,"Tacoma","Pierce"
"3168",254858188,47.3103243558,-122.5332404146,"Tacoma","Pierce"
"3169",254858214,47.3106929431,-122.5331371744,"Tacoma","Pierce"
"3170",254869953,47.3107084897,-122.5331373535,"Tacoma","Pierce"
"3171",255304097,47.3131663354,-122.5295547151,"Tacoma","Pierce"
"3172",255311399,47.3122617023,-122.5285881335,"Tacoma","Pierce"
"3173",255312306,47.3122486985,-122.5287559536,"Tacoma","Pierce"
"3174",255312833,47.3121116667,-122.5286116667,"Tacoma","Pierce"
"3175",255313511,47.3121116667,-122.5286116667,"Tacoma","Pierce"
"3176",255314171,47.3123133333,-122.5273883333,"Tacoma","Pierce"
"3177",256184803,47.69273302,-122.35136061,"","King"
"3178",257156627,47.3061304396,-122.5185515443,"Tacoma","Pierce"
"3179",257171280,47.3061501628,-122.5185346226,"Tacoma","Pierce"
"3180",258067110,47.304091543,-122.5334598188,"Tacoma","Pierce"
"3181",258067836,47.3042792817,-122.5333229679,"Tacoma","Pierce"
"3182",258070794,47.3038910422,-122.5327992233,"Tacoma","Pierce"
"3183",258516171,47.3040071603,-122.5329944083,"Tacoma","Pierce"
"3184",258595396,47.3044573507,-122.5243608659,"Tacoma","Pierce"
"3185",258599407,47.3083946217,-122.5234229676,"Tacoma","Pierce"
"3186",258600069,47.3039071207,-122.5240627811,"Tacoma","Pierce"
"3187",258773859,47.3090034503,-122.5227666626,"Tacoma","Pierce"
"3188",258777136,47.3073493547,-122.5314137314,"Tacoma","Pierce"
"3189",258778489,47.3060750943,-122.5313927832,"Tacoma","Pierce"
"3190",258785158,47.3061692831,-122.5314508721,"Tacoma","Pierce"
"3191",259467813,47.3055285579,-122.5306769262,"Tacoma","Pierce"
"3192",259469265,47.3060261652,-122.5306727129,"Tacoma","Pierce"
"3193",259470059,47.306216211,-122.5305986766,"Tacoma","Pierce"
"3194",259471900,47.3086329398,-122.5309643035,"Tacoma","Pierce"
"3195",259815738,47.607886,-122.524215,"","Kitsap"
"3196",260932588,47.3106536472,-122.5330696029,"Tacoma","Pierce"
"3197",260933248,47.3108485502,-122.5332412452,"Tacoma","Pierce"
"3198",260933346,47.3110016801,-122.5332698641,"Tacoma","Pierce"
"3199",260933885,47.3109245379,-122.5334378428,"Tacoma","Pierce"
"3200",260934642,47.3111943937,-122.5336383187,"Tacoma","Pierce"
"3201",260935004,47.3111629268,-122.5330965005,"Tacoma","Pierce"
"3202",260936086,47.3108719196,-122.533254138,"Tacoma","Pierce"
"3203",260936208,47.311124246,-122.5329846917,"Tacoma","Pierce"
"3204",260936548,47.3116811037,-122.5325940988,"Tacoma","Pierce"
"3205",260937394,47.3119679069,-122.5326177046,"Tacoma","Pierce"
"3206",260938069,47.31219844,-122.5326461731,"Tacoma","Pierce"
"3207",260939237,47.3128748481,-122.532627876,"Tacoma","Pierce"
"3208",260941302,47.3114057576,-122.5327962344,"Tacoma","Pierce"
"3209",260942510,47.3117223592,-122.5324199841,"Tacoma","Pierce"
"3210",260942676,47.3112755973,-122.5327826145,"Tacoma","Pierce"
"3211",260942719,47.312265895,-122.5323901145,"Tacoma","Pierce"
"3212",260942748,47.3121467893,-122.5329268733,"Tacoma","Pierce"
"3213",261059593,45.5050203026,-122.6826302729,"Portland","Multnomah"
"3214",261556283,NA,NA,"",""
"3215",261557233,45.4238970892,-122.7570850085,"","Washington"
"3216",262311222,47.3126692486,-122.5327864802,"Tacoma","Pierce"
"3217",262312494,47.3130654219,-122.532531798,"Tacoma","Pierce"
"3218",262314969,47.3139870372,-122.5327388245,"Tacoma","Pierce"
"3219",262315104,47.313786752,-122.5328125263,"Tacoma","Pierce"
"3220",262317694,47.3143218454,-122.5325959771,"Tacoma","Pierce"
"3221",262317812,47.3147212448,-122.5329547243,"Tacoma","Pierce"
"3222",262318764,47.3148458431,-122.5330913155,"Tacoma","Pierce"
"3223",262321495,47.3154872311,-122.5336122476,"Tacoma","Pierce"
"3224",262322415,47.3153115593,-122.5335493205,"Tacoma","Pierce"
"3225",262322707,47.3154195488,-122.533704453,"Tacoma","Pierce"
"3226",262324234,47.3153616813,-122.5336206734,"Tacoma","Pierce"
"3227",262325465,47.3154780424,-122.5336547167,"Tacoma","Pierce"
"3228",263200221,47.3156993047,-122.5341835575,"Tacoma","Pierce"
"3229",263200487,47.3157090945,-122.5340524083,"Tacoma","Pierce"
"3230",263201001,47.3157430037,-122.5341226921,"Tacoma","Pierce"
"3231",263201066,47.316134627,-122.5343065174,"Tacoma","Pierce"
"3232",263201513,47.3159893721,-122.5346226732,"Tacoma","Pierce"
"3233",263202088,47.316226006,-122.5344248502,"Tacoma","Pierce"
"3234",263202173,47.3162035198,-122.5346369485,"Tacoma","Pierce"
"3235",263202850,47.3162661971,-122.5347138734,"Tacoma","Pierce"
"3236",263203370,47.3162739492,-122.5357050859,"Tacoma","Pierce"
"3237",263203573,47.3164703266,-122.5360186346,"Tacoma","Pierce"
"3238",263204798,47.3165181626,-122.5363790531,"Tacoma","Pierce"
"3239",263205133,47.3164616951,-122.536445684,"Tacoma","Pierce"
"3240",263205356,47.3165707935,-122.5359082591,"Tacoma","Pierce"
"3241",263205943,47.316250144,-122.5369298487,"Tacoma","Pierce"
"3242",263206229,47.3161865779,-122.5362691461,"Tacoma","Pierce"
"3243",263206441,47.3164675855,-122.5364446651,"Tacoma","Pierce"
"3244",263206958,47.3156303418,-122.5367954374,"Tacoma","Pierce"
"3245",263206973,47.3160804019,-122.536616864,"Tacoma","Pierce"
"3246",263207152,47.3161074647,-122.5369362643,"Tacoma","Pierce"
"3247",263208289,47.3157468885,-122.5368937004,"Tacoma","Pierce"
"3248",263208470,47.316010633,-122.5368249428,"","Pierce"
"3249",263208633,47.3162579183,-122.5369651735,"Tacoma","Pierce"
"3250",263209174,47.3159461115,-122.5370915919,"Tacoma","Pierce"
"3251",263219506,47.3161397206,-122.5368896447,"Tacoma","Pierce"
"3252",264018741,47.3154704224,-122.537236786,"Tacoma","Pierce"
"3253",264018836,47.3158289894,-122.5371948209,"Tacoma","Pierce"
"3254",264019758,47.3154179251,-122.539039899,"Tacoma","Pierce"
"3255",264020659,47.3158856259,-122.5394639873,"Tacoma","Pierce"
"3256",264020668,47.3158537928,-122.5395536005,"Tacoma","Pierce"
"3257",264021742,47.3155737105,-122.5381482723,"Tacoma","Pierce"
"3258",264022330,47.3169636781,-122.5405948161,"Tacoma","Pierce"
"3259",264022819,47.3167138082,-122.5402607834,"Tacoma","Pierce"
"3260",264023399,47.3156063398,-122.5392345832,"Tacoma","Pierce"
"3261",264023577,47.3161707601,-122.5397048648,"Tacoma","Pierce"
"3262",264023687,47.3171627236,-122.5405638996,"Tacoma","Pierce"
"3263",264023827,47.3172786593,-122.5404902402,"Tacoma","Pierce"
"3264",264024276,47.3162828007,-122.5398156724,"Tacoma","Pierce"
"3265",264026864,47.3174931513,-122.5410682957,"Tacoma","Pierce"
"3266",264031587,47.3174060365,-122.5409883978,"Tacoma","Pierce"
"3267",264031597,47.3171383958,-122.5405917285,"Tacoma","Pierce"
"3268",264031598,47.3178135976,-122.5416846981,"Tacoma","Pierce"
"3269",264033502,47.317549018,-122.541253586,"Tacoma","Pierce"
"3270",264041797,47.3171502075,-122.5407087438,"Tacoma","Pierce"
"3271",264700136,47.3044855366,-122.516393184,"Tacoma","Pierce"
"3272",264701681,47.3044581682,-122.5160347317,"Tacoma","Pierce"
"3273",264705969,47.3030918968,-122.5189463263,"Tacoma","Pierce"
"3274",264707637,47.3029008916,-122.519013757,"Tacoma","Pierce"
"3275",264707712,47.3028686353,-122.5190954967,"Tacoma","Pierce"
"3276",264709476,47.3027026731,-122.5191580705,"Tacoma","Pierce"
"3277",264710123,47.3030083006,-122.5191344347,"Tacoma","Pierce"
"3278",264710406,47.3027822023,-122.5190405432,"Tacoma","Pierce"
"3279",264711948,47.302606129,-122.5191549229,"Tacoma","Pierce"
"3280",264712094,47.3033565603,-122.5190877073,"Tacoma","Pierce"
"3281",264712658,47.3032843236,-122.5190990249,"Tacoma","Pierce"
"3282",264714591,47.3034675772,-122.5189638605,"Tacoma","Pierce"
"3283",264716226,47.3035462852,-122.5190999172,"Tacoma","Pierce"
"3284",264719317,47.3036538195,-122.5182445787,"Tacoma","Pierce"
"3285",264719525,47.304804944,-122.5162317332,"Tacoma","Pierce"
"3286",264720455,47.3034190662,-122.5180656961,"Tacoma","Pierce"
"3287",264722310,47.3035550959,-122.5190467616,"Tacoma","Pierce"
"3288",264724031,47.3047994725,-122.516102544,"Tacoma","Pierce"
"3289",264736052,47.3034953253,-122.5181855155,"Tacoma","Pierce"
"3290",264736500,47.3046833959,-122.5162987871,"Tacoma","Pierce"
"3291",264902867,49.3164346,-122.9881441997,"","Greater Vancouver"
"3292",264980355,47.2446391335,-122.4726540314,"Tacoma","Pierce"
"3293",264980415,47.2448083333,-122.4727333333,"Tacoma","Pierce"
"3294",264980657,47.2455683653,-122.4690109956,"Tacoma","Pierce"
"3295",264980750,47.2465743498,-122.4735950287,"Tacoma","Pierce"
"3296",264980782,47.2462611599,-122.4730152917,"Tacoma","Pierce"
"3297",264980977,47.2514290644,-122.4657499699,"Tacoma","Pierce"
"3298",264981173,47.246344111,-122.4745712059,"Tacoma","Pierce"
"3299",264981380,47.2476277454,-122.4719069527,"Tacoma","Pierce"
"3300",264981575,47.2471343447,-122.4747967814,"Tacoma","Pierce"
"3301",264981623,47.2474946678,-122.471683945,"Tacoma","Pierce"
"3302",264981769,47.2483568587,-122.473422634,"Tacoma","Pierce"
"3303",264982027,47.2503951984,-122.470364431,"Tacoma","Pierce"
"3304",264982406,47.2512796157,-122.4748683474,"Tacoma","Pierce"
"3305",264982591,47.2512787313,-122.4707933403,"Tacoma","Pierce"
"3306",264982690,47.2546848888,-122.4670071435,"Tacoma","Pierce"
"3307",264982897,47.2530912795,-122.4737473672,"Tacoma","Pierce"
"3308",264982927,47.2540464697,-122.4751934828,"Tacoma","Pierce"
"3309",264983045,47.2539056024,-122.4672110795,"Tacoma","Pierce"
"3310",264983224,47.2543338966,-122.474997528,"Tacoma","Pierce"
"3311",264983410,47.253869623,-122.4701695518,"Tacoma","Pierce"
"3312",264983569,47.25237,-122.467095,"Tacoma","Pierce"
"3313",264983628,47.2563507982,-122.4691654913,"Tacoma","Pierce"
"3314",264983713,47.2562819403,-122.4735915243,"Tacoma","Pierce"
"3315",264983967,47.2578603728,-122.475335654,"Tacoma","Pierce"
"3316",264984006,47.2579956148,-122.4752004539,"Tacoma","Pierce"
"3317",264984017,47.2504966667,-122.4668883333,"Tacoma","Pierce"
"3318",264984196,47.2508646688,-122.4682988786,"Tacoma","Pierce"
"3319",264984382,47.2561198255,-122.4700880981,"Tacoma","Pierce"
"3320",264985055,47.2616964639,-122.4745601784,"Tacoma","Pierce"
"3321",264985073,47.2583481519,-122.4716136558,"Tacoma","Pierce"
"3322",264986226,47.257855,-122.4728166667,"Tacoma","Pierce"
"3323",264986417,47.2580716667,-122.472755,"Tacoma","Pierce"
"3324",264986631,47.2616997874,-122.4737108221,"Tacoma","Pierce"
"3325",265199719,47.2623306641,-122.4826814798,"Tacoma","Pierce"
"3326",265199728,47.262021477,-122.484812548,"Tacoma","Pierce"
"3327",265200148,47.2627914884,-122.4848972262,"Tacoma","Pierce"
"3328",265200252,47.2607508727,-122.4809533794,"Tacoma","Pierce"
"3329",265200263,47.2616707598,-122.483884339,"Tacoma","Pierce"
"3330",265200354,47.2607660853,-122.4814386853,"Tacoma","Pierce"
"3331",265200426,47.2635501344,-122.4849133195,"Tacoma","Pierce"
"3332",265200427,47.260664036,-122.4808749301,"Tacoma","Pierce"
"3333",265200543,47.2606022155,-122.4809563347,"Tacoma","Pierce"
"3334",265200695,47.2641025857,-122.4836565369,"Tacoma","Pierce"
"3335",265200760,47.2605304258,-122.4809019418,"Tacoma","Pierce"
"3336",265200854,47.2605126655,-122.4809333499,"Tacoma","Pierce"
"3337",265200855,47.2602232235,-122.4808216146,"Tacoma","Pierce"
"3338",265200920,47.2643930623,-122.4837685637,"Tacoma","Pierce"
"3339",265200955,47.26052202,-122.4811099768,"Tacoma","Pierce"
"3340",265200967,47.260356846,-122.480884412,"Tacoma","Pierce"
"3341",265201074,47.2604419262,-122.4812261301,"Tacoma","Pierce"
"3342",265201125,47.2643035383,-122.4835644773,"Tacoma","Pierce"
"3343",265201185,47.2603195813,-122.4808739965,"Tacoma","Pierce"
"3344",265201259,47.2601525119,-122.4812134177,"Tacoma","Pierce"
"3345",265201303,47.2602753193,-122.4812356733,"Tacoma","Pierce"
"3346",265201377,47.2644216009,-122.4833003898,"Tacoma","Pierce"
"3347",265201408,47.2599877029,-122.4811850215,"Tacoma","Pierce"
"3348",265201653,47.2618599,-122.4776954,"Tacoma","Pierce"
"3349",265201815,47.2599773482,-122.48074919,"Tacoma","Pierce"
"3350",265201849,47.2617488634,-122.4798830041,"Tacoma","Pierce"
"3351",265201852,47.2598425609,-122.4804883606,"Tacoma","Pierce"
"3352",265202067,47.2598770724,-122.4797716034,"Tacoma","Pierce"
"3353",265202109,47.2598873266,-122.4797159528,"Tacoma","Pierce"
"3354",265202260,47.2611002299,-122.4788754155,"Tacoma","Pierce"
"3355",265202356,47.2598948049,-122.4797227803,"Tacoma","Pierce"
"3356",265202376,47.259930817,-122.479766358,"Tacoma","Pierce"
"3357",265202385,47.2641226844,-122.4816202202,"Tacoma","Pierce"
"3358",265202392,47.2605021,-122.4785677,"Tacoma","Pierce"
"3359",265202501,47.2598814855,-122.4796627715,"Tacoma","Pierce"
"3360",265202508,47.2604550748,-122.4785558135,"Tacoma","Pierce"
"3361",265202549,47.259768158,-122.4796939933,"Tacoma","Pierce"
"3362",265202660,47.2598312414,-122.4796996302,"Tacoma","Pierce"
"3363",265202670,47.2639837303,-122.481646808,"Tacoma","Pierce"
"3364",265202678,47.2597368175,-122.4796661426,"Tacoma","Pierce"
"3365",265202838,47.2601362,-122.4742466,"Tacoma","Pierce"
"3366",265202870,47.2597621607,-122.4796413397,"Tacoma","Pierce"
"3367",265203094,47.259265557,-122.4793662598,"Tacoma","Pierce"
"3368",265203107,47.2592467564,-122.4795912295,"Tacoma","Pierce"
"3369",265203190,47.2602435064,-122.4787626583,"Tacoma","Pierce"
"3370",265203291,47.2592815742,-122.4797228436,"Tacoma","Pierce"
"3371",265203369,47.2589133417,-122.4794216728,"Tacoma","Pierce"
"3372",265203512,47.258535577,-122.4795260188,"Tacoma","Pierce"
"3373",265203557,47.2584311053,-122.4794882514,"Tacoma","Pierce"
"3374",265203640,47.2583785693,-122.4793820356,"Tacoma","Pierce"
"3375",265203693,47.2582565162,-122.4795412092,"Tacoma","Pierce"
"3376",265203803,47.2582204857,-122.4795043429,"Tacoma","Pierce"
"3377",265203811,47.2581537559,-122.479581203,"Tacoma","Pierce"
"3378",265203978,47.2581137801,-122.4795575297,"Tacoma","Pierce"
"3379",265203980,47.2580513466,-122.4796060527,"Tacoma","Pierce"
"3380",265204566,47.2578609021,-122.4821405435,"Tacoma","Pierce"
"3381",265204627,47.2578548408,-122.4821503089,"Tacoma","Pierce"
"3382",265205452,47.2621910926,-122.4788970408,"Tacoma","Pierce"
"3383",266007644,47.3107446128,-122.5335898475,"Tacoma","Pierce"
"3384",266007937,47.3106195911,-122.5338865466,"Tacoma","Pierce"
"3385",266008277,47.3110098184,-122.5343789706,"Tacoma","Pierce"
"3386",266010725,47.3117973257,-122.53524252,"Tacoma","Pierce"
"3387",266012303,47.3108732358,-122.5338475411,"Tacoma","Pierce"
"3388",266012603,47.3120493884,-122.5359562472,"Tacoma","Pierce"
"3389",266013746,47.3123198122,-122.5363895853,"Tacoma","Pierce"
"3390",266015178,47.3120015171,-122.5363092272,"Tacoma","Pierce"
"3391",266015325,47.3118836308,-122.5359266443,"Tacoma","Pierce"
"3392",266015337,47.3129197473,-122.5379285307,"Tacoma","Pierce"
"3393",266017107,47.3129506529,-122.5384256087,"Tacoma","Pierce"
"3394",266017449,47.312585318,-122.5381638495,"Tacoma","Pierce"
"3395",266018659,47.3133680093,-122.5391155724,"Tacoma","Pierce"
"3396",266019060,47.3132194411,-122.5385007633,"Tacoma","Pierce"
"3397",266019156,47.313248028,-122.5391197874,"Tacoma","Pierce"
"3398",266019448,47.3131220653,-122.5390600782,"Tacoma","Pierce"
"3399",266020004,47.3131770009,-122.5388478399,"Tacoma","Pierce"
"3400",266020172,47.3133450101,-122.5392749169,"Tacoma","Pierce"
"3401",266030786,47.3135561151,-122.5392430273,"Tacoma","Pierce"
"3402",266030914,47.312823283,-122.5378976126,"Tacoma","Pierce"
"3403",266034536,47.3130577324,-122.5390681759,"Tacoma","Pierce"
"3404",266049975,49.2093174,-123.1534766,"","Greater Vancouver"
"3405",266836276,47.4449943446,-122.4444223684,"","King"
"3406",267086116,47.3133666083,-122.5394570582,"Tacoma","Pierce"
"3407",267086556,47.3136514947,-122.5393858417,"Tacoma","Pierce"
"3408",267086646,47.313386137,-122.5394076015,"Tacoma","Pierce"
"3409",267087166,47.3138010831,-122.5399228549,"Tacoma","Pierce"
"3410",267088620,47.3137804063,-122.5398686421,"Tacoma","Pierce"
"3411",267089237,47.3142984357,-122.5406798953,"Tacoma","Pierce"
"3412",267089350,47.3140963826,-122.5405425706,"Tacoma","Pierce"
"3413",267089914,47.3141070258,-122.5404819553,"Tacoma","Pierce"
"3414",267090382,47.3135318137,-122.5404393458,"Tacoma","Pierce"
"3415",267090825,47.3140934383,-122.5401919042,"Tacoma","Pierce"
"3416",267090899,47.3139813521,-122.5409242189,"Tacoma","Pierce"
"3417",267091770,47.3142411625,-122.5407512136,"Tacoma","Pierce"
"3418",267091952,47.3145441958,-122.5416428251,"Tacoma","Pierce"
"3419",267092704,47.3148361695,-122.5422413599,"Tacoma","Pierce"
"3420",267092807,47.3146214124,-122.5414732829,"Tacoma","Pierce"
"3421",267094525,47.3144921684,-122.5416508607,"Tacoma","Pierce"
"3422",267094861,47.3151096815,-122.5425316036,"Tacoma","Pierce"
"3423",267099608,47.3149159397,-122.542173998,"Tacoma","Pierce"
"3424",267103943,47.3150532307,-122.542262453,"Tacoma","Pierce"
"3425",267104456,47.315174222,-122.5425804581,"Tacoma","Pierce"
"3426",267108635,47.3054267591,-122.5164264567,"Tacoma","Pierce"
"3427",267109626,47.3054768567,-122.5164351622,"Tacoma","Pierce"
"3428",267109703,47.3053032348,-122.5164667767,"Tacoma","Pierce"
"3429",267130687,47.3053328838,-122.5163848379,"Tacoma","Pierce"
"3430",267239325,47.3145305436,-122.5415806199,"Tacoma","Pierce"
"3431",267239332,47.3149188633,-122.5423629417,"Tacoma","Pierce"
"3432",268276472,45.5157177641,-122.6768454759,"Portland","Multnomah"
"3433",268277293,45.5143347371,-122.6773547917,"Portland","Multnomah"
"3434",269502880,47.3094692953,-122.5335204002,"Tacoma","Pierce"
"3435",269503005,47.3097276765,-122.5337292221,"Tacoma","Pierce"
"3436",269503404,47.3100462342,-122.5336096245,"Tacoma","Pierce"
"3437",269503511,47.3097672072,-122.533616004,"Tacoma","Pierce"
"3438",269503829,47.3097539482,-122.5336515403,"Tacoma","Pierce"
"3439",269503978,47.3098306922,-122.5336177873,"Tacoma","Pierce"
"3440",269506002,47.3097812279,-122.5336934049,"Tacoma","Pierce"
"3441",269508094,47.3104689063,-122.5357508248,"Tacoma","Pierce"
"3442",269508996,47.3098820337,-122.5365781353,"Tacoma","Pierce"
"3443",269509533,47.3099412632,-122.536635956,"Tacoma","Pierce"
"3444",269510183,47.3094780488,-122.5367787817,"Tacoma","Pierce"
"3445",269511307,47.3094174051,-122.536589168,"Tacoma","Pierce"
"3446",269512057,47.3094702065,-122.5367761395,"Tacoma","Pierce"
"3447",269512639,47.3093882119,-122.5371047006,"Tacoma","Pierce"
"3448",269512868,47.309546876,-122.5364358363,"Tacoma","Pierce"
"3449",269513185,47.3092366103,-122.5370672231,"Tacoma","Pierce"
"3450",269514162,47.3089509269,-122.5365349332,"Tacoma","Pierce"
"3451",269514264,47.3092018268,-122.5367915243,"Tacoma","Pierce"
"3452",269515290,47.3092714654,-122.5368871237,"Tacoma","Pierce"
"3453",269515345,47.3088516762,-122.5367327566,"Tacoma","Pierce"
"3454",269515351,47.3090586964,-122.536614428,"Tacoma","Pierce"
"3455",269515407,47.3087073205,-122.5363216984,"Tacoma","Pierce"
"3456",269519010,47.3093622418,-122.5367228907,"Tacoma","Pierce"
"3457",269520172,47.3085814078,-122.5362875029,"Tacoma","Pierce"
"3458",269521638,47.3086386047,-122.536353662,"Tacoma","Pierce"
"3459",269524364,47.3090911645,-122.5371847084,"Tacoma","Pierce"
"3460",269532828,47.3097213732,-122.5366103009,"Tacoma","Pierce"
"3461",269532859,47.309451539,-122.5365009608,"Tacoma","Pierce"
"3462",269810702,47.3086838704,-122.5366386516,"Tacoma","Pierce"
"3463",271275823,47.3093473149,-122.5339435481,"Tacoma","Pierce"
"3464",271276456,47.3093530967,-122.5341865354,"Tacoma","Pierce"
"3465",271276860,47.3094928904,-122.533693189,"Tacoma","Pierce"
"3466",271280151,47.3095410954,-122.5340167599,"Tacoma","Pierce"
"3467",271281194,47.3094912098,-122.5340351941,"Tacoma","Pierce"
"3468",271282365,47.3082295777,-122.5347022675,"Tacoma","Pierce"
"3469",271282812,47.3092847731,-122.5341902858,"Tacoma","Pierce"
"3470",271282862,47.3079920235,-122.535364703,"Tacoma","Pierce"
"3471",271282962,47.3093720831,-122.5339284463,"Tacoma","Pierce"
"3472",271283391,47.3095370541,-122.5340653793,"Tacoma","Pierce"
"3473",271283737,47.3079703661,-122.5348499088,"Tacoma","Pierce"
"3474",271284003,47.3079828862,-122.5350110312,"Tacoma","Pierce"
"3475",271284584,47.3081542049,-122.5351734228,"Tacoma","Pierce"
"3476",271284972,47.3078109945,-122.5353487672,"Tacoma","Pierce"
"3477",271285799,47.3080295805,-122.5347763786,"Tacoma","Pierce"
"3478",271286711,47.3093938994,-122.5341232773,"Tacoma","Pierce"
"3479",271287345,47.3079091955,-122.5351632528,"Tacoma","Pierce"
"3480",271288213,47.3078167435,-122.5355608661,"Tacoma","Pierce"
"3481",271288301,47.3079311767,-122.5351598564,"Tacoma","Pierce"
"3482",271288792,47.3079109099,-122.5352029776,"Tacoma","Pierce"
"3483",271289125,47.307911421,-122.5351918751,"Tacoma","Pierce"
"3484",271289132,47.3077132097,-122.5354367865,"Tacoma","Pierce"
"3485",271289368,47.307676392,-122.5351647839,"Tacoma","Pierce"
"3486",271289877,47.3079314583,-122.5353966648,"Tacoma","Pierce"
"3487",271289947,47.3076328767,-122.5354427134,"Tacoma","Pierce"
"3488",271290420,47.3078685403,-122.535661941,"Tacoma","Pierce"
"3489",271291093,47.3077663369,-122.5350437127,"Tacoma","Pierce"
"3490",271291686,47.3078757386,-122.5356704833,"Tacoma","Pierce"
"3491",271291869,47.3076628181,-122.5351768534,"Tacoma","Pierce"
"3492",271292115,47.3076332646,-122.5351462752,"Tacoma","Pierce"
"3493",271292282,47.3076171963,-122.5352624263,"Tacoma","Pierce"
"3494",271292696,47.307700699,-122.5358294121,"Tacoma","Pierce"
"3495",271292881,47.3077256285,-122.5355387179,"Tacoma","Pierce"
"3496",271293430,47.3075089684,-122.5352758636,"Tacoma","Pierce"
"3497",271293440,47.3076217705,-122.5353699217,"Tacoma","Pierce"
"3498",271294879,47.30773206,-122.5357688764,"Tacoma","Pierce"
"3499",271294971,47.307425454,-122.5349468505,"Tacoma","Pierce"
"3500",271312893,47.3077094533,-122.5353429731,"Tacoma","Pierce"
"3501",271312988,47.3076678621,-122.5357210548,"Tacoma","Pierce"
"3502",271313147,47.3076359451,-122.5357313136,"Tacoma","Pierce"
"3503",271313308,47.3074049268,-122.5350706009,"Tacoma","Pierce"
"3504",271317314,47.3076134094,-122.535566115,"Tacoma","Pierce"
"3505",271317424,47.3075427903,-122.5353635081,"Tacoma","Pierce"
"3506",271322153,47.3077838786,-122.5356620711,"Tacoma","Pierce"
"3507",271322267,47.3076245876,-122.5358212594,"Tacoma","Pierce"
"3508",271330465,47.3073271524,-122.5352548363,"Tacoma","Pierce"
"3509",271346340,47.3074761737,-122.5352845669,"Tacoma","Pierce"
"3510",272512571,47.3116088116,-122.5364206892,"Tacoma","Pierce"
"3511",272513249,47.3118832506,-122.5369967104,"Tacoma","Pierce"
"3512",272514085,47.3119776246,-122.5367047159,"Tacoma","Pierce"
"3513",272514790,47.3121860045,-122.537071323,"Tacoma","Pierce"
"3514",272515499,47.3121504967,-122.5373088992,"Tacoma","Pierce"
"3515",272517822,47.3121142765,-122.5375444256,"Tacoma","Pierce"
"3516",272518446,47.3117361531,-122.5366418402,"Tacoma","Pierce"
"3517",272519131,47.312125658,-122.5378676438,"Tacoma","Pierce"
"3518",272520027,47.3121500316,-122.5376991892,"Tacoma","Pierce"
"3519",272522113,47.3120394634,-122.5381462236,"Tacoma","Pierce"
"3520",272522388,47.3121086112,-122.5383012183,"Tacoma","Pierce"
"3521",272522665,47.3122540546,-122.5379358936,"Tacoma","Pierce"
"3522",272522754,47.3125432593,-122.5383422829,"Tacoma","Pierce"
"3523",272523303,47.3121585242,-122.5380918611,"Tacoma","Pierce"
"3524",272525003,47.3121024547,-122.5383879285,"Tacoma","Pierce"
"3525",272527857,47.3120841312,-122.5384859777,"Tacoma","Pierce"
"3526",272528936,47.3122321224,-122.5383672551,"Tacoma","Pierce"
"3527",272540753,47.6761008788,-122.2605824563,"","King"
"3528",272544592,47.3120313881,-122.5386704887,"Tacoma","Pierce"
"3529",272556556,47.3121490035,-122.5385990181,"Tacoma","Pierce"
"3530",272556662,47.3119816128,-122.5387595253,"Tacoma","Pierce"
"3531",272556959,47.3120694699,-122.5379035659,"Tacoma","Pierce"
"3532",272557050,47.3121826751,-122.5383005305,"Tacoma","Pierce"
"3533",272557127,47.3126761031,-122.5382765219,"Tacoma","Pierce"
"3534",272557557,47.3117977791,-122.5388128066,"Tacoma","Pierce"
"3535",272563468,47.3118893808,-122.5387281188,"Tacoma","Pierce"
"3536",272603215,47.3120506172,-122.5387499188,"Tacoma","Pierce"
"3537",273440938,47.3152120288,-122.5430292142,"Tacoma","Pierce"
"3538",273453395,47.3152368513,-122.5430412594,"Tacoma","Pierce"
"3539",276759071,49.1176805556,-122.7253194444,"","Greater Vancouver"
"3540",277113030,47.3103695117,-122.5338764233,"Tacoma","Pierce"
"3541",277113418,47.3103174831,-122.5338164147,"Tacoma","Pierce"
"3542",277113541,47.3100905906,-122.5338007036,"Tacoma","Pierce"
"3543",277113586,47.3103257779,-122.5336332098,"Tacoma","Pierce"
"3544",277118690,47.3104633846,-122.5343406192,"Tacoma","Pierce"
"3545",277123967,47.3105276782,-122.5340329603,"Tacoma","Pierce"
"3546",277125120,47.3104332484,-122.5337429319,"Tacoma","Pierce"
"3547",277126949,47.3125545817,-122.5384074184,"Tacoma","Pierce"
"3548",277129405,47.3099740216,-122.5336766329,"Tacoma","Pierce"
"3549",277134948,47.3154066764,-122.54320186,"Tacoma","Pierce"
"3550",277136417,47.3152971802,-122.5431216588,"Tacoma","Pierce"
"3551",277136688,47.3104695411,-122.5339744403,"Tacoma","Pierce"
"3552",277137663,47.3123079974,-122.5389794346,"Tacoma","Pierce"
"3553",277138771,47.3157375549,-122.5435591102,"Tacoma","Pierce"
"3554",277141648,47.3158488031,-122.5441950156,"Tacoma","Pierce"
"3555",277143384,47.3153082373,-122.543067641,"Tacoma","Pierce"
"3556",277144021,47.3159368576,-122.5439731862,"Tacoma","Pierce"
"3557",277144879,47.3160314081,-122.5438746098,"Tacoma","Pierce"
"3558",277148768,47.3161233909,-122.5445182111,"Tacoma","Pierce"
"3559",277148884,47.3161562644,-122.5443409467,"Tacoma","Pierce"
"3560",277149660,47.3156830724,-122.543593507,"Tacoma","Pierce"
"3561",277149956,47.3159897917,-122.5445097281,"Tacoma","Pierce"
"3562",277152045,47.3169351224,-122.5467613755,"Tacoma","Pierce"
"3563",277174395,47.315736468,-122.5440112873,"Tacoma","Pierce"
"3564",277174554,47.3160462828,-122.5446297128,"Tacoma","Pierce"
"3565",277174709,47.3161453565,-122.5447193201,"Tacoma","Pierce"
"3566",277176984,47.3168501379,-122.5466026904,"Tacoma","Pierce"
"3567",277418418,47.3028608831,-122.5280610939,"Tacoma","Pierce"
"3568",277448271,47.3022525665,-122.5265178179,"Tacoma","Pierce"
"3569",278511990,47.3098083372,-122.5367775481,"Tacoma","Pierce"
"3570",278518272,47.3101315232,-122.5375374662,"Tacoma","Pierce"
"3571",278520988,47.31006889,-122.5375267345,"Tacoma","Pierce"
"3572",278526943,47.3102937692,-122.537574358,"Tacoma","Pierce"
"3573",278527671,47.3101230713,-122.5376403615,"Tacoma","Pierce"
"3574",278527954,47.3101915852,-122.5377182788,"Tacoma","Pierce"
"3575",278530203,47.3099887823,-122.5378009859,"Tacoma","Pierce"
"3576",278540533,47.3103271142,-122.5375634802,"Tacoma","Pierce"
"3577",278575664,47.3099496682,-122.5370125474,"Tacoma","Pierce"
"3578",278575881,47.3100894364,-122.5371659362,"Tacoma","Pierce"
"3579",278576101,47.3099809233,-122.5374046417,"Tacoma","Pierce"
"3580",278576209,47.3140609926,-122.5385761307,"Tacoma","Pierce"
"3581",278576643,47.3102381231,-122.5375514882,"Tacoma","Pierce"
"3582",278577159,47.3102502068,-122.5377357277,"Tacoma","Pierce"
"3583",278577487,47.3139969926,-122.5388878696,"Tacoma","Pierce"
"3584",278578260,47.31411976,-122.5389503629,"Tacoma","Pierce"
"3585",278601076,47.3141146476,-122.5386799611,"Tacoma","Pierce"
"3586",278651300,47.3144964085,-122.5389830687,"Tacoma","Pierce"
"3587",279304255,47.3146547445,-122.5384145456,"Tacoma","Pierce"
"3588",279304924,47.3143819692,-122.5385797845,"Tacoma","Pierce"
"3589",279305206,47.3143815216,-122.5389236101,"Tacoma","Pierce"
"3590",279307373,47.3145675052,-122.5387676153,"Tacoma","Pierce"
"3591",279307756,47.3149135983,-122.5383135211,"Tacoma","Pierce"
"3592",279308659,47.315462492,-122.5380181994,"Tacoma","Pierce"
"3593",279312289,47.3148101742,-122.5384049485,"Tacoma","Pierce"
"3594",279312346,47.3156585138,-122.5395175005,"","Pierce"
"3595",279314972,47.3150742033,-122.5388606614,"Tacoma","Pierce"
"3596",279330339,47.3147066526,-122.5389190948,"Tacoma","Pierce"
"3597",279340923,47.314678338,-122.5389930868,"Tacoma","Pierce"
"3598",279510879,47.3150636737,-122.5390489509,"Tacoma","Pierce"
"3599",280588286,47.30308,-122.5279533333,"Tacoma","Pierce"
"3600",280588473,47.302505,-122.528245,"Tacoma","Pierce"
"3601",280588602,47.3023133333,-122.5263366667,"Tacoma","Pierce"
"3602",280629891,47.24838,-122.5239883333,"Tacoma","Pierce"
"3603",280630304,47.2483392073,-122.5239649483,"Tacoma","Pierce"
"3604",280630487,47.2436334125,-122.5109874085,"Tacoma","Pierce"
"3605",280630522,47.2483489051,-122.5239584257,"Tacoma","Pierce"
"3606",280630628,47.2483514798,-122.5239798205,"Tacoma","Pierce"
"3607",280631307,47.2483644262,-122.5239212633,"Tacoma","Pierce"
"3608",280631725,47.2485027421,-122.5240242854,"Tacoma","Pierce"
"3609",280632022,47.2483990526,-122.5240690929,"Tacoma","Pierce"
"3610",280632169,NA,NA,"",""
"3611",280632228,47.2483630479,-122.5239194279,"Tacoma","Pierce"
"3612",280632445,47.2462322345,-122.5219935179,"Tacoma","Pierce"
"3613",280632490,47.2484048605,-122.5239620373,"Tacoma","Pierce"
"3614",280632992,47.2483926175,-122.5239249609,"Tacoma","Pierce"
"3615",280635739,47.2484249056,-122.5240759179,"Tacoma","Pierce"
"3616",281094036,47.3154291639,-122.5381532698,"Tacoma","Pierce"
"3617",281104445,47.3175864111,-122.5433691503,"Tacoma","Pierce"
"3618",281104500,47.317453793,-122.5430526986,"Tacoma","Pierce"
"3619",281104546,47.3173772271,-122.54305576,"Tacoma","Pierce"
"3620",281106315,47.317581184,-122.5435954947,"Tacoma","Pierce"
"3621",281108220,47.31690305,-122.5438410338,"Tacoma","Pierce"
"3622",281109224,47.3169967085,-122.5436805462,"Tacoma","Pierce"
"3623",281109851,47.3171197269,-122.5440766066,"Tacoma","Pierce"
"3624",281109895,47.3171760566,-122.5441550161,"Tacoma","Pierce"
"3625",281111970,47.3164124539,-122.5443059689,"Tacoma","Pierce"
"3626",281114148,47.3162976919,-122.54437774,"Tacoma","Pierce"
"3627",281115042,47.3160258499,-122.5444889737,"Tacoma","Pierce"
"3628",281129643,47.316424466,-122.5442686933,"Tacoma","Pierce"
"3629",281132755,47.3170460511,-122.5438393207,"Tacoma","Pierce"
"3630",281133109,47.3165459421,-122.5439413967,"Tacoma","Pierce"
"3631",281133751,47.3164868979,-122.5439644534,"Tacoma","Pierce"
"3632",284850843,45.5944130249,-122.6550151901,"Portland","Multnomah"
"3633",285403565,47.3045783333,-122.5161133333,"Tacoma","Pierce"
"3634",285508804,47.3053899415,-122.5164569241,"Tacoma","Pierce"
"3635",285678462,47.1348805,-122.296075,"","Pierce"
"3636",285756951,47.1028476236,-122.5862575044,"DuPont, WA","Pierce"
"3637",285854310,47.29253,-122.5159133333,"Tacoma","Pierce"
"3638",285861608,47.1963833333,-122.45482,"Tacoma","Pierce"
"3639",285957747,NA,NA,"",""
"3640",286721426,47.2118866667,-122.535255,"","Pierce"
"3641",286870816,47.3114083032,-122.5334054364,"Tacoma","Pierce"
"3642",286874958,47.3130901567,-122.5333524137,"Tacoma","Pierce"
"3643",286876086,47.3129414144,-122.5333095275,"Tacoma","Pierce"
"3644",286881580,47.3114856074,-122.5343227755,"Tacoma","Pierce"
"3645",286882820,47.3166150332,-122.5353839389,"Tacoma","Pierce"
"3646",286884669,47.3165812173,-122.5356432558,"Tacoma","Pierce"
"3647",286974733,47.3114121435,-122.5342644572,"Tacoma","Pierce"
"3648",286974784,47.3129183185,-122.5332136525,"Tacoma","Pierce"
"3649",287057838,47.3166850125,-122.5355203668,"Tacoma","Pierce"
"3650",288831230,47.3040869975,-122.5338864157,"Tacoma","Pierce"
"3651",288832425,47.3040604809,-122.5338577471,"Tacoma","Pierce"
"3652",288836318,47.3042174347,-122.5337922298,"Tacoma","Pierce"
"3653",288836778,47.3052829394,-122.5346068908,"Tacoma","Pierce"
"3654",288837796,47.3053785612,-122.5343810121,"Tacoma","Pierce"
"3655",288838206,47.3053737255,-122.5344426923,"Tacoma","Pierce"
"3656",288840210,47.3054010236,-122.5344162009,"Tacoma","Pierce"
"3657",288841667,47.3054338167,-122.5344604053,"Tacoma","Pierce"
"3658",288841931,47.3052777015,-122.5345837993,"Tacoma","Pierce"
"3659",288842745,47.30549086,-122.534425199,"Tacoma","Pierce"
"3660",288848356,47.3056148749,-122.5344370292,"Tacoma","Pierce"
"3661",288849180,47.3059968613,-122.5350675637,"Tacoma","Pierce"
"3662",288849326,47.305464891,-122.5343378098,"Tacoma","Pierce"
"3663",288849525,47.3055823561,-122.5345219085,"Tacoma","Pierce"
"3664",288850684,47.3060209616,-122.5350384001,"Tacoma","Pierce"
"3665",288851974,47.3060149693,-122.5351675592,"Tacoma","Pierce"
"3666",288866532,47.3059682847,-122.5351826599,"Tacoma","Pierce"
"3667",288866631,47.3059610628,-122.5351232679,"Tacoma","Pierce"
"3668",288866791,47.3061174019,-122.5351872766,"Tacoma","Pierce"
"3669",290742581,47.30745734,-122.536421988,"Tacoma","Pierce"
"3670",290745479,47.309346481,-122.5386389638,"Tacoma","Pierce"
"3671",290747571,47.3098449183,-122.5390727125,"Tacoma","Pierce"
"3672",290748362,47.3100786722,-122.5389468478,"Tacoma","Pierce"
"3673",290748998,47.3100432703,-122.5390466132,"Tacoma","Pierce"
"3674",290749900,47.3101648666,-122.5389057095,"Tacoma","Pierce"
"3675",290750534,47.3101062466,-122.5390842794,"Tacoma","Pierce"
"3676",290754138,47.3105141664,-122.5394757911,"Tacoma","Pierce"
"3677",290755271,47.3109025059,-122.5393422205,"Tacoma","Pierce"
"3678",290755568,47.3107650723,-122.5392873317,"Tacoma","Pierce"
"3679",290756402,47.3108705127,-122.5394162942,"Tacoma","Pierce"
"3680",290757003,47.3107697797,-122.5392401811,"Tacoma","Pierce"
"3681",290757787,47.3108264204,-122.5394630391,"Tacoma","Pierce"
"3682",290758652,47.3104928111,-122.5392946681,"Tacoma","Pierce"
"3683",290759652,47.3109160137,-122.5394913752,"Tacoma","Pierce"
"3684",290759999,47.311025942,-122.5390561235,"Tacoma","Pierce"
"3685",290764088,47.31135574,-122.5400878281,"Tacoma","Pierce"
"3686",290764369,47.3100354212,-122.5389633385,"Tacoma","Pierce"
"3687",290764691,47.3108571735,-122.5390909499,"Tacoma","Pierce"
"3688",290765229,47.3110674994,-122.5405398449,"Tacoma","Pierce"
"3689",290765586,47.3114393678,-122.5402259652,"Tacoma","Pierce"
"3690",290765644,47.3109113748,-122.5392674044,"Tacoma","Pierce"
"3691",290766037,47.3110816804,-122.5402351843,"Tacoma","Pierce"
"3692",290766476,47.3115361635,-122.539948993,"Tacoma","Pierce"
"3693",290766805,47.3115006355,-122.5404135235,"Tacoma","Pierce"
"3694",290767239,47.3114073409,-122.5403648558,"Tacoma","Pierce"
"3695",290767969,47.3114503397,-122.539958541,"Tacoma","Pierce"
"3696",290768230,47.3115587024,-122.540006024,"Tacoma","Pierce"
"3697",290769767,47.3115635187,-122.5400167162,"Tacoma","Pierce"
"3698",290773001,47.3116798868,-122.5400371866,"Tacoma","Pierce"
"3699",290793485,47.3114789211,-122.5402687453,"Tacoma","Pierce"
"3700",290793505,47.3116583331,-122.5397518004,"Tacoma","Pierce"
"3701",292696621,47.3120256379,-122.540374269,"Tacoma","Pierce"
"3702",292697490,47.3118972034,-122.5400597044,"Tacoma","Pierce"
"3703",292698966,47.3120203095,-122.5402736669,"Tacoma","Pierce"
"3704",292699540,47.311922753,-122.5401827728,"Tacoma","Pierce"
"3705",292700587,47.3121926063,-122.5403061287,"Tacoma","Pierce"
"3706",292701846,47.3123250889,-122.5401725333,"Tacoma","Pierce"
"3707",292703544,47.3121713799,-122.5407559431,"Tacoma","Pierce"
"3708",292703793,47.3119742789,-122.5404078743,"Tacoma","Pierce"
"3709",292704320,47.3122269148,-122.5409468397,"Tacoma","Pierce"
"3710",292705995,47.312095032,-122.5406970564,"Tacoma","Pierce"
"3711",292706930,47.3120406362,-122.5406698953,"Tacoma","Pierce"
"3712",292709217,47.3120808698,-122.5406113725,"Tacoma","Pierce"
"3713",292709384,47.3119234882,-122.5408395485,"Tacoma","Pierce"
"3714",292709910,47.3117970537,-122.540985905,"Tacoma","Pierce"
"3715",292711722,47.311768729,-122.5406836885,"Tacoma","Pierce"
"3716",292721296,47.3119713789,-122.5409601497,"Tacoma","Pierce"
"3717",292721329,47.3133181439,-122.5434868696,"Tacoma","Pierce"
"3718",294667883,47.3138010634,-122.5430971017,"Tacoma","Pierce"
"3719",294670224,47.3141705367,-122.5435732712,"Tacoma","Pierce"
"3720",294671310,47.3140850596,-122.5435143663,"Tacoma","Pierce"
"3721",294671669,47.314119645,-122.543626682,"Tacoma","Pierce"
"3722",294673998,47.3150348772,-122.543933211,"Tacoma","Pierce"
"3723",294677029,47.3147354922,-122.5439493434,"Tacoma","Pierce"
"3724",294679237,47.3152665997,-122.544939222,"Tacoma","Pierce"
"3725",294679858,47.3150109815,-122.5443620289,"Tacoma","Pierce"
"3726",294680423,47.3153556124,-122.5449930216,"Tacoma","Pierce"
"3727",294686937,47.3156129823,-122.5450563202,"Tacoma","Pierce"
"3728",294687372,47.317338421,-122.5460657806,"Tacoma","Pierce"
"3729",294702785,47.3178273254,-122.5452938037,"Tacoma","Pierce"
"3730",294702919,47.3179183854,-122.5452127309,"Tacoma","Pierce"
"3731",294703016,47.3179483251,-122.5450195112,"Tacoma","Pierce"
"3732",294713041,47.3158835719,-122.5449869729,"Tacoma","Pierce"
"3733",294713185,47.3178168999,-122.5451325773,"Tacoma","Pierce"
"3734",296584209,47.3166617946,-122.5361510824,"Tacoma","Pierce"
"3735",296585307,47.3168046723,-122.5359849701,"Tacoma","Pierce"
"3736",296585846,47.3169706939,-122.5363512456,"Tacoma","Pierce"
"3737",296587716,47.3172535258,-122.5363637164,"Tacoma","Pierce"
"3738",296587892,47.3172629483,-122.5365710894,"Tacoma","Pierce"
"3739",296590631,47.3172952165,-122.5369077147,"Tacoma","Pierce"
"3740",296591537,47.3173133733,-122.5370015886,"Tacoma","Pierce"
"3741",296593981,47.3173220268,-122.537713447,"Tacoma","Pierce"
"3742",296597296,47.3166054234,-122.5377248219,"Tacoma","Pierce"
"3743",296598122,47.3166113334,-122.5378151439,"Tacoma","Pierce"
"3744",296600092,47.3162089324,-122.5381760647,"Tacoma","Pierce"
"3745",296603360,47.3158509618,-122.5390732647,"Tacoma","Pierce"
"3746",296619598,47.3171185842,-122.5376836025,"Tacoma","Pierce"
"3747",296620143,47.3164040002,-122.5396592185,"Tacoma","Pierce"
"3748",298477937,47.3173208907,-122.5376299951,"Tacoma","Pierce"
"3749",298480201,47.3169423542,-122.5403133909,"Tacoma","Pierce"
"3750",298480292,47.3170526642,-122.5401917893,"Tacoma","Pierce"
"3751",298482047,47.315876867,-122.5383127026,"Tacoma","Pierce"
"3752",298482184,47.3171800889,-122.5402980687,"Tacoma","Pierce"
"3753",298483160,47.3171086768,-122.5405022301,"Tacoma","Pierce"
"3754",298483276,47.3171640415,-122.5405514935,"Tacoma","Pierce"
"3755",298484660,47.3171561696,-122.5405831769,"Tacoma","Pierce"
"3756",298485256,47.3171036168,-122.5405703448,"Tacoma","Pierce"
"3757",298485325,47.3172287431,-122.5406683145,"Tacoma","Pierce"
"3758",298487825,47.3178663655,-122.540027062,"Tacoma","Pierce"
"3759",298491229,47.3160987993,-122.5393479358,"Tacoma","Pierce"
"3760",298492208,47.317990569,-122.5426776417,"Tacoma","Pierce"
"3761",298493674,47.3180839756,-122.5413372534,"Tacoma","Pierce"
"3762",298493982,47.3180224742,-122.542357306,"Tacoma","Pierce"
"3763",298495720,47.3171869278,-122.5404060295,"Tacoma","Pierce"
"3764",298496421,47.3178808835,-122.5424058932,"Tacoma","Pierce"
"3765",298496548,47.317853367,-122.5432868092,"Tacoma","Pierce"
"3766",298496585,47.3179112814,-122.5414398676,"Tacoma","Pierce"
"3767",298497047,47.3178950772,-122.5431702909,"Tacoma","Pierce"
"3768",298497537,47.3178832869,-122.5432613671,"Tacoma","Pierce"
"3769",298498025,47.3178717699,-122.5432949865,"Tacoma","Pierce"
"3770",298498189,47.3177621927,-122.5433188798,"Tacoma","Pierce"
"3771",298499891,47.3180142258,-122.5434958794,"Tacoma","Pierce"
"3772",298501220,47.3177595058,-122.5436452542,"Tacoma","Pierce"
"3773",298526618,47.317797372,-122.5436899091,"Tacoma","Pierce"
"3774",298532115,47.3177705558,-122.5434747492,"Tacoma","Pierce"
"3775",299225262,47.3065017732,-122.5326071867,"Tacoma","Pierce"
"3776",299229349,47.3066147331,-122.5331468208,"Tacoma","Pierce"
"3777",299231139,47.3068052205,-122.5338454518,"Tacoma","Pierce"
"3778",299234407,47.3067594497,-122.5338075396,"Tacoma","Pierce"
"3779",299239179,47.3066596409,-122.5339268504,"Tacoma","Pierce"
"3780",299240571,47.3066361119,-122.5338550944,"Tacoma","Pierce"
"3781",299240954,47.3067572065,-122.5343740894,"Tacoma","Pierce"
"3782",299244198,47.3067589644,-122.5344230579,"Tacoma","Pierce"
"3783",299244898,47.3070170517,-122.5346760286,"Tacoma","Pierce"
"3784",299247467,47.3070334049,-122.534473313,"Tacoma","Pierce"
"3785",299247578,47.3070613187,-122.5346481291,"Tacoma","Pierce"
"3786",299264992,47.3070644495,-122.5347948634,"Tacoma","Pierce"
"3787",299277157,47.3066765181,-122.5337695052,"Tacoma","Pierce"
"3788",299277324,47.3067017053,-122.5337914486,"Tacoma","Pierce"
"3789",299277460,47.3066603663,-122.5339119097,"Tacoma","Pierce"
"3790",299277573,47.3070592836,-122.5346242347,"Tacoma","Pierce"
"3791",299277672,47.3070224806,-122.5347426356,"Tacoma","Pierce"
"3792",299277794,47.306791655,-122.5348020999,"Tacoma","Pierce"
"3793",301018908,47.3181587503,-122.5433878981,"Tacoma","Pierce"
"3794",301019648,47.3180700808,-122.5437347344,"Tacoma","Pierce"
"3795",301020646,47.3181922961,-122.5433405188,"Tacoma","Pierce"
"3796",301021277,47.318123104,-122.5437264352,"Tacoma","Pierce"
"3797",301024691,47.3179096884,-122.543717587,"Tacoma","Pierce"
"3798",301025705,47.318283557,-122.5433562046,"Tacoma","Pierce"
"3799",301026043,47.3178963015,-122.5437436728,"Tacoma","Pierce"
"3800",301026385,47.3179194844,-122.5443720891,"Tacoma","Pierce"
"3801",301029757,47.3179755163,-122.5443491911,"Tacoma","Pierce"
"3802",301032098,47.3180142442,-122.5445271127,"Tacoma","Pierce"
"3803",301033266,47.3178763164,-122.5446497153,"Tacoma","Pierce"
"3804",301036561,47.3178926079,-122.5443568436,"Tacoma","Pierce"
"3805",301038065,47.316049852,-122.5441059515,"Tacoma","Pierce"
"3806",301038529,47.3179477253,-122.5446082187,"Tacoma","Pierce"
"3807",301061759,47.3161247872,-122.5436227547,"Tacoma","Pierce"
"3808",301066110,47.3161579868,-122.5441456567,"Tacoma","Pierce"
"3809",301066206,47.3165756139,-122.5438423132,"Tacoma","Pierce"
"3810",301122809,47.3180336946,-122.5436576679,"Tacoma","Pierce"
"3811",301122903,47.3181652933,-122.5436165724,"Tacoma","Pierce"
"3812",301122931,47.318123416,-122.5435435263,"Tacoma","Pierce"
"3813",301122981,47.3178704822,-122.5441966445,"Tacoma","Pierce"
"3814",301123039,47.317980745,-122.5443433045,"Tacoma","Pierce"
"3815",301123089,47.3179608817,-122.5443588664,"Tacoma","Pierce"
"3816",301123177,47.3162280842,-122.5440880404,"Tacoma","Pierce"
"3817",301123239,47.316253259,-122.5435495668,"Tacoma","Pierce"
"3818",301906274,47.30720212,-122.5351996737,"Tacoma","Pierce"
"3819",301907190,47.3072914582,-122.5353877372,"Tacoma","Pierce"
"3820",301907542,47.3072452858,-122.5352796418,"Tacoma","Pierce"
"3821",301913679,47.307658557,-122.5359850926,"Tacoma","Pierce"
"3822",301914902,47.3077679848,-122.5361606969,"Tacoma","Pierce"
"3823",301915474,47.3077821038,-122.536263962,"Tacoma","Pierce"
"3824",301915638,47.3077189311,-122.5362722263,"Tacoma","Pierce"
"3825",301917710,47.3079679846,-122.5363641402,"Tacoma","Pierce"
"3826",301919652,47.3081456976,-122.5361901117,"Tacoma","Pierce"
"3827",301921368,47.3079274267,-122.5364745011,"Tacoma","Pierce"
"3828",301922316,47.3083129736,-122.5366660059,"Tacoma","Pierce"
"3829",301922955,47.3078033204,-122.5361981008,"Tacoma","Pierce"
"3830",301922985,47.3079216377,-122.5362768024,"Tacoma","Pierce"
"3831",301926077,47.3087917164,-122.537458921,"Tacoma","Pierce"
"3832",301933154,47.3075608132,-122.5362596624,"Tacoma","Pierce"
"3833",301933199,47.3084229084,-122.5369314861,"Tacoma","Pierce"
"3834",302660533,47.2425333333,-122.49347,"Tacoma","Pierce"
"3835",302662051,47.2419166338,-122.4932244911,"Tacoma","Pierce"
"3836",302666823,47.2418152088,-122.4932099991,"Tacoma","Pierce"
"3837",302667993,47.2410777783,-122.4931974503,"Tacoma","Pierce"
"3838",302669296,47.2400585246,-122.4932954218,"Tacoma","Pierce"
"3839",302672510,47.2352424175,-122.4924192428,"Tacoma","Pierce"
"3840",302673553,47.235201961,-122.4924135278,"Tacoma","Pierce"
"3841",302677642,47.2352037057,-122.491235711,"Tacoma","Pierce"
"3842",302685057,47.2383013242,-122.4894901962,"Tacoma","Pierce"
"3843",302689208,47.2405693296,-122.4900963446,"Tacoma","Pierce"
"3844",302689705,47.2405478395,-122.4901852122,"Tacoma","Pierce"
"3845",302693366,47.2390571582,-122.4904313126,"Tacoma","Pierce"
"3846",302700184,47.2420617654,-122.4919657342,"Tacoma","Pierce"
"3847",302700972,47.2421244437,-122.4918879386,"Tacoma","Pierce"
"3848",302701330,47.2421407742,-122.4918004025,"Tacoma","Pierce"
"3849",302702167,47.2420996286,-122.4918859519,"Tacoma","Pierce"
"3850",302704359,47.2424449789,-122.4923416391,"Tacoma","Pierce"
"3851",302707946,47.2424810834,-122.493022054,"Tacoma","Pierce"
"3852",302724027,47.2425406496,-122.4930254882,"Tacoma","Pierce"
"3853",302724232,47.2425667469,-122.4931672319,"Tacoma","Pierce"
"3854",302734344,47.2347458834,-122.4211289021,"Tacoma","Pierce"
"3855",302735060,47.2347307938,-122.4211185401,"Tacoma","Pierce"
"3856",302735689,47.2349308915,-122.4208210542,"Tacoma","Pierce"
"3857",302736396,47.2349248525,-122.4209683395,"Tacoma","Pierce"
"3858",302739322,47.2362693846,-122.4219606558,"Tacoma","Pierce"
"3859",302740140,47.2360783392,-122.4199377416,"Tacoma","Pierce"
"3860",302740359,47.2357763872,-122.4230607666,"Tacoma","Pierce"
"3861",302740568,47.2357721351,-122.4231094989,"Tacoma","Pierce"
"3862",302740996,47.2355793493,-122.4231820691,"Tacoma","Pierce"
"3863",302741294,47.2353946854,-122.4235645073,"Tacoma","Pierce"
"3864",302741678,47.2353328591,-122.4239768396,"Tacoma","Pierce"
"3865",302742931,47.2351040152,-122.4234591465,"Tacoma","Pierce"
"3866",302743347,47.2351189869,-122.4232478108,"Tacoma","Pierce"
"3867",302744410,47.2351816648,-122.4230192373,"Tacoma","Pierce"
"3868",302744814,47.2353211247,-122.4231104639,"Tacoma","Pierce"
"3869",302745828,47.2351572078,-122.4227332612,"Tacoma","Pierce"
"3870",302747630,47.2345466667,-122.4233616667,"Tacoma","Pierce"
"3871",302748261,47.2345473097,-122.4232466236,"Tacoma","Pierce"
"3872",302749374,47.234306035,-122.4236286249,"Tacoma","Pierce"
"3873",302751302,47.2343629579,-122.4234626012,"Tacoma","Pierce"
"3874",302752228,47.2344927733,-122.4224595673,"Tacoma","Pierce"
"3875",303335300,47.2816081135,-122.5099678459,"Tacoma","Pierce"
"3876",304239754,47.1371916667,-122.0711221667,"","Pierce"
"3877",304322430,47.19588,-122.4553916667,"Tacoma","Pierce"
"3878",304323301,47.1960313105,-122.4554743962,"Tacoma","Pierce"
"3879",304324351,47.1962686699,-122.4554144342,"Tacoma","Pierce"
"3880",304325863,47.1964107221,-122.4553473969,"Tacoma","Pierce"
"3881",304326750,47.1964327628,-122.4554378373,"Tacoma","Pierce"
"3882",304327480,47.1967015788,-122.4556027303,"Tacoma","Pierce"
"3883",304328987,47.1966327138,-122.4554949189,"Tacoma","Pierce"
"3884",304330888,47.1972066378,-122.4561939022,"Tacoma","Pierce"
"3885",304332075,47.1972968587,-122.4579658077,"Tacoma","Pierce"
"3886",304333621,47.1970082349,-122.4580347561,"Tacoma","Pierce"
"3887",304335238,47.195939547,-122.4578852659,"Tacoma","Pierce"
"3888",304335921,47.1952966667,-122.457795,"Tacoma","Pierce"
"3889",304336571,47.1930112968,-122.457705046,"Tacoma","Pierce"
"3890",304337339,47.1929774028,-122.4575219961,"Tacoma","Pierce"
"3891",304825677,47.2194531446,-122.3973253736,"Tacoma","Pierce"
"3892",304826642,47.2195557842,-122.3973202461,"Tacoma","Pierce"
"3893",304827363,47.2198682299,-122.397425964,"Tacoma","Pierce"
"3894",304829782,47.2194669527,-122.3962981713,"Tacoma","Pierce"
"3895",304834348,47.2137051056,-122.3959282754,"Tacoma","Pierce"
"3896",304837262,47.2139453197,-122.3953901957,"Tacoma","Pierce"
"3897",304838332,47.2141616885,-122.3954152906,"Tacoma","Pierce"
"3898",304838541,47.21401162,-122.395397921,"Tacoma","Pierce"
"3899",304838992,47.2138612947,-122.3953975364,"Tacoma","Pierce"
"3900",304839071,47.2137837424,-122.3953508629,"Tacoma","Pierce"
"3901",304839205,47.213776019,-122.3953247945,"Tacoma","Pierce"
"3902",304839314,47.2134857256,-122.3952435036,"Tacoma","Pierce"
"3903",304839423,47.2145583219,-122.3953928415,"Tacoma","Pierce"
"3904",304839778,47.2145427543,-122.3952109927,"Tacoma","Pierce"
"3905",304839854,47.2146167191,-122.3953767649,"Tacoma","Pierce"
"3906",304839936,47.2151321903,-122.3955211834,"Tacoma","Pierce"
"3907",304840001,47.2155471612,-122.3953684241,"Tacoma","Pierce"
"3908",304840081,47.215697823,-122.3952995582,"Tacoma","Pierce"
"3909",304840145,47.2157514782,-122.395424137,"Tacoma","Pierce"
"3910",304840289,47.2163606829,-122.3951895825,"Tacoma","Pierce"
"3911",304840724,47.2165101643,-122.3969616801,"Tacoma","Pierce"
"3912",304840852,47.2168121201,-122.3956760949,"Tacoma","Pierce"
"3913",304841456,47.2172677824,-122.3962300154,"Tacoma","Pierce"
"3914",304842293,47.2174234431,-122.3960188981,"Tacoma","Pierce"
"3915",305863784,47.2794662242,-122.4786767354,"Tacoma","Pierce"
"3916",305869185,47.2789701923,-122.4787409433,"Tacoma","Pierce"
"3917",305869361,47.2790583095,-122.4790957736,"Tacoma","Pierce"
"3918",305869712,47.2790508972,-122.4792648634,"Tacoma","Pierce"
"3919",305869949,47.2788403318,-122.4793811397,"Tacoma","Pierce"
"3920",305871337,47.2788403318,-122.4793811397,"Tacoma","Pierce"
"3921",305872195,47.2762379407,-122.4872213458,"Tacoma","Pierce"
"3922",305877812,47.2767515231,-122.4839301875,"Tacoma","Pierce"
"3923",305887861,47.2777920175,-122.4900409059,"Tacoma","Pierce"
"3924",305887942,47.2763855948,-122.4871961458,"Tacoma","Pierce"
"3925",305888513,47.2767745916,-122.4827442048,"Tacoma","Pierce"
"3926",305889461,47.2768407491,-122.4824081942,"Tacoma","Pierce"
"3927",305889922,47.276805729,-122.4823282882,"Tacoma","Pierce"
"3928",305894388,47.2773493208,-122.4813022456,"Tacoma","Pierce"
"3929",306046892,47.2775794304,-122.4809714708,"Tacoma","Pierce"
"3930",306046957,47.2776809832,-122.4806598431,"Tacoma","Pierce"
"3931",306047046,47.2779041246,-122.4806350285,"Tacoma","Pierce"
"3932",306047138,47.2779568421,-122.4804718779,"Tacoma","Pierce"
"3933",306047207,47.2780667275,-122.4803241009,"Tacoma","Pierce"
"3934",306047287,47.2784052926,-122.479615709,"Tacoma","Pierce"
"3935",306047346,47.27813584,-122.4801258719,"Tacoma","Pierce"
"3936",306047433,47.2781064165,-122.4800055098,"Tacoma","Pierce"
"3937",306047474,47.2773530252,-122.4813330134,"Tacoma","Pierce"
"3938",306047517,47.2767814445,-122.4822043087,"Tacoma","Pierce"
"3939",306083977,47.3093758879,-122.5376308491,"Tacoma","Pierce"
"3940",306084022,47.3094200689,-122.5377581047,"Tacoma","Pierce"
"3941",306084191,47.3094050084,-122.5375987607,"Tacoma","Pierce"
"3942",306084529,47.3094437002,-122.5376699686,"Tacoma","Pierce"
"3943",306085261,47.3094884578,-122.5376954585,"Tacoma","Pierce"
"3944",306086918,47.3097862948,-122.5379928148,"Tacoma","Pierce"
"3945",306087170,47.3097363724,-122.5379099929,"Tacoma","Pierce"
"3946",306087659,47.3097255595,-122.5379472971,"Tacoma","Pierce"
"3947",306088277,47.3098672472,-122.5379927964,"Tacoma","Pierce"
"3948",306088618,47.3097499432,-122.537917519,"Tacoma","Pierce"
"3949",306088658,47.3098625822,-122.5379064095,"Tacoma","Pierce"
"3950",306089377,47.3099235626,-122.5380234048,"Tacoma","Pierce"
"3951",306090745,47.3099252744,-122.5378909878,"Tacoma","Pierce"
"3952",306090965,47.3100133807,-122.537923877,"Tacoma","Pierce"
"3953",306092575,47.3099471827,-122.5378749102,"Tacoma","Pierce"
"3954",306096066,47.3100887905,-122.5379556815,"Tacoma","Pierce"
"3955",306096214,47.3102909235,-122.5378691778,"Tacoma","Pierce"
"3956",306096543,47.3101472834,-122.5380210566,"Tacoma","Pierce"
"3957",306096798,47.3099650983,-122.5379689272,"Tacoma","Pierce"
"3958",306098334,47.3103447248,-122.5378341996,"Tacoma","Pierce"
"3959",306098795,47.3103176683,-122.5378757521,"Tacoma","Pierce"
"3960",306100739,47.3103184629,-122.5378904531,"Tacoma","Pierce"
"3961",306101158,47.310350342,-122.5378828729,"Tacoma","Pierce"
"3962",306102123,47.3100900379,-122.5378270122,"Tacoma","Pierce"
"3963",306102356,47.3110926032,-122.5383713139,"Tacoma","Pierce"
"3964",306102487,47.310237947,-122.5377612129,"Tacoma","Pierce"
"3965",306102498,47.3106372952,-122.5381355423,"Tacoma","Pierce"
"3966",306118400,47.3112302475,-122.5385189371,"Tacoma","Pierce"
"3967",306121728,47.3102952973,-122.5379726579,"Tacoma","Pierce"
"3968",306158225,47.3111967064,-122.5384327886,"Tacoma","Pierce"
"3969",307808429,47.3106291397,-122.5381218837,"Tacoma","Pierce"
"3970",307810476,47.3113854421,-122.5385878044,"Tacoma","Pierce"
"3971",307810531,47.311415339,-122.5385751793,"Tacoma","Pierce"
"3972",307810569,47.3114090976,-122.5383474817,"Tacoma","Pierce"
"3973",307810624,47.3111688225,-122.5383664645,"Tacoma","Pierce"
"3974",307812330,47.3115877696,-122.5387775525,"Tacoma","Pierce"
"3975",307813058,47.3113001685,-122.5386952034,"Tacoma","Pierce"
"3976",307814040,47.3115711354,-122.5388762537,"Tacoma","Pierce"
"3977",307814254,47.3114344615,-122.5388478565,"Tacoma","Pierce"
"3978",307815717,47.3116457182,-122.5386953928,"Tacoma","Pierce"
"3979",307816049,47.311516493,-122.538776955,"Tacoma","Pierce"
"3980",307816356,47.3115804131,-122.5389446999,"Tacoma","Pierce"
"3981",307816514,47.311578061,-122.5388480365,"Tacoma","Pierce"
"3982",307817129,47.3116822441,-122.5388179413,"Tacoma","Pierce"
"3983",307817705,47.3115291318,-122.5388043542,"Tacoma","Pierce"
"3984",307820553,47.3118342655,-122.5390167811,"Tacoma","Pierce"
"3985",307820657,47.3115775302,-122.538787781,"Tacoma","Pierce"
"3986",307821303,47.3117142717,-122.5386590009,"Tacoma","Pierce"
"3987",307822056,47.3118762249,-122.5389781998,"Tacoma","Pierce"
"3988",307822372,47.3117257525,-122.5387180537,"Tacoma","Pierce"
"3989",307822437,47.3126222653,-122.5393501111,"Tacoma","Pierce"
"3990",307822444,47.3125499136,-122.5390645617,"Tacoma","Pierce"
"3991",307824235,47.3126159401,-122.5389345556,"Tacoma","Pierce"
"3992",307824832,47.3117297184,-122.5387791183,"Tacoma","Pierce"
"3993",307825387,47.3125272311,-122.5389998661,"Tacoma","Pierce"
"3994",307825438,47.3127028029,-122.5393910154,"Tacoma","Pierce"
"3995",307825448,47.3126202572,-122.5390836755,"Tacoma","Pierce"
"3996",307825545,47.3127236231,-122.5394058333,"Tacoma","Pierce"
"3997",307826528,47.3126222349,-122.5392119697,"Tacoma","Pierce"
"3998",307826780,47.3125780543,-122.5393215587,"Tacoma","Pierce"
"3999",307843809,47.3127272294,-122.5391187953,"Tacoma","Pierce"
"4000",307845111,47.3127623032,-122.5390978689,"Tacoma","Pierce"
"4001",307846778,47.3128659844,-122.5392119629,"Tacoma","Pierce"
"4002",307846912,47.3128423802,-122.5392106278,"Tacoma","Pierce"
"4003",307895690,47.79850924,-122.27627952,"City of Brier","Snohomish"
"4004",308469192,47.3129166367,-122.5391367245,"Tacoma","Pierce"
"4005",308474704,47.3129058307,-122.539276432,"Tacoma","Pierce"
"4006",308500312,47.3131217193,-122.5401437966,"Tacoma","Pierce"
"4007",309560264,47.3132194836,-122.5404896003,"Tacoma","Pierce"
"4008",309563576,47.3134106332,-122.5406045743,"Tacoma","Pierce"
"4009",309566490,47.3133986874,-122.54096752,"Tacoma","Pierce"
"4010",309567290,47.3136126867,-122.5409885977,"Tacoma","Pierce"
"4011",309617355,47.3135150727,-122.5412428466,"Tacoma","Pierce"
"4012",309617500,47.3135696795,-122.5416497181,"Tacoma","Pierce"
"4013",309617552,47.3169914657,-122.5434989364,"Tacoma","Pierce"
"4014",309617626,47.316976684,-122.5434898209,"Tacoma","Pierce"
"4015",312997579,47.3131548631,-122.5380167093,"Tacoma","Pierce"
"4016",312998956,47.3136419058,-122.5372449752,"Tacoma","Pierce"
"4017",312999194,47.3143235916,-122.5370745973,"Tacoma","Pierce"
"4018",313005487,47.3144311516,-122.5368657095,"Tacoma","Pierce"
"4019",314648641,47.3157734331,-122.5369705075,"Tacoma","Pierce"
"4020",314677839,47.3156817368,-122.5399184623,"Tacoma","Pierce"
"4021",314677915,47.3161929031,-122.5405411164,"Tacoma","Pierce"
"4022",314678005,47.3170272359,-122.5409085065,"Tacoma","Pierce"
"4023",316329643,48.7544350606,-122.424460603,"Bellingham, Washington, USA","Whatcom"
"4024",316355081,47.3068104207,-122.5352296095,"Tacoma","Pierce"
"4025",316362995,47.3074263511,-122.5361860229,"Tacoma","Pierce"
"4026",316375472,47.3101264105,-122.5380577239,"Tacoma","Pierce"
"4027",317027707,47.310705,-122.5382800007,"Tacoma","Pierce"
"4028",317030470,47.3108607433,-122.5384077486,"Tacoma","Pierce"
"4029",317032550,47.3108388607,-122.5383704867,"Tacoma","Pierce"
"4030",317037367,47.3110137436,-122.5385629002,"Tacoma","Pierce"
"4031",317039450,47.311293315,-122.5387184466,"Tacoma","Pierce"
"4032",317053246,47.3114638573,-122.5390218246,"Tacoma","Pierce"
"4033",318055964,47.3125595501,-122.5398953597,"Tacoma","Pierce"
"4034",318057244,47.3126659951,-122.5399462763,"Tacoma","Pierce"
"4035",318063162,47.3128330072,-122.5402847971,"Tacoma","Pierce"
"4036",318075752,47.3130299307,-122.5404719376,"Tacoma","Pierce"
"4037",318075845,47.3130037133,-122.5409336282,"Tacoma","Pierce"
"4038",318075959,47.3130782276,-122.5408508847,"Tacoma","Pierce"
"4039",318076037,47.3131050338,-122.5410414039,"Tacoma","Pierce"
"4040",319996401,45.5151054947,-122.6680619115,"Portland","Multnomah"
"4041",319999153,45.5134452927,-122.6664459666,"Portland","Multnomah"
"4042",320523235,45.5165339768,-122.672418282,"Portland","Multnomah"
"4043",320527193,45.5187801955,-122.6725861388,"Portland","Multnomah"
"4044",321104380,47.3165762107,-122.5468947664,"Tacoma","Pierce"
"4045",321108434,47.3176591979,-122.5443369895,"Tacoma","Pierce"
"4046",321108976,47.317488084,-122.5459519718,"Tacoma","Pierce"
"4047",321109322,47.3166427135,-122.5466739028,"Tacoma","Pierce"
"4048",321132124,47.3175696831,-122.5443421227,"Tacoma","Pierce"
"4049",321132185,47.3175367131,-122.5440045922,"Tacoma","Pierce"
"4050",321136190,47.3178166477,-122.5446300552,"Tacoma","Pierce"
"4051",321162005,47.3176782345,-122.5445564697,"Tacoma","Pierce"
"4052",321338965,45.5471369976,-122.0800929691,"","Multnomah"
"4053",321339066,45.5446446536,-122.0785937382,"","Multnomah"
"4054",321339128,45.5403116068,-122.0835007845,"","Multnomah"
"4055",321339137,45.5386146382,-122.0867965539,"","Multnomah"
"4056",321339148,45.5373678103,-122.0843866039,"","Multnomah"
"4057",321339161,45.533520271,-122.0692014737,"","Multnomah"
"4058",321493508,45.5156089141,-122.5956504265,"Portland","Multnomah"
"4059",321691459,45.5153651722,-122.595835738,"Portland","Multnomah"
"4060",321693528,45.5159281172,-122.5949213283,"Portland","Multnomah"
"4061",321696867,45.5132132623,-122.5899925647,"Portland","Multnomah"
"4062",321699928,45.5074680364,-122.5904253871,"Portland","Multnomah"
"4063",321700508,45.5073212681,-122.5902734763,"Portland","Multnomah"
"4064",321705698,45.508668608,-122.5934641943,"Portland","Multnomah"
"4065",321707757,45.5086627091,-122.5931596478,"Portland","Multnomah"
"4066",321726766,49.2332249722,-122.849219,"","Greater Vancouver"
"4067",322083041,45.5071921545,-122.5960657099,"Portland","Multnomah"
"4068",322084486,45.5081139086,-122.5967140446,"Portland","Multnomah"
"4069",322084930,45.5081161393,-122.5968038722,"Portland","Multnomah"
"4070",322085303,45.5080411471,-122.5968029422,"Portland","Multnomah"
"4071",322087355,45.508605,-122.5970883333,"Portland","Multnomah"
"4072",322087754,45.5083797229,-122.5971980274,"Portland","Multnomah"
"4073",322089210,45.510092244,-122.5980309681,"Portland","Multnomah"
"4074",322112371,45.5171883333,-122.7143333333,"Portland","Multnomah"
"4075",322116928,45.5172216667,-122.7147966667,"Portland","Multnomah"
"4076",322142997,45.5174916667,-122.7189633333,"Portland","Multnomah"
"4077",322162205,45.5172466667,-122.7145383333,"Portland","Multnomah"
"4078",322162369,45.5167966667,-122.7179866667,"Portland","Multnomah"
"4079",322162434,45.5167666667,-122.7180333333,"Portland","Multnomah"
"4080",322162498,45.5170633333,-122.7180166667,"Portland","Multnomah"
"4081",322162571,45.5174783333,-122.7189716667,"Portland","Multnomah"
"4082",322167830,45.5194966667,-122.7189783333,"Portland","Multnomah"
"4083",322262001,45.5129420101,-122.7105277997,"Portland","Multnomah"
"4084",322265740,45.5117649411,-122.711570163,"Portland","Multnomah"
"4085",322265841,45.5117391609,-122.712143697,"Portland","Multnomah"
"4086",322269436,45.5115716667,-122.7149283333,"Portland","Multnomah"
"4087",322270921,45.5124480751,-122.7154724709,"Portland","Multnomah"
"4088",322433660,45.5164642912,-122.7136303951,"Portland","Multnomah"
"4089",322436586,45.5168533333,-122.7185833333,"Portland","Multnomah"
"4090",322439730,45.5162044103,-122.7146388219,"Portland","Multnomah"
"4091",322440334,45.5164082582,-122.7148304322,"Portland","Multnomah"
"4092",322440742,45.516442624,-122.7148399038,"Portland","Multnomah"
"4093",322449362,45.5164900236,-122.7148863395,"Portland","Multnomah"
"4094",322460397,47.3175871914,-122.5421432397,"Tacoma","Pierce"
"4095",322461392,47.3177155962,-122.5425016705,"Tacoma","Pierce"
"4096",322461487,47.3177403818,-122.5425955338,"Tacoma","Pierce"
"4097",322463101,47.3178211693,-122.5438516299,"Tacoma","Pierce"
"4098",322463106,47.3177561269,-122.543799984,"Tacoma","Pierce"
"4099",322463143,47.3178608067,-122.5438202929,"Tacoma","Pierce"
"4100",322463486,47.3177078545,-122.5438897002,"Tacoma","Pierce"
"4101",322464420,47.3177347446,-122.5440993627,"Tacoma","Pierce"
"4102",322466475,47.3176691273,-122.5440722698,"Tacoma","Pierce"
"4103",322474761,47.3177492315,-122.5438302846,"Tacoma","Pierce"
"4104",322636411,45.4955819241,-122.5603419797,"Portland","Multnomah"
"4105",322637131,45.494887596,-122.560656136,"Portland","Multnomah"
"4106",322637578,45.4947644809,-122.5607053567,"Portland","Multnomah"
"4107",322637888,45.4946789322,-122.5606717496,"Portland","Multnomah"
"4108",322638462,45.4944760744,-122.5594881642,"Portland","Multnomah"
"4109",322639890,45.4957459867,-122.5566324034,"Portland","Multnomah"
"4110",322651367,45.5168416667,-122.7179033333,"Portland","Multnomah"
"4111",323117627,45.516262,-122.715212,"Portland","Multnomah"
"4112",323117966,45.516262,-122.715212,"Portland","Multnomah"
"4113",323118624,45.516262,-122.715212,"Portland","Multnomah"
"4114",323119404,45.516262,-122.715212,"Portland","Multnomah"
"4115",323338953,45.5166194402,-122.7145064716,"Portland","Multnomah"
"4116",323350455,45.5168230383,-122.7180124894,"Portland","Multnomah"
"4117",323350547,45.5167143724,-122.7179588438,"Portland","Multnomah"
"4118",323350691,45.5168315769,-122.7177576913,"Portland","Multnomah"
"4119",323350812,45.5171265028,-122.7178902195,"Portland","Multnomah"
"4120",323529607,45.4778679356,-122.6709226721,"Portland","Multnomah"
"4121",323532163,45.4769745536,-122.6706845808,"Portland","Multnomah"
"4122",323532760,45.4769692274,-122.6706868077,"Portland","Multnomah"
"4123",323536477,45.4761562925,-122.6700380672,"Portland","Multnomah"
"4124",323538451,45.4749689092,-122.670782998,"Portland","Multnomah"
"4125",323540272,45.4717596732,-122.6706043548,"Portland","Multnomah"
"4126",323542197,45.4725371308,-122.6706508692,"Portland","Multnomah"
"4127",323543431,45.4730673479,-122.6707052048,"Portland","Multnomah"
"4128",323544662,45.4739393307,-122.6708309281,"Portland","Multnomah"
"4129",323545531,45.4741956528,-122.6706206478,"Portland","Multnomah"
"4130",323547656,45.4755515058,-122.670944527,"Portland","Multnomah"
"4131",323549237,45.4768198738,-122.6709942044,"Portland","Multnomah"
"4132",323878066,47.3065085343,-122.5346534429,"Tacoma","Pierce"
"4133",323878331,47.3066051339,-122.5347749904,"Tacoma","Pierce"
"4134",323878333,47.3064727188,-122.5345842194,"Tacoma","Pierce"
"4135",323878448,47.3065043801,-122.5344312197,"Tacoma","Pierce"
"4136",323878548,47.3064154806,-122.534365207,"Tacoma","Pierce"
"4137",323879922,47.3063243077,-122.5345437133,"Tacoma","Pierce"
"4138",323880114,47.3061421022,-122.5344223495,"Tacoma","Pierce"
"4139",323881076,47.3058195523,-122.5341205766,"Tacoma","Pierce"
"4140",323881572,47.3064764129,-122.534445669,"Tacoma","Pierce"
"4141",323882195,47.3060250744,-122.53412663,"Tacoma","Pierce"
"4142",323882381,47.3063828094,-122.5341690704,"Tacoma","Pierce"
"4143",323882455,47.3058452861,-122.5340891973,"Tacoma","Pierce"
"4144",323882611,47.3058615543,-122.5340111276,"Tacoma","Pierce"
"4145",323882882,47.3051241621,-122.5339208481,"Tacoma","Pierce"
"4146",323883706,47.3066362965,-122.5330002978,"Tacoma","Pierce"
"4147",323886439,47.3065275047,-122.53367831,"Tacoma","Pierce"
"4148",323886621,47.3065083767,-122.5335841606,"Tacoma","Pierce"
"4149",323887531,47.3028261312,-122.5281562284,"Tacoma","Pierce"
"4150",323887796,47.3063550064,-122.5345636638,"Tacoma","Pierce"
"4151",323890937,47.248484121,-122.5239658365,"Tacoma","Pierce"
"4152",323890941,47.2484633333,-122.5240083333,"Tacoma","Pierce"
"4153",323890945,47.24842002,-122.52390237,"Tacoma","Pierce"
"4154",323890955,47.2484945762,-122.523907836,"Tacoma","Pierce"
"4155",323890981,47.2486155346,-122.5242838212,"Tacoma","Pierce"
"4156",323891077,47.2484497809,-122.5240110908,"Tacoma","Pierce"
"4157",323891296,47.2484509321,-122.5239344315,"Tacoma","Pierce"
"4158",323891493,47.2484354756,-122.5240500095,"Tacoma","Pierce"
"4159",323891690,47.2485891128,-122.524106501,"Tacoma","Pierce"
"4160",323891708,47.306912877,-122.533984525,"Tacoma","Pierce"
"4161",323892222,47.2484753711,-122.5240225591,"Tacoma","Pierce"
"4162",323901155,47.30485872,-122.5335945037,"Tacoma","Pierce"
"4163",323901358,47.3062135151,-122.5330392418,"Tacoma","Pierce"
"4164",323902341,47.3057669953,-122.5342085216,"Tacoma","Pierce"
"4165",323917645,47.3073268033,-122.5322305503,"Tacoma","Pierce"
"4166",323917727,47.3047217845,-122.5338012758,"Tacoma","Pierce"
"4167",323922597,47.3059087467,-122.5339880034,"Tacoma","Pierce"
"4168",324219668,45.5232530218,-122.7007510871,"Portland","Multnomah"
"4169",325380425,47.530571,-122.395992,"","King"
"4170",325380909,47.530571,-122.395992,"","King"
"4171",325715983,47.3057144571,-122.5312446144,"Tacoma","Pierce"
"4172",325716105,47.3056327165,-122.5311309111,"Tacoma","Pierce"
"4173",325717111,47.305354172,-122.5305700197,"Tacoma","Pierce"
"4174",325718421,47.3053214389,-122.5310287291,"Tacoma","Pierce"
"4175",325720898,47.3053238489,-122.5311431203,"Tacoma","Pierce"
"4176",325723838,47.3045436249,-122.5304903988,"Tacoma","Pierce"
"4177",325724791,47.3056958531,-122.5310591475,"Tacoma","Pierce"
"4178",325724909,47.297940612,-122.5072749173,"","Pierce"
"4179",325724976,47.3055763612,-122.5307524259,"Tacoma","Pierce"
"4180",325726123,47.3052472431,-122.5313212989,"Tacoma","Pierce"
"4181",325726141,47.3036941899,-122.5304391281,"Tacoma","Pierce"
"4182",325726183,47.3052609898,-122.5308059545,"Tacoma","Pierce"
"4183",325727102,47.3049906131,-122.5304984693,"Tacoma","Pierce"
"4184",325727237,47.3056209038,-122.5311842192,"Tacoma","Pierce"
"4185",325745418,47.3045103925,-122.5305450929,"Tacoma","Pierce"
"4186",325745677,47.303970514,-122.5301778362,"Tacoma","Pierce"
"4187",325750491,47.3056706163,-122.5310771745,"Tacoma","Pierce"
"4188",325750572,47.305286655,-122.5310572187,"Tacoma","Pierce"
"4189",325750642,47.3052248087,-122.5307455358,"Tacoma","Pierce"
"4190",325750752,47.3037454724,-122.5301962763,"Tacoma","Pierce"
"4191",325769310,47.3035990908,-122.5303982276,"Tacoma","Pierce"
"4192",325793672,47.303797885,-122.5302141345,"Tacoma","Pierce"
"4193",325793946,47.304120462,-122.5303736124,"Tacoma","Pierce"
"4194",325794024,47.3048003555,-122.5304738648,"Tacoma","Pierce"
"4195",326124020,47.4518556678,-122.4603046055,"","King"
"4196",326231328,47.3037419237,-122.5296921283,"Tacoma","Pierce"
"4197",326233445,47.3035781876,-122.5294829408,"Tacoma","Pierce"
"4198",326233480,47.3035502432,-122.5284735934,"Tacoma","Pierce"
"4199",326233536,47.3035398964,-122.5287539278,"Tacoma","Pierce"
"4200",326234686,47.3037608292,-122.5282025616,"Tacoma","Pierce"
"4201",326234855,47.30377454,-122.52824107,"Tacoma","Pierce"
"4202",326235030,47.303729502,-122.528205737,"Tacoma","Pierce"
"4203",326235199,47.3036324631,-122.5293141998,"Tacoma","Pierce"
"4204",326235677,47.3035623431,-122.5287178997,"Tacoma","Pierce"
"4205",326235882,47.3036974195,-122.5281380919,"Tacoma","Pierce"
"4206",326236049,47.3035450331,-122.5287096397,"Tacoma","Pierce"
"4207",326236118,47.3038303448,-122.5280490741,"Tacoma","Pierce"
"4208",326237292,47.3036382208,-122.52952634,"Tacoma","Pierce"
"4209",326237441,47.3037817355,-122.5282809298,"Tacoma","Pierce"
"4210",326237665,47.3039580221,-122.5280362359,"Tacoma","Pierce"
"4211",326237806,47.3036773821,-122.528810228,"Tacoma","Pierce"
"4212",326237852,47.3032813011,-122.5275691599,"Tacoma","Pierce"
"4213",326237929,47.3036168337,-122.5297506619,"Tacoma","Pierce"
"4214",326238247,47.3035169373,-122.5281743211,"Tacoma","Pierce"
"4215",326238944,47.3037882898,-122.5281907392,"Tacoma","Pierce"
"4216",326239214,47.3036708061,-122.5279975879,"Tacoma","Pierce"
"4217",326239691,47.3038223157,-122.5279177793,"Tacoma","Pierce"
"4218",326239975,47.3037056458,-122.5260744831,"Tacoma","Pierce"
"4219",326240084,47.2783548,-122.5187726,"Tacoma","Pierce"
"4220",326240366,47.3034893777,-122.5281234138,"Tacoma","Pierce"
"4221",326240704,47.303764354,-122.5283264932,"Tacoma","Pierce"
"4222",326240735,47.3036276431,-122.5281417376,"Tacoma","Pierce"
"4223",326242581,47.30362735,-122.52562702,"Tacoma","Pierce"
"4224",326242965,47.3037429287,-122.527972206,"Tacoma","Pierce"
"4225",326247580,47.3036429406,-122.5264835983,"Tacoma","Pierce"
"4226",326248095,47.3034909767,-122.5264243801,"Tacoma","Pierce"
"4227",326248171,47.3036863657,-122.5262920559,"Tacoma","Pierce"
"4228",326250109,47.3035522307,-122.5264581994,"Tacoma","Pierce"
"4229",326250991,47.3034238943,-122.5258657849,"Tacoma","Pierce"
"4230",326251371,47.3035426539,-122.5263835214,"Tacoma","Pierce"
"4231",326251412,47.3034858054,-122.5264912995,"Tacoma","Pierce"
"4232",326251468,47.3034850679,-122.5255334412,"Tacoma","Pierce"
"4233",326252470,47.3034486135,-122.5280066112,"Tacoma","Pierce"
"4234",326252530,47.3034702209,-122.5280688189,"Tacoma","Pierce"
"4235",326252575,47.3035085254,-122.5279645646,"Tacoma","Pierce"
"4236",326253064,47.3035968177,-122.5264187084,"Tacoma","Pierce"
"4237",326253136,47.3035444308,-122.5264276125,"Tacoma","Pierce"
"4238",326253178,47.3035211977,-122.5259515517,"Tacoma","Pierce"
"4239",326280042,45.5390722222,-122.599225,"Portland","Multnomah"
"4240",326280110,45.5395194444,-122.5987222222,"Portland","Multnomah"
"4241",326280147,45.5391194444,-122.5988444444,"Portland","Multnomah"
"4242",327290431,47.3036199396,-122.5260858313,"Tacoma","Pierce"
"4243",327290440,47.30347841,-122.526059347,"Tacoma","Pierce"
"4244",327292117,47.3031582784,-122.5255800721,"Tacoma","Pierce"
"4245",327292120,47.3031123755,-122.5251264846,"Tacoma","Pierce"
"4246",327292565,47.3029916682,-122.5255400528,"Tacoma","Pierce"
"4247",327296130,47.3019667487,-122.5243592965,"Tacoma","Pierce"
"4248",327297107,47.3019450591,-122.5241288783,"Tacoma","Pierce"
"4249",327297373,47.3020048836,-122.5244252299,"Tacoma","Pierce"
"4250",327305131,47.3018802144,-122.5241908306,"Tacoma","Pierce"
"4251",327308184,47.3025703939,-122.525060976,"Tacoma","Pierce"
"4252",327925905,45.5166416667,-122.7145166667,"Portland","Multnomah"
"4253",327926055,45.5166395206,-122.7144534053,"Portland","Multnomah"
"4254",327926159,45.5168346121,-122.7141308714,"Portland","Multnomah"
"4255",327926202,45.516882063,-122.7140767444,"Portland","Multnomah"
"4256",327926473,45.5472557593,-122.6825438815,"Portland","Multnomah"
"4257",327926540,45.5470783333,-122.6823883333,"Portland","Multnomah"
"4258",327927400,45.5487553049,-122.6834601132,"Portland","Multnomah"
"4259",327928356,45.5491956817,-122.6830297533,"Portland","Multnomah"
"4260",327929578,45.5493063882,-122.6827342593,"Portland","Multnomah"
"4261",327931522,45.5492640581,-122.6825348612,"Portland","Multnomah"
"4262",328136469,45.5174133333,-122.7179666667,"Portland","Multnomah"
"4263",328137558,45.5173848992,-122.7193195608,"Portland","Multnomah"
"4264",328138065,45.5174538684,-122.7191684285,"Portland","Multnomah"
"4265",328964229,45.5214771074,-122.7043611637,"Portland","Multnomah"
"4266",328964942,45.5213828845,-122.7044554283,"Portland","Multnomah"
"4267",328965626,45.5212891242,-122.7042319347,"Portland","Multnomah"
"4268",328966409,45.5213945685,-122.7043954657,"Portland","Multnomah"
"4269",328967180,45.5211723735,-122.7045402749,"Portland","Multnomah"
"4270",328967923,45.5206148001,-122.7047376988,"Portland","Multnomah"
"4271",328968168,45.5205560429,-122.7048307379,"Portland","Multnomah"
"4272",328980173,47.45986739,-122.59772446,"","Kitsap"
"4273",328993046,45.517457,-122.715039,"Portland","Multnomah"
"4274",328994285,45.517995,-122.715074,"Portland","Multnomah"
"4275",328995350,45.51794,-122.713297,"Portland","Multnomah"
"4276",329262698,47.1059416667,-122.38378,"","Pierce"
"4277",329371264,47.313072448,-122.5404771319,"Tacoma","Pierce"
"4278",329372121,47.3129067546,-122.5401086911,"Tacoma","Pierce"
"4279",329372460,47.3131542831,-122.5404178957,"Tacoma","Pierce"
"4280",329380486,47.3130031638,-122.5406386212,"Tacoma","Pierce"
"4281",329383508,47.3109973185,-122.5307021088,"Tacoma","Pierce"
"4282",329389702,47.3131429063,-122.540304351,"Tacoma","Pierce"
"4283",329389750,47.3161814425,-122.5388026084,"Tacoma","Pierce"
"4284",329389780,47.310794329,-122.530772753,"Tacoma","Pierce"
"4285",329389820,47.3098220277,-122.5309317395,"Tacoma","Pierce"
"4286",329389844,47.3096283231,-122.5304776967,"Tacoma","Pierce"
"4287",329390402,47.3097826871,-122.5307063789,"Tacoma","Pierce"
"4288",329414475,45.4706388889,-122.722825,"Portland","Multnomah"
"4289",329414673,45.4706388889,-122.722825,"Portland","Multnomah"
"4290",329414828,45.4706416667,-122.7228472222,"Portland","Multnomah"
"4291",329414931,45.4701833333,-122.7227083333,"Portland","Multnomah"
"4292",329415442,45.4701833333,-122.7227083333,"Portland","Multnomah"
"4293",329416551,45.4701833333,-122.7227083333,"Portland","Multnomah"
"4294",329416882,45.4756,-122.7197722222,"Portland","Multnomah"
"4295",329417096,45.4756,-122.7197722222,"Portland","Multnomah"
"4296",329462000,47.3043461035,-122.5168184546,"Tacoma","Pierce"
"4297",329496364,47.303745,-122.5160866667,"Tacoma","Pierce"
"4298",329498259,45.5807334417,-122.7094584538,"Portland","Multnomah"
"4299",329504147,47.17967,-122.4926216667,"","Pierce"
"4300",329509079,47.4939616667,-123.2114333333,"","Mason"
"4301",329514866,47.1786113977,-122.4928067252,"","Pierce"
"4302",329526326,47.2953416667,-122.6024866667,"","Pierce"
"4303",329533062,47.200328,-122.570751,"","Pierce"
"4304",329715727,47.206182178,-122.3967270496,"Tacoma","Pierce"
"4305",329787380,45.516819,-122.718251,"Portland","Multnomah"
"4306",329787704,45.515984,-122.718869,"Portland","Multnomah"
"4307",329788507,45.515961,-122.718641,"Portland","Multnomah"
"4308",329788909,45.516066,-122.719005,"Portland","Multnomah"
"4309",329789228,45.515646,-122.719011,"Portland","Multnomah"
"4310",330244052,48.368098,-124.603279,"","Clallam"
"4311",330244225,48.368018,-124.603495,"","Clallam"
"4312",330244444,48.3676771,-124.6042369,"","Clallam"
"4313",330244729,48.367582,-124.603261,"","Clallam"
"4314",331580501,47.3041038132,-122.516464525,"Tacoma","Pierce"
"4315",331581238,47.3040732688,-122.5165161673,"Tacoma","Pierce"
"4316",331581816,47.3037525126,-122.5160099264,"Tacoma","Pierce"
"4317",331591431,47.3102057151,-122.5246068888,"Tacoma","Pierce"
"4318",331600160,47.3084286196,-122.5219981652,"Tacoma","Pierce"
"4319",331607957,45.513292,122.719692,"","Baicheng"
"4320",331608404,45.513432,122.719634,"","Baicheng"
"4321",331608586,45.513537,122.719606,"","Baicheng"
"4322",331609315,45.513559,122.719535,"","Baicheng"
"4323",331609605,45.513656,122.719527,"","Baicheng"
"4324",331610013,45.513696,122.719527,"","Baicheng"
"4325",331610380,45.513723,122.719652,"","Baicheng"
"4326",331610722,45.513834,122.71968,"","Baicheng"
"4327",331610920,45.513875,122.719702,"","Baicheng"
"4328",331856684,47.22593,-122.51371,"Fircrest","Pierce"
"4329",333996769,45.3105931818,-121.7310705666,"","Clackamas"
"4330",334507288,45.3560007997,-121.9671462,"","Clackamas"
"4331",334507970,45.3560469997,-121.9664707997,"","Clackamas"
"4332",337235637,NA,NA,"",""
"4333",337236083,NA,NA,"",""
"4334",337236360,NA,NA,"",""
"4335",337236760,NA,NA,"",""
"4336",337236932,NA,NA,"",""
"4337",337237277,NA,NA,"",""
"4338",337237650,NA,NA,"",""
"4339",337238033,NA,NA,"",""
"4340",337238325,NA,NA,"",""
"4341",337238540,NA,NA,"",""
"4342",337238923,NA,NA,"",""
"4343",337239139,NA,NA,"",""
"4344",337239331,NA,NA,"",""
"4345",341407467,47.286989,-122.386766,"Tacoma","Pierce"
"4346",341407999,47.286989,-122.386766,"Tacoma","Pierce"
"4347",341408243,47.286989,-122.386766,"Tacoma","Pierce"
"4348",341408975,47.286989,-122.386766,"Tacoma","Pierce"
"4349",341409309,47.286989,-122.386766,"Tacoma","Pierce"
"4350",342484648,NA,NA,"",""
"4351",342485083,47.2478116667,-122.4597166667,"Tacoma","Pierce"
"4352",342485264,47.252995,-122.4591383333,"Tacoma","Pierce"
"4353",342485722,47.2395272647,-122.4579189812,"Tacoma","Pierce"
"4354",342487667,47.2476283333,-122.449105,"Tacoma","Pierce"
"4355",342487739,47.2479533333,-122.4491716667,"Tacoma","Pierce"
"4356",342491111,47.2563033333,-122.46045,"Tacoma","Pierce"
"4357",343843119,47.260278,-122.448234,"Tacoma","Pierce"
"4358",343843653,47.260278,-122.448234,"Tacoma","Pierce"
"4359",343843778,47.260278,-122.448234,"Tacoma","Pierce"
"4360",349046274,45.4455356964,-122.6997503793,"Portland","Multnomah"
"4361",356639579,47.2484051507,-122.5241201665,"Tacoma","Pierce"
"4362",356640649,47.2484798842,-122.5240948069,"Tacoma","Pierce"
"4363",356640771,47.2483172204,-122.5241813569,"Tacoma","Pierce"
"4364",356643575,47.2487487778,-122.5226745556,"Tacoma","Pierce"
"4365",356645196,47.2484149318,-122.5239149015,"Tacoma","Pierce"
"4366",356645336,47.2483966841,-122.5239102915,"Tacoma","Pierce"
"4367",359297357,46.8688391846,-122.4879983398,"","Pierce"
